# Channel: Aux4 In
# Width: 25.00 µm
# Height: 25.00 µm
# Value units: V
0.0059876	0.0072444	-0.0036931	-0.0018126	-0.0045471	-0.004896	-0.017366	-0.0067179	-0.010041	-0.0047676	-0.010849	-0.0098406	-0.013768	-0.008748	-0.0018523	0.010038	-6.708e-05	-0.0084811	-0.011485	-0.00022166	-0.015599	0.0060451	0.0028026	0.0020893	-0.011144	-0.013561	0.00034854	-0.0015157	-0.013193	-0.00036692	-0.0099966	-0.00059037	-0.0069156	-0.01296	-0.011765	-0.007212	-0.014872	-0.012363	0.0027429	0.0010819	-0.0052033	-0.0064318	0.008868	0.018316	0.09206	0.16311	0.17526	0.18963	0.1741	0.18087	0.16963	0.17041	0.17091	0.17761	0.19418	0.17419	0.17873	0.1813	0.17684	0.16871	0.13545	0.099372	0.067586	0.0072537	0.0011204	0.003194	-0.013574	-0.0053643	0.0073491	-0.0035192	-0.01398	-0.010206	-0.012374	-0.011057	-0.012816	-0.0029129	-0.006826	-0.01421	-0.014088	0.0042566	-0.0028539	-0.00042247	0.018527	0.036521	0.011387	-0.0087811	0.0067116	0.018203	0.016013	0.013208	0.015898	0.0044049	0.00083524	0.0069652	0.0031915	0.0051932	0.046683	0.076086	0.028153	0.011549	-0.00018895	-0.0035046	0.0053275	0.0089526	0.0046929	0.0039047	-0.0029017	-0.0097204	0.0060397	0.021554	-0.0037949	-0.00092338	0.016065	0.012463	0.015618	0.052218	0.18823	0.19987	0.17705	0.19158	0.18732	0.18489	0.18091	0.1932	0.18722	0.19274	0.19186	0.21485	0.18953	0.18234	0.19307	0.18581	0.17746	0.16067	0.13095	0.10123	0.03413	0.014264	0.020304	0.011983	-0.0079568	0.0066274	0.017842	-0.0049878	-0.012553	-0.01082	-0.0029752	-0.005068	-0.022848	-0.010259	0.0020197	-0.017269	-0.020615	-0.025133	-0.0091535	-0.00865	-0.0078385	-0.0024992	0.0019624	0.00028367	-0.0024237	-0.0010744	0.023153	-0.0029024	-0.014505	0.0065011	0.012891	0.0051621	-0.0077369	-0.0053644	0.0087223	-0.01171	0.00089027	-0.00064899	-0.0011239	-0.0085321	-0.013362	-0.015445	-0.0064078	-0.020106	-0.014506	-0.0027449	-0.0022699	-0.0057547	0.00088961	-0.010806	0.019824	0.074118	0.21589	0.18596	0.17377	0.18602	0.20027	0.19846	0.18979	0.19596	0.20526	0.19472	0.19739	0.20361	0.20071	0.19241	0.1811	0.19066	0.19301	0.16919	0.16435	0.14146	0.12978	0.031515	0.012053	0.012585	0.00057535	-0.0040155	-0.0054943	0.00032853	-0.012464	-0.0076914	-0.005116	-0.0059684	-0.0085575	-0.017384	-0.0026419	0.006723	-0.0031037	-0.0072009	0.0010055	0.0092432	0.0011914	0.0058835	-0.0051118	0.00022832	0.010118	0.0086677	0.038431	0.077837	0.09564	0.036946	0.0086745	0.0085655	0.0088431	0.019635	0.017364	0.0045409	-0.0012124	-0.0038419	-4.1211e-05	-1.1227e-05	-0.00065239	-0.0025682	-0.0045678	0.0045881	-0.005596	-0.0078228	-0.014168	-0.0018942
0.0080312	0.010635	-0.0073387	-1.3864e-05	0.0065761	-0.0080263	-0.0058018	0.000855	0.0069898	0.0078103	0.0054664	0.016093	0.00073297	-0.0030397	0.013325	-0.001918	-0.0086476	0.0084057	0.0069955	0.0071926	0.002259	0.012052	0.0087315	0.010385	0.021227	0.0056195	-0.00056849	-0.00046579	-0.0093232	-0.021842	-0.007197	-0.0029171	-0.011418	-0.0027137	-0.010095	-0.0067896	0.0054425	-0.0043851	-0.0070981	-0.010603	0.0074145	0.0020935	-0.0034798	0.010868	0.033578	0.057786	0.16156	0.18519	0.17092	0.17016	0.18521	0.19153	0.18613	0.18174	0.18824	0.17623	0.16646	0.17236	0.145	0.1495	0.11495	0.053067	0.027609	0.015375	0.021633	0.015344	0.01135	0.023303	0.013691	0.0029576	-0.0056192	0.019849	0.018932	0.0031769	-0.0039307	-0.0014677	-0.0093015	-0.0049912	-0.0075996	-0.0075519	-0.0022983	0.01577	0.0046542	-0.0077939	-0.0099322	-0.018403	-0.016997	-0.0013076	0.050322	0.095942	0.07969	0.02525	-0.0039318	-0.01861	-0.0089627	0.013428	0.01514	0.01151	0.0023118	-0.011597	-0.011403	-0.0018257	-0.0070504	-0.020907	-0.012112	0.0023404	0.00048878	-0.0051887	-0.0048879	-0.0093758	-0.0028531	-0.0019754	-0.0079829	0.0042848	0.00015675	0.0093453	0.042973	0.1804	0.20164	0.17705	0.17362	0.17356	0.18315	0.17401	0.17577	0.16597	0.16642	0.19322	0.18154	0.17851	0.1869	0.17672	0.16112	0.11823	0.078332	0.034012	0.026698	0.011706	0.0077939	0.0075153	0.0012668	-0.0017129	0.0080608	-0.0068997	-0.0090421	-0.0072531	0.0050585	0.0046268	-0.010669	-0.0096334	-0.0080398	-0.003788	0.0012292	-0.0056409	-0.012734	-0.0054849	-0.0048418	-0.0084333	-0.001891	-0.00044084	0.006517	-0.0036544	-0.0067494	0.0024917	0.015781	-0.0014812	0.00075163	0.003256	-0.012098	0.0038577	0.0032034	0.014024	-0.0025527	-0.0024678	0.0059905	0.0051972	0.00081275	0.005695	-0.0014523	-0.0097486	-0.0075811	-0.0030614	-0.0059011	-0.0092365	-0.0070368	-0.0011938	0.0047085	0.032377	0.073576	0.24002	0.17896	0.17639	0.16755	0.16901	0.16674	0.16806	0.17647	0.18971	0.17652	0.1637	0.16699	0.16684	0.16954	0.16476	0.155	0.16173	0.14786	0.090284	0.024529	-0.0048679	-0.0053776	-0.0057884	-0.0072287	-0.013436	-0.021754	-0.012958	-0.0082022	-0.0084503	-0.018759	-0.039836	-0.017643	-0.0080298	-0.015027	-0.021735	-0.015051	-0.027704	-0.027326	-0.029367	-0.028988	-0.024744	-0.023918	-0.024406	-0.028112	-0.031787	0.0035762	0.016208	0.057722	0.0054771	0.0072929	0.0097421	0.0078186	0.0069148	0.0037995	0.0022528	0.0015432	-0.0047616	-0.0062162	-0.0026186	0.0015702	-0.00043608	0.0024605	0.0040349	-0.0010463	-0.0029844	-0.012263	-0.022833
-0.01821	-0.016157	-0.011157	-0.010461	-0.0060823	-0.013519	-0.016482	-0.0065939	-0.0025504	0.0030964	-0.0069629	0.0028455	-0.0011235	-0.016728	-0.0044447	0.0043567	0.010973	0.00016636	-0.0097982	-0.0070086	0.0085052	0.0074535	0.0029298	0.0019255	9.3126e-05	-0.0054295	0.005294	0.0032374	0.0036615	0.0068586	-0.0046374	-0.015371	-0.017615	0.0054988	0.010046	0.0083615	-0.0010788	-0.00031341	-0.0019904	-0.012224	-0.023807	-0.013016	0.0042708	0.0010412	-0.005242	-0.0057524	0.022222	0.042518	0.096355	0.19907	0.18478	0.15807	0.13393	0.13982	0.15831	0.16043	0.14284	0.1229	0.095806	0.041892	0.017078	0.0071248	0.018449	0.011295	-0.0040728	0.010593	0.011237	0.012249	0.014143	0.011347	-0.0067465	-0.007627	0.0050566	0.018607	0.0041547	-0.012573	0.00034752	0.0028486	-0.0091211	-0.00015664	0.012951	0.017691	0.014798	-0.0026037	-0.015708	-0.014452	0.010601	0.018102	0.082951	0.14748	0.12494	0.022323	0.0058112	-0.0030048	-0.010387	0.0028828	-0.0011525	-0.014734	-0.013057	-0.0045666	-0.0053349	-0.011575	-0.011627	-0.014065	-0.011035	-0.011901	-0.0083437	0.0090386	0.001296	-0.0049239	-0.0062915	-0.014232	-0.003079	0.0039457	0.013843	0.0095507	-0.00049087	0.018126	0.083914	0.15948	0.17687	0.16301	0.16893	0.1616	0.17529	0.17762	0.15789	0.17237	0.1665	0.1354	0.12725	0.14324	0.094288	0.033205	0.016601	0.014598	-0.012416	0.0030745	0.012513	0.00031557	0.0018598	0.00080693	0.00072292	-0.0074991	-0.0057286	-0.013064	-0.0070695	-0.0012902	0.0098156	-0.0025915	-0.012346	-0.0063489	-0.01547	-0.012422	-0.016453	-0.024452	-0.016756	-0.029917	-0.017911	-0.0080134	-0.0099234	0.00084348	0.00043939	2.5174e-05	-0.0055583	0.0047426	-0.0024698	-0.009989	-0.0060499	-0.00033316	-0.002627	-0.0066263	-0.0099558	-0.019221	-0.016786	-0.010574	-0.015964	-0.013372	-0.017185	-0.01155	0.00039661	-0.00041279	-0.00011801	-0.026008	-0.0074395	0.011624	0.019831	0.0024319	0.021105	0.084402	0.17099	0.17059	0.17837	0.18563	0.18577	0.17571	0.1621	0.18064	0.17344	0.17282	0.1649	0.17115	0.17925	0.1754	0.14875	0.12477	0.1082	0.049792	0.0034809	0.01046	0.023854	0.0091361	0.0044336	-0.001861	0.0081564	0.012218	0.0053709	-0.0044157	-0.0062655	-0.0073224	0.0041974	0.0054393	-0.016152	-0.0137	-0.014416	-0.0028908	-0.019098	-0.025303	-0.0015482	0.0085637	0.012043	-0.015478	0.013722	0.016466	0.014182	0.0089871	0.01304	0.0080645	0.0053221	0.01033	0.0062048	-0.0063952	-0.010354	-0.00062463	0.0037094	-0.0062705	-0.01298	-0.0058153	0.0032035	0.0011068	0.0088995	0.0028925	0.0029142	0.0012647	0.0022761	-0.0020144
0.0061002	-1.8607e-05	-0.0078095	-0.00072843	-0.015709	-0.013924	-0.0066691	-0.01734	-0.0098375	-0.020988	-0.012259	0.0069672	-0.010175	-0.015763	-0.013064	-0.0092964	-0.012337	0.0019933	-0.0079413	-0.0074761	0.0071179	0.00057659	0.0040642	0.0047923	-0.0030477	0.0075594	-0.0033561	-0.013583	0.01015	-0.0054788	-0.0036619	-0.0044048	-0.0071472	-0.011441	-0.0090246	-0.0092686	-0.0059356	-0.0089356	0.0049219	-0.016019	-0.0073204	-0.0080632	-0.0017323	-0.0044089	0.0059359	0.0046922	0.012528	0.011115	0.016002	0.030462	0.051688	0.073058	0.077023	0.0831	0.077599	0.041946	0.045958	0.02467	0.016525	0.0076794	0.0025901	-0.0025231	-0.0036916	0.015449	0.015475	0.012067	3.3997e-05	-0.003101	0.0089271	-0.008886	-0.010243	-0.010924	-0.00016683	0.0013755	-0.0046337	0.00075267	-0.0096456	0.0084574	-0.0029362	-0.0032514	-0.0097508	-0.0084981	0.008475	-0.0091805	-0.00077709	-0.0088539	-0.022437	0.007219	0.096176	0.14693	0.11524	0.020823	0.0094361	0.0091538	0.012045	0.015973	0.009851	0.017584	0.01505	0.0096396	-0.0056041	0.011371	0.01677	-0.00026254	0.0035868	-9.5731e-05	-0.0038712	0.0014555	-0.0026437	0.0083499	0.010342	-0.0007497	0.0041504	0.0061116	0.0050888	0.010954	0.0098316	0.0013918	-0.0042803	0.02206	0.060307	0.13074	0.1778	0.18553	0.16135	0.15285	0.16523	0.17067	0.15509	0.14903	0.089451	0.037282	0.013238	0.0061325	0.0071425	-0.0094196	0.002126	0.0036449	-0.0021564	-0.0058286	-0.0063	-0.009167	0.00055813	-0.0074143	-0.02033	0.00015873	-0.0043973	-0.0047124	-0.0085727	-0.0090344	-0.004137	0.0028319	0.0033775	-0.004074	0.0014848	0.00042742	-0.0061486	-0.010503	-0.0076179	-0.0097388	-0.014372	-0.018288	-0.015906	-0.0058147	-0.0096748	-0.007625	-0.0061466	-0.0044026	-0.013029	-0.016225	-0.009925	-0.018695	-0.014372	-0.014958	-0.00091114	0.0015841	-0.0081772	-0.0067867	-0.0042589	-0.010509	-0.0096371	-0.0035115	0.0011163	0.00024712	-0.0084055	0.0020899	0.010344	0.002883	-0.010178	0.010372	0.032654	0.12077	0.19402	0.16701	0.17122	0.1804	0.18243	0.17734	0.18194	0.17409	0.17712	0.15789	0.12963	0.12451	0.13542	0.088092	0.019824	0.017757	-0.0079464	-0.017529	0.0039029	-0.007175	-0.024128	-0.016262	-0.013942	-0.015625	-0.0021609	0.018664	0.0013776	-0.0097017	-0.015929	-0.010324	-0.00031608	-0.00383	-0.0064063	0.0028572	0.0016698	0.001364	0.0097203	0.020991	0.040721	0.0081831	-0.0028278	-0.011253	0.0080546	0.015603	0.0086726	0.010636	0.013948	-0.0022786	-0.0043959	0.0011715	0.01958	0.012778	0.00052296	0.0030854	0.018786	-0.0039458	-0.012919	-0.011521	-0.0084706	0.0068022	0.0096561	0.0014801	0.0018163	0.0071177
-0.0044381	-0.0069704	-0.023523	-0.013441	-0.01277	-0.017061	-0.011824	-0.010584	-0.006489	-0.0098805	-0.010798	-0.0032534	-0.0011387	-0.0075592	-0.012357	-0.0074473	-0.0092111	0.0018175	0.010789	0.013095	0.010824	0.012456	0.013344	0.020847	0.0097405	0.0085888	0.00047843	0.0032388	0.013138	0.0015478	0.0017411	0.0080029	0.0033033	-0.0057084	-0.0012852	-0.0040716	-0.0027672	-0.0071812	0.002481	-0.010581	0.00011254	-0.0039895	-0.00085165	0.00077432	0.0018265	-0.0056668	0.013707	0.016013	0.023042	0.022182	0.025086	0.031639	0.030826	0.020276	0.028967	0.020804	0.0142	0.029671	0.022647	0.021289	0.01966	0.014778	0.022478	0.028637	0.015972	-0.0038676	0.00069534	0.003281	0.0033539	0.019023	0.017413	-0.0003452	0.0099743	0.017772	-0.0085926	-0.0076623	-0.007224	-0.0049438	0.0026497	-0.010605	-0.0021103	0.013908	0.0038764	-0.0052726	-0.00089896	0.0048982	0.0055827	-0.011189	0.010897	0.060428	0.05808	0.0030176	-0.0065385	-0.0059955	-0.0081759	-0.00054485	-0.0087424	-0.018493	-0.0045071	0.017061	0.0052836	-0.011008	-0.0046502	-0.0015243	-0.0099998	-0.019811	-0.017555	-0.014876	-0.014756	0.0065871	-0.0034693	-0.011474	-0.019443	-0.005743	-0.0079556	-0.0051095	-0.0082512	-0.0038975	-0.0020649	0.016037	0.021018	0.0096874	0.019091	0.031654	0.054055	0.056488	0.044154	0.039186	0.033643	0.0028399	0.016919	0.028046	0.019863	0.0075097	0.0010426	0.013156	0.015652	-0.0012874	-0.0048448	0.0070369	0.010979	0.00044875	-0.0051722	0.00089287	-0.007455	-0.0071836	0.0011214	-0.00030029	-0.0049728	-0.0076177	-0.0035779	-0.0059195	-0.01159	-0.01551	-0.00034089	-0.0089016	-0.001731	-0.0082421	-0.0016051	-0.0039032	-0.01091	-0.005465	0.0089957	-0.0073556	-0.0084079	0.010817	0.0075182	-0.010967	-0.013742	-0.0040723	0.00075992	-0.0073288	-0.027341	-0.0088062	-0.0043555	0.0013554	0.00076012	-0.02101	-0.0019027	-0.015273	-0.014535	-0.0050315	-0.0088018	-0.024564	0.0015489	-0.0066301	-0.020456	-0.0094286	0.001558	-0.00057848	-0.0016238	0.018943	0.020228	0.061682	0.11353	0.17971	0.17116	0.18218	0.19137	0.17265	0.15565	0.14552	0.089611	0.050316	0.037434	0.029012	0.0041414	-0.00051294	0.0098377	0.0069815	-0.0061273	-0.010961	-0.0089114	-9.5064e-05	-0.0066575	-0.013388	-0.0043013	0.0038348	0.0026757	-0.013205	-0.00025294	-0.002704	0.002576	-0.017049	-0.0045306	0.0010642	-0.01269	-0.01314	-0.011642	0.011252	0.013945	-0.0062385	-0.0049019	-0.0090566	0.0019205	0.0025277	-0.016725	-0.0064526	-0.0063294	-0.020305	0.0024771	0.0065832	0.0044826	-0.0042004	-0.013935	0.0021395	0.0051087	0.0013865	-0.0088372	0.0031815	-0.0014546	-0.0072273	-0.0062337	-0.0012455	-0.001612	0.00088723
-0.015497	-0.014442	-0.039756	-0.026675	-0.010351	-0.020717	-0.0175	-0.0043469	-0.0036605	0.00070646	-0.009856	-0.013994	0.0073778	0.0001247	-0.012169	-0.0061182	-0.006605	0.0011216	0.0038065	0.0042752	0.0017173	-0.014761	-0.013253	0.011138	-0.0084848	0.00022269	0.003755	0.0082597	0.0047331	0.0047639	0.0066241	0.019891	0.013234	-0.00049559	0.005934	0.00060537	-0.00011894	-0.0059469	-0.00047993	-0.0056634	0.0070254	-0.00043588	-0.00049113	0.0054375	-0.002803	-0.016546	-0.0063151	0.011823	-0.0040425	0.0058823	0.0071953	0.0038476	0.0090248	0.00063337	0.00083457	0.0036697	0.0045093	0.0096991	0.0078655	0.0057684	0.00036835	-0.014679	0.0022323	0.0057077	0.0067588	0.0048669	-0.0052532	-0.01413	0.0019811	-0.0023209	0.0064527	0.0051509	-0.012031	-0.0048767	-0.0089656	-0.015676	-0.017239	-0.010093	-0.0051682	-0.014855	-0.0040628	-0.0071801	-0.010926	0.00096514	0.0024887	-0.0057211	-0.013842	-0.021931	-0.013143	-0.016537	-0.0016186	-0.0047496	0.0027694	0.010077	-0.020495	-0.021357	-0.0032449	-0.0084029	0.056975	0.02527	-0.00027603	-0.00043991	-0.0095767	-0.0025746	-0.0073584	-0.011708	-0.018742	-0.01301	-0.00010888	-0.012815	-0.017966	0.0019811	0.0051107	-0.015356	-0.00052443	0.0016628	-0.0058986	0.00023533	-0.003568	0.0068385	0.0069752	0.014307	0.010862	0.014627	0.032006	0.013455	0.0022577	0.016182	0.015896	0.010988	-0.0040518	0.0051569	0.022217	0.015777	0.0019497	-0.008417	-0.004439	0.0035785	0.0048452	-0.002082	0.0059764	0.0068713	0.0076484	-0.019438	-0.00061749	0.0024339	-0.0040794	-0.012033	-0.00049696	0.0066313	0.0020306	-0.011459	0.001911	-0.0029239	0.0041062	-0.0042146	-0.000196	-0.019458	-0.00073163	-0.019011	-0.018796	-0.013796	-0.0054056	0.0085795	-0.0035166	-0.0056165	0.012084	-0.0051804	-0.021458	-0.017551	-0.002668	0.00012963	-0.0053696	-0.0052811	-0.0037251	0.010716	0.010068	-0.022826	-0.019312	-0.0084098	0.013158	-0.0029421	-0.0076288	-0.0026613	-0.0040257	-0.0011543	-0.002048	-0.0010867	-0.0037321	-0.002442	-0.0067309	0.0070043	0.0077394	-0.002534	0.0084448	0.026411	0.033063	0.042861	0.033786	0.022911	0.032048	0.025888	0.028331	0.020145	0.006773	0.021013	0.013337	0.0091013	0.0082382	0.0073426	0.0017775	-0.0020053	-0.0073555	0.00071153	-0.0013377	-0.0044643	0.0042073	0.014438	0.0063676	0.00065182	0.0032426	-9.3775e-05	0.0044207	-0.0099714	-0.015291	-0.0061097	-0.0083413	-0.0098075	-0.010728	0.0023017	-0.02139	-0.014511	-0.0086313	-0.00026773	0.00064842	-0.0029067	-0.0049983	-0.018047	-0.020158	-0.010831	-0.0098184	-0.021259	-0.021995	0.0033002	-0.0012701	-0.011585	-0.00053777	0.0076977	0.0013322	-0.0035884	-0.0055136	-0.01997	-0.011161	0.0027009	-0.0017253	-0.017135
0.0037494	-0.0037496	-0.011177	-0.0095019	-0.0018727	-0.0036901	-0.0098188	-0.015171	-0.0082951	-0.01812	-0.0043577	0.011533	0.012261	-0.0041861	0.0038196	0.00029224	-0.0039249	-0.00045767	0.0017813	-0.0035363	-0.0052052	0.00037484	0.009002	0.0093959	0.0095481	0.00040864	0.0038539	0.0085006	0.0025802	0.00053618	0.013125	0.020697	0.0014198	-0.0028327	0.0097207	0.002807	0.00051629	0.00079959	-0.0042942	0.0052869	0.013547	-0.00039446	-0.0038339	0.015056	-0.0072994	-0.01388	-0.012643	0.010679	0.003604	-0.006511	0.0022402	0.015469	0.015503	-0.0060076	-0.0041147	0.0069597	-0.0055562	0.0098016	0.018357	0.004314	-0.017854	-0.0096541	0.010171	-5.8626e-05	-0.012748	-0.00057429	-0.0055009	-0.0048732	-0.0096824	-0.021026	-0.021285	-0.01739	-0.0031576	-0.01419	-0.017937	-0.017753	-0.013924	-0.010054	-0.0040211	0.00068501	-0.0058233	-0.015069	-0.022156	-0.00050427	0.0061613	0.011245	0.010476	0.0069645	0.0093058	-0.0013682	-0.0078563	0.011592	0.0073571	-0.01644	0.002805	0.0028206	0.017208	0.020403	0.021546	0.0054442	-0.0015119	-0.0059988	-0.00021443	0.003959	-0.014564	-0.0078141	0.0046304	0.01215	-0.0036569	-0.0066873	0.0052636	0.0058718	-0.0094797	-0.01673	-7.2783e-05	0.0027455	0.015699	0.0094191	-0.0013024	-0.0028429	0.00065593	-0.004764	-0.0039441	0.010251	0.0066337	0.0049607	-0.004576	-0.00034133	0.0056457	-0.0072058	0.00024051	0.015163	-0.004169	-0.0015118	-0.015101	-0.022985	0.0044553	-0.0075359	-0.018983	-0.0060143	0.0055489	-0.0060824	-0.0068676	-0.0063882	-0.013485	0.0021734	-0.0086125	-0.019461	0.0063677	0.002022	-0.00038887	-0.006065	-0.001245	0.0042921	0.0068666	-0.0058305	-0.012219	-0.010175	-0.0047682	0.0012638	0.0042299	0.0055125	0.0056717	-0.0011778	-0.011412	0.005806	0.0001764	-0.0068134	0.0014505	0.0077131	0.0053018	0.0077879	0.016461	-0.0034383	-0.016627	0.0015239	0.014712	-0.010139	0.0070806	0.012812	0.0086413	-0.0056834	-0.010061	-0.01375	-0.003274	-0.0088021	-0.011791	0.019347	3.3904e-05	0.012936	0.013276	0.011243	0.013898	0.011357	0.0079713	0.024026	0.02106	0.015456	0.0097075	0.014858	0.0091379	0.0010458	0.00034951	0.010528	-0.018833	-0.0032833	0.011611	0.003256	-0.013717	-0.0071429	-0.020053	-0.023285	-0.0013791	-0.013108	-0.020019	-0.0088061	-0.012007	-0.0085262	-0.017185	-0.011825	0.0023446	-0.013249	-0.014932	-0.014728	-0.013153	-0.0026626	-0.01336	-0.0079326	-0.011509	-0.0098004	-0.016108	-0.0033848	0.0038417	-0.0045408	-0.0020982	-0.0003617	-0.010064	-0.0041547	-0.0051809	-0.0057846	-0.023364	-0.0023834	0.0040061	-0.0023406	0.0045087	0.0081393	-0.0014119	-0.0016228	0.0003574	0.0034181	-0.012092	-0.0011054	-0.0011754	0.002	0.007223	-0.0047639
-0.021413	-0.013295	-0.0068931	-0.018853	-0.02709	-0.015159	-0.027388	-0.032933	-0.016518	-0.014517	-0.018446	-0.0093832	-0.024769	-0.030876	-0.015254	0.0051445	-0.017486	-0.0054859	0.0075994	0.0052586	0.010581	0.0034561	0.00052941	0.0059077	0.0067504	-0.00028022	0.0030779	0.0078668	-0.00044746	-0.0045664	0.01875	0.020629	-0.011269	-0.0060446	0.012633	0.0041338	0.00027669	0.0066713	-0.0089833	0.015362	0.019194	-0.0012279	0.00059055	0.0066898	0.011254	0.010065	0.0073223	0.013652	0.011086	0.0042667	0.0092059	0.012322	0.00084464	-0.019615	0.0099238	0.011077	0.0075755	-0.011573	-0.0029722	0.0017835	0.0020501	0.001138	-0.0085224	-0.016475	-0.0097048	-0.004518	0.0039295	-0.013529	-0.015916	-0.01053	-0.0096902	-0.01627	-0.0097044	-0.0067659	0.0036418	0.0056607	0.0046932	-3.9237e-05	0.00064833	-0.0056331	-0.0041459	0.0012236	0.0088928	0.0095962	0.017438	-0.0085541	0.0030648	0.0038977	-0.012383	-0.012471	0.010407	0.0050929	-0.0046171	-0.0017324	-0.018365	-0.0020908	-0.0042518	-0.0068776	0.008018	0.014931	-0.0035625	-0.0090912	0.0010315	-0.0019854	-0.020152	-0.009854	0.0037776	-0.029417	-0.020382	-0.003856	-0.021534	-0.014726	-0.022767	-0.013683	0.00192	0.0038118	-0.0068179	-0.025155	-0.012796	-0.0062544	0.010709	0.0037709	-0.010801	0.006618	0.0082582	-0.00054016	-0.0034956	-0.0037179	-0.0033172	-0.0071326	-0.0022206	-0.0026053	-0.0094303	0.0040984	-0.0097388	-0.0045752	-0.010583	-0.0027809	-0.0065843	-0.0046015	0.00018511	0.0021391	0.0039608	-0.026401	-0.019571	-0.0018167	0.013592	-0.01418	-0.010399	-0.0042645	0.0015946	-0.012776	-0.0076969	-0.010268	-0.0090898	0.0047702	-0.00018422	0.0001195	-0.00023616	0.019321	0.0055879	-0.013577	0.0013222	0.012737	0.0061908	0.0080673	0.0081752	0.010814	0.013683	0.010256	0.0083269	0.0086294	0.0019083	-0.0021105	-0.0023275	0.0079536	0.015457	0.0050906	-0.0085682	-0.0021367	-0.0001602	0.001794	0.0081575	0.016326	0.00058722	0.0076276	0.004198	-0.00070998	0.01259	-0.0021953	0.009058	0.011169	0.0077859	0.0098958	0.012737	0.0048562	-0.0015774	-0.010906	0.0038519	-0.00092298	0.0097013	-0.0074931	-0.0031123	0.0055286	0.00674	0.007824	0.0095329	0.0022509	-0.019067	-0.0095885	-0.015396	-0.023315	-0.0091907	-0.015748	-0.015646	-0.0069901	-0.017229	-0.015978	-0.017939	-0.015995	-0.0022796	-0.01496	-0.014878	-0.014397	-0.013125	-0.0079982	-0.015612	-0.0098723	-0.015398	-0.013132	-0.018716	-0.01068	-0.0028526	-0.010418	-0.00711	-0.0036513	-0.013446	-0.002432	-0.0061172	-0.0089182	-0.015399	0.014356	0.0192	-0.0044777	-0.0010779	-2.6944e-06	0.010541	0.014104	0.0012245	-0.0012532	0.014583	0.015048	0.0097046	0.0057277	0.014081	0.0076798
-0.02116	-0.015348	-0.013988	-0.010329	-0.0073994	-0.0047447	-0.0010976	-0.0065736	-0.0085212	-0.0027096	-0.013407	-0.0028289	-0.0052818	0.0032306	-0.0026942	0.012044	0.0040539	0.0046081	0.0068129	-0.012626	0.0092481	0.0065667	0.0016031	-0.0045871	-0.0047666	0.0018798	-0.0002825	0.0080894	0.00018486	0.0044118	0.011052	0.0034473	0.0076618	0.011236	0.010626	0.0059918	0.0099029	0.021784	0.017266	0.0094673	0.0094952	0.00080949	0.0054871	0.012232	0.0039227	0.0027933	0.002361	0.010963	0.0039027	0.004253	0.012476	0.014633	0.0055346	0.012532	0.0077936	0.0016197	0.011295	0.011114	0.0088584	0.013175	0.018446	-0.0044081	-0.0066267	-0.0020383	0.0024456	-0.0034716	-0.002338	-0.0018634	-0.0074202	-0.014646	-0.0044901	-0.0014366	-0.017138	-0.017432	-0.0067367	-0.0073667	-0.01502	-0.0029015	-0.015924	-0.0017079	-0.0014465	0.0039075	0.0036782	0.0045418	0.013447	0.0075732	0.0011368	-0.0017029	0.0021451	0.0050965	-0.0048967	-0.0090791	-0.0047782	-0.00039464	0.009602	0.0014192	-0.012484	-0.010033	-0.009247	-0.0033088	0.002542	-0.0043319	-0.012383	0.003557	-0.015873	0.00073674	0.013602	0.0037033	0.00062001	0.0018382	0.0052023	0.017015	0.012811	0.017293	0.011619	0.029817	0.035082	0.023778	0.019069	0.026442	0.022383	0.0033079	0.0050133	0.014782	-0.0033086	-0.0056297	0.011883	0.0058651	-0.0043621	0.0057464	-0.0030506	-0.0032854	-0.0076883	-0.0040257	-0.0034256	0.0025986	0.0016528	-0.015771	-0.0067561	-0.008393	-0.0036191	0.0018573	-0.0086744	-0.002744	0.0052137	-0.00589	-0.0059596	-0.0084577	0.0011212	-0.0061495	-0.0062417	-0.0006233	-0.012984	-0.0047842	0.0035928	0.0001806	-0.0064458	-0.0048381	-0.0084603	0.0092849	0.0020155	0.011417	0.0011843	0.016779	0.017775	-0.0033289	-0.0025853	0.0012236	-0.0059423	-0.0052737	0.012501	0.0011223	-0.011071	0.010845	-0.0067142	-0.0037281	-0.0086827	-0.010328	0.0003898	0.0020561	-0.0094571	-0.00083274	-0.015064	0.0072466	0.011023	-0.002606	-0.0085015	0.003781	0.0011245	-0.0004914	0.012377	0.0027571	-0.0047423	0.014026	-0.0019213	-0.009621	-0.012108	-0.0025168	-0.0065407	-8.6497e-06	0.0027783	-0.0089657	-0.005594	0.00055728	-0.0027284	-0.0015014	-0.0031604	-0.0055866	-0.022436	-0.010053	-0.0087561	-0.021364	-0.015021	-0.016407	-0.0092926	-0.0031926	-0.020469	-0.021449	-0.016712	-0.018184	-0.0049223	-0.014689	-0.012842	-0.012084	-0.011115	-0.011352	-0.015882	-0.0098304	-0.017306	-0.014482	-0.019342	-0.015993	-0.0075655	-0.014314	-0.01014	-0.0049594	-0.014847	0.0012723	-0.0050719	-0.01007	-0.0054521	0.033076	0.036375	-0.0046332	-0.0046831	-0.0033329	-0.0020283	0.0084224	-0.0020303	-0.0097284	0.0055879	0.00504	0.00035031	0.0012429	-0.013905	-0.010792
0.0094747	0.012104	0.0021969	0.006882	0.003657	-0.0014092	-0.017597	-0.0077268	0.0079861	-0.0042223	-0.0055848	-0.0012539	0.016201	0.015038	-0.0037277	0.0029864	0.020789	0.004553	0.015915	0.027716	0.027663	0.025153	0.018912	0.009156	0.0041728	0.0025528	0.017234	0.018911	0.021795	0.011044	0.011244	0.016376	0.019568	0.027378	0.020517	0.024116	0.011325	0.029613	0.032226	0.02352	0.013402	-0.00023707	0.0040391	0.01035	0.0089843	0.0059216	0.0054782	0.010147	0.0045577	0.00015364	0.0062527	0.013239	0.0062829	0.0098754	0.0037744	0.00069726	-0.00082494	0.0038555	0.013998	0.0077581	0.010298	0.0002937	-0.0087909	-0.015173	-0.01394	-0.01376	-0.025783	0.0044314	-0.02837	-0.029729	-0.015954	-0.015689	-0.024036	-0.027713	-0.024008	-0.025998	-0.039236	-0.031995	-0.026672	-0.026042	-0.012624	-0.014119	-0.014844	-0.0026811	0.0087075	3.6535e-05	-0.0054551	-0.012309	0.0042729	0.015105	0.0042195	-0.0057846	-0.0067921	0.016103	-0.0082132	-0.0080534	0.0030334	0.0074264	0.0095841	0.017774	0.015383	0.0089216	0.0061679	0.026043	0.015663	0.0070935	0.0034305	0.0042537	-0.0037867	-0.0048363	-0.0098211	-0.0049699	-0.0067286	0.0002006	-0.010485	-0.0071	-0.0062436	0.018575	0.0036191	0.011306	0.0084702	0.00027462	0.00019985	0.0046909	-0.0060857	0.00039113	0.012564	0.012905	0.018651	0.002961	0.012264	0.01441	0.012663	0.0073665	-0.0011933	-0.00026539	-0.00538	-0.013198	0.00011423	-0.011359	-0.0095923	0.003922	0.001144	-0.0092444	-0.0087078	0.0028205	-0.0050556	-0.0027066	0.0072388	-0.010192	-0.0017751	0.0041767	0.0037807	-0.0050688	0.014371	0.017726	0.016668	0.017159	0.019079	0.017595	0.01524	0.022024	0.0024119	-0.0029893	0.0035949	0.0065661	0.0010815	-0.0020446	-0.00059559	-0.012513	-0.012649	-0.018268	-0.016863	-0.0035104	-0.0094975	-0.0057772	0.010041	0.005665	0.00038031	0.0032135	-0.010789	-0.012157	-0.011604	0.00087445	-0.011117	-0.0027815	-0.0025134	0.0075043	-0.0042194	-0.0034778	0.004905	-0.007586	-0.012134	0.0058895	-0.0052666	-0.0029323	-0.014745	-0.017269	-0.018226	-0.00038672	-0.005437	-0.011731	-0.0093681	-0.0057065	-0.013489	-0.012119	-0.017146	-0.014716	-0.027097	-0.011809	-0.0034091	-0.020706	-0.022143	-0.018359	-0.0042312	-0.00068751	-0.025001	-0.028212	-0.016777	-0.021665	-0.0088574	-0.015711	-0.012098	-0.011063	-0.010398	-0.015999	-0.017445	-0.011081	-0.020506	-0.017125	-0.02126	-0.022599	-0.013571	-0.019502	-0.014463	-0.00756	-0.01754	0.0036841	-0.0053191	-0.012515	0.0032022	0.050504	0.052258	-0.0060812	-0.0095807	-0.0079555	-0.01589	0.0014481	-0.0065775	-0.019496	-0.0046996	-0.00626	-0.010296	-0.0082801	-0.0088017	-0.0090441
-0.0049569	-0.0027825	-0.0030638	-0.0036027	-0.0029713	-0.014955	-0.0054398	-0.0019727	0.0049087	0.012325	0.016157	0.027267	0.050658	0.07211	0.11289	0.13217	0.12178	0.0804	0.06329	0.041377	0.020632	0.013635	0.021215	0.014712	-0.010169	0.00037777	0.029375	0.022891	0.010686	-0.0030161	0.0012219	0.0034537	0.0028967	0.0084223	0.0082772	0.012836	0.0054112	0.014782	0.018289	0.016849	0.009437	-0.004125	-0.00025026	0.0056252	0.011204	0.0062084	0.005754	0.0064899	0.0023713	-0.0067871	-0.0028117	0.0090031	0.0041899	0.0043773	-0.0030862	-0.0030666	-0.015786	-0.024683	-0.028892	-0.022668	-0.031114	-0.032237	-0.024128	-0.0055581	-0.013375	-0.026812	-0.022591	-0.017874	-0.026702	-0.0067401	-0.0061532	-0.024554	-0.01977	-0.0087012	-0.015689	-0.014367	-0.0046697	-0.023213	-0.014758	-0.0049703	-0.0015275	0.012984	0.010168	0.0074842	0.018639	0.023882	0.021094	0.031581	0.034846	0.029647	0.019653	0.018026	0.0017048	0.016765	0.028691	0.028575	0.0075369	0.016173	0.017373	0.0044966	-0.0016798	0.013051	0.019411	0.013323	0.0087671	0.012302	0.011519	0.011532	0.0098866	-0.0016747	0.0098497	0.017627	0.0047144	0.0033279	0.0040068	0.0089332	0.010519	0.012517	-0.00061419	5.8482e-05	-0.001964	0.0039358	0.019697	0.013201	0.019977	2.8574e-05	-0.00010699	0.016161	0.015518	0.0056476	0.0136	0.019576	0.0043679	0.01349	0.022619	0.013247	-0.0054693	0.00043457	0.0031885	-0.017889	-0.015065	-0.01955	-0.01083	-0.010014	-0.01562	-0.0049652	-0.005003	-0.010861	-0.015468	-0.0053424	-0.011654	-0.018711	-0.022294	-0.00055718	-0.015584	-0.0018112	-0.015705	7.7733e-05	-0.0050898	-0.004607	0.0068379	0.0078445	-0.0033334	-0.0074436	0.0016848	-0.013901	-0.014468	0.0055618	0.0097691	-0.0055077	0.00043787	0.0019858	0.0023243	-0.0029288	-0.0087033	-0.0021278	0.0034928	0.0057572	0.0067406	0.0038985	0.005571	-0.00052991	-0.0088614	-0.0035335	-0.0018311	-0.0074098	-0.01039	-0.0039395	0.0075806	-0.0040571	-0.018382	0.0085159	0.009145	-0.0034537	-0.0070201	0.0029945	-0.0072198	0.0087817	0.0052205	0.0057412	0.018987	0.015134	0.011214	0.0070181	0.029226	-0.00079617	-0.0066049	-0.0051468	0.011996	-0.016537	-0.019358	-0.015625	-0.013286	-0.021718	-0.032301	-0.018313	-0.023544	-0.01484	-0.029209	-0.0077657	-0.011322	-0.016984	-0.014196	-0.012884	-0.012522	-0.023487	-0.021849	-0.015173	-0.026548	-0.022608	-0.02602	-0.032047	-0.022417	-0.027531	-0.021627	-0.013002	-0.023075	0.0032545	-0.0084077	-0.017801	0.0090151	0.065091	0.0653	-0.010371	-0.01732	-0.015419	-0.032592	-0.0083676	-0.013966	-0.032105	-0.017829	-0.020401	-0.023784	-0.020645	-0.0065403	-0.010138
-0.009081	-0.015887	-0.033931	-0.0030078	-0.0049174	-0.0041431	0.0057759	0.019386	0.022497	0.060059	0.1141	0.18395	0.24	0.24512	0.26224	0.27193	0.25529	0.24117	0.20602	0.19955	0.13306	0.070387	0.042487	0.038968	0.01961	0.0026397	0.014146	0.021802	0.020987	0.010577	0.011492	0.014503	0.0070805	-0.0061376	0.00043341	0.0059527	0.0038934	0.0043479	0.0087473	0.014575	0.0098677	-0.0036169	-0.0001436	0.005297	0.017821	0.010891	0.010426	0.0072285	0.004581	-0.0093317	-0.0074801	0.0091635	0.006493	0.0032752	-0.0055507	-0.0074938	0.0027322	0.0033646	-0.0084485	-0.010651	0.0033756	0.0081929	0.0087605	-0.0029381	-0.0058083	0.0071072	-0.0039855	-0.0024739	0.0028695	0.00062766	0.0015911	-0.013217	-0.0087373	-0.0093053	-0.0083267	-0.019138	-0.0087169	-0.010021	0.00068681	-0.010644	-0.005089	-0.00012119	0.0034109	0.02986	0.079376	0.12406	0.15823	0.15923	0.14967	0.1487	0.090634	0.049815	0.0083488	0.0055624	-0.0008542	-0.0094071	-0.0071539	-0.0023499	-0.012726	-0.011541	-0.038347	-0.032665	-0.0066109	-0.011498	-0.00026544	0.00070407	-0.0032785	-0.0040079	0.0038608	0.0020927	-0.010136	-0.010619	-0.0076995	-0.0059118	0.0034842	-0.0090422	-0.012093	0.00086151	0.00095378	-0.019559	-0.010641	-0.011134	0.0042171	-0.010479	-0.014975	-0.019731	-0.004312	0.01336	-0.0070259	-0.01008	-0.018159	-0.030867	0.00026773	0.00036388	-0.0081038	-0.011441	-0.0058203	-0.0015813	-0.028283	-0.019392	-0.017887	-0.021465	-0.022088	-0.032229	-0.028993	-0.014065	-0.016072	-0.015288	-0.021186	-0.033141	-0.0193	-0.011814	-0.0049023	-0.003574	-0.0044944	-0.0068614	0.017591	0.016845	0.018677	0.019837	0.015185	0.0090365	0.019539	0.025996	0.017815	-0.0029131	-0.0049138	0.00066314	0.0019147	0.0055596	-0.028686	-0.00052286	0.0079887	-0.0094601	0.0036247	0.0057971	-0.0096953	-0.013647	0.0012782	-0.0046905	-0.025575	0.0035634	0.0078874	0.0045122	0.001242	-0.012378	0.0030858	-0.0081556	-0.0027268	-0.0071742	0.0017447	0.0042821	0.0040799	0.0058639	-0.00047682	0.00070502	-0.0011983	-0.0030546	0.0030403	0.0040505	-0.0012414	-0.0072988	-0.0062756	-0.010671	0.0043422	0.0018201	0.0013461	-0.0074041	-0.009091	-0.0075819	-0.017095	-0.013087	-0.012492	-0.016912	-0.022872	-0.012566	-0.016989	-0.011339	-0.022806	-0.014153	-0.012931	-0.01901	-0.023862	-0.0146	-0.016111	-0.025178	-0.027992	-0.018681	-0.010066	0.0035691	0.0096762	0.020101	0.023889	0.023089	0.026593	0.0027946	0.00085028	0.0067913	-0.0034375	0.013988	0.01284	0.047365	0.082058	0.024802	0.0061747	-0.0034402	0.0038024	-0.0030114	0.00076201	-0.0043815	-0.0025357	-0.0026833	0.0097587	0.022304	0.013774	0.01773
-0.020126	-0.01257	-0.020142	-0.014057	-0.0067654	0.0035905	0.0010567	0.03237	0.11234	0.20155	0.23928	0.1742	0.17436	0.18164	0.17566	0.18175	0.17115	0.17612	0.1746	0.16636	0.16088	0.17711	0.17899	0.060771	0.014405	0.017582	0.0012324	0.0060344	0.0093986	-0.010116	-0.014764	-0.0003648	-0.0033077	-0.019392	-0.0036453	-0.013946	-0.010026	-0.011102	0.0011087	0.0095808	-0.012118	0.0022407	0.00046734	-0.021951	-0.0024018	-0.0068709	-0.025072	-0.019802	-0.0081479	-0.013604	-0.011193	0.0011139	-0.019655	0.002374	-0.0095859	-0.023247	-0.014677	-0.011418	-0.0013635	-0.012639	-0.021792	-0.029024	-0.025882	-0.011237	-0.023942	-0.025766	-0.022425	-0.015678	-0.03031	-0.025884	-0.037284	-0.037699	-0.026183	-0.015402	-0.030786	-0.016561	-0.009476	-0.025038	-0.01932	-0.0039164	0.0038477	0.034118	0.10203	0.19866	0.24451	0.23486	0.16329	0.16873	0.16583	0.15454	0.21201	0.20201	0.15727	0.088844	0.046219	0.037211	0.0081056	0.00077488	-0.0020813	-0.0037841	0.00069943	-0.0034909	-0.017237	-0.0080719	0.00050569	-0.0069687	-0.01628	0.0056026	0.010102	0.0042107	0.0051713	0.0025696	-0.0058822	0.011792	0.0079629	-0.0010848	-0.0071393	0.0005608	0.0028322	0.0028392	-0.0006017	0.00010331	0.0082707	0.0048345	-0.0026108	0.003219	-0.0081847	-0.00084511	0.011545	0.0035977	0.0078723	-0.0068971	-0.0067629	0.0067764	-0.0030781	0.0094651	-0.0057533	-0.015197	0.0022998	0.0045802	0.015529	0.016616	0.0106	0.014372	0.017591	-0.010125	0.0068905	0.012059	-0.0034469	-0.0026385	-0.0010905	0.018392	0.016528	0.015559	0.015832	0.011973	0.041997	0.11319	0.14859	0.16928	0.17596	0.17988	0.14992	0.10969	0.04508	0.029988	0.041941	0.031868	0.018097	0.0033657	0.020409	0.018627	0.0058613	0.0081293	0.012979	-0.012105	0.015994	0.0031074	-0.0010658	0.0091307	0.010639	0.00098634	-0.0030773	0.010508	0.014261	0.0010766	0.00785	0.0010487	-0.0019254	0.011933	0.0076963	0.017538	0.0032037	0.010868	-0.016161	-0.013433	-0.0014211	0.012878	0.0012687	-0.0027571	0.0028272	0.0032415	-0.0072985	-0.0082508	-0.0042909	-0.0038748	-0.015442	0.0011958	0.011092	0.0026405	-0.013564	-0.0092817	-0.01043	-0.010838	-0.012176	-0.0055519	-0.0091675	-0.0065702	-0.015135	-0.019274	-0.013272	-0.019768	-0.032261	-0.015049	-0.018433	-0.025601	-0.032868	-0.020921	0.0076844	0.0073848	0.0030479	-0.0035089	0.0064139	0.019643	0.0054974	0.0096868	-0.012993	-0.013137	-0.010236	-0.015947	-0.00093014	0.0014524	0.016352	0.01146	-0.006402	-0.01216	-0.0012759	-0.0051834	-0.0023148	-0.010418	-0.016012	-0.00026728	-0.0014899	-0.013856	0.0014253	-0.0087361
0.00222	0.013562	0.010905	-0.0042987	0.00097156	0.029587	0.054235	0.19056	0.25499	0.1677	0.17303	0.18557	0.18887	0.18533	0.17421	0.18163	0.19972	0.19748	0.18278	0.19552	0.19193	0.18517	0.17408	0.1772	0.089792	0.019135	0.023389	0.01302	0.014237	0.0124	0.0097766	-0.00026183	0.008965	0.0067135	0.014903	0.02383	0.0068773	0.013308	0.016899	0.012316	0.0092047	0.011073	0.0229	0.0090247	0.0013098	0.015869	0.019388	0.019202	0.0082081	0.012227	0.013391	-0.00022423	0.014249	0.012956	0.0014871	-0.0056733	0.018499	0.018211	0.010333	0.01105	-0.00087527	0.0064493	0.014591	0.0028392	-0.0057878	0.011034	0.022079	0.0047033	-0.0085987	0.0042158	0.010345	-0.010718	-0.0038216	-0.0055358	-0.0039969	-0.0039777	-0.012822	-0.0068942	0.003015	0.061279	0.15237	0.20345	0.2478	0.1795	0.18031	0.18407	0.17018	0.18434	0.16961	0.16821	0.17883	0.16547	0.16013	0.18454	0.19384	0.083456	0.033029	0.014036	0.018169	0.0020558	0.0017215	0.0029591	0.014856	0.0072911	-0.013633	-0.015833	0.010886	0.01051	-0.0079984	-0.0034222	-0.016969	-0.013931	-0.01159	-0.021417	-0.0065326	-0.011144	-0.018256	-0.02371	-0.017232	-0.013634	0.0062664	0.0035505	-0.012945	-0.01984	-0.018033	-0.0020405	-0.0073571	-0.0063547	-0.0057908	0.0093226	0.00040594	-0.0071941	-0.0053801	-0.0055431	-0.016536	-0.0088681	-0.0050732	-0.0070814	-0.0056945	-0.024015	-0.010292	-0.0081206	-0.009073	-0.0034307	0.0042449	-0.0041544	-0.013749	-0.0049679	-0.0099371	-0.0045952	-0.00021479	-0.001475	0.0038663	0.046638	0.13352	0.21396	0.23058	0.23914	0.18994	0.17374	0.16995	0.1751	0.18026	0.19323	0.19667	0.17033	0.10394	0.031581	0.034239	0.042347	0.028807	0.019655	0.01777	0.019641	0.0064104	0.0064412	0.0072345	-0.0021898	-0.0052468	0.0095586	-0.0081056	-0.0084719	-0.0031362	-0.0033588	-0.0031273	-0.0068226	0.0094185	-0.0081632	-0.0067775	-0.00042916	-0.0074798	0.0097041	0.0051808	-0.0044476	-0.011453	-0.0045886	-0.0085021	-0.020076	-0.010282	-0.0050957	-0.019668	-0.01598	-0.00028882	-0.01066	-0.014214	-0.026319	-0.012571	-0.032139	-0.022261	-0.022616	-0.0036264	-0.002067	-0.025654	-0.019929	-0.0045953	-0.016947	-0.025934	-0.024264	-0.015796	-0.01554	-0.0093073	-0.0059085	0.010091	0.0020262	-0.0028742	-0.00044618	0.0027555	0.02725	0.033178	0.10715	0.15056	0.17154	0.19252	0.18452	0.16816	0.1371	0.10598	0.033683	0.02431	0.013468	0.0035325	0.015008	-0.0051945	-0.0091646	-0.010019	-0.005614	-0.00026654	-0.0076263	0.0021785	0.0016154	-0.0072351	-0.0099846	0.0010061	0.0052127	-0.0087856	0.0022577
-0.0028486	-0.016441	-0.015832	-0.013764	0.011514	0.097097	0.20246	0.20814	0.18793	0.17382	0.17983	0.18344	0.19498	0.18419	0.1903	0.19524	0.19809	0.21342	0.20335	0.18691	0.19859	0.19598	0.18538	0.18079	0.16744	0.14254	0.058169	0.02546	0.025345	0.027556	0.030199	0.010754	0.0074287	0.022666	0.023714	0.015172	0.020958	0.015714	0.01294	0.020422	0.020474	0.00050455	-0.00025255	0.0019293	0.012156	0.012234	0.011811	0.00094969	0.016657	-0.0021831	-0.0098317	0.002369	0.0024668	0.011604	0.0099656	-0.0044414	0.0007351	0.0091796	0.0072173	-0.0016353	0.0087646	0.016059	0.0034697	-0.0070546	0.0037935	0.0012377	0.00082215	-0.0099199	-0.0016983	-0.01553	-0.01852	-0.0088806	-0.0050882	-0.007021	-0.016448	-0.021355	-0.015328	-0.01118	0.043682	0.16096	0.24498	0.16864	0.18034	0.19048	0.19049	0.18197	0.18409	0.17848	0.18585	0.19236	0.18592	0.17594	0.17626	0.17867	0.19087	0.19162	0.11645	0.05782	0.030116	0.0088208	0.013125	0.0048177	0.0044599	0.012467	0.0044347	-0.0023796	-0.0049013	-0.0054899	-0.0095267	-0.0019631	0.010317	0.003082	0.0028359	0.009863	0.0057587	0.0095427	0.011625	-0.00034923	0.0098697	-0.0024265	0.0013265	-0.0044211	0.001846	-0.0020029	0.0043314	0.0014515	-0.010117	-0.0094257	-0.0046266	0.0092703	-0.0025391	-0.016109	-0.0075767	-0.014616	-0.010389	-0.0077009	-0.016947	-0.018872	-0.0039335	-0.0033326	-0.010298	-0.0030268	-0.0070154	-0.010726	-0.021609	-0.022684	-0.017009	-0.014901	-0.0018819	0.0079537	0.0029833	0.0081363	0.072277	0.18444	0.2082	0.17517	0.1612	0.15734	0.15476	0.16533	0.16773	0.18315	0.16855	0.1666	0.17843	0.17572	0.19026	0.18178	0.060452	0.019913	0.015417	-0.0017121	-0.010044	0.004232	-0.0060915	-0.0041928	0.0083208	0.012719	-0.0094508	-0.0092847	-0.0021136	-0.005188	-0.0058531	-0.011141	-0.0082785	0.0015223	-0.01404	-0.023008	-0.012973	-0.005837	0.0017302	-0.00029261	-0.0099238	-0.017255	0.0025997	-0.0045466	-0.0050377	-0.015488	-0.016009	-0.016247	-0.015634	-0.033612	-0.033965	-0.021396	-0.016967	-0.0010029	-0.0018162	-0.038061	-0.023346	-0.0071482	-0.0051352	-0.021096	-0.025942	-0.022493	-0.018325	-0.012264	-0.012914	-0.027311	-0.008576	-0.014151	0.00084811	0.0044539	-0.0017607	-0.0078171	0.022287	0.026553	0.068499	0.16129	0.20101	0.24595	0.22822	0.17068	0.15299	0.165	0.17469	0.16962	0.16948	0.19032	0.18077	0.087079	0.030879	0.012003	0.0037733	0.015206	0.012075	0.0064659	0.010373	0.009269	0.0075814	-0.0040128	0.010388	0.025703	0.0070593	-0.001892	0.0093135	0.022953
-0.010236	-0.0021488	0.0012274	0.007758	0.10387	0.1887	0.18963	0.16719	0.17029	0.18312	0.17316	0.17632	0.19679	0.18977	0.18689	0.18012	0.20423	0.19108	0.18115	0.18669	0.18801	0.20073	0.21016	0.18775	0.17658	0.15653	0.062603	0.022905	0.025937	0.027529	-0.0025201	0.011519	0.0046404	0.0041338	0.011375	-0.0069851	-0.013093	-0.010973	-0.010821	-0.010624	0.00042544	-0.0070813	-0.010515	0.0017111	0.0029677	-0.0082648	-0.0020647	-0.00043801	-0.0056586	0.0076053	0.018342	0.0043354	-0.0099288	-0.0034033	0.01202	0.0012929	-0.010584	-0.0042963	0.0063701	-0.0054262	-0.013211	-0.0077262	0.0059983	0.0012179	-0.012987	-0.00076809	-0.0049453	-0.021705	-0.018852	-0.017508	-0.026148	-0.026378	-0.013677	-0.039128	-0.0076728	-0.022217	-0.0035219	0.079913	0.18142	0.20881	0.15596	0.15224	0.17054	0.16368	0.17538	0.16358	0.17071	0.17737	0.18344	0.18069	0.17839	0.18387	0.17462	0.16906	0.17662	0.18184	0.15583	0.16152	0.054638	0.039613	0.02495	0.00085253	-0.00064203	0.0060617	-0.0070459	-0.0060603	0.0029633	-0.0003419	-0.0084053	0.0040017	0.018568	0.0031005	-0.0032217	0.002802	0.015198	0.012649	0.007477	-0.0067357	0.016171	0.011539	-0.0030474	0.00044369	0.017274	-0.00066564	0.0098008	0.011018	-0.0014867	0.0072044	0.0020814	-0.014186	0.0064323	0.0028346	0.00019132	0.0092225	0.0017414	0.008009	-0.0044439	-0.0042699	-0.019367	-0.017015	-0.0087393	-0.024203	-0.020267	-0.023646	-0.026831	-0.019932	-0.0042799	-0.013109	-0.01795	0.0062332	0.038372	0.12473	0.21734	0.20318	0.15694	0.15279	0.16968	0.17399	0.16961	0.17063	0.17434	0.18333	0.16367	0.16724	0.17534	0.17079	0.16528	0.16177	0.16151	0.12053	0.01872	0.010192	0.0016678	-0.0024781	0.0030014	-0.0031852	0.0090759	0.0057639	-0.015258	-0.0068456	0.018547	-0.0011719	0.00028859	0.0044106	0.011253	0.0056917	-0.010006	-0.0060153	-0.0020702	0.0021786	0.00051594	0.00071326	-0.0023256	-0.00814	0.0061772	0.0036172	0.00052969	-0.002535	-0.00054134	0.00021552	0.0083675	0.0020633	-0.0074105	-0.0025756	0.0024334	0.00039379	-0.010338	-0.010414	-0.0081528	-0.0081535	-0.0014921	-0.016425	-0.0098739	-0.0025591	-0.0044726	-0.0085137	-0.0087196	0.0012586	0.00061355	0.0022496	-0.0024969	-0.016779	-0.00054474	0.027361	0.081287	0.15032	0.21359	0.22092	0.16934	0.17055	0.17672	0.16905	0.15376	0.14779	0.17399	0.16992	0.16741	0.1748	0.17068	0.17817	0.14825	0.079499	0.0037814	0.0021729	0.0020208	-0.0088021	-0.01139	-0.028754	-0.025636	-0.026472	-0.028444	-0.024651	-0.019999	-0.017224	-0.024073	-0.016158
-0.0095875	0.00083889	0.0026777	0.042119	0.17827	0.21396	0.1793	0.18417	0.17995	0.17236	0.17271	0.16689	0.17361	0.19607	0.19634	0.19026	0.20207	0.20534	0.20567	0.19999	0.19961	0.19982	0.20141	0.19363	0.19689	0.19806	0.16897	0.096127	0.041911	0.03091	0.0060034	0.018577	0.015523	0.019111	0.011121	0.018405	0.015917	0.0065573	0.011956	0.013209	0.018326	0.010535	0.012516	0.016151	-0.0061336	-0.013289	-0.0018653	-0.0037966	-0.001643	-0.0030133	-0.0087399	0.012439	-0.0024131	0.0048128	-0.0041233	0.013207	-0.0053371	-0.0075387	0.01511	0.0090871	-0.0041359	-0.0026252	-0.0059787	0.0037079	-0.0031696	-0.0046059	-0.014783	-0.012294	-0.010515	-0.016439	-0.016147	-0.0061381	-0.0019456	0.0027606	-0.0020564	-0.010206	0.065832	0.16886	0.22676	0.1863	0.16838	0.17403	0.18189	0.16839	0.17387	0.17866	0.19235	0.19009	0.19547	0.20166	0.1922	0.18461	0.19773	0.19328	0.19873	0.19395	0.19131	0.17438	0.11952	0.059809	0.030485	0.024752	0.012505	0.011983	0.0096825	0.0050844	0.0016471	0.0209	0.013479	0.0060602	-0.010067	-0.00010678	0.0055056	0.0014743	-0.0032033	0.0017232	0.010787	-0.0088492	-0.013984	-0.014851	0.015085	0.005235	0.0028524	-0.014741	-0.0075069	0.0093982	-0.002032	-0.022444	-0.014567	-0.013049	-0.018061	-0.0075905	-0.015399	-0.033536	-0.014823	0.0029268	-0.020662	-0.011846	0.0054846	-0.0026203	-0.0068222	-0.0032847	-0.01596	-0.02265	-0.019423	-0.016409	-0.0122	-0.010779	-0.013632	0.019376	0.1778	0.22568	0.15827	0.15675	0.17365	0.17873	0.16358	0.18118	0.18612	0.17809	0.17182	0.17613	0.18135	0.17835	0.17736	0.1666	0.16903	0.16935	0.16496	0.16214	0.11793	0.035227	0.0119	0.024197	0.0046283	-0.0033827	-0.0029665	-0.0057002	-0.0037028	0.010071	0.011755	-0.0029657	0.0085474	0.0073376	-0.0026996	0.0044898	-0.0031786	0.0027327	-0.0077176	-0.011619	-0.011573	-0.0036726	-0.016803	-0.015561	-0.0072735	0.0010692	-0.015114	-0.0096346	-0.0086972	-0.0085122	0.0034421	0.0085182	0.0064525	0.0024155	-0.0020244	-0.0033555	-0.0081138	0.0022078	-0.010311	-0.016628	-0.00095967	-0.011463	-0.01872	-0.013099	-0.014329	-0.016291	-0.0063209	-0.019816	-0.030106	-0.011081	-0.020871	-0.017811	0.016244	0.079811	0.19685	0.18935	0.16341	0.17341	0.1776	0.17466	0.17085	0.17129	0.18353	0.18034	0.18038	0.18169	0.18165	0.17041	0.17678	0.17341	0.17474	0.14554	0.097997	0.029678	0.025062	0.016809	0.0098269	0.013188	0.013226	0.0052971	0.023875	0.014526	0.021484	0.014551	0.002189	0.0023101
-0.017914	-0.018081	0.0087204	0.12364	0.23385	0.16351	0.16222	0.17505	0.18182	0.18137	0.17497	0.17952	0.18933	0.19562	0.18135	0.18544	0.19828	0.18375	0.17567	0.18588	0.18737	0.18131	0.17252	0.18286	0.17227	0.15742	0.16745	0.12835	0.058738	0.0044609	-0.01103	-0.014495	-0.0084433	-0.004587	0.0032232	-0.011597	-0.0012889	0.0011744	-0.016511	-0.018285	-0.011857	-0.015443	-0.0066481	-0.0089536	-0.016282	-0.026783	-0.012026	0.0036038	-0.02539	-0.02257	-0.007415	-0.0028441	-0.0019539	-0.0080152	-0.00049011	-0.017929	0.0028533	-0.018732	-0.013355	-0.015321	-0.024127	-0.020528	-0.0141	-0.013837	-0.015053	-0.021712	-0.028568	-0.022267	-0.028844	-0.017282	-0.010767	-0.031339	-0.036732	-0.045646	-0.011189	-0.0021098	0.12424	0.20533	0.1606	0.14623	0.14742	0.16118	0.16018	0.1538	0.16658	0.17438	0.17518	0.17245	0.16225	0.17816	0.18785	0.18927	0.17792	0.18809	0.1838	0.18204	0.18811	0.18537	0.16578	0.11185	0.044056	0.041658	0.027234	0.00040985	0.0040514	0.017251	0.0035964	-0.0064118	0.021605	0.0129	0.00049784	0.0018435	-0.00052699	0.00046248	0.0063918	0.0086664	-0.0035324	-0.0058921	0.0039425	-0.0060505	-0.0040334	-0.0051157	-0.013151	-0.0032541	0.0013205	0.00023189	0.01046	0.011819	-0.0046012	-0.0049053	-0.001025	-0.0015461	-0.013744	-0.01055	0.004564	0.007196	0.0063055	0.0020687	0.005184	0.0071667	-0.0037486	0.014084	0.015246	0.0089808	-0.0013035	0.0027581	0.00094425	-0.0009504	0.066474	0.13964	0.21509	0.19561	0.1954	0.19199	0.19149	0.19742	0.19051	0.20074	0.1973	0.18453	0.18904	0.19991	0.19347	0.20543	0.19968	0.20301	0.19986	0.20292	0.1961	0.18148	0.15324	0.10232	0.039471	0.025782	0.013834	-0.0061835	0.015022	0.0037265	0.0018367	0.0044419	-0.00348	0.0042008	0.0089055	-0.018101	-0.0032646	0.0044304	-0.0073334	-0.0062042	0.0025718	0.0073077	-0.0020711	0.0021339	-0.0060104	-0.0074522	0.0063636	0.010238	0.014281	0.024143	0.00051289	0.013261	0.019448	0.003235	-0.0059513	-0.0061752	-0.0079168	0.0046898	0.019842	-0.011238	-0.0082822	-0.012154	-0.011171	-0.015998	-0.016838	-0.016349	-0.0043575	-0.0020664	-0.0093982	-0.0013442	-0.011288	0.00067897	-0.0059064	0.021543	0.069633	0.22471	0.23246	0.17461	0.17185	0.16555	0.17932	0.18215	0.17512	0.1698	0.1733	0.1761	0.191	0.18125	0.16921	0.18262	0.19055	0.18317	0.17925	0.19365	0.16305	0.12972	0.035206	0.032225	0.022898	0.0094382	0.028662	0.040643	0.024687	0.003536	0.012537	0.0161	0.0067756	0.0037887
0.0036483	0.0064731	0.040847	0.16653	0.18882	0.17179	0.19027	0.19117	0.1779	0.17795	0.19191	0.18169	0.169	0.19411	0.19317	0.19975	0.20476	0.19718	0.18922	0.19431	0.19028	0.19547	0.21071	0.20667	0.21806	0.17874	0.18416	0.1896	0.10328	0.035277	0.012591	0.0092569	0.0054451	0.011107	0.01273	0.00034494	0.036043	0.0021604	0.0062332	0.0097625	0.0092465	0.0075981	0.0093501	0.0055265	0.0087094	0.014328	0.00086773	0.012579	-0.0058473	-0.0042187	0.0026848	-0.0030836	-0.0033943	0.0038528	-0.0014013	-0.0044623	-0.016721	-0.013248	-0.017366	-0.022233	-0.018609	-0.0073928	-0.0074432	-0.012509	-0.022154	-0.01275	-0.0053271	-0.030678	-0.041054	-0.0072749	-0.0010888	-0.015982	-0.014609	-0.013499	0.017481	0.077566	0.19398	0.1902	0.17087	0.18115	0.18366	0.17575	0.18413	0.18115	0.18028	0.18117	0.18894	0.1862	0.2025	0.21068	0.20518	0.19362	0.18662	0.1836	0.18619	0.18556	0.18058	0.17941	0.16687	0.15472	0.086492	0.026409	0.00096177	-0.0044026	-0.00016186	0.0041614	0.0059107	-0.0054961	-0.005374	0.00083996	-0.00059812	-0.007303	-0.0036008	0.0087392	-0.014136	-0.0013447	0.011054	0.010285	0.015132	-0.0059249	-0.0041701	-0.020332	-0.0024264	-0.0028962	-0.0066206	0.003642	-0.020094	-0.0044831	-0.011177	0.00070828	-0.0077247	-0.013765	-0.014892	-0.0036207	-0.0081409	-0.01283	-0.013631	-0.02034	-0.017248	-0.027072	-0.022057	-0.01149	-0.0099641	-0.0083501	-0.025392	-0.02112	-0.0086181	0.014869	0.09001	0.1887	0.17252	0.17378	0.17536	0.1781	0.18208	0.18124	0.18733	0.18869	0.18419	0.19321	0.19389	0.18168	0.17748	0.19436	0.18829	0.1907	0.18775	0.17966	0.17339	0.1761	0.17918	0.14943	0.097643	0.027729	0.019656	0.012385	0.0091759	0.010496	0.0081715	-0.0035478	-0.0052978	0.0059441	-0.0010828	0.0086538	-0.0015211	-0.00052881	-0.0025674	0.0030776	0.00021098	-0.0017091	-8.7572e-05	0.010586	0.0019087	-0.02451	-0.021327	-0.016205	-0.017383	-0.0022704	-0.010218	-0.0099007	-0.019945	-0.0246	-0.015944	-0.0058529	-0.01335	-0.010164	0.0014601	0.0036772	-0.018627	-0.0061353	-0.0030847	-0.004825	-0.00086515	0.0064481	0.0026	0.0031937	0.0053257	0.0012274	0.00070294	0.0072193	0.01953	0.065288	0.24692	0.22129	0.1628	0.17748	0.17607	0.16607	0.14388	0.16809	0.17718	0.15909	0.15825	0.17154	0.17364	0.16646	0.18039	0.17698	0.18783	0.16591	0.1816	0.17767	0.17482	0.14764	0.095723	0.026208	0.026158	0.018146	0.0084085	0.0054827	0.0065488	-0.0043278	-0.003834	-0.0046905	-0.014057	-0.015302
-0.009262	-0.0019736	0.054093	0.23548	0.18453	0.1753	0.16347	0.17407	0.18775	0.19072	0.1923	0.18528	0.20344	0.197	0.18442	0.19039	0.19111	0.18137	0.191	0.20081	0.20463	0.20766	0.19382	0.19094	0.18842	0.18697	0.19069	0.18615	0.15576	0.057963	0.030604	0.021946	0.02083	0.015937	0.014575	0.018067	0.011051	0.0071288	0.0083868	0.0072996	0.0091836	0.0178	0.0037614	0.0029362	0.010823	0.0067947	0.0010764	-0.0018141	0.0044489	0.011815	0.0026313	0.0056083	0.01199	0.00015868	0.0067285	-0.0031697	0.0016407	0.00023376	0.0084865	-0.0024464	-0.020473	-0.0058649	-0.0023362	-0.0066905	-0.013147	-0.0087216	-0.0066357	-0.013881	-0.022355	-0.025373	-0.01153	-0.01012	0.0026116	0.020886	0.021018	0.10951	0.20576	0.18315	0.16486	0.17265	0.1958	0.18342	0.19573	0.20567	0.20139	0.19364	0.18787	0.19728	0.1796	0.17157	0.16655	0.17471	0.17966	0.18312	0.17132	0.17564	0.18541	0.18261	0.13904	0.14141	0.10895	0.028317	0.0068227	-0.001885	-0.015099	-0.0064988	0.0070577	0.0013682	-0.0061046	0.00098437	-0.0019115	0.0057547	-0.0081	-0.011547	0.00062064	0.0016912	0.011731	-0.011848	-0.012544	-0.0038649	-0.014808	-0.016225	-0.0093837	-0.0027131	0.0070131	0.0080711	-0.0074323	-0.00068756	-0.01138	-0.0073587	-0.0020964	-0.0032103	-0.014635	-0.0077107	0.0031855	-0.0026705	0.0065206	-0.0013879	-0.022223	-0.028633	-0.010025	-0.025731	-0.028723	-0.018776	-0.012311	-0.015013	-0.01538	0.045467	0.1855	0.1869	0.16812	0.1604	0.15907	0.17562	0.17964	0.17142	0.182	0.18143	0.19019	0.18138	0.19495	0.18267	0.17259	0.16842	0.19292	0.19401	0.17008	0.17697	0.17023	0.18239	0.16843	0.15621	0.11678	0.060209	0.021856	0.018404	0.014934	0.011945	0.0082533	0.0056252	-0.0010106	-0.005668	-0.0055448	-0.010574	-0.014466	0.0094057	-0.0030201	0.0050263	-0.018577	-0.0093601	0.0059798	0.0074778	-0.0053038	-0.015323	-0.00012929	-0.00094331	-0.0028104	0.0090666	-0.0035956	-0.0039057	-0.010262	0.0019066	-0.0021531	0.0016515	-0.0038113	-0.012095	-0.0052329	-0.0055168	-0.0064013	-0.0029974	0.0033247	-0.0023612	-0.017717	-0.018465	-0.0043025	-0.021954	-0.02797	-0.023922	-0.0062197	-0.0063055	0.0136	0.11033	0.22175	0.17836	0.15987	0.16235	0.16336	0.15823	0.16018	0.17073	0.18337	0.18107	0.16127	0.17793	0.18923	0.1961	0.17257	0.16829	0.18476	0.18348	0.18455	0.1672	0.16869	0.16939	0.119	0.063356	0.024924	0.012163	0.0078076	-0.00086126	-0.0010469	-0.013246	-0.014319	0.001197	0.0032036	-0.0064502
-0.020585	-0.0064442	0.088994	0.1971	0.1709	0.15108	0.16324	0.16703	0.16045	0.17762	0.1764	0.18198	0.17583	0.18386	0.17609	0.16034	0.18229	0.17668	0.17839	0.16631	0.17951	0.18632	0.17084	0.18737	0.19331	0.1931	0.18495	0.17341	0.15163	0.062547	0.028747	0.020448	0.017419	0.0080512	0.0041221	0.0063761	0.0039127	6.2653e-06	0.0009251	0.0011894	0.0045645	0.0074886	-0.0015154	-0.0087212	-0.0031093	-0.0011342	-0.004888	-0.0026693	-0.0071768	0.0014038	-0.0058607	-0.00019698	-0.0062022	-0.004468	-0.0045637	-0.004307	-0.0014121	-0.0035103	-5.0653e-05	0.0013704	0.0010092	0.0025248	-0.0072606	-0.0057602	-0.0032609	-0.0019819	0.0019252	-0.0088133	-0.0070579	0.001537	-0.019392	-0.015047	-0.014865	-0.0046856	0.047778	0.1426	0.20557	0.16248	0.18364	0.18666	0.17851	0.18651	0.18952	0.17365	0.19034	0.1879	0.17775	0.17727	0.18742	0.19191	0.18249	0.1683	0.1731	0.18652	0.17866	0.18778	0.17632	0.1784	0.10222	0.077533	0.1267	0.019195	0.013628	-0.011003	-0.00060573	-0.0074048	-0.0041016	-0.0015484	0.0048867	0.0031427	0.0050091	0.0012469	0.012504	0.014255	0.014511	0.0017585	0.0029946	0.021952	0.011727	0.017016	0.014534	0.019932	0.019696	0.011943	0.0014875	0.0058385	0.014269	0.016259	0.0041686	-0.012865	-0.00019556	0.014812	-0.0050849	-0.010186	-0.010305	-0.010321	-0.023318	-0.025696	-0.017611	-0.016435	-0.029842	-0.010341	0.00064093	-0.013409	-0.011104	0.0054841	0.029613	0.12275	0.18904	0.18596	0.17118	0.17227	0.17288	0.18511	0.1799	0.19192	0.19416	0.18658	0.19026	0.20497	0.19828	0.19543	0.19679	0.19882	0.20142	0.21157	0.21238	0.21111	0.18751	0.18189	0.17837	0.16855	0.17193	0.076067	0.0073187	0.005537	-0.0025912	-0.0071562	-0.012045	-0.015898	-0.0064203	0.0023366	-0.0083867	-0.013344	-0.0072918	-0.012213	-0.012549	-0.0068708	-0.016686	0.0013067	-0.0033053	-7.0369e-05	-0.0011347	0.0081575	0.012558	0.01024	0.0059102	-0.0028579	0.0059148	0.0055466	0.00087734	0.0026537	0.022597	0.0093541	-0.0057349	0.0013961	0.00052854	-0.013729	-0.027556	-0.023355	-0.011108	-0.01309	-0.023604	-0.026917	-0.010912	-0.013905	-0.025585	-0.031721	-0.0086104	0.011733	0.04644	0.19967	0.18722	0.18168	0.18696	0.18573	0.19814	0.18806	0.18333	0.18521	0.18836	0.18131	0.17812	0.18258	0.17868	0.16896	0.17163	0.18639	0.17649	0.18311	0.18284	0.17586	0.18816	0.18968	0.16478	0.12196	0.052611	0.043905	0.035758	0.035591	0.005914	-0.0062789	0.024323	0.0040032	0.0024009	0.010707
-0.0079984	0.020528	0.16974	0.2384	0.16214	0.16407	0.16312	0.17786	0.17266	0.18473	0.17522	0.17667	0.1793	0.17887	0.18856	0.17812	0.17169	0.18279	0.19059	0.18326	0.18481	0.18766	0.17801	0.17422	0.19049	0.19344	0.18575	0.16934	0.16959	0.10485	0.031127	0.023186	0.018245	0.0044022	-0.0020944	-0.0010783	0.0010108	-0.0028798	-0.0023001	-0.0006843	0.0041819	0.001414	-0.0025556	-0.016142	-0.012806	-0.0048266	-0.0066158	0.00071204	-0.014566	-0.0047706	-0.010116	-0.0017657	-0.021653	-0.017106	-0.01566	0.0018131	-0.0074924	-0.0025924	-0.010073	-0.011667	-0.0027737	-0.0064647	0.006292	0.0068402	0.019805	0.001171	-0.015631	-0.023905	-0.018779	-0.031233	-0.022032	-0.01253	-0.015435	-0.028532	0.088629	0.20272	0.17038	0.15278	0.16321	0.18275	0.17875	0.17776	0.17492	0.19302	0.19394	0.19647	0.18794	0.19447	0.1901	0.21604	0.20354	0.20298	0.1937	0.19735	0.2085	0.21245	0.19403	0.18788	0.19873	0.12505	0.13641	0.087982	0.049234	0.025805	0.01047	-0.008861	0.0089845	0.0039699	-0.003621	-0.0025128	0.0086099	-0.0040125	-0.0026166	0.002463	0.015787	0.0038693	0.010936	0.014972	0.0043368	2.0826e-06	0.0049393	0.013749	0.0094677	-0.0085649	-0.0058521	0.002134	-0.00058048	-0.00048791	0.0019061	-0.0017538	0.0063845	-0.0015519	0.0098404	-0.020988	-0.014021	0.0006949	-0.0010257	-0.013893	-0.0075981	0.0039927	-0.0086617	-0.017345	-0.019141	-0.0095072	-0.013133	-0.013086	0.022486	0.13159	0.24756	0.17441	0.17568	0.17555	0.16919	0.17197	0.18371	0.1899	0.17634	0.17746	0.18377	0.18743	0.19656	0.19401	0.19134	0.20233	0.19618	0.19844	0.19303	0.18026	0.18691	0.19514	0.18163	0.17768	0.17137	0.14083	0.057228	0.034683	0.0273	0.0089558	0.0010803	0.0062775	0.0077142	0.0099831	0.0041194	-0.0015255	-0.0017282	-0.00038427	-0.0027914	-0.0012975	0.0024931	0.0019845	0.0058143	0.010921	-0.0035674	-0.010505	0.0080611	0.0089393	0.0015614	-0.0092896	-0.003283	-0.0048209	0.0028203	-0.009752	-0.011975	0.0019269	0.0017955	-0.0041123	-0.011914	-0.0046909	-0.019136	-0.021177	-0.013484	-0.0080611	-0.017919	-0.024568	-0.015701	-0.021703	-0.017801	-0.029365	-0.012286	0.0079659	0.15114	0.20788	0.16433	0.16809	0.16193	0.164	0.17631	0.17016	0.18402	0.18725	0.18764	0.18287	0.18157	0.19203	0.19641	0.20474	0.20046	0.19329	0.1835	0.18083	0.18913	0.18906	0.18614	0.18428	0.18633	0.17527	0.055211	0.02097	0.022218	0.015337	0.0084898	0.0083066	0.002052	0.0088519	0.0068772	-0.00081698
0.00053492	0.045476	0.14683	0.23	0.17023	0.17643	0.18929	0.1906	0.19116	0.20331	0.18331	0.19197	0.19682	0.17703	0.20078	0.19288	0.17246	0.19524	0.20101	0.2032	0.19558	0.1923	0.19941	0.19823	0.19384	0.20195	0.18371	0.18165	0.17123	0.1032	0.026326	0.01206	0.010671	0.0042584	-0.0050853	-0.0083106	-0.00098951	0.0012433	0.0035931	0.00071737	-0.010029	-0.0096846	0.012161	0.0026693	0.0044296	0.009976	0.0063404	0.0046232	0.0060247	0.0013276	-0.0031676	0.0018417	-0.0011683	0.020971	-0.0014877	-0.0071133	-1.1645e-05	0.015075	0.0084496	0.0013898	-0.003863	-0.01355	-0.018594	-0.00032151	-0.0057512	-0.016916	-0.011557	-0.023654	-0.024212	-0.026546	-0.018355	-0.0058532	-0.016912	-0.00026412	0.10079	0.18077	0.1688	0.1858	0.17083	0.15683	0.18878	0.18244	0.17124	0.18216	0.18227	0.18398	0.19143	0.18845	0.17656	0.18381	0.19613	0.18472	0.17754	0.18898	0.1907	0.18868	0.19091	0.19132	0.18805	0.182	0.15367	0.1218	0.037734	0.0080416	0.0057778	0.0027921	0.0050529	-0.0014211	-0.0070823	-0.0037852	-0.00081047	-0.010248	-0.0054598	0.0039111	0.0083256	-0.006777	-0.0019774	0.0014434	0.0014899	-0.00027054	-0.0052352	0.011068	0.0076512	-0.0014933	-0.010198	-0.0083679	-0.005123	-0.0054499	-0.015225	-0.016622	-0.0065077	-0.010459	-0.004863	-0.012332	-0.0057866	-0.010174	-0.013928	-0.027841	-0.0038806	-0.013969	-0.017564	-0.013859	-0.0076989	-0.019295	-0.0067471	-0.0051464	0.033372	0.1726	0.17274	0.17238	0.17389	0.1751	0.17445	0.18527	0.18205	0.18768	0.19232	0.18014	0.17544	0.17549	0.18415	0.18295	0.18774	0.19384	0.19295	0.17929	0.19123	0.19855	0.2018	0.19723	0.19515	0.1959	0.20407	0.1719	0.071693	0.019712	0.024667	0.017842	0.01649	0.013363	-0.014455	-0.001742	-0.0073132	-0.0058592	-0.00095748	0.0083442	0.0055705	-0.00033675	-0.0039435	-0.013377	-0.015391	0.011294	0.0054404	-0.0048398	0.0019745	0.014497	-0.0023375	0.0010443	0.0069892	0.0049585	0.0069143	-0.00091193	0.0027532	0.0042971	-0.0014466	-0.0085497	0.0024076	0.00041163	-0.0025286	-0.0075677	0.0050265	-0.0087048	-0.010455	-0.020047	-0.0075135	-0.00072909	0.00047555	-0.0019569	0.0084941	0.039155	0.20805	0.22659	0.1852	0.18593	0.18503	0.18063	0.19898	0.19602	0.18382	0.18728	0.19111	0.19261	0.18098	0.19297	0.19915	0.18025	0.19043	0.20125	0.20598	0.21084	0.19206	0.1958	0.19585	0.19754	0.18766	0.17754	0.096879	0.033466	0.019606	0.015331	0.0035154	0.0041535	0.0036304	0.0044172	0.015885	-0.004023
0.0045081	0.037247	0.26584	0.22409	0.17646	0.18173	0.19144	0.19693	0.19651	0.20347	0.19145	0.19856	0.20084	0.19059	0.20769	0.20121	0.19063	0.20247	0.20662	0.20911	0.19531	0.19597	0.1942	0.19314	0.18714	0.1986	0.20071	0.18472	0.16513	0.11174	0.036956	0.025975	0.019414	0.016684	0.012114	0.017735	0.012284	0.002843	0.0027502	0.013042	0.012422	0.0071526	-0.00037754	0.0087022	0.0056582	0.0050858	0.01124	0.0084879	0.0019699	0.0097358	0.011781	0.0024279	0.0027362	0.0028367	-0.0017125	-0.008679	-0.014423	-0.013677	-0.012078	-0.017153	-0.013227	-0.017478	-0.012907	-0.02623	-0.027102	-0.020133	-0.019312	-0.021721	-0.014935	-0.013154	-0.023807	-0.025724	-0.014548	-0.0059846	0.14522	0.16886	0.15557	0.15702	0.16602	0.16984	0.17523	0.18383	0.18018	0.18399	0.19691	0.19944	0.19627	0.19507	0.1853	0.19625	0.19566	0.19894	0.19825	0.19355	0.18024	0.19597	0.2009	0.21285	0.18839	0.18589	0.18153	0.16213	0.056785	0.019796	0.019586	0.015507	0.004782	-0.0031514	-0.0068829	-0.001397	-0.0065702	-0.012822	-0.0046424	0.0090199	0.0045252	-0.013763	-0.01123	-0.0084244	0.0023037	0.0031175	-0.011749	0.012048	-0.0036744	-0.016527	-0.00056043	-0.0010691	0.0062358	-0.0031311	-0.014489	-0.0024594	-0.014328	-0.01806	-0.023144	-0.019311	-0.030653	-0.013972	-0.023854	-0.02208	-0.024229	-0.025516	-0.014034	-0.011419	-0.015455	-0.010386	-0.018699	0.0041839	0.068004	0.26072	0.19873	0.16654	0.17179	0.16157	0.17247	0.17667	0.17212	0.17506	0.1776	0.17771	0.19141	0.18525	0.18961	0.18621	0.19229	0.19843	0.19488	0.18675	0.19108	0.19603	0.1925	0.18943	0.19934	0.19552	0.18869	0.17099	0.088181	0.032879	0.015418	0.0064932	0.012251	0.012569	-0.0031377	0.0090432	-0.011416	-0.0022609	0.0068036	0.0077655	0.0011769	0.0018013	0.0018327	-0.0065213	-0.0037495	0.011185	0.0049357	-0.003125	-8.9089e-05	0.0093484	-0.0013523	0.0094913	0.0085739	0.0025045	-0.00085765	-0.0074915	0.0027349	-0.00033623	-0.0058566	-0.0059966	-0.0018437	-0.0052803	-0.0048779	-0.0064417	-0.0024112	-0.011261	-0.0039724	-0.010827	-0.0041516	-0.0013876	-0.0025717	-0.004316	0.014239	0.10175	0.19629	0.13166	0.14232	0.1537	0.15483	0.15717	0.15999	0.16507	0.16756	0.16316	0.16499	0.184	0.18151	0.17306	0.16964	0.17155	0.18847	0.17287	0.16427	0.17	0.17729	0.16918	0.16665	0.16855	0.16117	0.16845	0.12226	0.031102	0.00019547	-0.0072825	-0.014102	-0.01546	-0.017577	-0.028299	-0.013213	-0.023017
-0.0012083	0.042547	0.16452	0.21364	0.17814	0.18247	0.18904	0.1987	0.19729	0.19908	0.19504	0.20058	0.20029	0.1996	0.21004	0.20498	0.20424	0.20513	0.20768	0.21046	0.20057	0.19405	0.21408	0.22129	0.19916	0.19584	0.20199	0.19179	0.18626	0.13843	0.065053	0.031167	0.016047	0.010914	0.0071019	0.0035072	-0.0014911	0.020278	0.0078157	0.011434	-0.0027697	0.01084	0.0035484	-0.00098061	0.0035105	0.0071497	-0.0079364	-0.0091001	0.0055089	0.0043408	-0.0033337	0.013351	0.0074519	-0.0055946	-0.021563	-0.011569	0.0016838	-0.0027601	0.0023743	0.00098238	-0.00020297	-0.0023836	-0.012657	-0.0084112	-0.0024261	0.0051884	-0.018843	-0.022401	-0.033564	-0.010514	-0.0077644	0.0026851	-0.0045285	0.033504	0.17276	0.25669	0.16642	0.17265	0.17607	0.17344	0.17922	0.18084	0.17625	0.16677	0.19983	0.1924	0.20786	0.19743	0.189	0.18575	0.20071	0.19778	0.19489	0.19588	0.20698	0.22314	0.20175	0.19937	0.21105	0.21161	0.19408	0.16868	0.095734	0.032107	0.013924	0.016031	0.022228	0.019752	0.013197	0.010075	0.0091588	0.00593	0.0063321	-0.00037099	-0.0082924	0.014087	-0.014539	0.0021073	0.010821	-0.00015369	-0.0040369	7.4661e-05	0.00052128	-0.0032301	-0.0081966	-0.0062935	-0.0009991	0.0016887	-0.0049221	-0.0050763	-0.0041491	-0.010157	-0.0052747	0.002906	0.00065652	-0.0031312	-0.0052231	-0.0089794	-0.008764	-0.01003	-0.01402	-0.02265	-0.02176	-0.015568	0.00458	0.0077221	0.10685	0.28628	0.17668	0.16724	0.17709	0.17207	0.17314	0.18048	0.18021	0.18835	0.17562	0.17681	0.18728	0.19044	0.19051	0.18492	0.19228	0.19846	0.19226	0.18965	0.18637	0.18896	0.17864	0.17707	0.19898	0.19057	0.16875	0.16552	0.10011	0.041489	0.0016118	-0.0094127	0.0034552	0.0072184	0.0036227	0.015272	-0.020075	-0.0032193	0.010008	0.0026302	-0.0077735	-0.00061746	0.0030521	-0.0042223	0.0033355	0.0065191	-0.00012586	-0.0059669	-0.0067094	-0.00035673	-0.0049238	0.013382	0.0056019	-0.0045061	-0.013186	-0.018628	-0.0018402	-0.0095264	-0.014823	-0.0080003	-0.010652	-0.015529	-0.011784	-0.0098725	-0.014406	-0.018373	-0.0020467	-0.0061639	-0.0053465	-0.0066028	-0.010176	-0.011232	0.015427	0.10186	0.19993	0.17982	0.16377	0.18097	0.1895	0.17982	0.17663	0.17887	0.19075	0.18807	0.19135	0.17762	0.18105	0.18172	0.18252	0.17319	0.1839	0.18665	0.18456	0.18733	0.18761	0.19638	0.20161	0.188	0.17837	0.17548	0.13407	0.061657	0.012287	0.014727	0.010884	0.0027615	-0.007894	-0.008929	0.015478	-0.0076149
0.018572	0.039266	0.17745	0.18983	0.17961	0.183	0.18643	0.20026	0.19787	0.19449	0.19842	0.20241	0.19954	0.2084	0.21219	0.20854	0.21765	0.20759	0.20854	0.21161	0.20561	0.21262	0.20667	0.20986	0.21313	0.21176	0.20142	0.19494	0.19837	0.12938	0.073302	0.025716	0.01481	0.0067426	0.009928	0.011191	0.0043653	-0.0025285	-0.0026694	-0.0023277	0.0014685	0.017461	0.016728	0.0094348	0.0091165	0.0046783	-0.0015474	0.0011007	0.0065961	0.0029864	-0.0058625	0.012926	0.0044682	0.0031286	-0.0062126	-0.0070842	0.013621	0.010245	-0.00054135	-0.0082603	0.0055561	0.0097432	0.0012948	-0.0013251	0.0037906	0.0052781	-0.0056699	-0.0058714	-0.0021456	-0.0022846	-0.00065853	-0.0011426	-0.0073767	0.015428	0.14318	0.18373	0.1848	0.18834	0.18399	0.18853	0.18431	0.19082	0.19773	0.18875	0.18902	0.19918	0.19232	0.19034	0.19064	0.1978	0.2091	0.19841	0.20042	0.201	0.19437	0.19735	0.20726	0.19526	0.19136	0.19648	0.18463	0.17069	0.085691	0.029795	0.038455	0.012622	0.0060988	0.0076946	0.0048251	0.010077	-0.0054313	0.015545	0.027921	0.021546	-0.0078977	3.3436e-05	0.011838	0.020312	0.00079379	-0.0048056	0.012094	0.0076869	-0.009545	-0.013877	-0.0081294	-0.0073407	-0.01222	-0.0077295	-0.020988	-0.0068364	-0.0099072	-0.0095432	-0.0076486	-0.0061229	-0.010416	-0.0077491	-0.0039508	-0.0093426	-0.012251	-0.0096672	-0.0072836	-0.01453	-0.018083	-0.011806	0.0034519	0.010232	0.11088	0.2368	0.17408	0.16376	0.15686	0.15948	0.17326	0.18057	0.18364	0.18077	0.1783	0.1593	0.1787	0.18706	0.18699	0.19201	0.18302	0.19394	0.1976	0.20413	0.18139	0.19141	0.20311	0.19564	0.19495	0.19178	0.17934	0.17413	0.1181	0.031527	0.018294	0.0089024	-0.005267	0.0029786	-0.0040559	0.010945	0.0013856	-0.010556	0.01338	0.016372	0.013129	0.0061154	0.0038739	0.014595	0.0051705	-0.00198	-0.0041403	-0.0075468	-0.015607	-0.018655	-0.017239	-0.014423	-0.013737	-0.0090564	-0.0098928	-0.016719	0.0031166	-0.017116	-0.031699	-0.024567	-0.017166	-0.0058747	-0.025406	-0.037617	-0.033952	-0.021304	-0.024925	-0.026701	-0.018587	-0.0078148	-0.016241	0.0030396	0.013136	0.13074	0.18925	0.17344	0.18793	0.18005	0.18139	0.17952	0.18158	0.18635	0.18495	0.18593	0.18102	0.1884	0.2	0.19034	0.19153	0.1934	0.20579	0.20514	0.18922	0.18986	0.19039	0.19582	0.20558	0.20175	0.19684	0.19684	0.17746	0.095144	0.029624	0.026069	0.023514	0.020461	0.0078474	0.0086256	0.0172	0.01745
-0.01058	0.0012466	0.10937	0.21096	0.17245	0.1712	0.18379	0.19087	0.18581	0.1743	0.17831	0.20163	0.19029	0.18155	0.19211	0.20054	0.20153	0.1838	0.19304	0.21056	0.21314	0.20705	0.20651	0.21381	0.19856	0.19903	0.19942	0.19139	0.18612	0.16429	0.064587	0.024315	0.011077	0.01618	0.0069969	-0.017883	-0.0084887	-0.0034506	0.0096082	-0.029927	-0.01399	-0.013812	0.0086266	0.012334	0.0010408	0.0065303	-0.0018796	0.0052776	-0.01353	-5.9315e-05	0.0024003	-0.0073082	-0.0005146	-0.008141	0.0025129	0.0078002	-0.0012697	-0.0063214	0.0021134	0.0087129	-0.0029543	0.0059366	0.0094917	-0.00020713	0.00020164	0.0093647	0.0060838	-0.0081253	-0.011752	0.0049973	0.0044586	0.0022748	0.0092329	0.026732	0.17777	0.20382	0.19151	0.17484	0.17909	0.19233	0.19854	0.18611	0.1972	0.2037	0.20786	0.20055	0.20691	0.20498	0.19715	0.19526	0.21549	0.20922	0.20776	0.23584	0.20579	0.2066	0.218	0.22312	0.21228	0.20626	0.16208	0.14401	0.096439	0.035119	0.0045091	0.016505	0.0093112	0.013138	0.0061555	-0.023603	0.0058891	0.013205	0.019798	0.0079864	-0.0048825	0.00076177	0.0066694	-0.0039985	-0.0015687	0.020078	0.014617	0.0045056	-0.0029698	-0.011336	-0.01276	-0.0037211	-0.005084	0.020262	-0.0021768	0.0064037	0.0092669	0.00093112	-0.011705	-0.018322	-0.024659	-0.015537	-0.0058483	-0.012876	-0.018909	-0.012474	-0.003717	-0.0095795	-0.017575	-0.011214	-0.00084602	0.0095728	0.11174	0.18414	0.1683	0.16145	0.17619	0.19221	0.20124	0.19179	0.19642	0.19863	0.19559	0.1937	0.19764	0.2023	0.19542	0.1997	0.20091	0.21323	0.20559	0.19626	0.19394	0.20684	0.19695	0.19492	0.20599	0.20123	0.18138	0.18341	0.12833	0.053429	0.019811	0.012209	0.0095488	0.0070886	0.0016056	0.0024929	0.0037483	-0.0017156	0.027259	-0.004688	-0.0006824	-0.0056977	0.0016111	-0.0032449	0.0051827	-0.0036151	-0.0073378	-0.0025414	-0.012869	-0.017802	-0.014153	-0.010819	-0.010931	-0.0088538	-0.013039	-0.011405	0.0010871	-0.0095451	-0.018459	-0.011097	-0.0042449	0.00027456	-0.0077827	-0.01593	-0.014859	-0.008501	-0.013692	-0.0084296	-0.0060587	-0.0078392	-0.012579	0.0010001	0.024576	0.14119	0.21683	0.17927	0.19314	0.19083	0.188	0.18924	0.19445	0.20036	0.19612	0.19651	0.18974	0.19739	0.21929	0.18984	0.20103	0.22384	0.19284	0.21694	0.20958	0.20586	0.20542	0.20026	0.1999	0.20182	0.19218	0.19847	0.19341	0.11415	0.028271	0.030299	0.011835	0.0069066	0.016014	0.011366	-0.0050206	-0.011428
0.015378	0.019859	0.16465	0.21688	0.16824	0.17974	0.18621	0.18221	0.18249	0.1857	0.18932	0.19933	0.19471	0.19639	0.19131	0.17723	0.1825	0.1884	0.18758	0.18497	0.19632	0.19385	0.1899	0.18812	0.19571	0.2054	0.17566	0.17851	0.19685	0.12356	0.028059	0.013581	0.0085634	-0.0086425	-0.012369	-0.0064776	-0.0063629	-0.014135	-0.02043	-0.02312	-0.012773	0.00072153	-0.0027583	-0.0053986	-0.0051274	0.0033131	0.0031123	0.0012634	-0.0050583	0.00058127	0.0042346	-0.018242	-0.022128	-0.018816	-5.9745e-06	-0.0086924	-0.013436	-0.015517	-0.0042086	0.012258	0.01006	0.010279	-0.001641	-0.0038353	0.0010131	-0.009759	-0.015421	-0.012046	0.0032571	0.0026128	-0.012857	-0.018171	-0.011969	0.027991	0.11874	0.20286	0.17592	0.17845	0.16931	0.18401	0.17287	0.17246	0.17334	0.18674	0.18826	0.17801	0.18428	0.19197	0.19141	0.18943	0.2038	0.20354	0.20111	0.20259	0.20956	0.21062	0.19245	0.19374	0.20276	0.19363	0.18012	0.15624	0.069668	0.029954	0.016188	0.0015855	0.010818	0.0057444	-0.0089609	-0.0047703	0.0010936	0.012114	0.0023227	-0.00045931	-0.00097605	-0.0075473	-0.0045794	0.0041937	-0.007912	0.012885	0.0018659	0.0016453	0.01683	-0.0026468	-0.0023502	-0.0043822	-0.00057244	-0.015983	-0.0059262	-0.0016576	0.0024014	-0.010856	-0.00092004	-0.003681	-0.0076674	0.0051593	-0.0062401	-0.012565	0.002473	-0.00067081	-0.0023557	0.00090013	-0.0014103	-0.015338	-0.0002637	0.0072905	0.092673	0.23764	0.16488	0.16872	0.18312	0.18994	0.18944	0.18616	0.1928	0.19813	0.1955	0.19277	0.19633	0.20705	0.19594	0.19298	0.19105	0.19258	0.19121	0.19703	0.20194	0.19237	0.20188	0.21533	0.20792	0.19288	0.18903	0.18221	0.13224	0.044142	0.016593	0.015039	0.0075559	0.0084971	0.019531	-0.0067076	-0.0050163	-0.0017155	-0.0031944	0.00086861	-0.0021183	0.0064061	-0.0087087	-0.012022	-0.001228	-0.0038082	-0.0090933	0.003906	-0.0086892	-0.015508	-0.0096241	-0.0057727	-0.006683	-0.0072092	-0.014744	-0.0046491	0.00049961	-0.00053226	-0.0037774	0.0038148	0.010118	0.0078659	0.011282	0.0071994	0.0056755	0.0057438	-0.001017	0.011284	0.0079118	-0.0064217	-0.0074738	0.00040264	0.037457	0.15308	0.24586	0.18654	0.19979	0.20305	0.19605	0.2004	0.20876	0.21582	0.20874	0.20853	0.19991	0.20782	0.24003	0.21947	0.21738	0.21276	0.19329	0.20765	0.19811	0.19789	0.20057	0.19806	0.19116	0.19281	0.18532	0.18321	0.17945	0.090928	0.02726	0.019893	0.0082055	-0.012994	0.0041443	0.003872	-0.0065907	-0.0077296
0.00079583	0.011292	0.045732	0.20299	0.17592	0.15746	0.16735	0.18222	0.18485	0.17532	0.18044	0.18123	0.17709	0.18944	0.18988	0.18659	0.1941	0.18006	0.18694	0.1905	0.17931	0.17698	0.18695	0.18136	0.19776	0.19148	0.19042	0.18718	0.18026	0.095275	0.047059	0.0081012	0.015686	0.0092241	-0.013237	-0.0020705	-0.0059912	0.020449	-0.0041489	-0.0084899	0.0023431	0.0027207	-0.0075272	-0.0049143	0.0038053	-0.0014075	0.0077637	-0.0038454	-0.0055481	-0.021727	-0.0049444	0.0048713	0.0039917	0.0026074	0.0077531	0.003339	2.8132e-05	-0.0057311	-0.01051	-0.015403	0.0032241	-0.0062016	-0.021306	-0.017327	-0.008113	-0.016232	-0.016383	-0.016255	-0.00493	-0.011373	-0.018875	-0.018169	0.0055887	0.0083096	0.14335	0.17369	0.18389	0.17213	0.17059	0.17983	0.16644	0.18739	0.18828	0.16784	0.17262	0.17948	0.18716	0.18877	0.17697	0.17544	0.18083	0.19698	0.20069	0.18877	0.18863	0.19903	0.19474	0.18076	0.18331	0.19089	0.18969	0.15911	0.049134	0.017551	0.0065302	0.00096177	0.0060424	-0.0015967	-0.012148	-0.0075225	-0.0021277	-0.0057272	-0.004355	0.00098647	-0.01079	-0.0039925	0.017956	0.0031581	-0.012915	-0.012923	-0.0070142	-0.011633	-0.0029638	0.0019136	0.0028256	-0.013359	-0.0099005	-0.014673	-0.019775	-0.01313	-0.0028408	-0.0011616	-0.0058137	-0.0072243	0.0077944	0.00143	-0.01304	-0.0074595	-0.0065158	-0.0083006	-0.00061841	0.0025608	-0.029376	-0.02301	-0.0084244	0.014415	0.053215	0.18052	0.15787	0.15475	0.16087	0.15219	0.15956	0.17903	0.1793	0.1838	0.16289	0.17667	0.19121	0.19325	0.18073	0.18155	0.17779	0.17537	0.18431	0.18819	0.18106	0.16775	0.18113	0.18913	0.17538	0.17974	0.17345	0.17125	0.1388	0.028812	0.024793	0.0093795	0.0093755	-0.0020337	0.00029766	0.017639	0.017402	-0.0012342	0.0023191	0.0010409	0.012619	0.016254	0.019927	0.00081159	-5.6373e-05	0.010679	0.0090818	-0.0096413	0.0080573	0.0098189	0.010833	0.0054106	-0.003038	0.010647	-0.0047635	-0.003619	0.0017906	-0.0021166	-0.0034099	0.017168	-0.0040167	-0.012989	-0.02274	-0.017486	-0.0072211	-0.012922	-0.013898	-0.0079234	-0.0079639	-0.012037	-0.0082175	0.00022732	0.013846	0.1207	0.20388	0.18981	0.18056	0.17179	0.17095	0.18746	0.17954	0.18015	0.17265	0.18005	0.19206	0.19183	0.18097	0.18208	0.18459	0.192	0.19269	0.19733	0.1856	0.18888	0.19469	0.19481	0.18138	0.18274	0.17743	0.1669	0.16444	0.06666	0.025203	0.0084429	0.0035309	-0.03394	-0.0087701	-0.0046673	-0.0092056	-0.005076
-0.0088421	-0.010629	0.020557	0.13578	0.18235	0.16499	0.18554	0.17654	0.16957	0.17865	0.18225	0.17672	0.17996	0.18907	0.18085	0.18209	0.18054	0.18995	0.18987	0.20714	0.19385	0.18424	0.17995	0.17351	0.17973	0.18047	0.16507	0.15637	0.12623	0.068224	0.0067412	-0.01087	-0.018021	-0.020973	-0.0089587	-0.019139	-0.012696	-0.022519	-0.014806	-0.010944	-0.012788	-0.008028	0.00079766	0.014034	-0.00028589	0.015609	0.012391	0.012847	0.0057677	-0.0081237	-0.0023605	-0.00065089	0.0052816	-0.015649	-0.021101	-0.0064314	0.0018898	-0.0019939	0.004059	0.0024531	0.010288	-0.0083624	-0.0088667	-0.0050602	0.0029872	-0.0075649	-0.0063494	0.0079889	0.01242	0.0088626	0.0026298	-0.0044849	0.0034983	-0.0015015	0.040331	0.20891	0.1876	0.17642	0.18415	0.18447	0.17513	0.17909	0.19712	0.19303	0.18555	0.18136	0.19391	0.18972	0.19589	0.19287	0.19608	0.19575	0.19228	0.19621	0.20648	0.19751	0.20432	0.19672	0.18689	0.17532	0.18569	0.14914	0.049203	0.011529	0.0075585	0.004926	0.002812	0.0048098	0.014342	0.0088084	-0.0052143	-0.0012011	0.0003186	-0.0027538	-0.0053342	0.007869	0.009408	-0.0077969	-0.0042597	0.0048833	0.0043428	-0.0024119	0.0012562	-0.012287	-0.0013152	-0.0061903	-0.0090565	0.0067486	-0.0042937	-0.019429	-0.013533	-0.0045919	-0.016529	-0.017501	-0.014715	-0.0005196	0.0078433	-0.014851	-0.020419	-0.011227	-0.011101	-0.0094641	-0.013395	-0.011618	8.8956e-05	-0.0033207	0.059075	0.13779	0.22847	0.18084	0.17512	0.1728	0.18798	0.17754	0.18031	0.1923	0.18916	0.17397	0.17782	0.20384	0.20661	0.18445	0.19374	0.19554	0.19261	0.20077	0.2031	0.20266	0.20153	0.18425	0.18574	0.18194	0.18679	0.17878	0.14075	0.031875	0.015845	-0.0055598	0.0072362	0.0035704	0.0013534	0.0048122	-0.011382	-0.00023538	-0.0077372	-0.0070243	-0.0024447	-0.0015747	0.0016402	-0.00046899	-0.00048743	-0.006634	-0.011025	-0.012667	-0.010683	-0.0063361	-0.0019929	-0.0041314	-0.0018101	-0.0099832	0.0042665	-0.0022193	-0.011115	-0.0031116	-0.0026035	-0.016837	0.00029316	0.0014619	-0.0075077	-0.010484	-0.014314	-0.017278	-0.0040554	-0.002504	9.8507e-05	-0.018085	-0.011054	-0.0028491	0.0058046	0.053779	0.23203	0.17518	0.17352	0.17451	0.1922	0.19339	0.19053	0.19178	0.18987	0.19036	0.19769	0.18356	0.18477	0.20644	0.21625	0.18165	0.18992	0.21358	0.20596	0.19979	0.18893	0.19479	0.19619	0.19001	0.17676	0.17236	0.17073	0.069585	0.023177	0.0096218	0.020589	-0.0041532	-0.00072162	0.016258	0.0043113	0.011588
-0.0012234	0.0028707	0.018498	0.084856	0.20207	0.17072	0.16531	0.17444	0.19205	0.20222	0.19366	0.18077	0.18952	0.20232	0.20542	0.20722	0.20742	0.20095	0.20388	0.20576	0.20636	0.20551	0.2084	0.20052	0.20098	0.19574	0.18752	0.19128	0.1317	0.075688	0.029005	0.016319	0.014102	0.0051482	0.012433	0.0017514	0.004689	0.024918	-0.0061233	-0.011274	-0.0025771	0.001917	0.00057128	-0.015371	-0.0093341	-0.0023329	-0.0091489	-0.014976	-0.013873	-0.0091637	6.4154e-05	-0.0015299	-0.016413	-0.01061	0.0023458	-0.010164	-0.020341	-0.0032887	0.0037209	-0.0017143	-0.0023419	-0.0048375	-0.0040601	-0.0048424	-0.0025862	-0.005879	-0.0071712	0.0047887	0.011954	-0.0029871	0.0017886	0.013932	0.018247	0.021169	0.038727	0.13484	0.21699	0.17795	0.19695	0.20417	0.20474	0.1933	0.19265	0.19927	0.19185	0.19199	0.19429	0.20065	0.20543	0.2048	0.19776	0.19909	0.19236	0.19256	0.1924	0.20245	0.19846	0.20217	0.19412	0.18003	0.17802	0.093327	0.043351	0.024232	0.0059781	0.0092848	0.0088131	0.0040474	0.0047104	-0.0024412	0.0075538	0.018827	0.0075182	0.0012186	-0.0049895	-0.0051563	-0.001773	0.0016643	-0.0037186	-0.012502	0.0021851	-0.00018972	-0.00753	-0.00027995	-0.0043679	-0.00020359	0.0081861	-0.0037473	0.004135	0.0039349	0.0050938	-0.0071727	0.0025723	0.0084299	-5.4173e-06	0.013051	0.0052339	-0.0096479	0.0045028	0.00069882	0.010129	-0.0015111	-0.01211	0.0050897	0.0092917	0.0097157	0.0053035	0.094366	0.21895	0.17078	0.18823	0.19057	0.1843	0.18261	0.18214	0.19259	0.19266	0.19318	0.19773	0.20445	0.20743	0.19933	0.19106	0.1913	0.20378	0.19421	0.19265	0.18253	0.18662	0.18217	0.17879	0.18268	0.18096	0.1633	0.080365	0.014295	0.010521	-0.003943	-0.0081412	-0.0080387	-0.0069579	-0.0022632	-0.0038052	-0.0051523	-0.018891	-0.0021717	0.0094183	-0.0019322	-0.012665	-0.0046775	-0.0052575	-0.0076829	-0.0069421	0.00064885	-0.0077205	-0.0071252	0.0035405	-0.00029277	-0.005206	0.0043493	0.001076	-0.013885	-0.025883	-0.0020062	-0.014987	-0.014151	-0.0055893	-0.011079	-0.018771	-0.0076907	-0.018572	-0.014955	-0.015932	-0.018228	-0.0097704	-0.011158	-0.018843	-0.015348	0.018188	0.08532	0.23049	0.16339	0.19018	0.1747	0.18621	0.19273	0.18833	0.18526	0.17573	0.18596	0.18605	0.18424	0.18124	0.18118	0.18595	0.18408	0.18931	0.19688	0.19293	0.20147	0.19137	0.19902	0.19422	0.199	0.18605	0.18767	0.17502	0.095325	0.049174	0.015346	0.011953	0.0196	0.0083931	0.0051782	0.0044728	0.0056448
0.0019876	-0.0093608	0.0065396	0.029839	0.14989	0.21889	0.18305	0.17694	0.17541	0.18368	0.18503	0.18631	0.18514	0.19447	0.19113	0.19166	0.19699	0.18239	0.18868	0.19313	0.19666	0.19136	0.19114	0.19221	0.18969	0.17087	0.18286	0.18476	0.1168	0.034439	0.013569	0.0044778	-0.010755	0.00057093	0.0039601	-0.010183	0.004724	-0.012139	-0.013702	-0.0059048	0.00054463	-0.013228	0.0073048	0.015469	-0.017455	-0.016431	-0.013492	-0.0073532	0.0028894	0.0084077	0.005315	0.010792	-0.0011314	-0.0011739	-0.0037925	-0.005794	0.0034832	-0.020414	-0.0063686	0.0033888	0.0081492	-0.0013673	0.00096213	0.00048145	-0.015796	0.0061043	-0.0016249	-0.009619	-0.010222	-0.003104	-0.020818	-0.020895	-0.0097889	-0.0011857	0.00162	0.064378	0.15961	0.1862	0.17653	0.15505	0.16844	0.1875	0.18	0.16283	0.19175	0.18653	0.1787	0.18742	0.18854	0.17715	0.18872	0.1853	0.18441	0.19478	0.20185	0.198	0.20447	0.20197	0.18559	0.17459	0.15731	0.069902	0.041568	0.027747	0.022773	-0.0055335	-0.0080827	-0.0086258	-0.0015761	-0.00036212	-0.0066961	-0.0050835	0.0024896	0.0058056	0.0051066	0.012787	0.00011792	-0.0032618	-0.0056596	-0.0049435	-0.0053967	-0.00027277	-0.0013198	-0.010949	0.014772	-0.0032679	-0.0047269	-0.0056316	-0.0089854	0.0086452	-0.0019737	-0.023427	-0.011047	0.01011	-0.0032997	-0.014266	-0.0126	-0.009478	0.0011671	0.00060042	-0.0014206	0.0087484	0.016383	-0.0022521	-0.010498	0.011924	0.024827	0.11579	0.20037	0.19975	0.1865	0.1832	0.19231	0.18193	0.19165	0.20422	0.20501	0.20127	0.19653	0.20708	0.20907	0.20484	0.18514	0.19483	0.1965	0.20398	0.20493	0.20682	0.20599	0.20712	0.20556	0.18894	0.177	0.15358	0.076837	0.022658	0.0091506	0.021266	0.011795	0.0039943	0.0095839	0.010694	0.0011715	-1.9845e-05	-0.00036835	0.0019898	-0.0018468	0.0019215	-0.0065009	-0.0039007	0.0024634	-0.00041357	-0.0042001	-0.011929	-0.01014	-0.0029455	-0.0025918	-0.019061	0.0063706	-0.0062051	-0.0098266	-0.014966	-0.013824	-0.0075868	0.0031341	0.0057677	-0.0038106	-0.0073145	-0.00090372	-0.0014962	-0.013501	-0.0031153	-0.00049948	-0.0014777	-0.018537	-0.016361	-0.010672	-0.0080633	-0.0093314	0.0089871	0.19811	0.19881	0.16953	0.17783	0.18404	0.18981	0.17629	0.18383	0.1938	0.19426	0.18402	0.19271	0.18681	0.18185	0.20094	0.20349	0.19763	0.19595	0.19506	0.19017	0.19427	0.18637	0.19862	0.18702	0.17758	0.18051	0.14146	0.053198	0.01779	0.02129	0.014107	0.0045312	-0.0025152	0.00097885	0.0074174	-0.0085848
0.0024445	-0.0070856	0.028064	0.01426	0.08372	0.20413	0.1839	0.17194	0.18367	0.17948	0.18783	0.18426	0.18917	0.19807	0.19785	0.19944	0.20477	0.19118	0.19262	0.19715	0.19085	0.1902	0.19808	0.19378	0.19908	0.1819	0.17319	0.14981	0.084601	0.031501	0.020496	0.018052	0.017091	0.014507	-0.015006	-0.0037513	-0.0013251	0.0085902	0.0013147	-0.011907	-0.003653	0.00080386	-0.0075379	-0.015258	-0.017576	-0.010237	-0.015984	-0.0044954	0.00057729	-0.0084145	-0.0099841	-0.00040802	0.0016813	0.0045601	0.016574	0.013827	-0.025029	-0.0010493	0.011906	-0.0093565	-0.0035215	0.0039965	0.013416	-0.0078964	-0.0042473	0.0024178	-0.0024702	-0.0062328	-0.017243	-0.0027639	0.00022305	-0.018585	-0.00032361	0.0082032	0.0039629	0.033139	0.12174	0.2047	0.16744	0.16894	0.18024	0.1716	0.17688	0.17821	0.17352	0.17674	0.17674	0.18797	0.18008	0.17085	0.16307	0.18216	0.18428	0.19552	0.19001	0.1876	0.18321	0.18614	0.17149	0.17476	0.12124	0.031547	0.012838	-0.00034168	7.4539e-05	0.0078622	-0.00024324	0.0039723	-0.00023841	-0.0042988	-0.016798	0.0020168	0.017179	0.013355	-0.012188	-0.018921	0.0077922	0.015904	-0.00042137	-0.0071687	0.0049681	-0.002296	-0.0067431	-0.0012192	0.0015027	-0.0033321	-0.0092962	0.0054993	-0.0031357	-0.016357	-0.010749	0.0092389	0.0057994	-0.0019816	-0.00025724	-0.01414	0.004904	-0.0032638	-0.0080912	-0.019219	-0.0079481	-0.0070864	-0.013012	-0.012335	-0.018432	-0.018709	-0.0027932	0.033618	0.16316	0.19388	0.17163	0.18071	0.17647	0.1901	0.1817	0.204	0.19048	0.19647	0.18378	0.19978	0.19254	0.20728	0.20075	0.20295	0.19634	0.19526	0.19797	0.19504	0.19213	0.18552	0.1984	0.18077	0.16692	0.11035	0.047163	0.022308	0.025306	0.0076719	0.0088774	0.0012878	0.00022227	0.018119	0.011485	0.010571	0.00034623	-0.00071381	-0.0019184	-0.0041275	-0.0011718	-0.0040135	-0.0035237	0.004079	-0.023898	-0.0075009	0.015591	0.0091004	-0.0037804	0.0025544	0.0049429	-0.01149	-0.02304	0.0010565	-0.0055082	-0.014047	-0.012085	-0.018118	-0.019508	-0.016993	0.0016809	0.012589	-0.018016	-0.016347	0.0020062	0.0019887	-0.016352	0.0033331	0.0088163	-0.0005818	0.0032809	0.018401	0.12843	0.25753	0.18319	0.17373	0.17823	0.19452	0.18174	0.17615	0.18584	0.18233	0.18765	0.20394	0.19303	0.19353	0.20517	0.1839	0.20416	0.20472	0.19636	0.19143	0.20209	0.19445	0.18885	0.17495	0.17543	0.17902	0.14247	0.039365	0.0099327	-0.0059595	0.011821	0.0050308	-0.00046147	0.0086459	-0.0050012	-0.0092694
-0.0088017	0.0068709	0.015006	0.011439	0.022563	0.090248	0.18022	0.20139	0.19213	0.1755	0.19084	0.18243	0.19341	0.20188	0.20479	0.20743	0.21276	0.20019	0.19678	0.20137	0.18525	0.18925	0.20522	0.19556	0.20868	0.19971	0.16845	0.12831	0.065725	0.029092	0.018796	0.018484	0.018744	0.0076079	0.014226	0.026225	0.017561	-0.0059223	0.0014001	0.0065552	-0.0056845	-0.0016486	-0.0068065	-0.0086697	-0.00168	0.008117	-0.0072804	-0.0051492	-0.0012732	-0.00042513	-0.003272	-0.00068643	0.023152	0.0013931	-0.0081715	0.0081228	0.0084399	-0.0005554	0.0058205	0.0084041	0.001848	0.0056759	0.0044097	0.0022022	-0.0040492	0.0073693	0.0098153	-0.0044181	-0.012367	0.011054	-0.00098548	-0.013512	-0.0083627	0.012727	0.0078467	0.018256	0.04921	0.18497	0.19891	0.18963	0.18858	0.1853	0.18163	0.17991	0.18471	0.19146	0.18962	0.19393	0.20535	0.20547	0.20942	0.20629	0.19311	0.20067	0.2155	0.20602	0.19459	0.19406	0.18981	0.15606	0.075969	0.026712	0.01169	0.0073882	-0.0057264	-0.011962	-0.00024657	0.0025541	-0.0056668	-0.0019883	-0.0043197	-0.010967	-0.0017578	0.0097656	-0.0015624	-0.0049033	-0.0019551	0.0083556	0.0061212	0.0079596	0.010675	0.011672	-0.0002006	-0.0031267	-0.0027331	0.0022573	-0.0023932	-0.00010448	0.00064478	0.012343	0.003744	0.0002354	0.0017664	0.0082398	0.0016921	-0.0026705	0.001803	0.0031397	-0.0029914	-0.0022128	-0.0034644	-0.0042959	0.0032331	-0.0081008	-0.0004936	-0.00058983	-0.0059734	0.015045	0.054046	0.22569	0.21413	0.20032	0.19454	0.1979	0.20122	0.19947	0.19497	0.20356	0.20417	0.18526	0.20361	0.19958	0.20423	0.20442	0.20014	0.19543	0.20484	0.21216	0.21334	0.19746	0.18546	0.18216	0.14999	0.10336	0.034635	0.026623	0.010161	0.0090125	0.01178	-0.011432	-0.0085888	-0.010095	-0.018963	-0.016656	-0.022116	-0.012413	-0.0043704	-0.005375	-0.012055	-0.024235	-0.014578	-0.012634	-0.011396	-0.0086808	-0.0077648	-0.014315	-0.0011275	-0.010961	-0.013866	0.0073188	0.0052574	-0.0013717	-0.003767	-0.015797	-0.013416	-0.012741	-0.0063786	-0.0060201	-0.0080087	-0.013542	-0.02069	-0.009968	-0.015065	-0.034113	-0.025587	-0.020615	-0.019362	-0.021037	-0.0052255	0.012473	0.040453	0.13263	0.1826	0.17169	0.18025	0.17546	0.17629	0.1729	0.16946	0.16376	0.17879	0.18194	0.19276	0.17926	0.1868	0.19704	0.19241	0.18178	0.18451	0.19941	0.19367	0.19128	0.18641	0.18297	0.18216	0.17583	0.097912	0.027826	0.0026713	-0.0027683	-0.012941	-0.0047455	-0.0015088	-0.00095054	-0.005113	0.0047111
-0.023693	-0.022609	-0.0098695	-0.0055063	-0.0025487	0.014164	0.097226	0.21153	0.17703	0.16888	0.15968	0.1555	0.1707	0.18423	0.17482	0.16923	0.17426	0.17213	0.18393	0.16802	0.17207	0.16791	0.17503	0.17447	0.16598	0.1353	0.094672	0.04221	-0.0028822	0.0048894	-0.011093	-0.01512	-0.019036	-0.0078368	-0.012267	-0.01728	-0.015438	0.0030743	-0.011828	-0.014065	-0.0037602	-0.0058436	-0.0057518	0.0056318	0.00031078	-0.0043568	-0.0021011	0.0044845	-0.0036898	-0.0063284	-0.010929	-0.0022177	-0.0056877	-0.0090251	-0.016712	-0.0048359	-0.0076227	-0.018373	-0.012223	0.0055857	-0.0043721	0.013032	0.017011	-0.0054288	-0.021003	-0.010728	0.0056722	0.014646	-0.0070365	-0.0041074	-0.00093367	-0.010972	-0.0034231	0.0049348	0.0028898	0.0085247	0.022333	0.091725	0.18267	0.19461	0.16521	0.17682	0.18602	0.18203	0.18368	0.19245	0.18148	0.18773	0.1915	0.19125	0.1953	0.19901	0.17888	0.18591	0.19138	0.17188	0.17306	0.18628	0.1711	0.11669	0.053789	0.0050659	-0.0021393	0.030234	0.010618	-0.00048402	0.019295	0.0099624	0.0082792	-0.0084968	-0.014415	-0.03024	0.0082709	0.0048674	-0.011506	-0.0019182	0.0038505	-0.0013522	-0.001727	0.0036975	-0.00041589	0.0064399	0.010378	-0.00019138	0.0095853	0.0019625	-0.013578	-0.01828	0.0079241	0.0047149	-0.0022377	-0.0067491	0.0095398	0.0096708	-0.001785	-0.011945	0.0041123	0.0032508	-0.0019005	-0.0014496	-0.008236	-0.0068267	-0.0061229	-0.0092591	0.005624	0.003828	-0.012013	-0.0015998	0.022289	0.082197	0.20726	0.17261	0.18016	0.18357	0.1763	0.17097	0.18008	0.19055	0.18899	0.18894	0.18997	0.18465	0.18398	0.18517	0.17356	0.17652	0.17664	0.17778	0.18069	0.17083	0.1773	0.17989	0.12862	0.042871	0.017587	-0.00031607	-0.011804	-0.013759	-0.01477	-0.01516	-0.014051	-0.0034515	0.01129	-0.010959	0.0065717	-0.0058395	-0.0045129	-0.010861	0.0032071	-0.00083955	-0.014872	-0.011427	-0.0056369	5.212e-05	-0.010777	-0.0058278	-0.0073395	-0.0014672	0.0020328	-0.0068186	-0.0026267	-0.0013395	0.00064652	-0.0045124	0.0037897	0.0042852	-0.012365	0.0052818	0.013361	0.014733	0.012382	-0.0039991	0.00059767	5.3657e-05	-0.0027343	-0.003029	-0.00030238	1.9662e-05	0.00040832	0.0037188	0.030187	0.09069	0.17621	0.18288	0.17383	0.17743	0.17823	0.17957	0.17052	0.1677	0.18504	0.18684	0.19644	0.19171	0.19446	0.19411	0.19	0.18426	0.18982	0.18783	0.18527	0.18931	0.17972	0.17636	0.17056	0.1416	0.069892	0.039746	0.032415	0.031881	0.025383	0.014989	0.035287	0.012101	0.0078289	0.0092837
-0.0037043	0.0027138	0.0028839	-0.0021484	-0.009079	0.0042024	0.026371	0.089113	0.17086	0.18896	0.1836	0.17127	0.18641	0.17984	0.18375	0.18285	0.17868	0.17255	0.17904	0.18192	0.17745	0.18421	0.20106	0.18628	0.15053	0.12417	0.047276	0.029547	0.012019	-9.1014e-05	0.0022278	0.0031205	0.0028416	0.00029312	0.0023941	0.00044607	0.0090883	0.013002	0.0020588	-0.0050701	0.00010097	0.0017665	0.0044195	-0.0037792	0.012401	0.020564	0.0041774	-0.015508	-0.0054085	-0.0043177	-0.0071682	-0.0038302	-0.0043002	0.017154	-0.011425	-0.0080782	-0.010274	-0.0071814	-0.00030317	0.0042203	-0.0025299	0.013994	0.002215	-0.0057059	-0.0037496	0.0020513	0.011097	-0.006256	-0.0084256	-0.005126	-0.0079796	0.0010984	-0.0015592	0.00094231	-0.015707	-0.0011642	0.001186	0.030823	0.10223	0.1909	0.18417	0.1926	0.19565	0.17577	0.18088	0.18873	0.19273	0.1897	0.19156	0.19074	0.18974	0.2025	0.19932	0.19798	0.18774	0.18795	0.18091	0.16167	0.11834	0.087877	0.0091835	0.0051814	0.0076406	-0.00017923	-0.016949	-0.010839	-0.0029491	-0.0016728	-0.0068239	-0.017779	-0.019185	-0.018952	0.010057	0.0075046	-0.014359	-0.010343	-0.0075389	-0.0052508	0.0015037	-0.0025997	-0.0048821	0.00036598	-0.0052303	-0.0029967	0.0027813	-0.0022674	-0.0016406	-0.00094557	-0.011398	-0.0025148	-0.0010596	-0.003578	0.0043707	-0.0029322	-0.017448	-0.012182	-0.0010137	-0.024683	0.013043	-0.0040653	-0.016874	-0.0089104	-0.0013897	0.0028057	-0.011971	-0.0024038	-0.003558	0.015894	-0.0029476	0.0076623	0.1572	0.22151	0.1826	0.18705	0.18016	0.17769	0.18511	0.18435	0.17854	0.19523	0.18709	0.18845	0.19935	0.18247	0.19893	0.19103	0.18969	0.18589	0.17918	0.18202	0.17592	0.14876	0.0915	0.017963	0.014252	-0.0015004	0.0040151	0.0057432	0.0009427	-0.0044752	0.00036356	0.0025541	0.00039327	-0.0017237	-0.0054806	-0.0031597	-0.0084211	-0.0063899	-0.00056542	0.00081207	-0.0053693	-0.0043282	-0.0069427	0.0057041	0.00037935	-0.0084046	0.0043358	-0.0015725	-0.00018661	-0.0012674	-0.0011451	0.0034772	0.011658	0.020378	0.012262	0.0050067	0.0048709	0.012633	-0.0030516	-0.0056495	-0.0049488	-0.016932	-0.0011594	-0.0020461	-0.0054408	-0.0031456	-0.0084301	-0.012053	-0.0084594	0.0047517	0.0095483	0.031604	0.17587	0.20011	0.17346	0.18544	0.18621	0.19228	0.17763	0.17768	0.19732	0.19778	0.20615	0.2102	0.20817	0.19721	0.19363	0.19279	0.20116	0.18228	0.18292	0.19339	0.17906	0.1758	0.16501	0.11342	0.057032	0.033846	0.016415	0.0048503	0.007748	0.0029758	0.011231	-0.00015445	0.0037025	0.021042
0.012373	0.019491	0.011737	0.022381	0.0077897	0.013664	0.017662	0.042977	0.092549	0.20338	0.21535	0.19711	0.20348	0.20499	0.2005	0.20248	0.20719	0.2052	0.19714	0.19842	0.20026	0.18807	0.16429	0.14866	0.12359	0.075893	0.022881	0.020631	0.031528	0.023423	0.0041131	-0.0044367	0.011709	0.022852	0.0019515	-0.001728	0.0031623	-0.0033973	-0.0027495	0.0084173	0.012852	0.0035239	-0.0016885	0.007848	0.014058	0.0073362	0.010223	0.01197	0.013293	-0.0030846	-0.0020536	-0.0036055	0.008256	0.015455	0.0024933	-0.0094341	0.0027421	0.0048697	0.0072694	0.0064317	-0.0027511	-0.0099863	-0.006155	-0.0049918	-0.0094995	0.0050722	-0.0050194	-0.0059957	0.009786	-0.0070832	-0.011784	-0.014731	0.0082084	-0.0019406	-0.0091371	0.0052996	0.0028114	0.0032521	0.02098	0.1021	0.20168	0.17801	0.19427	0.18089	0.17539	0.19002	0.17407	0.18583	0.18128	0.17569	0.18932	0.19329	0.1763	0.17631	0.1856	0.18683	0.15803	0.1379	0.091979	0.031027	0.014481	-0.0058312	-0.0030081	0.0020707	0.0069285	-0.010478	-0.011369	-0.00027001	0.0078568	0.0031338	-0.0021025	-0.0094024	0.0066586	0.0076329	-0.0091901	-0.0093556	-0.010054	-0.017491	0.0017785	0.0031453	-0.0079641	-0.011062	0.00063139	0.0057646	0.0054357	-0.0016579	0.0027129	-0.012863	-0.019879	-0.020586	-0.0097503	-0.012348	-0.012128	0.0097131	-0.0071684	-0.0045815	0.00078443	0.0083396	-0.01407	-0.016777	0.0038035	0.0050042	-0.013501	-0.010646	0.00059693	-0.009056	-0.0079627	-0.010772	-1.0757e-05	0.0046539	0.027083	0.13058	0.21837	0.17655	0.17541	0.18138	0.17847	0.18491	0.18199	0.18095	0.18417	0.19884	0.19344	0.19334	0.18404	0.18605	0.18904	0.18275	0.18175	0.18176	0.14156	0.10776	0.022399	0.014211	-0.0009174	-0.013307	-0.0064761	0.0036459	-0.0060407	-0.021134	-0.02466	-0.0081906	-0.012118	-0.0095862	-0.0047967	-0.012637	-0.0081527	-0.0027346	-0.014053	-0.0011284	-0.011987	-0.0064519	-0.0021329	0.0078044	0.011431	0.0027306	-0.0054028	-0.0098612	-0.012031	-0.0017393	-0.0050548	-0.0064762	-0.005477	0.0011955	0.010163	-0.0075333	-0.02674	-0.0062484	-0.0037052	-0.014865	-0.01605	-0.012017	-0.0058328	-0.017755	-0.024751	-0.015509	-0.018407	-0.015156	-0.013371	-0.013793	0.0081218	0.0073028	0.036794	0.13586	0.20809	0.16847	0.16502	0.17215	0.17915	0.18443	0.18973	0.18881	0.18483	0.19393	0.19085	0.17778	0.1728	0.19253	0.18323	0.16993	0.19088	0.19066	0.1839	0.15536	0.10598	0.059583	0.017513	-0.0037421	-0.00064189	-0.0049075	-0.012839	-0.00066816	0.0061754	-0.0080194	-0.018309	-0.0099701
0.0096242	0.019264	0.034369	0.0063129	0.016044	0.010426	0.026062	0.015937	0.027843	0.046625	0.13075	0.22728	0.16454	0.17541	0.18517	0.17052	0.18207	0.19007	0.18072	0.1529	0.13389	0.14036	0.14632	0.10054	0.048156	-0.0053938	-0.0069464	0.0051231	-0.019045	-0.011086	0.00018599	-0.003544	-0.0060319	0.00082043	-0.0045738	0.0019487	-0.011518	0.0030525	-0.011803	-0.000533	-0.0013223	0.0077627	0.0081327	0.013659	0.0067649	0.00059953	0.0012265	0.0011606	0.010593	0.0098406	-0.0013126	-0.0024192	0.0056636	0.0058648	0.0056872	-0.00047959	0.0049504	-0.002555	0.0072356	0.0038162	0.018566	0.0095494	0.0017813	0.0023039	0.0019477	0.0028446	-0.0085867	-0.010859	0.0011294	-0.003261	-0.0085438	0.0075357	-0.0033685	0.010124	-0.0017603	-0.0099024	0.0017432	0.0072986	0.0033812	0.030084	0.10039	0.19129	0.22113	0.17776	0.18077	0.20218	0.19695	0.18923	0.18964	0.20039	0.19667	0.20434	0.21192	0.19032	0.17656	0.14955	0.14444	0.071773	0.014088	0.024317	0.017471	0.0085244	0.014927	-0.0045616	0.0038201	0.0030602	-0.00094137	-0.01316	-0.010439	-0.0018413	-0.0054596	-0.0038957	-0.023871	-0.0014833	-0.012843	-0.013267	-0.0021521	-0.0026833	0.0059678	0.017142	-0.0017748	-0.017011	0.011105	0.0067729	0.0072191	-0.0077691	-0.0025013	0.010187	0.0069847	0.0038338	0.006138	0.007107	0.0077649	-0.0014258	-0.0089764	-0.006678	0.0079006	-0.010519	-0.017679	0.01135	0.013573	-0.0029878	0.013762	-0.0023443	0.010328	0.028065	-0.0026722	0.0068337	0.010101	0.020557	0.019113	0.036625	0.11985	0.18185	0.19039	0.19879	0.18568	0.16932	0.1914	0.19202	0.19706	0.19025	0.17578	0.18538	0.18779	0.18476	0.18655	0.17555	0.15248	0.12681	0.1072	0.046484	0.013633	0.0032786	0.022886	-0.0076491	-0.011399	-0.0081399	0.0040276	-0.005095	-0.0092643	-0.01398	-0.016309	-0.016779	-0.021616	-0.014717	-0.0059979	-0.0049052	-0.0052046	-0.0064086	-0.0062132	0.001966	0.0054361	-0.0034986	-0.013411	0.0095519	-0.0076619	0.0014095	0.0090206	-0.014832	-0.0095055	0.0010847	-0.0022691	-0.0023934	7.8518e-06	-0.010381	-0.011388	-0.0077429	-0.01388	-0.0096856	-0.0088735	0.0010707	-0.021914	-0.018573	-0.027114	-0.026143	-0.036094	-0.031018	-0.0076777	-0.014531	-0.0096603	-0.0053904	-0.01008	0.028977	0.14756	0.17563	0.16851	0.18852	0.18121	0.17976	0.1857	0.17692	0.18043	0.18573	0.17548	0.17995	0.18975	0.18608	0.17725	0.18849	0.17535	0.15711	0.16459	0.12444	0.062344	0.016702	0.012436	0.0022218	-0.00022126	-0.0055445	-0.0063153	-0.0029518	-0.0011383	0.0082785	-0.016189	0.0082309
0.010195	0.012559	0.01855	0.00050298	0.004394	0.01496	0.017746	0.0018459	0.030447	0.039834	0.021443	0.03956	0.07466	0.16744	0.20009	0.17701	0.18911	0.19939	0.18726	0.15719	0.11776	0.064689	0.034187	0.033328	0.026091	0.012878	-0.0025541	-0.00065824	0.0096895	0.015361	0.014833	0.013392	-0.0039217	-0.010651	0.0068411	0.008531	-0.0072098	-0.0062163	0.011551	0.01088	0.0068814	-0.00073468	0.0042107	0.0024936	0.029517	0.022154	0.017668	0.019268	0.013164	0.00025814	0.011039	0.0021344	0.0052629	0.019809	0.0010764	-0.0005429	-0.00044392	-0.0014938	0.0012507	0.0077049	0.0073552	0.010357	-0.0017377	-0.0052952	0.0026386	0.0025749	0.0004977	-0.011019	-0.012214	0.0033433	0.0032462	-0.01273	-0.01003	0.00022509	-0.0072523	-0.010386	0.0080368	-0.00011021	0.0013032	0.01089	0.021199	0.031899	0.097949	0.20185	0.17998	0.15653	0.16344	0.16689	0.17565	0.18308	0.15239	0.13643	0.13229	0.15094	0.17085	0.12435	0.062926	0.056825	0.027193	0.0093068	0.0029803	0.00014329	-0.00096861	0.0018623	0.0024888	-0.010081	-0.0052082	-0.0066999	-0.0055092	-0.0035531	-0.0039858	-0.0089068	-0.022537	0.0062658	0.0096797	-0.0047064	-0.024396	-0.0075829	-0.017737	-0.021178	-0.0040688	-0.021314	-0.028381	-0.023391	-0.015695	-0.03477	-0.023577	-0.012251	-0.031827	-0.010792	-0.016418	-0.033613	-0.021144	-0.0098603	-0.0099534	-0.014743	-0.014703	-0.0040537	-0.0021856	-0.010499	-0.0019635	0.00058401	-0.00076422	0.00069196	-0.010449	-0.0054346	-0.0081434	-0.0023925	-0.001278	0.0047992	0.00054988	0.018775	0.038471	0.069736	0.16731	0.15825	0.16137	0.16855	0.16041	0.17636	0.18795	0.16266	0.18034	0.18051	0.18961	0.17092	0.14582	0.14888	0.13287	0.1098	0.040696	0.016936	0.0068386	0.00066342	0.0013121	-0.0045732	0.014574	0.0050843	-0.0084795	-0.0042571	-0.0019818	0.0041385	-0.015294	-0.012331	-0.0067496	-0.017982	-0.010692	-0.0094415	-0.019633	-0.020261	-0.012415	0.0003615	-0.02124	-0.015137	-0.0033744	-0.0048752	0.00028656	0.011692	0.011754	0.0047612	-0.0033134	0.019843	0.0048075	0.010223	0.011539	-0.00046789	0.011281	0.019316	0.0065198	0.0019449	-0.0011512	-0.0092868	-0.0054305	-0.011377	-0.014278	-0.019535	-0.0010535	-0.027072	-0.029501	-0.015192	-0.010696	-0.0094902	-0.0082009	0.022331	0.051074	0.19363	0.19545	0.1855	0.1964	0.19191	0.17764	0.1696	0.17932	0.18254	0.17385	0.183	0.18246	0.18586	0.18564	0.18792	0.18718	0.13321	0.11215	0.067905	0.021195	-0.0090613	0.0062422	-0.010965	-0.0096051	-0.0096782	-0.0087372	-0.0099251	-0.015157	-0.014384	-0.0016784	-0.0089163
0.0095788	0.011183	0.0094757	0.0067047	0.0037214	0.0072259	0.01367	0.021296	0.017391	0.015638	0.0032127	0.020372	0.017676	0.025967	0.041452	0.046279	0.034341	0.044428	0.050633	0.03052	0.010889	0.015352	0.0055718	-0.0067315	-0.0037521	0.0048568	0.0063641	-0.0022038	-0.0093467	0.0017287	-0.00066869	-0.0057319	-0.014337	-0.013287	-0.0031728	-0.011267	0.0088767	-0.0010151	-0.0043533	-0.0016416	-0.0066272	-0.0020331	-0.0093986	-0.0087791	0.024632	0.015885	0.011993	0.0028733	0.00037542	0.013243	0.010292	-0.0036733	-0.002976	0.0013062	-0.0025213	-0.0060375	0.0011788	0.0023082	-0.0064977	0.0087039	0.0072573	0.0038173	0.013701	0.0084069	0.0090322	0.005528	0.00093524	0.013478	0.015011	0.0061111	0.0032753	0.0043966	-0.0043637	-0.0066063	0.015182	0.012637	0.0088952	0.0053781	-0.0011522	0.00089483	0.021241	0.019014	0.020857	0.040995	0.059055	0.11315	0.16966	0.19842	0.17125	0.16177	0.17161	0.15513	0.10897	0.054155	0.031965	0.021216	0.0094993	0.029909	0.033693	0.015248	-0.010134	-0.008438	0.0023675	0.015993	-0.0093462	-0.0098785	-0.015214	-0.0098368	-0.0015929	-0.0041354	-0.014548	-0.0036378	-0.0053195	0.0089311	0.0025828	0.0050357	0.005609	0.01173	-0.0038003	0.0076481	-0.0039189	-0.0060086	-0.002124	0.0033706	0.006116	-0.020253	-0.012006	-0.0094036	-0.021275	-0.017489	-0.011329	-0.0085884	0.0016118	0.0018653	0.0045332	0.0056561	0.015676	0.020117	0.0193	-0.0022498	0.017424	0.013209	0.0028195	0.003697	-0.00053285	0.0024584	-0.0076828	-0.019589	-0.0075956	0.00072348	-0.006624	-0.013588	-0.00098857	0.013004	0.027176	0.060383	0.16335	0.19793	0.17678	0.14338	0.15121	0.15835	0.15726	0.14253	0.12194	0.14464	0.14236	0.11002	0.060453	0.012626	-0.0092842	-0.018703	0.004745	-0.017693	-0.017165	-0.0077752	-0.005755	-0.018709	-0.02996	-0.010756	-0.0045882	-0.02952	-0.043704	-0.0418	-0.019752	-0.039008	-0.041465	-0.030097	-0.032268	-0.014226	-0.032245	-0.036182	-0.016479	-0.0086949	-0.031135	-0.018144	-0.027905	-0.015717	-0.0072959	-0.01029	-0.018055	-0.014143	-0.019409	-0.018491	-0.0086229	-0.0067883	-0.012108	-0.0094173	-0.0082231	-0.012591	-0.0049795	-0.014002	-0.0026136	0.011266	-0.016924	-0.011647	-0.0047164	-0.021743	0.0077245	0.012602	0.0093584	0.0029313	0.017263	0.042439	0.03198	0.030625	0.11594	0.17647	0.16344	0.16683	0.19459	0.18328	0.16324	0.18159	0.19663	0.18417	0.19263	0.18718	0.15576	0.15216	0.11878	0.12375	0.076032	0.033617	0.0056716	-0.0023845	0.0076035	-0.0053823	-0.01085	-0.00024203	0.0072788	-0.008216	-0.011856	-0.0094517	-0.022416	-0.015013
0.017786	0.0095215	0.0033047	0.00072195	-8.3425e-05	-0.0005501	0.0057341	0.013352	0.021463	0.028282	0.015572	0.023504	0.019357	0.015351	0.020792	0.023058	0.015558	0.011528	0.0075782	0.0026277	0.003508	0.0088016	0.0125	0.0015471	0.0051058	0.0093016	-0.0023991	-0.0049399	0.0046628	0.016114	0.029839	0.029498	0.032169	0.049229	0.036854	0.035473	0.02076	0.013482	0.016711	0.013254	0.00030114	-0.010073	0.0036009	-0.0014988	-0.010159	-0.027429	-0.026935	-0.0017778	-0.015292	-0.018034	-0.022173	-0.013846	-0.0076843	-0.011899	-0.014069	0.0038822	-0.011734	-0.022017	-0.017922	-0.0024442	0.00050101	0.0024237	-0.015643	-0.016498	-0.0051521	0.014342	0.0053812	0.014291	0.0064029	0.0020615	-0.0029799	-0.0051897	-0.0022723	0.004777	-0.012092	-0.017432	-0.001831	0.0034411	-0.0088569	-0.0075605	0.0066436	0.010759	0.010304	0.01337	0.023166	0.037373	0.032064	0.037687	0.067701	0.046711	0.044544	0.036001	0.027135	0.018388	0.0035308	0.0057049	-0.0098893	-0.013811	-0.0048772	-0.016281	0.0028242	-0.0020517	0.0094526	-0.011544	-0.016702	-0.018403	-0.020483	-0.011234	-0.014879	-0.01781	-0.01448	-0.021202	-0.005732	-0.0051012	-0.014218	-0.01205	-0.011323	-0.029131	-0.015253	-0.0034735	-0.016132	-0.0055663	-0.031208	-0.0045882	-0.0018626	0.013579	0.0003039	0.00084395	0.0023407	0.018407	0.0059419	-0.0076448	-0.0085508	-0.024707	-0.015654	-0.0010687	-0.0025391	-0.0023422	-0.001114	0.0084404	-0.0031612	-0.014902	-0.0049016	-0.0033136	-0.0098733	-0.0077825	-0.0070525	-0.0014645	0.004554	0.0055621	0.00021706	0.011416	0.013812	0.014564	0.0026935	0.019468	0.034314	0.04063	0.062083	0.089362	0.10966	0.11128	0.13012	0.10338	0.067775	0.048775	0.016733	0.00049417	0.0053739	0.019971	0.023658	0.0059904	-0.013443	0.0012598	-0.0049329	-0.0078331	-0.0059348	-0.0026959	-0.012028	-0.010035	0.0012052	-0.00096242	-0.019116	0.002276	0.0096166	0.0039794	-0.0097942	-0.0089224	-0.0043823	-0.0071448	-0.005124	-0.0039399	-0.00022222	-0.0033304	-0.010162	-0.0077298	-0.0073477	-0.0097458	-0.014184	-0.020286	-0.0076502	-0.0049906	0.011801	0.009166	0.0070376	0.0042536	0.00038813	0.00094815	-0.0091363	-0.018298	-0.024564	-0.023689	-0.013944	-0.012715	-0.0073474	-0.0069082	-0.0085385	-0.0068901	-0.014991	-0.00083066	0.0044551	-0.0074409	-0.0048278	-0.0017195	-0.0039746	0.002193	0.019395	0.045074	0.1106	0.18242	0.19126	0.12675	0.12538	0.14926	0.14804	0.1499	0.12297	0.12469	0.14638	0.1443	0.091421	0.039952	0.020323	0.013223	0.0088599	-0.0065933	0.0007457	0.010914	0.0027512	-0.00039935	-0.0062939	-0.014416	-0.01217	-0.018317	-0.020256	-0.023265
-0.0027348	0.00046049	0.011463	-0.0096843	0.0084305	-0.0049783	0.012344	0.0037157	-0.018645	0.00073343	0.011038	0.006508	-0.0072542	-0.0095086	0.0022248	0.001248	0.001386	0.011694	0.0056355	-0.0070913	-0.011397	0.0016546	-0.021514	0.0043476	-0.0010918	-0.014747	-0.023674	-0.0063664	-0.0054584	-0.015018	-0.012276	-0.012482	-0.0017661	-0.011867	-0.015778	-0.011055	0.0022907	-0.00047013	-0.0061655	0.0063651	-0.011353	0.0044577	-0.01725	-0.0018987	0.009147	-0.0021497	-0.0089093	-0.00010085	0.011484	0.0079418	0.0028386	-0.0013556	0.001279	0.010783	0.010861	0.00063463	0.0073171	0.011765	0.00023418	0.0015133	-0.003397	-0.00202	0.030351	0.004484	-0.008324	0.0043993	0.0026566	0.00081129	-0.0022191	-0.014915	-0.011032	0.0016068	0.0016976	0.0054742	-0.00023186	-0.0079268	0.00090144	0.0028043	0.010031	-0.0059382	-0.003986	0.022268	0.0018939	-0.00097529	0.014756	0.010295	-0.010341	0.011722	0.022856	0.022343	0.0043025	-0.0080774	-0.0048137	-0.0056793	-0.0015743	-0.0014736	-0.0036912	-0.0037289	0.0068035	0.0050194	-0.0030597	0.0024295	-0.00058471	-0.0073862	-0.034738	-0.013604	0.016357	-0.013903	-0.01274	-0.011251	-0.010357	-0.001189	-0.005764	-0.0071152	-0.0013038	0.00037027	-0.019018	-0.013203	-0.005297	0.0050783	-0.0026579	-0.0042496	-0.0078082	-0.0023048	0.0042079	-0.001215	0.0037842	0.014636	0.016712	0.0043545	-0.034613	0.007203	0.011338	0.0026197	0.0030956	0.0078309	0.0054481	0.025041	0.022991	0.0057872	-0.0058429	-0.0049942	-0.010105	-0.0097901	-0.0096068	-0.011607	-0.005535	-0.01014	-0.017414	-0.0026208	0.0043847	0.0032615	-0.01007	0.015724	0.0058312	0.012106	0.023814	0.012619	0.0087066	0.018476	0.023871	0.015853	0.011691	0.014824	0.0046269	0.0071416	0.02092	0.010468	0.014037	0.0052639	-0.00019018	0.007198	-0.0038785	0.0063129	0.010266	-0.00058892	-0.0077699	-0.0192	-0.00094735	-0.0017937	0.001852	0.0060547	0.0030229	-0.0011081	-0.0015025	-0.00039638	-0.0064669	-0.0015897	-0.0012574	-0.0051415	-0.0074054	-0.0096434	-0.0092057	0.00038738	0.015655	0.011073	-0.0010675	0.013875	0.0045295	0.0017698	-0.0025651	-0.014544	-0.015437	-0.015691	-0.010809	0.0002547	-0.011282	-0.015339	-0.010905	-0.017059	-0.023834	-0.025231	-0.018293	-0.011625	-0.010274	-0.01028	-0.011647	-0.01849	-0.011939	-0.0017102	-0.019146	-0.0081595	-0.0051971	-0.0016756	0.0078486	7.5635e-05	0.0021915	0.0060037	0.030044	0.033893	0.017623	0.033479	0.055453	0.10748	0.10984	0.087759	0.05684	0.044328	0.047548	0.01724	0.022854	0.016723	0.01505	0.0088038	0.0082798	-0.0035475	0.013775	-0.0069738	-0.002354	-0.010991	-0.01987	-0.0074993	-0.0081033	-0.003197	0.0019137	-0.0096805
0.0021341	0.003547	0.011593	-0.024789	-0.011304	-0.0074618	-0.013981	-0.016005	-0.011696	-0.0053299	0.0026165	-0.0086233	-0.020559	-0.018865	-0.0056071	-0.003542	-0.007039	0.0025605	-0.0081069	-0.0051871	-0.0092852	-0.020836	-0.0053337	-0.0035008	0.0016512	0.013341	-0.0017115	-0.012744	-0.0065123	-0.010214	-0.00063195	0.012708	-0.021912	-0.0073609	-0.018936	-0.010989	-0.0076748	-0.0061039	-0.011112	-0.008326	0.0081995	0.008812	0.0045624	0.006995	-0.0020376	-0.014978	-0.0084204	0.0020079	-0.003348	-0.012998	0.007072	-0.0040867	0.015652	0.011065	0.010261	0.02163	0.018209	0.0078326	-0.0044289	0.00077685	0.021479	-0.0036569	-0.0090651	0.013193	0.020706	0.0034545	0.010293	0.019735	-0.0080859	0.00049449	0.0068363	0.00050737	-0.011586	0.00088786	0.013683	-0.0063555	-0.0051838	0.0029469	0.0028869	0.0034685	-0.010592	-0.0085361	-0.00089835	0.01462	0.0089798	0.0094934	0.0067352	0.0069367	0.0089034	0.0083008	0.012502	0.01465	0.0049058	-0.0035264	-0.0013396	0.0072925	-0.0033865	-0.0094786	0.004636	0.0088392	-0.024351	-0.0051177	0.0046245	-0.0050046	-0.016404	-0.0065121	0.016486	0.01375	-0.0086752	0.0019795	0.0032421	0.0068998	0.0077065	0.0091295	-0.0070706	-0.0063893	0.0049254	0.010528	0.0049098	0.0098473	-0.01072	-0.021621	0.00070735	-0.0019026	0.0056716	0.0028252	0.0018401	-0.0014339	-0.0051309	-0.0038745	-0.0063353	-0.015093	-0.0030799	-0.00099789	-0.00060596	0.0057107	0.0043918	-0.015634	-0.0087445	-0.0058555	-0.0082529	-0.010208	-0.016554	-0.007649	-0.0070327	0.00053896	-0.0058721	-0.00073563	-0.010629	-0.0084828	0.0013256	-0.00058499	-0.008682	-0.0037152	-0.00088039	0.0029186	0.013282	0.010543	0.0094875	0.014636	0.014872	0.0053876	0.00306	0.0064764	0.0014172	0.0064793	0.013578	0.0076404	0.011467	0.0065544	0.009372	0.0057189	-0.0084259	0.0067352	0.016473	0.0087534	-0.0075755	-0.0090985	-0.0062741	-0.0038148	0.0045536	-0.00049254	-0.008343	-0.0057439	-0.012281	-0.0073274	-0.014718	-0.019843	-0.012324	0.002593	0.0030621	-0.0055488	-0.0072581	-0.017973	-0.0010599	0.0054712	0.003902	-0.017577	-0.0037355	-0.0089806	0.023759	0.010139	-0.0047509	-0.016902	-0.0074956	0.011113	0.0031273	-0.018347	-0.0027087	0.0066888	-0.015231	-0.010993	-0.008336	0.0014562	-0.01302	-0.0015993	-0.017545	-0.020703	-0.013934	-0.0075375	-0.0064599	-0.0042438	-0.014	-0.0074348	-0.0015979	0.0066371	-0.0018867	-0.016243	-0.010119	0.014235	0.015302	0.014689	0.016218	-0.0008099	0.011964	0.017661	0.0052965	-0.0076257	0.00062077	0.0080346	-0.0012008	-0.0040691	-0.014241	-0.011494	0.012421	-0.0049663	0.00065485	-0.00086235	-0.0026175	-0.0017991	0.0063609	0.0060227	0.010382	0.0098396	0.015836	0.0066849
0.0054071	0.0053212	0.010443	-0.016886	-0.0050876	-0.0019799	-0.0086198	-0.01205	-0.0021142	-0.00096159	0.0035223	0.0017404	-0.008091	-0.0073515	-0.0016046	-0.0042036	-0.0099491	0.00060849	-0.0083662	-0.0071622	-0.013676	-0.019114	-0.019513	-0.0096004	-0.02977	-0.042961	-0.028443	-0.019606	-0.0064327	-0.0076893	-0.020664	-0.029338	-0.020139	-0.016041	-0.019261	-0.02141	-0.033458	-0.016158	-0.027172	-0.020251	-0.0053013	-0.015	-0.022343	-0.021048	-0.0081014	-0.0083956	-0.013061	-0.011746	0.0025331	-0.0057709	-0.010923	0.0044707	-0.0051269	-0.0042514	-0.0051835	-0.02353	-0.00019673	0.0022972	-0.0035126	-0.011051	-0.0093853	0.0053143	-0.0070254	-0.0075633	-0.0089849	0.0018966	-0.00069963	-0.011938	-0.004778	-0.0055189	-0.0039752	0.0099108	0.002853	0.0011697	-0.0089929	-0.005783	-0.0017145	0.0039526	0.0007648	-0.0076828	-0.0024665	0.0089427	-0.0041559	0.0072936	0.0020711	0.0077696	-0.0036692	-0.0044257	-0.0056004	-0.0095393	0.015748	0.0039672	0.00085838	0.0049837	0.0063886	0.0053551	-0.01513	-0.0023969	0.020672	-0.0016689	0.014992	-0.0085204	0.00066842	-0.0097862	0.0023006	-0.0043493	-0.0054523	-0.005377	-0.00027702	-0.0021912	-0.0046269	-0.0094192	0.00166	0.006721	-0.00080701	0.0058859	0.0029307	-0.0057386	-0.0025937	-0.0036838	0.01011	0.020528	0.0019401	-0.012441	0.0056267	0.018268	0.0071344	-0.0017248	0.002552	0.019679	0.0058481	0.001706	-0.0099124	0.002309	0.0029978	0.0076633	0.0074628	0.0031887	0.0038767	0.0037683	-0.010675	-0.017839	-0.0063736	-0.00078581	-0.017651	-0.014339	-0.014016	0.0033457	-0.0072201	-0.019255	-0.013805	0.0037705	0.0058021	0.0077739	-0.013731	-0.0019002	0.0071192	0.012834	0.014637	0.015164	0.010241	-0.00070998	-0.001203	0.0024968	0.0025758	0.010185	0.010604	0.0091807	0.013266	0.012213	0.023302	0.008608	0.0021496	0.011498	0.010832	0.00081813	-0.004952	0.0048795	0.0057904	0.015566	0.0091081	0.0021445	-0.0023325	-0.0013302	0.0030095	-0.00705	0.00031483	0.0077601	0.0082495	0.011538	0.0052308	0.00046326	0.0085573	0.0015504	0.0025264	0.025048	0.013416	0.03233	0.011654	0.0065797	0.0074854	0.0051478	0.012242	0.0025719	-0.0042794	-0.0074265	-0.0077467	-0.0074891	-0.017086	-0.027592	-0.018433	-0.0086656	-0.0099788	-0.010342	-0.0027497	0.0013046	0.00011597	0.001763	-0.003025	-0.030882	-0.005002	0.014374	0.004902	-0.013596	0.0083168	0.0043288	-0.0057515	0.010559	0.0070265	0.0098436	0.0021634	0.0094653	0.011226	0.016063	0.009668	0.020108	0.035688	0.023754	0.016107	0.0063363	0.003152	0.011714	-0.0073204	-0.0070186	0.0025349	0.0056791	-0.017868	-0.016211	-0.011561	-0.01192	-0.0040372	-0.01687	-0.029463	-0.030325	-0.032455	-0.051454
0.011954	0.01037	0.012567	-0.0057081	0.0044025	0.0067763	1.5851e-05	-0.0048211	0.010742	0.0066809	0.0077024	0.015378	0.0076515	0.0074364	0.0056721	-0.001591	-0.0095851	0.0019307	-0.0053513	-0.005863	-0.0089115	-0.01255	-0.013758	0.00075624	-0.0093694	-0.014291	-0.0084194	-0.0029466	-0.0026568	0.00055132	-0.0033048	0.0021835	-0.0048033	-0.0058671	-0.0004317	-0.0068661	-0.0027419	-0.017579	-0.0078631	-0.0078386	-0.016363	-0.0034218	0.0052367	0.0041075	-0.0046949	-0.0056243	-0.0083094	0.0016458	-0.0050998	-0.006905	0.0010312	0.0061313	0.0017215	-0.012838	-0.004037	0.0088268	0.01185	0.01203	0.003781	-0.011385	-0.0020639	-0.0042418	-0.017155	-0.0009468	-0.0078983	0.012488	-0.0093505	-0.0074553	0.0039958	-0.001364	0.0053639	-0.00014709	-0.0041818	0.0029767	-0.001953	0.0023685	0.0022004	0.0064108	-0.004404	-0.016274	-0.017102	0.0029604	0.0069972	0.029744	0.0015746	-0.0031665	0.0024271	-0.0031606	-0.0015036	0.012397	0.014015	0.003019	0.0012582	0.0016054	-0.0029397	-0.0035916	0.0033236	0.010695	-0.0007381	-0.0088887	-6.8226e-05	0.010895	0.0084228	-0.0054011	-0.0011718	-0.012556	0.005371	0.00019232	-0.0053476	-0.0050881	0.0065899	0.0092759	-0.010026	0.0023547	-0.0048741	0.011197	-0.0030575	-0.0026305	-0.0052825	-0.0062604	-0.0029928	-0.0018615	-0.0029496	0.0041758	0.0013532	-0.0014882	0.0050702	0.00633	0.0057739	-0.0068159	-0.0019275	-0.027084	-0.0098798	0.0066308	0.0074411	-0.0087391	-0.012821	-0.0053099	0.0040497	0.0023898	-0.0018208	0.011012	0.0076641	-0.009089	0.0042112	0.0027287	-0.0083879	0.015468	0.0045184	0.0085415	0.0088844	0.0045082	0.013286	0.015399	-0.006238	0.010107	0.01079	-0.0023446	-0.0020618	0.0045866	0.0081492	-2.6032e-05	0.0043335	0.0063525	0.01318	0.010429	-0.0057847	-0.01488	0.0010045	0.012619	0.0076895	0.0025541	0.0089883	0.02315	0.0091097	-0.0061066	-0.0069765	0.0047737	0.0077566	-0.0039673	-0.021515	-0.01687	-0.004251	-0.01441	-0.013523	-0.0061188	0.00023167	-0.013399	-0.0031046	-0.012439	-0.019707	-0.00011582	0.016548	-0.015568	0.01449	-0.0099163	-0.019012	-0.0042774	0.010271	-0.01494	0.00069361	-0.0081393	-0.0022231	0.010948	0.0036097	-0.0043089	-0.017175	-0.0041882	-0.0033534	-0.00055169	0.0012792	-5.3518e-06	0.0030712	0.010744	0.011106	0.0019474	0.002501	0.0047368	0.0072327	-0.006878	-0.0062777	0.0016357	-0.00070893	-0.0062471	0.013793	0.021	0.0095121	0.0068826	-0.0051004	0.0034049	0.016371	-0.0028473	0.010306	0.0088286	0.014625	0.0093182	0.0065643	0.0070755	0.016157	0.0060071	-0.010464	0.014116	-0.0010228	-0.00046388	-0.0096893	-0.0077277	-0.010651	-0.015461	-0.009821	6.5011e-05	-0.026358	-0.035151	-0.025518	0.00069337	-0.018369	-0.009089
0.012868	0.0097845	0.0090583	-0.00016397	0.0082591	0.0098989	0.003018	-0.0032256	0.017965	0.00869	0.0062489	0.023383	0.01776	0.016591	0.0073153	-0.0046118	-0.014854	-0.0023806	-0.0079699	-0.010197	-0.0097802	-0.011619	-0.013636	0.0054794	0.0053973	0.0087462	0.0059702	0.0080787	0.004621	-0.0023502	-0.0025506	-0.0092562	-0.0046997	-0.0031162	-0.0027434	0.018162	-0.0055604	-0.0023324	-0.00086354	-0.0066766	0.00027646	0.013977	0.0093768	0.010115	-0.0051534	-0.0016324	0.0037665	0.01067	0.010049	0.010267	0.014023	0.0038696	0.0027385	0.012845	0.023741	0.023925	0.005885	-0.00089929	1.806e-05	0.0047455	0.0059114	-0.0002067	-0.0016408	0.0041621	-0.014467	-0.0059139	0.0073449	0.00701	-0.00062609	0.0017163	-0.0055014	-0.0077754	-0.0069567	-0.010283	-0.010314	-0.0022078	-0.0046374	-0.00084664	0.0083394	0.0037165	-7.3101e-06	-0.00015167	0.00082469	0.0082427	0.014662	0.0053565	-0.0052087	0.0044928	0.0090052	0.0031249	-0.0059645	0.002271	0.0078134	-0.0057811	0.013976	0.0065808	-0.0056072	0.0059111	0.00031945	-0.0020313	-0.0064817	-0.0079805	-0.018548	-0.01557	-0.0153	-0.0061856	0.0048769	-0.019869	-0.016843	-0.0059418	-0.01012	-0.01306	-0.018275	-0.03135	-0.024349	-0.013718	0.0036558	-0.001501	-0.0098941	-0.012948	-0.0012595	-0.0050629	0.0073849	0.0016824	0.0011852	-0.0089703	-0.0018159	0.0031558	0.0062399	0.0042164	0.0097388	0.010744	0.0095088	0.011664	0.008485	-0.010606	0.0020248	0.0051636	-0.0050908	-0.0015489	0.014737	0.014585	0.012728	0.0095778	0.017058	0.015184	0.014729	0.00099516	-0.0024275	0.0016552	0.011298	-0.012657	-0.0184	-0.019071	-0.013424	-0.012074	0.011795	-0.0058012	-0.010297	-0.0078514	-0.0024782	-0.0031927	0.0067236	0.0064412	-0.0040461	0.0010591	0.00043429	-0.010145	-0.0099929	-0.018315	-0.025184	-0.0069616	0.001833	-0.007723	-0.012373	-0.0055235	-0.0028144	-0.00072302	-0.0034052	-0.0037537	-0.0026248	-0.016796	-0.021465	0.00079679	-0.011828	-0.010459	-0.0013303	-0.0054437	0.0018822	-0.0035442	-0.0072101	0.012942	0.0052253	-0.0013634	-0.010115	-0.0027284	-0.0053084	0.0080738	0.012881	-0.0074877	-0.0033516	-0.0035961	0.012981	0.015125	0.0047992	-0.00042887	-0.00014736	0.0072682	0.0073015	0.0061418	0.016581	0.0069535	0.0043345	0.0014823	0.013229	0.013877	0.015237	0.00097893	-0.0042399	0.0049128	0.0063651	0.0091158	-0.006694	-0.0049199	-4.2766e-05	0.00071365	-0.003283	-0.0052518	-0.0054431	-0.0086313	-0.0056189	0.0025291	0.010222	0.00030383	-0.022616	-0.0045628	-0.0059115	-0.026794	-0.011474	0.00054333	-0.010148	-0.011569	-0.0059442	-0.0081152	-0.012637	-0.0080108	0.0053943	-0.010299	-0.022191	-0.01935	-0.011252	-0.00054973	-0.013922	-0.025753	-0.0075335	0.005932
0.01176	0.0071779	0.0035277	0.0033586	0.010094	0.011	0.0039986	-0.0036515	0.023167	0.0086775	0.002774	0.029366	0.025848	0.023724	0.006937	-0.0096542	-0.022145	-0.0087135	-0.01261	-0.016553	-0.01267	-0.01271	-0.015536	-0.0048621	-0.0052242	-0.00065078	-0.00094867	-0.0036326	-0.0031389	-0.0060891	-0.0073777	-0.013891	-0.016389	-0.012945	-0.015413	-0.0072689	0.0002279	-0.0047787	0.00092384	0.0046067	0.012062	0.015513	-0.0074229	0.0035523	0.01657	0.013395	0.016921	0.021867	0.027224	0.031278	0.045007	0.052843	0.037905	0.033478	0.020693	0.01758	0.018155	0.021399	0.02488	0.01076	0.011762	0.003584	0.0084001	0.019707	0.014858	-0.010392	0.0041899	0.0017943	0.017323	0.004425	-0.00113	0.009627	0.019469	0.00030434	0.014379	0.023237	0.016715	0.012209	0.0058348	0.0090262	0.0217	0.021938	0.014557	0.025649	0.01524	0.010357	0.018276	0.0015426	0.0056734	0.012696	0.008726	0.013509	0.023592	-0.0062916	0.0049744	0.01461	0.026007	0.0023895	-0.0051013	0.0029039	0.0092005	0.0045297	-0.0042263	0.0035722	0.0020504	-0.017624	-0.0098331	-0.0068097	-0.012001	-0.026749	-0.023373	-0.019463	-0.0066129	-0.03046	-0.030027	-0.018641	-0.014844	-0.013988	-0.012308	-0.0058063	-0.011726	-0.00070517	-0.00060351	-0.025873	-0.021312	-0.0053321	-0.0054059	-0.0063808	-0.014338	-0.011142	-0.023851	-0.026626	-0.025249	0.0043983	-0.0045557	-0.007331	-0.018331	-0.034822	-0.023159	-0.026349	-0.008744	-0.015198	-0.011524	-0.0007885	-0.0079605	-0.0055036	-0.0023749	0.00087415	0.013491	0.01423	0.00080257	0.00075954	0.01389	-0.0054135	-0.004392	0.027145	0.011607	-0.0012308	-0.0070887	0.0042675	0.020028	0.015408	-0.012963	-0.0069522	-0.016909	-0.0096154	-0.017525	-0.013263	-0.010818	-0.0079414	-0.0051747	-0.0062793	-0.005968	0.0071621	0.0055446	0.00061175	-0.012807	-0.017976	-0.020564	-0.025373	-0.015914	-0.00079369	-0.019906	-0.025456	-0.038352	-0.044276	-0.032384	-0.029336	-0.032464	-0.039039	-0.027659	-0.023529	-0.011404	-0.018478	-0.014026	0.005549	0.001181	-0.0032836	0.0020004	0.0046179	-0.0072496	-0.0018385	-0.0088264	-0.021935	-0.0023932	0.0075897	-0.0025941	0.011281	-0.003195	-0.0046204	0.00026403	-0.0025254	-0.019252	-0.019006	-0.010494	-0.0065328	-0.0003579	-0.0013206	-0.012681	-0.018053	-0.0086847	-0.001717	0.0063311	-0.004796	0.00024213	0.034274	-0.019703	-0.0056786	0.0067003	0.0045706	-0.009477	0.00016234	0.012653	0.007478	0.00069068	-0.0014461	0.0017776	0.0036184	-0.0017592	-0.010961	-0.016852	-0.0037715	-0.0018123	0.0077893	0.0043832	-0.013079	-0.0027532	-0.013779	-0.011201	-0.021967	-0.0019503	-0.0082527	-0.013933	-0.0091162	0.0038556	-0.004278
-0.016549	-0.022898	-0.030674	-0.017808	-0.011646	-0.011058	-0.014234	-0.0074233	-0.00091071	0.0057588	-0.014942	-0.0050513	0.0087704	-0.006839	0.0013384	-0.0094407	-0.02418	-0.0097903	-0.011994	-0.017653	-0.010305	-0.0085451	-0.01218	-0.0099476	-0.01059	-0.0047919	-0.0026116	-0.010088	-0.0056428	-0.004572	-0.0069487	-0.01327	-0.022823	-0.017518	-0.035978	-0.032264	-0.019647	-0.023876	-0.036846	-0.014219	-0.029077	-0.038257	-0.010836	-0.0052752	-0.0068439	0.0046416	0.04179	0.084798	0.15168	0.16829	0.20636	0.2112	0.19774	0.16723	0.14742	0.06928	0.041724	0.017446	0.010622	-0.0071504	0.0024124	-0.013772	-0.021907	0.0038311	-0.010643	-0.00020673	0.0075704	0.004573	-0.0047972	-0.013487	-0.0023662	0.00095083	-0.0066024	-0.0023768	0.0078013	0.0069008	-0.0015561	-0.015903	0.019966	0.0039979	-0.022683	-0.018394	-0.0079901	-0.0067543	-0.012053	-0.017237	-0.016611	-0.0099594	-0.0083818	0.005351	0.020407	-0.0038485	0.0034048	0.016452	-0.013873	-0.016279	-0.0074645	-0.0040833	-0.0031114	0.0019532	-0.0040962	-0.0083586	-0.016668	-0.0085718	-0.0047257	0.0035231	-0.00018902	-0.0091997	-0.0080422	-0.0085337	-0.017383	-0.0030652	0.0041689	0.012568	0.0041977	-0.010358	-0.014403	0.0058549	0.014575	0.0041449	0.0016663	0.030484	0.049654	0.038522	0.020997	0.02772	0.019476	0.0068237	0.017217	0.0089098	0.012547	-0.0068522	-0.00092922	0.01565	0.0013315	-0.0072171	-0.0020582	0.02169	0.026044	-0.018781	-0.010618	0.016178	-0.0014241	-0.0096213	0.0047726	0.013261	0.00097336	0.006871	-0.00053591	0.0045132	-0.0029963	-0.0035643	0.0056589	-0.00057152	-0.0083141	0.015749	0.0095795	-0.00017025	-0.003099	0.0035052	0.0012656	0.0042815	-0.014493	-0.011916	0.0072207	0.0075142	-0.0059984	-0.0051565	-0.0017818	-0.008885	-0.004086	-0.0067557	-0.0069857	-0.0036742	-0.0051504	-0.024449	0.00074291	-0.0042534	-0.0018285	0.0028678	-0.0022445	-0.0062739	-0.02048	-0.015899	0.0026851	-0.01481	-0.010693	-0.021786	-0.007481	0.015391	0.00098193	-0.0018804	-0.0016347	0.032032	0.0041642	0.018429	0.0086854	0.027847	0.021553	0.024732	0.022611	0.024215	0.012608	0.025895	0.02296	0.0068342	-0.0038789	0.007667	0.0083523	0.009253	-0.014924	-0.0021981	0.0036584	0.0075499	-0.0087728	0.0014789	0.021869	0.012529	-0.0025014	0.0013616	0.0187	0.0075944	0.016327	0.0039851	0.016705	0.0050207	0.0062164	0.012988	0.017503	0.0070137	-0.0099151	-0.0086089	0.0015343	0.0024494	-0.0019827	-0.0039407	-0.0062389	0.0026206	-0.019186	-0.016117	0.00052026	0.010998	0.0090705	-0.0053851	0.0043589	0.0080044	0.0033088	-0.018369	0.0020646	0.0072124	0.0010759	0.00059541	-0.006801	-0.0029424	-0.0098015	-0.002144
-0.011017	-0.012212	-0.010392	0.003085	0.0016209	-0.0016757	0.0054009	0.0034958	-0.0029878	0.0109	-0.00018629	0.0021628	-0.00017371	-0.0018311	-0.010204	-0.009976	-0.021774	-0.0064256	-0.0069367	-0.014311	-0.0034975	6.1575e-05	-0.0043827	-0.010591	-0.011514	-0.0044913	0.00016709	-0.012102	-0.0037051	0.0013867	-0.0020782	-0.0082066	-0.016731	-0.017101	-0.013347	-0.0056281	-0.016446	-0.027506	-0.014608	-0.018663	-0.019906	-0.022269	0.0013288	0.029264	0.08159	0.15066	0.20276	0.23427	0.2193	0.17495	0.17434	0.18458	0.20497	0.19382	0.17916	0.17568	0.1821	0.11441	0.066894	0.043083	0.0248	0.030467	0.028012	0.02049	0.014235	0.014555	0.0058555	0.0054376	0.016556	0.016944	0.015808	0.0055841	0.00096742	0.01034	0.017901	0.024036	0.0060789	0.01376	0.011213	0.0044627	0.007531	0.021599	0.027265	0.016334	0.026596	-0.00029012	0.021065	0.018645	0.014774	0.083548	0.17379	0.073984	0.024078	0.010105	0.019562	0.013503	-0.0024241	0.0056181	0.012115	0.0058799	-0.0059177	-0.0010442	-0.013056	-0.01471	-0.0041075	-0.0030426	-0.0090557	-0.0068419	0.0040773	0.0060065	-0.026878	-0.022381	-0.0062193	-0.0059412	-0.00047113	0.0044773	0.0029268	0.016061	0.047595	0.11972	0.15401	0.19842	0.21027	0.22606	0.20391	0.19279	0.16834	0.096107	0.056735	0.036062	0.022597	0.016722	0.023148	0.01695	-0.0031943	-0.0012325	0.01557	-0.0012552	-0.0079375	-0.013216	-0.0060423	-0.00476	-0.016209	-0.012858	-0.012213	-0.017978	-0.0073626	0.00059089	0.0045593	-0.0023383	-0.0069654	-0.00085812	-0.008916	-0.0042947	0.00422	-0.0061975	-0.0065629	0.0040903	-0.011437	-0.00020609	-0.0024903	-0.0099201	-0.0060964	-0.0092212	-0.0084735	-0.013144	-0.01114	-0.0088737	-0.0064485	-0.0093417	0.0049528	0.0097735	-0.014585	-0.0080101	-0.0071621	-0.0046412	-0.013693	-0.0020355	-0.01521	-0.020637	-0.011375	-0.0050803	-0.0034337	-0.014951	-0.0025016	-0.0053895	-0.023185	-0.016275	-0.00032108	0.006878	0.016163	0.025731	0.03188	0.052593	0.051287	0.087415	0.073839	0.080103	0.063573	0.044625	0.041432	0.026367	0.023802	0.036751	0.040344	0.018685	0.014708	0.0094033	0.00032955	0.014538	0.0014019	0.0052001	0.0065163	-0.0079574	0.0032553	0.0032678	-0.0044666	-0.00014804	0.0042894	-0.0090823	0.0002739	0.0075754	0.014562	0.0093059	-0.0119	-0.0029154	-0.023676	-0.012427	0.0034162	0.0048342	0.0059136	-0.0048488	-0.0029268	0.0076054	-0.0047482	-0.0040502	-0.0033627	0.0097319	-0.0010033	-0.00036609	-0.014753	0.010209	0.019388	0.0067231	-0.012651	-0.0090706	-0.019365	-0.0027031	0.00090334	-0.0015275	-0.023593	-0.015911	-0.026956	-0.032674	-0.018119	-0.018647
0.0036116	-0.003906	-0.0090554	0.00022197	0.0021113	-0.0068229	-0.0031557	0.0019851	0.010156	0.0083017	0.011032	0.0045765	0.0049668	0.013821	0.011914	-0.013146	0.012322	0.01544	0.0054517	0.01125	0.015518	0.0061028	0.0025911	0.0055748	0.0085926	0.010134	0.0094227	-0.011942	-0.012799	-0.00041869	-0.001807	-0.013393	-0.0095204	0.00066953	0.0061986	-0.002597	-0.007851	-0.0087465	0.0023507	-0.0078092	-0.0062152	-0.0048279	0.066835	0.20322	0.25339	0.21877	0.1824	0.1806	0.18135	0.18187	0.1862	0.17937	0.17237	0.16799	0.19117	0.19571	0.19689	0.19946	0.19918	0.098277	0.04461	0.039725	0.031605	0.03352	0.031101	0.02997	0.013413	0.004698	0.024346	0.023479	0.011369	0.017097	0.016572	0.021786	0.014952	0.017171	0.014366	0.039308	0.013605	0.01746	0.011293	0.019656	0.010901	0.015164	0.0098908	0.018735	0.023974	0.0088387	0.045647	0.095272	0.138	0.089226	0.014625	0.0012909	0.0080985	0.0076286	0.0056828	0.011583	0.014302	0.0055606	0.016109	-0.0060128	-0.011863	-0.0067193	-0.016925	-0.018031	-0.015906	-0.0096433	-0.0071512	-0.020433	-0.0029579	-0.009317	-0.0084337	0.0043981	-0.0059009	0.0028723	0.10072	0.17752	0.20189	0.21546	0.18676	0.16404	0.15671	0.16275	0.15566	0.17152	0.16902	0.16132	0.21881	0.15067	0.07879	0.040823	0.015868	0.015535	0.0040373	0.0049459	0.0050363	-0.0023364	0.00011113	0.00044077	0.0081444	-0.010501	0.0014226	0.0023409	-0.0078352	0.0015772	0.0067087	0.0011506	0.00097139	0.0014661	-0.0075335	-0.0227	-0.014087	0.012187	0.0088133	0.0046532	-0.00547	-0.0083439	0.00315	0.010846	-0.0069848	-0.019881	-0.0040189	-0.0065052	-0.011839	-0.0084726	-0.0067824	-0.0065282	-0.00080403	-0.013761	-0.001999	-0.012001	-0.0098023	-0.030921	-0.013195	-0.00070904	-0.024858	-0.0086513	-0.0098426	-0.020437	-0.021394	-0.022796	-0.015413	-0.012054	-0.014913	-0.01735	-0.0066431	-0.010643	0.0040675	0.016565	0.045496	0.097466	0.16054	0.18451	0.20501	0.22052	0.24095	0.19595	0.12402	0.055534	0.069165	0.041328	0.015867	0.0031268	0.0097229	0.0091009	-0.0048929	-0.017774	-0.00035005	0.014948	-0.010695	0.00036307	-0.0099761	-0.033836	-0.013929	-0.005445	-0.0043093	0.0013047	0.0078051	0.00013981	0.0041426	0.021016	0.0058996	-0.0049209	-0.0089249	-0.011615	-0.0080088	-0.029148	-0.022448	-0.023015	-0.0076286	-0.0086628	-0.0089365	-0.0058342	-0.014092	-0.0043978	-0.009336	-0.014235	-0.015261	-0.015954	-0.018161	-0.010878	-0.021204	-0.013805	-0.0045412	-0.023386	-0.016512	-0.014378	-0.017633	-0.022774	-0.015573	-0.0062327	-0.011471	-0.018803	-0.021207	-0.011503
0.0036661	0.013947	0.013584	0.0072272	-0.0007839	0.015213	0.017558	-0.0074726	0.0048606	0.014958	0.012818	0.0045112	0.0081813	0.014205	0.017467	0.0026267	-0.0008318	0.013052	0.0038195	-0.0080004	0.0043106	0.020072	0.0033276	-0.0088123	-0.011851	0.0074555	-0.0094525	0.00016872	0.014995	-0.0069838	-0.00021846	-0.0048342	-0.02249	-0.015238	-0.0073549	-0.0074895	-0.0098994	-0.00060373	-0.0022872	-0.0074485	0.021278	0.065997	0.20472	0.21799	0.17269	0.18016	0.17731	0.17391	0.18083	0.17601	0.18366	0.18941	0.19649	0.19631	0.18155	0.17858	0.18274	0.16537	0.16147	0.17152	0.12951	0.047604	0.015677	0.013078	-0.0029081	-0.016312	0.0007462	0.0080512	0.010017	0.0080799	0.002613	-0.010426	-0.0039177	0.01649	0.011802	0.0043155	-0.006889	0.0035587	0.015527	0.0067662	0.004352	0.010391	0.009052	0.0080032	0.0061902	0.0025996	-0.0010508	0.023424	0.021181	0.062259	0.11266	0.065813	0.010655	-0.0056303	0.0060021	0.0033331	-0.011791	0.0020604	0.0024375	-0.00081467	-0.011814	-0.018944	0.009286	0.0053252	-0.0068979	-0.022054	-0.02099	-0.0078141	-0.020904	-0.031804	-0.006155	-0.0077043	-0.019646	0.0054614	0.02942	0.15076	0.23652	0.24297	0.17504	0.16429	0.16193	0.17784	0.17939	0.18605	0.1886	0.16208	0.17633	0.18328	0.18446	0.16605	0.19844	0.14782	0.062133	0.023515	-0.0074697	0.020394	0.016996	0.013174	-0.0042069	-0.0046819	0.012226	0.0156	0.0058025	-0.0023256	-0.0015362	-0.0023999	-0.00030563	-0.0095986	-0.0064705	-0.003849	-0.0094722	-0.0099117	0.014693	-0.0049887	0.0012947	-0.00085117	-0.0036831	-0.0086185	-0.020455	-0.0066707	0.0054921	-0.012865	-0.0081282	-0.0041122	-0.022638	-0.0045496	0.0044808	-0.0032499	-0.010318	0.0018084	0.0048486	0.0010001	-0.011437	-0.0026809	-0.011743	-0.027123	-0.0094786	-0.016769	-0.017907	-0.0070803	-0.016618	-0.029157	-0.027728	-0.027994	-0.022386	-0.02254	-0.017608	0.014598	0.046641	0.1365	0.19979	0.22669	0.20343	0.15546	0.16946	0.17269	0.15781	0.16575	0.16102	0.15789	0.14559	0.096113	0.052975	0.045826	0.023834	-0.00054647	0.0034341	-0.0024117	-0.0044797	-0.010746	0.0012172	0.0030763	-0.0063172	-0.016104	-0.016273	-0.0069599	-0.0038631	-0.014136	-0.015865	-0.0093776	0.0078913	0.011646	0.011994	0.0076787	0.002051	-0.0033332	0.0037515	-0.011747	-0.0053219	-0.002045	0.0037052	-0.003909	-0.00042163	0.0041087	-0.00079886	0.0052501	9.706e-05	-0.0025432	-0.00015098	0.0034456	-0.0013461	-0.0010709	-0.024538	-0.021546	-0.0089414	-0.019076	-0.0079451	-0.023872	-0.020001	-0.016356	-0.0072996	-0.01959	-0.011792	-0.01133	-0.024554	-0.02416
-0.013244	-0.014171	0.0025522	-0.0049	-0.022881	-0.019144	0.0035921	-0.0060405	-0.015327	-0.010941	-0.0088895	-0.011647	-0.012782	-0.0022103	-0.0036311	-0.012515	0.011409	-0.001189	0.00090556	0.00294	0.009974	0.0083188	0.004966	6.3504e-05	0.0028067	-0.012165	-0.019179	-0.0085404	-0.0059127	-0.0093751	-0.019328	-0.017378	-0.01926	-0.010357	-0.0088122	-0.0031439	-0.0086831	-0.014991	-0.00044474	0.017677	0.054404	0.17844	0.21959	0.1672	0.16771	0.17263	0.16829	0.16715	0.17562	0.18221	0.17128	0.17238	0.17401	0.19467	0.19061	0.17927	0.17603	0.17163	0.18999	0.16565	0.16509	0.10068	0.020261	0.013168	0.0048146	0.0021996	-0.012327	-0.0074494	0.00051288	-0.0055398	-0.0084173	-0.012705	-0.0084228	-0.025603	-0.013004	-0.002204	-0.010771	-0.014655	-0.0016583	-0.014141	-0.016639	-0.018276	-0.021936	-0.022318	-0.018277	-0.010818	-0.0069118	0.00047087	0.002441	0.0023476	0.042826	0.050392	0.0060821	-0.020949	-0.032027	-0.0068297	-0.0061871	-0.0048499	-0.0034596	-0.016597	-0.025219	-0.020114	-0.011893	-0.0152	-0.017659	-0.026771	-0.014748	-0.018442	-0.010859	-0.026862	-0.011666	0.0081301	0.024813	0.071698	0.17015	0.21039	0.1978	0.17234	0.16578	0.16063	0.1663	0.16459	0.15507	0.16449	0.17858	0.17028	0.17157	0.17189	0.16605	0.16456	0.18206	0.1718	0.15372	0.055575	0.024177	0.019439	0.016771	-0.0062374	-0.0049092	0.0047621	-0.016579	-0.010195	-0.0025751	-0.0028874	-0.00034537	0.013114	-0.0065864	-0.0050958	0.0068745	-0.0067947	0.0093754	0.0029041	-0.012757	0.016668	0.023674	0.0070562	0.0074652	0.010516	0.0082069	0.0021719	0.018864	-0.00039117	-0.010664	0.0016594	0.010302	0.015146	0.0082269	0.0057416	0.012235	-0.013546	-0.0083582	-0.0058035	-0.011451	-0.0088207	-0.0058711	-0.0063191	0.00042441	-0.019485	-0.02307	0.0013484	-0.0096437	0.0032139	0.00076331	-0.01225	-0.0040981	0.0033844	0.014806	0.084506	0.17595	0.23729	0.1582	0.16996	0.17566	0.16572	0.17637	0.16883	0.17514	0.17871	0.175	0.17213	0.17947	0.183	0.17417	0.12446	0.095929	0.064838	0.045694	0.017992	0.011961	0.008923	-0.0063356	0.012514	0.014628	0.0044453	-0.0059515	0.0169	0.0048224	0.01568	0.008919	0.012834	0.00020707	2.5909e-05	0.015838	0.018028	0.010777	0.0026981	0.013261	0.0034034	0.0095541	0.016675	0.012789	-0.0014055	0.0058429	0.011801	0.010244	0.012648	0.0072798	0.0068984	0.012709	0.020595	0.013219	-0.00056905	0.0024385	-0.0084483	0.001706	0.0039044	0.013013	-0.0038404	-0.0028335	-0.0051855	-0.0071037	0.00040745	-0.0053782	-0.0043019	9.6259e-05	0.0034049
-0.007912	-0.012303	-0.0039655	-0.0098212	-0.0083356	-0.012089	0.0053765	0.014429	0.0018992	0.022496	0.011008	-0.002812	0.0041947	0.013322	0.01597	0.0051836	0.0042556	0.0083649	0.0085943	-0.0014946	-0.0099023	-0.0056782	-0.0046052	-0.018014	-0.0093162	-0.0036799	-0.010024	-0.0087159	-0.0067329	-0.002219	-0.0098526	-0.012227	-0.0048839	-0.013578	-0.0089711	-0.0011627	-0.0090479	-0.0073387	-0.0087066	0.036524	0.1796	0.20627	0.17	0.16805	0.1746	0.15828	0.16797	0.17186	0.16983	0.1835	0.18997	0.17038	0.16874	0.18326	0.19406	0.18474	0.17597	0.16984	0.17531	0.18031	0.17886	0.16349	0.1152	0.046563	0.014969	0.0013464	0.0012876	-0.0016232	0.0006837	-0.00054472	0.0030021	-0.0010164	-0.012446	-0.0067913	-0.015552	-0.025137	-0.0047964	-0.00049842	-0.0043465	-0.0063065	-0.0038542	0.0056374	-0.00094038	0.0084794	0.013488	0.0023067	0.001377	0.0026939	-0.02236	-0.0091817	0.00040396	-0.0026257	-0.00065217	-0.0001364	-0.0049354	-0.0018904	-0.0034035	-0.006892	0.0010362	0.0114	-0.0096752	-0.0096921	-0.0025012	-0.01459	-0.0075366	-0.027491	-0.0085747	-0.018303	-0.0086758	-0.014547	-0.0058868	0.0055716	0.031443	0.13161	0.24868	0.17432	0.15578	0.15935	0.17166	0.16955	0.18801	0.18995	0.19747	0.17759	0.18753	0.19832	0.19994	0.19578	0.17829	0.17886	0.19166	0.18991	0.17502	0.16189	0.089597	0.023548	0.029959	0.02331	0.0099823	0.016641	-0.00029613	-0.010261	0.0022131	0.0033038	-0.0097183	0.00074995	0.017207	0.0083918	-0.011722	0.0023868	0.017253	0.013388	0.0066306	-0.022857	-0.0041607	0.0063194	0.0005092	0.0011896	0.012504	0.004951	0.00063316	-0.0070208	-0.0045044	-0.0073782	-0.016905	-0.0053879	0.00070711	-0.00066913	-0.011166	-0.0067215	-0.0044693	-0.011683	-0.0083288	-0.0092149	-0.0020313	-0.0072094	-0.0090826	-0.0076396	-0.0073148	-0.0065417	-0.01512	-0.018261	0.0094127	-0.0097659	0.011568	0.032464	0.094213	0.22855	0.20994	0.18254	0.18558	0.18534	0.1862	0.19503	0.19523	0.19395	0.19508	0.2027	0.19472	0.1917	0.19836	0.19732	0.19111	0.20151	0.17578	0.11751	0.062588	0.028956	0.015424	0.020099	0.021088	0.022865	0.035132	0.0334	0.019672	0.014034	0.019676	0.01995	0.029608	0.013559	0.011336	0.028545	0.029768	0.016215	0.021011	0.03071	0.017102	0.003351	0.016305	0.014205	-0.0076522	-0.0091236	0.0044178	0.0034205	0.014736	0.0059416	-0.016003	-0.026605	-0.0029732	0.011109	-0.0017645	-0.016314	-0.010925	-0.0099844	-0.011705	-0.0097326	0.0046794	-0.00064093	0.0054786	0.011489	6.9359e-05	-0.00029852	-0.00325	-0.0030665	0.0016121	-0.0045415
-0.00024985	-0.011631	-0.0092161	-0.0049231	0.0020977	0.0011598	0.011213	0.013611	0.0080799	0.0057014	0.022556	0.0081297	0.004038	-0.0044471	0.010903	0.014424	0.01487	0.0025922	0.010046	0.021748	0.013318	-0.0038073	-0.0023384	0.0032704	-0.0065958	-0.013177	-0.014889	-0.02079	-0.011468	-0.020062	-0.022759	-0.015356	-0.0033091	-0.017118	-0.0198	-0.015438	-0.011988	-0.013635	0.022702	0.11684	0.19001	0.17021	0.15505	0.16299	0.16015	0.16785	0.19399	0.1707	0.16752	0.17987	0.18729	0.19154	0.17695	0.17071	0.18375	0.18356	0.19425	0.19898	0.16897	0.17847	0.17858	0.18239	0.15112	0.086225	0.02515	0.010746	0.0090528	0.0094707	-0.0012058	-0.0022881	-0.013607	-0.0021125	0.0011074	-0.0097957	0.0011567	0.0083328	-0.0058066	-0.0028318	-0.0059765	0.013866	-0.0093055	-0.012602	-0.0065604	-0.015038	-0.011357	-0.0099406	-0.010198	-0.0093825	-0.0020264	-0.010104	0.005209	0.0018811	-0.0099863	-0.0041347	-0.0008925	5.8227e-05	-0.016487	-0.0058762	-0.016907	-0.015269	0.0016564	0.00096724	-0.0045496	-0.0090344	-0.010303	-0.0056213	-0.010695	-0.01416	-0.012304	-0.015181	0.00075474	0.02825	0.13886	0.2334	0.18732	0.16627	0.1664	0.17015	0.17957	0.17514	0.18127	0.19807	0.18184	0.18319	0.18256	0.19034	0.18101	0.19171	0.18626	0.18697	0.18488	0.18339	0.17536	0.17859	0.13914	0.062169	0.025259	0.024173	0.019069	0.0035081	0.010876	0.0038437	-0.0076167	-0.01377	-0.0034236	-0.00055245	-0.0059092	-0.0023404	-0.0062462	-0.0032505	-0.0012768	-0.0094669	-0.01283	-0.018858	0.0064241	0.0023488	-0.01555	-0.019867	-0.012756	-0.0077497	-0.0060813	-0.00069782	-0.0097467	-0.0073103	0.0080251	0.016081	-0.0030461	-5.3006e-05	0.013056	0.010408	-0.003967	-0.01901	-0.010746	0.0035148	-0.0097928	-0.029577	-0.00080835	-0.027247	0.0050562	0.020101	0.0052354	0.0027989	0.001009	-0.0028095	0.017737	0.089026	0.22124	0.20077	0.16172	0.17534	0.17888	0.16811	0.18304	0.17111	0.1606	0.18265	0.19675	0.19656	0.18861	0.18593	0.18239	0.17383	0.17666	0.18481	0.17924	0.16333	0.11491	0.063359	0.0094167	-0.0072231	-0.0057884	-0.002342	0.0029176	-0.014672	-0.0057412	0.01123	0.00018624	-0.010463	0.0062697	0.012598	0.0080217	-0.001064	0.011412	0.012652	0.016167	0.0075622	0.0041392	0.0036212	0.0085471	0.0087168	-0.0046008	-0.00070168	0.0098944	-0.0012473	0.00096019	0.016302	0.017404	-0.0032222	0.0073532	0.015593	0.0051318	0.0056953	0.0026958	0.0037585	-0.0029655	-0.0040477	-0.0065475	-0.0020351	-0.012828	-0.001035	0.016159	-0.0024604	-0.025108	-0.02276	-0.017992	-0.014993
0.0043516	0.0098529	0.001046	-0.0005211	0.0032388	0.00013402	0.0079014	0.0061179	-0.0030075	0.003905	0.012442	0.0074824	0.0008235	-0.00018267	0.014944	0.019642	0.017473	0.0030515	1.8585e-05	0.011827	0.012498	0.0009471	-0.023199	-0.010681	-0.0017456	0.0055542	-0.0093873	0.0061909	0.001715	-0.016202	-0.021118	-0.0090344	-0.0079862	-0.0084398	-0.011764	-0.026465	0.051879	0.21458	0.21472	0.20984	0.16607	0.16068	0.16273	0.15207	0.17622	0.18009	0.16983	0.17589	0.1825	0.17423	0.1774	0.18062	0.18051	0.18321	0.19488	0.1971	0.19504	0.17387	0.17822	0.1834	0.17754	0.16816	0.16431	0.14314	0.034383	0.0043825	0.0073496	0.013153	0.018014	0.00081334	-0.0044816	0.0079774	0.027105	0.007024	0.0034754	0.0014285	-0.0039773	0.0093028	0.015582	0.0095778	0.00575	-0.0004116	-0.0018722	0.0093532	0.0077937	0.015429	0.018854	0.012249	0.00088547	-0.0047266	0.011496	0.0065786	-0.0079851	-0.0022546	0.013504	0.0033508	-0.0034501	-0.008167	-0.012518	-0.0043452	-0.0024444	0.0035556	0.0017044	0.0072805	-0.0012926	-0.0049086	-0.004642	-0.0037209	0.0058557	0.0080815	0.023252	0.073064	0.2016	0.19701	0.17082	0.17569	0.18686	0.16945	0.17484	0.19574	0.18678	0.18374	0.1966	0.1936	0.18886	0.20575	0.20039	0.19395	0.18927	0.18693	0.19959	0.18243	0.17757	0.17794	0.18729	0.11423	0.035455	0.0038646	0.0091745	0.013582	0.00219	-0.011519	-0.0076947	-0.0017981	0.0057434	0.0013366	-1.4628e-05	-0.01129	0.0077688	-0.0048652	0.0026965	0.0022086	-0.0046733	-0.0077825	-0.0063602	-0.0021564	-0.0025082	-0.010861	-0.013618	-0.015949	0.0040936	0.0015225	-0.012572	-0.014308	-0.0067725	-0.011384	-0.006745	-0.0033749	-0.0039678	-0.0037067	-0.0085497	-0.0058883	-0.0051097	-0.00093093	-0.00081496	-0.0082077	-0.020299	-0.006899	-0.006008	-0.011127	-0.025264	-0.02217	-0.013071	0.005811	0.076724	0.19471	0.21464	0.1776	0.16398	0.16118	0.17615	0.16002	0.17026	0.17098	0.18487	0.19198	0.17586	0.19438	0.20411	0.18408	0.18747	0.19484	0.19574	0.18609	0.16531	0.18487	0.19127	0.1029	0.036677	0.019018	0.025796	0.00032691	0.010398	0.011612	-0.010532	0.0099073	-0.0038931	-0.023776	-0.0078234	0.010052	0.011342	-0.015713	-0.0082253	-0.0014093	-0.0025216	0.001224	-0.0032575	-0.0064881	-0.0079731	-0.0027885	-0.0040525	-0.0003047	-0.00098387	-0.0059285	-0.0040694	-0.017493	-0.0020899	-0.00045114	-0.0048829	-0.0050633	0.005457	-0.0070856	-0.022237	-0.015297	-0.013507	-0.01054	-0.021813	-0.016792	-0.0074549	0.0038879	0.00027318	-0.0027262	-0.011637	-0.010926	0.0082699	-0.0069515
0.001991	-0.0029512	-0.0046276	-0.0029404	-0.0050449	-0.0040402	0.0014411	-0.0045237	-0.017243	-0.0010399	-0.00082126	0.0036865	-0.0055395	0.0009333	0.015837	0.021713	0.016928	0.00036227	-0.013157	-0.0012418	0.0085288	0.0067274	-0.0015226	-0.0083039	-0.0068525	0.0022304	-0.005182	-0.0015445	-0.0064114	-0.0086268	0.0010797	-0.0031425	-0.023715	-0.023872	-0.021284	-0.024535	-0.013388	0.0049087	0.10505	0.18031	0.16348	0.15892	0.177	0.18567	0.16707	0.18232	0.16985	0.18586	0.1723	0.18401	0.19295	0.20288	0.1847	0.19074	0.19768	0.20617	0.20122	0.18435	0.18455	0.19703	0.18977	0.1766	0.17154	0.16761	0.054478	0.02164	0.0024989	-0.010824	0.0017363	0.011455	-0.0094116	-0.013001	-0.021264	-0.023823	-0.015333	-0.0092629	-0.012639	0.0038788	-0.0090369	-0.017047	-0.0027101	-0.0043644	0.001695	-0.01052	-0.0040636	-0.0012036	-0.0038321	-0.001546	-0.0058173	-0.00067	0.0010459	0.0010279	-0.0073508	0.0027356	-0.00061754	0.0018324	-0.011554	-0.0029665	-0.0099445	0.0099279	-0.011561	-0.00074442	-0.000389	0.0010138	0.013325	0.0071426	5.921e-05	0.0095899	0.0065541	0.0070219	0.052062	0.22162	0.21891	0.18833	0.18076	0.1867	0.20553	0.20246	0.20927	0.1904	0.19108	0.19727	0.19692	0.18493	0.18867	0.19598	0.20254	0.19175	0.18117	0.17668	0.20636	0.21593	0.17852	0.16985	0.17157	0.18312	0.074506	0.030017	0.014487	0.0059354	-0.002389	0.0091794	0.0058136	0.0055932	-0.0010722	-0.0013103	0.0010882	-0.010519	0.00053725	0.010383	0.015933	0.018275	0.0026927	0.0070889	4.7342e-05	-0.0054394	-0.002803	0.0039848	0.0028446	0.003758	0.0073721	0.0042703	0.0068522	0.0068923	0.0050108	-0.0070329	-0.0097081	-0.010049	-0.0047732	-0.004525	0.0083667	-0.020658	-0.019454	-0.011418	-0.0045891	0.00041131	0.0055269	0.0090853	-0.010005	-0.0017881	-0.0037728	0.0074466	0.0070279	0.040409	0.1795	0.28388	0.18384	0.17418	0.18623	0.18452	0.20115	0.18033	0.1907	0.19397	0.16486	0.17797	0.19284	0.19112	0.18451	0.19457	0.18444	0.19154	0.1918	0.19363	0.18264	0.18203	0.18591	0.14897	0.072333	0.021981	0.028208	-2.3991e-05	0.010577	0.0042433	0.012742	0.014871	0.014052	0.0069547	0.0089926	0.0027276	-0.0019401	0.0024772	-0.0030803	-0.010188	0.0026591	0.012068	-0.0069418	0.0082821	0.0027109	-0.0097497	0.011004	0.0061112	-0.0055995	-0.0046999	0.0063085	-0.001869	-0.0020044	0.0035083	0.0097094	-0.0061908	-0.0068952	-0.0031107	-0.0041768	-0.019157	-0.0068334	-0.0033032	-0.0069904	-0.0064268	-0.0214	-0.023712	-0.0065702	-0.0075423	-0.0089029	-0.01391	-0.022127	0.0013787
0.028138	0.018004	0.0099843	0.023977	0.024977	0.019103	0.014896	0.014858	0.019763	0.016481	0.0013921	0.0221	0.027539	0.024469	0.026594	0.012728	0.0071153	0.0033193	0.016512	0.012808	0.0031327	0.014532	0.006979	-0.0026896	0.011573	-0.0057277	0.00078103	-0.007604	-0.0069368	-0.0087942	-0.01452	-0.010549	0.00014405	0.00035001	-0.0071439	0.0004149	0.0019818	0.021748	0.13885	0.23154	0.19052	0.19298	0.18648	0.18477	0.1868	0.17802	0.16731	0.18013	0.17281	0.1846	0.18283	0.18584	0.18957	0.19857	0.19518	0.20527	0.204	0.2048	0.18238	0.19262	0.19701	0.18074	0.17293	0.1583	0.098835	0.018681	0.012214	0.017621	-0.0074162	-0.028158	-0.0071018	0.013338	0.004375	-0.013732	0.0053081	-0.012591	-0.018729	-0.0091291	-0.020917	-0.020348	-0.018158	-0.019707	-0.014008	-0.012712	-0.015095	-0.0035557	-0.004075	-0.0067989	-0.0031098	0.017937	-0.0057241	-0.021596	-0.0059409	0.017372	0.018351	0.021365	0.011812	-0.006668	0.0015376	0.0027663	-0.003848	0.00045308	0.0041765	0.0010897	0.00177	0.003084	0.00080997	0.007782	-0.0020014	0.0099993	0.070101	0.25482	0.18481	0.17597	0.1973	0.18687	0.1752	0.1804	0.19125	0.19076	0.18481	0.18663	0.18475	0.17624	0.17345	0.17944	0.18739	0.18625	0.18064	0.19481	0.17815	0.17493	0.18433	0.17811	0.1733	0.17689	0.11615	0.03519	0.024505	0.0091257	0.013048	-0.00037265	0.015177	-0.0059035	0.0026861	-0.0010285	0.0051611	0.0005012	-0.0042148	0.0036855	0.0070523	0.019938	-0.0032488	0.014331	0.0017947	-0.0087796	-0.0025804	0.0085662	0.0049802	-0.0011183	0.0080236	0.0090458	0.0037285	-0.0067863	-0.012158	-0.010319	-0.0035974	-0.010719	0.0013478	-0.014545	-0.026914	-0.011852	0.0038913	-0.016843	-0.018281	-0.018534	-0.022122	-0.0077082	-0.010682	-0.023995	-0.019533	-0.0048195	-0.00037744	0.05563	0.20692	0.17809	0.1702	0.17172	0.17133	0.169	0.1623	0.17819	0.19277	0.18635	0.17414	0.19281	0.19185	0.19087	0.18273	0.18031	0.19181	0.18897	0.1857	0.18571	0.18799	0.16884	0.15399	0.178	0.12246	0.039153	0.020396	0.0060517	0.0026003	0.00063236	-0.00084982	-0.0082616	-0.020685	-0.018771	-0.0041591	0.00032634	-0.0061969	0.0099001	0.0055077	-0.010607	-0.0043893	0.011574	-0.0097619	-0.00031609	-0.0033622	-0.0082067	0.0026779	0.0088624	0.0053346	-0.0031882	-0.0072148	-0.010216	-0.019686	-0.037626	-0.036083	-0.020063	-0.030116	-0.026681	-0.024068	-0.018587	-0.032762	-0.036177	-0.041892	-0.034384	-0.033147	-0.021746	-0.012213	-0.025288	-0.044387	-0.0045976	-0.018763	-0.019292
0.0085611	0.020015	0.039542	0.017502	0.014168	0.015716	0.015663	0.012405	0.018334	0.023965	0.030812	0.014242	0.0067141	0.013835	0.0132	0.022868	0.030652	0.011161	0.014703	0.002187	0.0054215	0.0099035	0.012954	0.013166	0.0033316	-0.0059435	-0.0056208	-0.0035807	-0.0050183	-0.0051744	0.0094868	0.0044485	-0.0038131	0.0014953	0.0099879	-0.01445	0.0013981	0.037516	0.21756	0.19121	0.18564	0.18296	0.18409	0.19023	0.19904	0.20479	0.20863	0.18692	0.19715	0.21299	0.219	0.20348	0.20049	0.20773	0.20013	0.20754	0.21615	0.19559	0.19141	0.20399	0.21167	0.19785	0.18697	0.17331	0.15174	0.082714	0.034761	0.01867	0.012894	0.0082073	0.021036	0.015178	0.0035638	0.005778	0.012405	0.0049227	-0.0020984	0.007322	0.010852	0.0042644	0.0064987	-0.0031993	-0.0055845	-0.0012662	-0.011214	0.0011143	-0.0039015	-0.00020453	-0.0044233	-0.0027183	-0.0071597	-0.0049503	0.0018086	0.0090427	-0.013103	-0.0080159	0.0061815	0.00070402	0.0063209	-0.0075242	-0.017732	-0.0036981	-0.0038437	-0.0061877	-0.012114	-0.014502	-0.0076472	-0.016845	-0.014369	0.0038326	0.082649	0.244	0.17346	0.17066	0.17227	0.18473	0.18448	0.17219	0.17441	0.18439	0.18982	0.18327	0.18051	0.18534	0.20766	0.18827	0.19474	0.18957	0.20548	0.2096	0.19898	0.19658	0.2099	0.1926	0.18984	0.18021	0.19029	0.066859	0.034647	0.031469	0.0083716	-0.0019915	-0.0036884	0.0017693	0.00010486	0.0030312	0.0094398	0.01257	0.0040598	0.0080537	0.01354	0.0042248	-0.0065553	0.022578	0.0012325	-0.0019342	-0.0071683	0.0030451	0.0028529	0.0035703	-0.010501	-0.014836	-0.021413	-0.021566	-0.016765	-0.0091712	-0.0063568	-0.0044524	-0.00015454	-0.0050232	-0.0092019	-0.0027431	0.00045087	-0.0033136	-0.0077805	-0.010696	-0.023238	-0.015265	-0.019728	-0.023442	-0.0137	-0.0089485	0.014347	0.11578	0.21659	0.17855	0.16621	0.16007	0.18549	0.19049	0.17891	0.17156	0.18835	0.18574	0.18696	0.19398	0.1977	0.19803	0.18431	0.18498	0.19513	0.19365	0.20385	0.19755	0.19209	0.19422	0.18812	0.1739	0.14571	0.063782	0.021028	-0.0026378	0.0050466	0.014271	0.01555	-0.0023325	-0.0064784	0.0092643	0.00080148	-0.00509	-0.013469	0.014308	0.011081	-0.01404	-0.014453	0.0080648	-0.015597	-0.011929	-0.01245	-0.0096787	-0.0086632	0.0085986	0.013254	-0.0046916	-0.023753	-0.021577	-0.015139	-0.01139	-0.015058	-0.0082652	-0.011593	-0.016947	-0.015393	-0.014859	-0.01138	-0.016841	-0.023002	-0.021479	-0.014833	-0.013528	-0.017637	-0.019402	-0.030161	-0.020608	0.005627	0.028875
-0.0074895	-0.0067714	-0.0053143	-0.0033603	0.00098686	-0.0073445	0.0041673	6.8748e-05	0.0065477	-0.006059	-0.011983	-0.00942	-0.0013528	-0.0098752	-0.015951	-0.003096	-0.0080059	-0.012356	-0.0084129	-0.0094427	-0.0090091	-0.021227	-0.018164	-0.017896	-0.018493	-0.013224	-0.020209	-0.019434	-0.017827	0.0050694	-0.010529	-0.02698	-0.029203	-0.020021	-0.025223	0.0027151	0.011116	0.062164	0.20752	0.15176	0.16552	0.15172	0.16809	0.17351	0.17829	0.16257	0.16416	0.18905	0.17548	0.18595	0.18642	0.1742	0.17584	0.16978	0.16974	0.18353	0.16915	0.18556	0.19053	0.18766	0.19011	0.18604	0.18695	0.18556	0.16294	0.09465	0.024396	0.017286	0.022091	0.0072598	-0.0079782	0.018302	0.028694	-0.0029648	-0.0052993	0.0064427	0.0087199	0.0076247	0.0053097	0.01583	-0.0028834	-0.0097918	-0.017976	-0.017786	-0.013439	-0.0071786	0.0024582	0.0056029	0.0083518	-0.0067563	-0.013358	-0.013276	-0.037639	-0.038462	0.0085549	0.015395	0.0021405	0.00017818	0.0074881	-0.0054547	-0.0033967	0.0047898	0.0015645	-0.011628	-0.021973	-0.023933	-0.0094492	-0.0069876	-0.016342	0.0065758	0.16464	0.19366	0.17557	0.17826	0.16787	0.18558	0.19552	0.21096	0.20108	0.18948	0.19478	0.19834	0.19971	0.20179	0.1961	0.19423	0.19559	0.19374	0.19119	0.19159	0.20577	0.18937	0.18331	0.19574	0.18091	0.17921	0.16462	0.091514	0.037866	0.010477	-0.0087865	0.00050087	0.0097562	0.011353	0.00044896	-0.00063224	-0.0026261	-0.0097569	-0.010737	-0.0018622	0.0094818	0.013677	0.006428	-0.015145	-0.004809	0.0012342	0.0095507	-0.018224	0.00035076	0.013669	-0.0049865	0.005252	0.012387	0.0079829	-0.0017543	0.0013222	-0.0093312	-0.010832	-0.0037907	-0.013795	-0.017087	-0.014937	-0.0083621	-0.00080524	-0.011847	-0.004482	0.0044489	-0.012835	-0.0079414	-0.0075417	-0.0052818	0.023244	0.036944	0.20166	0.21876	0.18902	0.17769	0.18206	0.19707	0.19813	0.20545	0.1968	0.19117	0.21957	0.20563	0.19912	0.19602	0.18894	0.20225	0.18988	0.18366	0.18861	0.18767	0.19348	0.18708	0.18679	0.17895	0.1687	0.18688	0.13312	0.042467	0.025628	0.0078914	0.0014656	0.022364	0.010647	0.00019095	0.0010558	-0.0082654	0.015512	0.021365	-0.011671	-0.0014279	0.026201	0.0030501	0.0093923	0.0028762	0.012544	0.00073836	-0.0035548	0.0060891	0.0065988	0.0029537	0.015963	0.015953	0.004056	-0.01498	0.012028	0.013085	0.0012425	0.010729	0.01235	0.01146	-0.0092831	-0.0018189	-0.0031576	-0.019597	-0.022835	-0.01587	-0.010842	-0.0039856	-0.019563	-0.0073838	-0.002612	0.010607	0.041134
0.00023871	0.0049401	0.0014848	0.0067551	0.0094741	-0.0020657	0.0027201	0.0022767	0.020082	0.014962	0.018719	0.0031928	-0.00092096	-0.00035648	-0.0022039	0.003646	0.0046063	0.0030386	0.00017685	-0.012766	-0.0090359	0.018193	0.0028656	-0.016151	-0.012949	0.0063681	-0.013932	-0.012787	-0.016237	-0.0026327	-0.0022509	-0.0066662	-0.001249	-0.011857	-0.0023947	0.0064217	0.0041064	0.089093	0.25837	0.18396	0.18393	0.19634	0.19101	0.18638	0.19194	0.18659	0.19869	0.20364	0.19526	0.18812	0.19384	0.19594	0.2054	0.20371	0.19393	0.19278	0.19144	0.20636	0.19685	0.1859	0.18666	0.18506	0.17743	0.18795	0.17681	0.063352	0.028001	0.01128	0.0059148	-0.0136	0.014454	0.014606	0.0048342	-0.00093271	-0.0027944	0.0032422	0.011038	0.018172	0.005289	0.014862	0.015099	0.0076864	0.017018	0.032164	0.02142	0.0068143	0.022309	0.017572	0.026618	-0.024896	-0.013966	-0.002194	-0.00050667	-0.0010711	-0.0029798	-0.0066722	-0.010542	-0.0016153	-0.013217	-0.0043054	-0.0081777	-0.0054437	-0.017822	-0.034255	-0.022883	-0.027724	-0.028288	-0.023208	-0.0012913	0.034747	0.12517	0.19397	0.15752	0.16671	0.17316	0.16959	0.17282	0.17843	0.17158	0.16909	0.18651	0.18231	0.18585	0.18502	0.18803	0.19504	0.19804	0.19757	0.1804	0.17768	0.19121	0.19419	0.19443	0.1938	0.18885	0.18227	0.15964	0.094933	0.046671	0.01233	-0.011394	-0.02072	-0.011298	-0.01308	0.0029108	-0.0092587	-0.021058	-0.024626	-0.00095787	0.0030644	0.0010999	-0.013055	-0.0084456	-0.0031927	-0.0022367	0.0016982	0.0090934	-0.010091	0.00079677	0.0081183	-0.0016564	0.00096308	0.0028549	-0.0015968	-0.0023157	0.0063679	-0.0017655	-0.0064977	-0.002765	-0.0080999	-0.015513	-0.021872	-0.0044128	-0.0044328	-0.013246	-0.0091042	-0.0054477	-0.020642	-0.0072641	-0.006926	-0.010022	0.0097468	0.041436	0.18562	0.17628	0.15778	0.15929	0.15838	0.16185	0.16248	0.16973	0.16745	0.17784	0.18209	0.17706	0.18021	0.17938	0.18817	0.17976	0.16416	0.1814	0.19154	0.18219	0.18474	0.19032	0.18214	0.17567	0.17311	0.17858	0.13839	0.066716	0.022488	0.0036039	0.0035208	0.0077601	0.0010091	-0.0014912	0.0062655	-0.0011611	0.0057154	0.0063633	-0.0033417	-0.0020977	0.010045	0.00025023	0.0056286	0.00030058	-0.0023508	0.00019828	0.0037043	-0.003425	-0.00034619	0.0036019	-0.0078132	-0.01237	-0.0026814	-0.0098484	0.0085207	0.0032945	-0.0058813	0.0043194	0.0014892	0.0073315	-0.0072478	0.00057199	-0.0016929	-0.020021	-0.010349	-0.0084653	-0.010026	-0.0064097	-0.017896	-0.010018	-0.0050078	0.0050699	0.075599
0.029188	0.0031364	0.013356	0.013327	0.012585	0.013509	0.018542	0.018522	-0.0032281	0.00020157	0.015682	0.022593	0.01362	0.0166	0.0080526	0.0052127	0.0026088	0.00080413	0.019243	0.012114	0.01026	0.0084545	0.012934	0.013029	0.0073258	0.010847	0.010507	-0.0037346	-0.00034484	0.010142	0.011363	-0.0050458	-0.0085746	0.0032018	0.0043297	-0.0065565	0.0035071	0.083556	0.22503	0.18062	0.17873	0.18613	0.18712	0.18488	0.18039	0.19948	0.20987	0.1962	0.1869	0.18624	0.19519	0.1962	0.18991	0.18516	0.20137	0.20691	0.19268	0.20565	0.20716	0.19807	0.18178	0.1977	0.1908	0.18428	0.16508	0.097029	0.039241	0.021412	0.016022	0.0099699	-0.00045838	-0.0040886	0.00053202	0.009206	-0.013182	-0.0027898	-0.004119	0.002836	0.01818	0.015799	0.008824	0.0044482	0.01169	-0.004395	0.0015491	-0.003455	-0.0054346	0.010103	0.0087548	0.0046004	-0.004778	-0.0081807	0.0077433	0.0001998	-0.0026056	-0.0029356	-0.0054022	-0.00039254	-0.0078824	-0.0023375	-0.020422	-0.026182	-0.00837	-0.0083339	-0.015649	-0.020092	-0.01429	-0.0079565	-0.0010526	0.043148	0.24716	0.19141	0.18138	0.1697	0.19469	0.20363	0.1887	0.18833	0.19215	0.18467	0.18926	0.18079	0.19083	0.19807	0.19721	0.20958	0.20416	0.20467	0.20064	0.19449	0.19913	0.19864	0.1939	0.19175	0.21193	0.18398	0.15824	0.096471	0.049896	0.011856	-0.0065114	-0.0017369	-0.0016638	-0.007863	-0.0012021	-0.007145	0.0028514	-0.0091692	-0.0099157	0.0065127	-0.0010925	-0.0072032	-0.00066287	0.0040479	-0.0002788	0.0015478	0.0080217	-0.0025715	0.00062836	0.001953	0.0010592	-0.0039402	-0.0072912	-0.011791	-0.0034916	0.010799	0.0051858	-0.0027782	-0.0023538	-0.0030192	-0.014553	-0.029421	-0.001078	-0.0086747	-0.015259	-0.014341	-0.015959	-0.029064	-0.0072013	-0.0069247	-0.015376	-0.0043653	0.077154	0.20647	0.20014	0.16415	0.16084	0.1643	0.17354	0.17852	0.1824	0.17905	0.18435	0.18652	0.1883	0.19169	0.18775	0.1914	0.19178	0.17954	0.18653	0.19088	0.21186	0.20416	0.19991	0.19855	0.19314	0.19371	0.18354	0.16815	0.090351	0.018734	-0.001298	0.0049614	-0.0074585	-0.0092433	-0.0037878	0.010861	0.0053288	-0.0046951	-0.0092531	0.0043736	-0.0033819	-0.006726	-0.0031641	0.0012505	-0.0028894	-0.01786	-0.00095622	0.010349	-0.013553	-0.022879	-0.017968	-0.0053915	-0.014119	-0.015095	-0.0092365	0.0043994	-0.0071108	-0.01362	-0.0027043	-0.0099859	0.0025889	-0.0058269	0.0023485	-0.00084257	-0.021059	0.0015225	-0.0016749	-0.0098252	-0.0094481	-0.016842	-0.013266	-0.0080181	-0.0010816	0.079605
0.011548	-0.0026266	-0.0044894	-0.00049709	0.007459	0.0049525	0.010215	0.0018707	0.00029238	-0.0020497	-5.4302e-05	0.0034465	0.0011974	0.00024985	-9.4854e-05	-0.0021728	-0.0061953	-0.0021564	0.0088383	0.0090557	-0.00045236	-0.012196	-0.011504	0.0069387	-0.010496	-0.015794	-0.023519	-0.018725	-0.033153	-0.01431	-0.019874	-0.01514	-0.021153	-0.027149	-0.026186	-0.012087	0.0019851	0.073543	0.21409	0.17124	0.16989	0.16049	0.17724	0.18669	0.1817	0.17405	0.1694	0.17168	0.17301	0.16875	0.17307	0.17471	0.17307	0.18112	0.17752	0.19078	0.1837	0.17898	0.20511	0.1945	0.192	0.18653	0.20167	0.19688	0.20156	0.11893	0.052105	0.019236	0.0068357	0.012121	0.013058	0.014456	0.012005	-7.2319e-05	-0.0037767	0.006666	0.00035171	0.0010926	0.0096784	-0.00087947	0.0013179	0.012436	0.0029444	-0.0075909	-0.0081964	-0.0015636	-0.013044	-0.0023377	-0.0019082	-0.0075223	-0.0071963	-0.0052988	-0.011399	-0.0052635	-0.0020554	-0.01257	-0.0066213	-0.0070709	-0.0079327	-0.0091991	-0.02459	-0.021848	-0.014363	-0.020771	-0.0087049	0.013098	-0.0077156	-0.0051799	0.0042312	0.046835	0.24102	0.18271	0.18461	0.1767	0.19341	0.1966	0.21243	0.19134	0.18708	0.19765	0.20073	0.19466	0.20268	0.1919	0.19873	0.20837	0.19666	0.20324	0.20577	0.20808	0.20568	0.19997	0.19573	0.19766	0.20626	0.19285	0.18091	0.16096	0.03888	0.01025	0.0051402	-0.011386	0.0086539	-0.017678	-0.010129	-0.0018254	-0.017163	-0.010958	0.0071998	0.0033136	0.0031272	0.00269	0.00095661	-0.0015129	0.00053348	0.00168	0.011299	0.014203	0.005403	0.0067678	0.013236	0.024898	0.016288	0.011312	0.026218	0.0084492	0.0064967	0.020788	-0.0040549	0.0075695	-0.012936	-0.012297	-0.015942	-0.01927	0.01346	0.0078432	-0.010494	-0.01026	-0.0069846	0.0060279	0.027285	0.0083645	0.13985	0.26275	0.17577	0.17875	0.18104	0.18077	0.18518	0.18652	0.18404	0.19156	0.18822	0.18707	0.1882	0.20095	0.20098	0.19335	0.19196	0.20649	0.19353	0.18249	0.19153	0.19976	0.1938	0.20229	0.19537	0.21369	0.19163	0.18085	0.11971	0.039796	0.012175	0.018869	0.0044994	-0.0091281	-0.0073651	-0.0086868	-0.012904	0.0057167	0.0072055	0.0082267	0.00090909	0.006312	0.0047206	0.013706	0.0067965	0.008536	0.016817	-0.0034749	-0.0045679	-0.0010547	0.0054313	0.01183	-0.0045065	0.0011818	0.020296	0.012904	-0.011663	-0.01099	-0.0070355	0.0020449	0.0060536	-0.0066187	-0.0019508	-0.00072766	-0.0058331	0.0076485	-0.0095058	-0.01886	0.0047409	-0.0060631	-0.01767	-0.0065448	0.027226	0.17539
0.0015515	-0.00074566	-0.014691	-0.0066769	0.0099769	0.0040398	0.009532	-0.0071364	0.011457	0.003343	-0.0081462	-0.0080563	-0.0035813	-0.0084568	-0.00059832	-0.0019144	-0.0073553	0.002527	0.0060778	0.013642	-0.0035208	-0.029749	-0.0063584	-0.0052785	-0.010254	-0.01422	0.0069005	-0.0075575	0.00041079	0.0017639	-0.01017	-0.0061045	-0.00046542	-0.021613	-0.019528	-0.012706	0.0067561	0.080541	0.1749	0.18964	0.17785	0.19061	0.18389	0.16313	0.18916	0.18345	0.17698	0.19011	0.18531	0.17041	0.1753	0.17602	0.1694	0.18073	0.18303	0.19097	0.19292	0.19795	0.1885	0.18749	0.1983	0.19659	0.19141	0.17013	0.16322	0.12697	0.032056	0.0034632	0.010707	-0.0062047	-0.00038149	-0.0058161	-0.0074467	-0.009894	-0.0034589	0.0026749	-0.005643	-0.014654	-0.014966	-1.2996e-05	-0.0031526	-0.014875	0.00033594	-0.0031429	-0.010298	0.0079717	-0.013009	-0.0071346	-0.0049273	-0.012001	-0.0019707	0.0052271	-0.022897	-0.0030829	0.0061387	-0.01456	-0.00019648	-0.0061054	-0.00033902	-0.0084168	-0.021113	-0.009869	-0.015143	-0.012044	-0.0077575	-0.0070798	-0.0081181	0.006788	0.013928	0.043028	0.20511	0.17496	0.1786	0.17832	0.17436	0.18041	0.20345	0.19491	0.18278	0.18521	0.1989	0.20337	0.20218	0.20916	0.20531	0.2033	0.20246	0.19837	0.18884	0.19536	0.20922	0.19458	0.18568	0.20331	0.20473	0.19406	0.19425	0.13045	0.060126	0.035667	0.022692	0.0067571	0.0015937	0.0081017	0.007441	0.010406	0.018124	0.016452	0.021559	0.03803	0.029309	0.0094045	-0.004402	0.026591	0.039393	0.012431	-0.010536	-0.0094948	0.00065518	-0.0095667	-0.0030619	0.0056492	0.0021858	0.012451	0.01499	0.0089461	0.0017033	0.0090427	-0.0022393	-0.011998	-0.043069	-0.046751	-0.028361	-0.019978	-0.0098861	-0.017895	-0.018389	-0.027615	-0.024899	-0.0072355	-0.0053614	0.016636	0.1231	0.24656	0.19117	0.17797	0.19441	0.17784	0.1606	0.15813	0.16279	0.17303	0.18378	0.17948	0.178	0.20153	0.20698	0.18684	0.19169	0.20366	0.1897	0.20263	0.21412	0.20548	0.19855	0.202	0.199	0.19777	0.19302	0.19327	0.13877	0.040111	0.017213	0.011153	0.009585	0.03341	0.020121	0.010032	0.012898	0.021071	0.017292	0.0039176	0.024628	0.0013442	-0.0025014	-0.004583	1.5633e-06	0.0052647	0.0026278	0.00030728	0.0010871	-0.003641	-0.00025574	-0.00017613	0.012247	-0.0089943	-0.00066956	0.0076261	0.02696	0.012878	0.0049038	0.0050802	0.0095139	0.0059517	-0.010539	-0.013179	-0.0087114	-0.0021407	0.0030275	-0.0036287	-0.0080672	-0.0018381	0.007114	0.0021916	0.022409	0.11368
-0.015096	0.0082058	0.0082611	-0.0099183	-0.0053308	-0.0027068	-0.0017012	-0.0034299	0.0068986	0.0067363	-0.0063679	0.00072542	0.01266	7.6984e-05	-0.011067	-0.0058097	0.0098893	0.0030609	-0.0034346	-0.014061	-0.0032678	-0.0052094	0.00052997	-0.010649	-0.011087	-0.0065994	-0.0023387	-0.009953	-0.011209	-0.019633	0.0090155	-0.0023951	-0.0088329	-0.01089	-0.0026875	0.002777	0.009094	0.048539	0.15875	0.18752	0.16776	0.18189	0.18994	0.17554	0.17127	0.18753	0.19966	0.20394	0.20468	0.18749	0.17965	0.19652	0.20807	0.18813	0.18884	0.20557	0.20731	0.1946	0.19169	0.18283	0.18342	0.18113	0.17427	0.18011	0.17052	0.08504	0.025495	0.0080458	4.2244e-05	-0.00073139	-0.0076218	-0.010951	0.0016705	0.0053875	0.017539	0.0021987	-0.0057633	-0.0075751	0.0018607	-0.010083	-0.013258	0.0037305	0.0025294	0.001707	-0.0062689	-0.0091171	0.0055388	0.0012406	-0.0053406	0.013646	0.0011918	-0.012467	-0.012882	0.00014959	-0.0033648	-0.026189	-0.020273	-0.0076427	-0.012017	-0.013964	-0.013957	-0.018443	-0.011079	-0.012991	-0.014525	-0.025123	-0.026637	0.0023104	-0.004231	0.013813	0.22936	0.20564	0.17354	0.17371	0.1764	0.18238	0.19726	0.18094	0.18834	0.1798	0.17825	0.19714	0.19187	0.18351	0.19573	0.19659	0.19672	0.19975	0.17239	0.19946	0.20591	0.18225	0.18994	0.18537	0.21661	0.20445	0.19115	0.1562	0.083076	0.027118	0.018218	0.014092	0.013746	0.011786	0.00023542	0.0086986	0.022122	0.025212	0.015589	0.015366	0.010972	0.016072	0.0042037	0.010061	0.010793	0.0061433	-0.00067883	0.015796	-0.0019045	0.0020878	-0.0086185	-0.0091451	0.0042532	0.0044028	-0.014437	-0.016959	0.0010286	-0.0079815	-0.014281	-0.0017967	-0.006021	-0.0052825	-0.017341	-0.01741	-0.017031	-0.022806	-0.018148	-0.012973	0.0031019	0.001506	-0.0027359	0.0099383	0.10061	0.25887	0.1856	0.17559	0.17382	0.17805	0.18793	0.18829	0.1903	0.1907	0.19098	0.19419	0.19515	0.19916	0.19989	0.18854	0.18295	0.19599	0.19956	0.19363	0.21178	0.21618	0.21049	0.21468	0.20149	0.21334	0.20118	0.19097	0.11042	0.050076	0.01028	0.0073976	-0.002446	-0.011677	-0.004951	0.00067288	0.0041499	-0.0081156	-0.014096	-0.0039474	0.0084094	0.0079033	-0.004211	-0.011488	-0.011543	-0.0060281	0.010512	0.012192	-0.0006383	-0.016244	0.0075452	0.0067587	0.0036957	-0.00014879	-0.0048882	0.016832	0.002304	-0.0069746	0.00070223	0.011604	-0.001968	-0.012274	-0.005511	-0.017834	-0.0080596	0.012313	0.0082104	-0.001843	0.0024883	-0.010581	-0.013912	0.001565	0.030113	0.13885
-0.013989	-0.003885	0.0028271	-0.0016088	-0.0083737	-0.0047898	0.0037584	0.0039675	0.0025179	-0.004832	-0.0028343	0.0059551	0.0060189	0.0032897	0.0023234	0.00056879	0.00032042	-0.015415	-0.013041	-0.01221	-0.012747	-0.016843	-0.015932	-0.011718	-0.014269	0.0096608	-0.008572	-0.020634	-0.0041773	-0.00023736	0.0014088	-0.0033826	-0.011182	-0.0058028	0.014318	-0.00011751	-0.0033361	0.028838	0.17676	0.17591	0.16043	0.18216	0.18721	0.18453	0.19256	0.18333	0.18924	0.21128	0.20059	0.18642	0.19104	0.20999	0.19649	0.19201	0.1936	0.19292	0.20403	0.19234	0.18915	0.18542	0.19047	0.18242	0.17639	0.17503	0.15292	0.077978	0.036038	0.0031509	0.01273	0.0088875	-0.0084312	-0.017569	0.0077229	-0.021581	-0.010577	-0.0013408	0.0077132	0.0082431	0.0023303	0.0030015	-0.0016619	0.0010117	-0.0043494	-0.0069508	0.0014371	-0.010534	0.00082246	-0.0036975	-0.012543	0.0014065	0.0064503	-0.0020532	-0.0091739	-0.010588	-0.010686	-0.011663	-0.019161	-0.013387	0.0073755	0.0062794	-0.016237	-0.015217	-0.015377	-0.018445	-0.0042688	-0.0050478	-0.0072736	-0.013312	0.0043857	0.031124	0.13261	0.20209	0.17699	0.18353	0.18882	0.18428	0.19051	0.18792	0.18504	0.18921	0.18455	0.1986	0.19564	0.19846	0.20012	0.19493	0.19816	0.19737	0.20128	0.19173	0.19334	0.20073	0.19003	0.18143	0.18454	0.18174	0.17679	0.1245	0.039255	0.025832	0.017437	0.012898	-0.00038974	0.0069955	0.0079706	0.0038921	-0.00010083	0.001292	-0.0032562	-0.0075233	-0.0090712	-0.015845	-0.0076828	0.0090249	-0.0037528	-0.0018182	-0.001908	0.0026798	0.0032551	0.0016609	-0.0026617	-0.0035199	0.01109	0.0022176	-0.012295	-0.0088597	-0.0039568	-0.0055586	-0.00032766	-0.0076913	-0.019008	-0.01122	-0.0045832	-0.0079836	-0.0045224	-0.0062529	-0.015154	-0.012732	-0.016868	-0.013353	-0.0037712	0.014561	0.083258	0.21374	0.19299	0.16722	0.17053	0.17465	0.18166	0.18425	0.17799	0.19032	0.1994	0.19192	0.19025	0.19919	0.19698	0.17472	0.19802	0.19946	0.18954	0.19095	0.19907	0.20292	0.20766	0.20996	0.19594	0.19596	0.1933	0.18465	0.12748	0.045577	0.022381	-0.012069	-0.0040133	0.025192	0.010369	0.017132	0.0095336	0.0119	0.0036206	0.015159	0.019777	0.017777	0.0056915	0.0066947	0.0070552	-0.0007208	-0.0036162	0.0050508	0.011049	0.00090833	-0.00044169	-0.0011417	0.013078	0.0095511	0.0074665	-0.00059322	0.0066385	0.010187	0.011295	-0.0070355	-0.0011052	0.0062934	0.0049067	-0.0036757	-0.0085054	-0.0033331	0.0023699	-0.0040839	0.0013955	0.0089495	0.0039266	-0.017037	0.038663	0.15052
-0.0040813	0.013282	-0.0016647	-0.011996	-0.0029567	-0.0013274	-0.0008453	-0.004875	-0.0070377	-0.003448	-0.017554	0.00012329	0.0009852	-0.020655	-0.0063071	-0.0077332	-0.0077207	0.0014317	-0.0010698	-0.012264	-0.014173	-0.012133	-0.0077188	-0.005655	-0.0025838	-0.0074531	0.00069761	0.003272	-0.0045772	-0.002505	-0.0084212	-0.0028287	-0.0031437	-0.011076	-0.0088466	-0.0082946	-0.0049597	0.0070152	0.086669	0.20278	0.18305	0.18669	0.17106	0.17953	0.18054	0.17415	0.17651	0.17631	0.1863	0.18597	0.1721	0.17862	0.17975	0.19302	0.19281	0.18188	0.17899	0.19431	0.19193	0.18524	0.20403	0.19968	0.1999	0.17861	0.15857	0.069519	0.020777	-0.0020029	0.013817	0.0012432	-0.0047751	-0.010582	0.00018277	0.010834	0.010079	0.0049499	-0.0013695	-0.0053417	0.017291	0.0096931	0.0011181	0.0043903	0.016132	0.011636	0.00067206	-0.014452	-0.013432	-0.00080112	-0.00065193	-0.0039954	0.0032801	0.0054447	0.004846	0.0034411	-0.0071188	-0.0014911	0.0074605	-0.000221	0.001625	-0.0030541	0.0088548	0.005522	0.0030315	0.0013084	-0.0037392	-0.010679	0.0031315	0.016479	0.0051168	0.010998	0.095053	0.2446	0.15977	0.16713	0.16834	0.18709	0.17822	0.17905	0.17737	0.1829	0.18847	0.18319	0.18019	0.19516	0.19055	0.18629	0.18772	0.19776	0.18896	0.18842	0.19443	0.20036	0.20057	0.20135	0.19405	0.18131	0.18254	0.12914	0.067177	0.027613	0.0074338	0.0016361	0.0067201	0.010919	-0.0046104	0.0021059	0.00086866	-0.0042782	-0.0034599	0.002361	0.00056183	-0.012467	-0.015961	-0.0089753	-0.0085677	-0.0065708	-0.015448	-0.0025687	-0.0077397	-0.0078305	-0.017423	-0.0056383	-7.8091e-05	-0.010813	-0.0028367	0.0076575	0.013826	-0.004158	0.00030581	-0.00094258	-0.0009196	0.0035803	0.0023669	0.00021015	-0.0025763	-0.0099376	-0.0049727	-0.0021104	-0.0083422	-0.010492	-0.0021713	0.0063956	0.062177	0.26704	0.18342	0.18285	0.18465	0.18415	0.17354	0.1883	0.19712	0.19211	0.19288	0.19468	0.20623	0.18668	0.18001	0.20503	0.20706	0.19408	0.19458	0.19457	0.19518	0.19604	0.20884	0.20273	0.20288	0.19124	0.18122	0.16821	0.12458	0.028883	0.013556	0.019881	0.018969	0.018172	0.020745	0.0083244	0.013291	0.017449	0.023689	-0.00074913	0.013161	0.065392	0.057157	0.019602	0.0090542	0.013001	0.01436	0.016683	0.015276	-0.0088169	-0.0038718	0.0024645	0.025021	0.0058981	-0.00652	0.0033151	0.0096243	0.0057978	-0.0043303	-0.0060615	-0.002677	-0.015	-0.024821	-0.017135	-0.01859	-0.019943	-0.010795	-0.014824	0.0055486	-0.013456	0.0018475	-0.0094712	0.01157	0.13984
-0.016033	-0.022576	-0.014115	0.0062495	-0.016613	-0.018146	-0.0082227	-0.011668	-0.0071251	-0.012445	-0.0051794	-0.00019093	-0.0076757	-0.0085792	-0.0019252	-0.011316	-0.007156	-0.015441	-0.02393	-0.023468	-0.016966	-0.018468	-0.017793	-0.024617	-0.013955	-0.014033	-0.013723	-0.033897	-0.034442	-0.016737	-0.0043403	-0.005648	-0.0077882	-0.024339	-0.029431	-0.025896	-0.022649	-0.0044542	0.045998	0.13697	0.17545	0.17331	0.17207	0.1789	0.15484	0.18371	0.18353	0.18408	0.18332	0.20311	0.18848	0.1907	0.19812	0.19726	0.19382	0.1837	0.197	0.21216	0.1932	0.19497	0.22087	0.20728	0.20049	0.18189	0.12275	0.064736	0.02781	0.0019276	0.011242	0.023986	0.016005	-0.0057051	0.0011055	0.013254	-0.0023599	-0.018229	0.0077624	-0.0047502	-0.0054888	0.016141	0.028074	0.0015537	-0.0067182	0.0048077	0.0036531	-0.00019421	0.015886	0.0012046	0.00071843	-0.011725	-0.019099	0.003951	0.0031831	-0.0012837	-0.0014787	0.0020767	-0.0020988	0.013708	-0.0023226	-0.0033091	0.0059014	0.0083938	-0.014188	-0.0069196	0.0020677	-0.018262	-0.019565	-0.01776	-0.0068604	0.00046877	0.071903	0.16787	0.17735	0.16774	0.16732	0.1712	0.18256	0.174	0.17624	0.17188	0.18753	0.19409	0.1861	0.1773	0.18448	0.18791	0.18601	0.18613	0.18206	0.18039	0.19443	0.17011	0.17906	0.17364	0.16883	0.16112	0.16164	0.08577	0.021511	0.0083419	0.011782	0.0097824	-0.0089034	0.012504	0.0019332	-0.0024407	0.0027549	-0.013621	-0.0035402	0.0013254	0.0021182	0.0041309	-0.0072966	-0.017933	-0.011958	0.0025274	-0.0062902	0.0039524	0.0030529	-0.010888	-0.0024137	-0.0047758	-0.0027048	0.0097594	-0.0023731	-0.010449	-0.011033	-0.018818	-0.01378	-0.015228	-0.0034104	-0.0021556	-0.027231	-0.019245	0.0064485	-0.0016905	-0.014191	-0.001085	-0.0020643	0.00079512	0.0015214	0.00029778	0.045529	0.19945	0.19678	0.16695	0.17289	0.19623	0.1943	0.1783	0.17444	0.17943	0.18783	0.18448	0.18262	0.1876	0.19684	0.20307	0.18363	0.18484	0.19783	0.20176	0.19143	0.19324	0.19015	0.19262	0.18346	0.17581	0.17003	0.16132	0.076049	0.02508	0.015959	0.015696	0.0056572	-0.0031953	-0.0079568	0.0011951	-0.0029663	0.0025109	-0.00045318	0.0046234	-0.004736	0.019147	0.035034	-0.0032222	0.0039314	0.012036	0.011972	0.0051467	-0.0025353	0.0087355	0.0048812	-0.0027614	0.022042	0.0034492	-0.0012447	0.018835	-0.0038669	-0.0052899	0.0054039	0.0045604	0.0037845	-0.011599	0.0027952	0.0040891	0.0014417	-0.0091807	-0.012355	-0.0018758	-0.0048455	-0.006495	0.010128	-0.0096211	0.0071241	0.095929
0.015483	0.0054858	0.0024013	0.011301	0.0089984	-0.012645	-0.008411	0.002384	0.00019313	0.00038196	0.0067689	0.004262	-0.01015	-0.00095499	0.0021329	-0.0014848	-0.00048402	0.0030173	0.001231	-0.015704	-0.0018216	-0.0086455	0.0047158	0.008308	0.0012472	0.0015218	0.0080095	-0.0021693	-0.0030644	-0.0093356	0.010393	-8.0313e-05	-0.00019681	0.0026477	0.0043362	-0.0063621	-0.00075473	0.020561	0.030047	0.15284	0.18376	0.18007	0.18238	0.16557	0.1792	0.1952	0.19677	0.18226	0.16054	0.13979	0.15863	0.17709	0.18415	0.18127	0.18836	0.18392	0.20413	0.19776	0.19451	0.19168	0.1765	0.17362	0.18522	0.17631	0.096798	0.033013	0.014314	0.0076119	-0.0085048	-0.0042425	0.0042979	-0.013819	-0.006613	0.0049207	0.015823	0.0084392	-0.0096606	-0.017392	-0.012753	-0.0027364	-0.012541	-0.0074563	-0.0024104	-0.0016826	-0.010309	0.0086784	0.0034228	-0.020201	-0.021554	-0.0042073	0.00097808	-0.010947	-0.0073181	-0.021364	-0.024577	-0.021336	-0.014134	0.0064305	-0.01346	-0.026124	-0.018486	-0.021869	-0.017986	-0.01207	-0.0093587	-0.015578	-0.025086	-0.018526	-0.019705	-0.0030324	0.016111	0.11365	0.18748	0.1813	0.17069	0.1679	0.17697	0.18151	0.18187	0.18314	0.17968	0.18785	0.17876	0.18441	0.18724	0.18314	0.19448	0.20515	0.19111	0.18767	0.18467	0.1749	0.17816	0.17551	0.17965	0.16609	0.15411	0.084706	0.022453	0.0031123	0.0037504	0.0098806	0.01174	-0.0005084	0.0047491	-0.0032482	0.00017611	-0.02405	-0.0048577	0.0090503	0.0034005	0.0067334	0.0094849	-0.0014501	0.0044073	0.014178	0.015076	-0.0083236	0.00013775	-0.002383	-0.0076936	-0.0060207	0.00053008	-0.013494	-0.019476	-0.014677	0.002628	-0.0047831	-0.0038294	-0.0050134	-0.0106	-0.010339	-0.0070148	-0.00031119	0.00062911	-0.0054933	-0.0026112	-0.003878	-0.027796	-0.013252	-0.0029941	-0.0085307	0.025032	0.080066	0.20548	0.16206	0.16661	0.17004	0.16709	0.17098	0.17836	0.17998	0.17947	0.17411	0.17843	0.19594	0.18398	0.17277	0.17223	0.19649	0.18854	0.18162	0.18715	0.18926	0.20434	0.20483	0.21076	0.19068	0.18885	0.15669	0.074732	0.0028658	0.0099674	0.010017	0.0088262	0.0069204	0.010283	0.014056	0.008832	0.00096657	0.00013795	0.016766	0.015418	0.017762	0.016863	0.0058403	-0.00056906	0.0043112	0.0094659	0.0083471	-0.012989	-0.010896	0.0062807	-0.0027826	0.0096933	-0.002421	0.0021635	-0.00097715	0.0046971	0.0030517	0.0081976	-0.002624	-0.0010573	0.013036	-0.0053583	-0.0082485	0.012084	-0.01429	-0.0046298	-0.0053401	-0.018502	-0.002609	0.011514	0.018611	0.009045	0.040238
-0.0094495	0.0034767	-0.00035975	0.0062597	0.0033962	0.0045685	0.0012603	0.005368	0.011379	0.013305	0.015172	-0.00011135	-0.0041269	0.013117	0.0088555	0.021074	0.0043158	-0.00064626	0.0097329	0.016909	0.011102	0.00027521	-0.0064018	-0.0065255	0.0029802	0.0030106	-0.0050291	0.002189	0.0045959	0.00031346	-0.0035416	0.0048143	0.017392	-0.0020824	0.0074258	-0.011414	-0.012875	-0.0055104	0.010939	0.04791	0.17788	0.19944	0.17856	0.17333	0.17349	0.19032	0.19552	0.18772	0.16624	0.12464	0.13841	0.19757	0.20284	0.21373	0.21599	0.21086	0.21015	0.2188	0.21899	0.20915	0.19502	0.19954	0.1905	0.15637	0.094436	0.022215	0.016857	0.01798	0.011088	-0.0017288	-0.0056078	0.0011783	0.00032766	-0.0023882	0.01092	0.0086033	0.0096106	0.0010419	0.018496	0.0034643	-0.00073707	0.0090343	0.00037656	0.0022205	0.0095057	-0.0028888	0.0075759	0.0055452	0.0082024	-0.004004	-0.0049691	0.0014636	0.0059074	0.0042862	0.0038307	-0.01386	-0.011765	-0.0047674	-0.0063776	-0.012647	-0.018841	-0.01556	-0.013545	-0.011399	-0.01682	-0.018032	-0.011691	-0.00933	-0.022033	-0.0060234	0.004489	0.067471	0.24062	0.18568	0.17455	0.18904	0.18567	0.17248	0.17892	0.1889	0.19126	0.18531	0.18643	0.19812	0.20033	0.19808	0.19185	0.18667	0.18836	0.19201	0.19003	0.19691	0.19304	0.20803	0.19256	0.19295	0.14303	0.056259	0.02038	0.0014367	0.0048415	-0.001331	-0.0060736	-0.015781	-0.0025978	-0.0035593	0.0019474	-0.0024401	0.003236	0.012412	5.5836e-05	-0.0018326	0.0030686	0.0019879	-0.0026501	-0.009498	-0.011445	-0.004833	-0.0084984	-0.01409	-0.011555	-0.0035766	-0.0074033	-0.0085264	-0.010151	-0.016382	-0.0075631	0.0098335	-0.0011564	0.0003959	0.0049743	0.0054108	0.0072881	0.0044496	-0.0069688	-0.010914	-0.010335	0.0092482	0.0014406	-0.011325	-0.013467	-0.002786	0.012615	0.044563	0.17858	0.19092	0.16658	0.16641	0.17067	0.18659	0.17183	0.17313	0.17719	0.19678	0.18396	0.18367	0.18904	0.19322	0.19164	0.18254	0.17868	0.18631	0.19853	0.19905	0.19271	0.18647	0.19058	0.19324	0.16962	0.12412	0.062849	0.027809	0.026624	0.0046191	0.00011645	-0.01497	-0.011821	-0.00066874	0.0059198	-0.016669	-0.0097195	0.0097328	0.00051278	0.00075124	-0.0010181	0.0075716	-0.0015962	-0.0070866	0.0024136	0.00705	0.011076	0.002145	-0.0048127	-0.0042575	-0.0066588	-0.0017489	-0.0060767	-0.010513	-0.0078431	-0.0081587	-0.011647	-0.0052341	-0.01888	-0.017615	-0.0083695	-0.0039033	-0.010902	0.0084258	-0.01987	-0.019203	-0.028714	-0.028589	-0.017661	-0.024532	0.00030773	0.032927
-0.0010264	0.0084974	-0.0063896	-0.0081693	-0.013637	0.01671	0.011686	0.0050323	0.014428	-0.0018299	0.0068325	0.0020914	-0.0019423	-0.001268	0.0015182	-1.8773e-05	-0.0060911	-0.0063574	-0.0062603	0.0030193	0.0036562	-0.015241	-0.015505	-0.0080221	-0.0066201	-0.014982	-0.0093781	-0.0062875	-0.0069466	-0.026892	-0.018267	0.0015508	-0.010261	-0.016902	-0.010407	-0.014416	-0.011453	-0.004495	0.0021645	0.01114	0.066616	0.22302	0.18868	0.18539	0.17736	0.18521	0.19205	0.20519	0.21051	0.1616	0.19158	0.1968	0.19455	0.19681	0.18838	0.19195	0.18817	0.19219	0.19267	0.19999	0.1991	0.18208	0.158	0.11613	0.058464	0.020031	0.01331	-0.00024464	0.002543	-0.00037914	0.0016424	0.0069149	-0.0064706	0.00018843	-0.0051149	-0.0037754	-0.014473	-0.0062411	-0.0038732	-0.0053501	-0.0083464	-0.010865	-0.021855	-0.012065	-0.021525	-0.030397	-0.025987	-0.016164	-0.0046204	-0.019834	-0.01684	-0.016307	-0.0128	-0.0040247	-0.0062458	-0.015909	-0.014264	-0.012118	-0.0088196	-0.010568	-0.010019	-0.010491	0.0076936	-0.0043648	-0.014921	-0.013867	-0.0102	-0.0075968	-0.0048312	-0.0040234	0.0081236	0.042124	0.095635	0.22248	0.18338	0.18666	0.18607	0.1805	0.18529	0.18539	0.188	0.18584	0.18405	0.19079	0.19639	0.19083	0.1854	0.19087	0.18938	0.18303	0.18651	0.18953	0.1789	0.18459	0.18055	0.17658	0.12263	0.04223	0.016059	0.034006	0.025925	-0.0023897	-0.0029244	-0.0048207	0.019883	0.011242	-0.0090587	0.0052021	0.00071387	0.0031616	0.0023675	0.0092622	0.0013922	-0.006252	0.040861	0.016525	-0.001451	0.0098259	0.008887	0.011397	0.011678	0.0064331	0.002003	0.0058204	0.0161	-0.0065214	-0.011301	0.010011	0.0018956	0.00018302	-0.013217	-0.010917	-0.0023715	0.0024049	0.0088893	-0.0037781	-0.011454	-0.0088205	-3.4992e-05	-0.0056405	-0.017726	0.0082394	0.0044374	0.016504	0.0874	0.24313	0.17841	0.17303	0.17949	0.1796	0.17737	0.17584	0.18461	0.1976	0.20481	0.19889	0.19123	0.18504	0.21167	0.20232	0.18554	0.17691	0.19397	0.19454	0.17756	0.18927	0.17739	0.17627	0.17874	0.07722	0.039044	0.02189	0.012355	0.0033329	0.010351	0.0028958	0.0055118	-0.00020331	0.0030988	-0.012948	0.0018978	0.00084615	-0.0064914	-0.0042845	0.0028102	0.0049554	-0.0012838	0.0022553	0.0039665	0.0079933	-0.0033208	-0.0095325	0.01598	0.0095573	0.0055038	0.0067048	-0.00034918	-0.0039224	0.0019168	-0.0010347	-0.019425	-0.0012569	-0.01119	-0.007883	-0.0039762	0.0031949	-0.0010313	-0.0083384	0.0083392	0.0014781	0.00045474	0.0087049	0.005565	0.0032376	0.0074587	0.020473
0.0053447	0.0069925	-0.0042709	0.004007	0.0066652	0.0033091	0.0087652	0.0063967	-0.0043527	0.0016661	0.00062078	-0.0016194	0.00056646	0.0017265	0.003197	-0.00026538	0.0078464	0.0090469	0.0096786	0.0076239	0.00062289	-0.0059017	0.013492	0.0059558	0.015826	0.0016061	0.0051131	-0.0035346	-0.0064719	-0.0035108	-0.0012391	-0.013715	-0.010728	0.014532	-0.00022289	-0.015683	-0.0091373	-0.0088647	-0.011091	0.0025095	0.026178	0.08669	0.1939	0.17828	0.16946	0.17755	0.19492	0.18668	0.18462	0.18949	0.18928	0.18754	0.19915	0.19639	0.19785	0.18585	0.18204	0.1776	0.17412	0.18076	0.18227	0.15979	0.12353	0.071289	0.036908	0.0099724	0.018077	0.0099457	0.024505	-0.018636	0.0038412	0.0041758	0.0093715	-0.011848	-0.0074837	-0.00046417	-0.00070539	0.0061699	0.0063782	0.0015311	0.0057618	0.0020272	-0.0027508	-0.0036021	-0.015254	-0.02078	-0.00026891	-0.0031418	-0.0051016	-0.008699	0.002223	0.00048421	-0.014695	-0.0014763	0.0071548	-0.0094613	-0.02745	-0.0030558	-0.012014	-0.019093	0.00082007	-0.0086968	-0.0077109	-0.0016014	0.00082109	-0.019125	-0.018843	-0.013988	-0.015894	-0.018582	-0.0067489	0.011191	0.039102	0.16636	0.18641	0.18243	0.19236	0.19441	0.19755	0.18777	0.19062	0.19224	0.18755	0.18936	0.19834	0.18947	0.18484	0.20096	0.19629	0.17994	0.18887	0.18803	0.17064	0.16602	0.19288	0.13537	0.083845	0.027612	0.015023	0.01458	0.014424	-0.0026804	-0.0095428	0.00028486	0.0094968	-0.0001639	0.004623	0.015115	0.0024335	-0.017565	-1.5021e-05	0.0068607	0.0097165	-0.0067483	-0.0091007	-0.0094589	-0.0068261	-0.0093829	-0.00751	-0.003556	-0.024853	-0.0051642	-0.0095837	-0.0015344	-0.0045854	0.0025263	0.011187	0.0046727	0.00068457	0.0071927	0.0038532	-0.0052309	-0.009646	-0.010555	-0.013516	0.0067224	0.012149	0.0039718	-0.016963	0.0067612	0.01125	0.0092099	0.0033359	0.016339	0.050657	0.18151	0.21687	0.18519	0.18413	0.19276	0.19927	0.20054	0.19738	0.19819	0.2013	0.19798	0.19289	0.18116	0.18165	0.19574	0.20416	0.19501	0.18527	0.20309	0.18705	0.18572	0.17799	0.18193	0.14616	0.093773	0.029561	0.015937	0.0020213	-0.001611	-0.0093186	-0.0018231	-0.010944	-0.0055697	0.002566	-0.0030546	0.01873	-0.013611	-0.014481	0.013524	0.017674	-0.024368	-0.017653	-0.00014025	0.0012144	0.0014234	-0.020143	-0.0083973	-0.0029631	-0.011586	-0.0071409	-0.0049225	0.00062283	0.0040868	-0.0030169	-0.0098705	-0.010293	-0.01363	0.0011911	-0.010254	-0.0076679	-0.0038876	-0.013791	-0.0084349	-0.0074058	-0.0052059	-0.0034832	-0.0038756	-0.0016381	0.0032256	0.0065778	-0.0057614
-0.0074843	-0.0055285	-0.012701	-0.0019057	-0.0045715	-0.0059522	-0.0016381	-0.01627	-0.016242	-0.01855	-0.026916	-0.023781	-0.010549	-0.012539	-0.0094109	-0.025158	-0.027438	-0.015469	-0.017374	-0.003437	0.005472	-0.0050133	-0.0063933	-0.010972	-0.02301	-0.018431	-0.013786	0.005665	-0.016743	0.00084754	0.0031175	-0.01204	-0.004996	0.014335	0.0050391	-0.0075069	-0.012503	-0.012996	-0.0059981	-0.0072548	-0.0034268	0.0050541	0.097863	0.23042	0.19666	0.16989	0.17064	0.17112	0.18519	0.18587	0.17036	0.18227	0.19135	0.18984	0.19035	0.17821	0.1791	0.18928	0.17956	0.17392	0.15893	0.10388	0.049965	0.027294	0.022628	0.0085282	-0.0011781	0.013507	0.017512	0.0034385	0.018507	0.012578	-0.00041336	0.0015836	0.0032901	0.0059728	0.00045342	-0.0082691	-0.011772	0.0085732	0.0084217	-0.0051521	-0.018183	0.029375	0.023019	-0.002508	-0.0011644	-0.0038127	-0.0036226	-0.0091017	-0.0091432	-0.003232	-0.0029717	-0.0045652	-0.0077477	-0.0025083	-0.0086693	-0.019381	0.0060303	-0.002807	0.00012428	0.0092301	-0.009587	-0.0021284	0.00070407	0.0017192	9.6462e-05	-0.0058971	0.00565	0.0046578	0.0089988	-0.0087864	0.016388	0.051747	0.17387	0.20502	0.17265	0.16782	0.18078	0.20078	0.19018	0.18377	0.18733	0.18743	0.1926	0.20428	0.19257	0.17966	0.18632	0.18199	0.1654	0.18157	0.20163	0.18435	0.15607	0.10786	0.03996	0.019675	0.020672	-0.00013508	-0.023191	-0.0052616	0.0031461	-0.010125	-0.0046893	-0.0075314	-0.019862	-0.012562	-0.031752	-0.029915	-0.015612	-0.024669	-0.031047	-0.018033	-0.013973	-0.023815	-0.018565	-0.0045743	-0.011677	0.006039	-0.0017641	0.019266	0.020029	0.029122	0.028426	0.017365	-0.0010255	0.0023646	0.014838	0.0039901	-0.0011708	0.0023987	0.018848	0.014971	0.0011589	0.0038813	-0.0032146	-0.0057926	0.011668	-0.0067045	-0.0056429	-0.00072829	0.0068414	0.0084388	0.01293	0.073757	0.1625	0.17989	0.18276	0.19831	0.20454	0.19862	0.18533	0.19761	0.19185	0.19237	0.19716	0.19232	0.19202	0.21664	0.21776	0.20282	0.19034	0.18919	0.20632	0.19605	0.18109	0.1654	0.10603	0.053382	0.02571	0.017567	0.0061602	0.0082809	0.011351	0.0072811	0.0019041	0.0028618	-0.0030289	0.0071287	-0.010589	0.0068775	0.013032	0.0107	2.9027e-05	0.0017732	-0.0067632	-0.0036337	0.00066678	0.00021918	0.0017528	0.0065788	0.0011734	-0.0024338	0.004639	0.0068271	-0.0053907	-0.011555	0.022656	0.0082333	-0.0027448	-0.016684	-0.0077387	0.0031878	0.0012684	-0.0030311	-0.012135	-0.01117	-0.0082983	-0.0078569	-0.009106	-0.0058029	0.0089131	-0.00080868	-0.0053492	-0.0042491
-0.016224	-0.012953	-0.0090458	-0.013911	-0.017692	-0.013085	-0.013696	-0.014618	-0.013183	-0.022756	-0.026819	-0.025095	-0.018361	-0.022229	-0.028598	-0.010481	-0.02084	-0.0088464	-0.017709	-0.021901	-0.013649	-0.011276	-0.017235	-0.024435	-0.038404	-0.021106	-0.011967	-0.013914	-0.014848	-0.023967	-0.026793	-0.015585	-0.0084841	-0.010474	-0.0087473	-0.01332	-0.0046694	0.0073807	-0.014823	-0.007433	-0.003158	0.0018001	0.010426	0.075002	0.24291	0.1845	0.1762	0.18001	0.17408	0.20875	0.17911	0.17199	0.16387	0.17103	0.18577	0.17926	0.16549	0.17702	0.19825	0.16267	0.13096	0.10547	0.043269	0.017238	0.017389	0.026016	-0.0013425	0.0012308	0.0030315	-0.0088934	0.0043129	0.00050464	-0.0038696	0.0067444	0.0010564	-0.0034361	0.0025038	0.00057487	0.0033911	-0.0056841	-0.0049295	0.0057317	0.0021934	-0.0045399	-0.014827	-0.019275	0.00145	-0.013376	-0.014637	-0.0094024	-0.001878	-0.01036	-0.0092159	0.010036	0.0043283	-0.0034264	-0.0041258	-0.0092989	0.0083283	-0.0007697	-0.01612	0.019918	0.0085099	-0.0037832	-0.011857	0.0039485	0.0034964	0.013294	0.0031068	-0.0042162	-0.001931	-0.011115	-0.0032783	0.0045649	0.039713	0.21172	0.19487	0.16854	0.15932	0.18645	0.18173	0.19389	0.19782	0.20082	0.18366	0.20511	0.1975	0.20451	0.20943	0.20028	0.19107	0.18795	0.17615	0.14222	0.10467	0.038966	0.025629	0.0097193	0.0086452	-0.00052031	0.0039706	0.0017537	-0.0076637	0.0065607	-0.0011114	0.0036267	-0.0048472	-0.0039612	0.010821	-0.0017014	0.0056989	0.0020206	-0.021728	-0.0026381	0.015204	0.0065958	-0.005026	-0.01307	-0.0021389	0.017308	0.0074549	-0.0029463	0.00013787	0.003575	0.0053824	-0.015049	-0.0051919	-0.012214	-0.017108	-0.0080309	0.0077642	0.0018674	-0.0023378	-0.015292	-0.0098038	-0.0060692	-0.012984	-0.0089596	-0.0074551	-0.0014422	-0.0045878	0.0063462	0.014083	0.0072176	0.0032838	0.018728	0.15657	0.20808	0.19717	0.18699	0.18621	0.18993	0.18978	0.18566	0.18707	0.2048	0.19358	0.18138	0.18514	0.18649	0.18596	0.20233	0.19269	0.19572	0.19038	0.17987	0.17212	0.14223	0.079367	0.036739	0.012876	-0.0027205	0.01623	0.015281	0.017611	0.0079053	-0.0018819	0.019874	0.0030627	-0.0012038	-0.00084151	-0.0025734	0.0064765	0.011182	0.021379	0.0061993	0.0056136	-0.0044153	-0.00047796	0.0021474	0.0028651	-0.0086655	-0.00047612	0.0032218	0.0041014	0.0024326	-0.0038203	-0.0036519	0.015377	0.0096102	0.00065797	-0.0083402	0.00060208	0.0045698	0.0016581	-0.0015209	-0.0026259	-0.001758	-0.0021157	-0.0098089	-0.014103	-0.0019204	-0.0022074	0.0040942	0.0069077	0.0016739
0.0044895	-0.00025293	-0.0088317	-0.010235	0.0094873	0.0010399	-0.013559	0.011683	0.0029512	0.010207	0.00447	-0.0083951	-0.0018081	0.011666	-0.00070998	0.019674	0.0083641	-0.0071561	0.0025078	0.016505	-0.010901	-0.022898	-0.0037691	-0.0062632	-0.0090941	-0.015031	-0.0070633	-0.0026531	0.0051205	0.0092454	0.0015153	0.0037518	-0.0073108	-0.0077149	0.03232	0.019595	0.0086506	-0.0027522	-0.00045425	-0.0019311	0.001232	-0.01156	0.015122	0.032532	0.051364	0.19453	0.15919	0.18108	0.18953	0.20309	0.19893	0.19055	0.18247	0.18055	0.1854	0.19464	0.16848	0.15782	0.1362	0.10616	0.057983	0.012954	0.018009	0.0056907	0.011192	0.021895	0.0019778	-0.00033299	-0.00063851	-0.0010464	-0.0021372	0.0019948	0.0067182	0.0040554	-0.0047454	-0.00859	-0.0050486	-0.0057613	-0.0019003	-0.0027777	-0.014528	-0.0044029	-0.00065512	-0.0026372	0.0061498	0.004584	0.0021769	0.0072178	0.0092267	-0.0047665	-0.011167	-0.0013328	0.00082436	-0.0099146	-0.020049	-0.005787	0.0071229	-0.0077289	-0.013035	-0.011797	0.00052257	0.0053562	0.003655	-0.0051448	-0.0012619	-0.0057572	-0.010606	-0.011447	-0.0015663	-0.0031536	-0.0079827	-0.00099565	0.018913	-0.0013936	-0.00012324	0.031557	0.15979	0.19398	0.16771	0.17184	0.17147	0.16299	0.16715	0.16631	0.16381	0.16755	0.17258	0.17599	0.17356	0.18218	0.17193	0.15773	0.12928	0.10272	0.045619	0.015017	0.008201	0.0013266	-0.0065575	-0.005061	0.0026915	-0.0090412	-0.0024644	0.003099	0.0025407	-0.0028737	-0.0053528	0.0058819	-0.0061176	0.0048544	0.00078912	0.0051206	0.0028976	0.00483	0.013075	0.008036	-0.0056048	-0.010124	-0.0072337	-0.0061733	0.0021002	-0.0029757	0.0029751	-0.0050875	-0.0015389	-0.0017162	0.012634	0.014448	-0.00047705	-0.0034234	-0.0021681	-0.0061749	-0.0098325	0.0039789	-0.012312	-0.010983	0.0063807	-0.0038866	-0.015072	-0.016947	0.0051117	0.0080336	-0.01295	-0.015392	-0.014666	0.0016067	0.020284	0.12487	0.17225	0.17814	0.17254	0.17824	0.17257	0.17376	0.17352	0.16711	0.17753	0.18309	0.18314	0.17463	0.19227	0.17172	0.17159	0.17569	0.18553	0.13251	0.10507	0.028962	0.011832	0.015042	-0.00077238	-0.0034033	-0.015509	-0.020582	-0.020083	-0.015122	-0.013381	-0.011855	-0.018553	-0.004125	-0.0055747	-0.021474	-0.020795	-0.0057981	-0.008619	-0.003807	-0.014885	-0.0033777	-0.0059131	0.0047095	0.0046112	-0.023276	-0.0014918	0.0095112	0.0041975	-0.0013281	-0.0016161	0.0048854	0.0087311	0.011621	0.0046945	0.00063737	0.0095766	0.0065857	0.0026816	0.0006232	0.0075171	0.008288	0.0047007	-0.011127	-0.018467	-0.00045337	0.0073091	-0.00099451	-0.0016263	0.0013662
-0.012355	-0.029258	-0.029152	-0.015151	-0.03029	-0.030352	-0.022171	-0.023563	-0.016081	-0.016092	-0.011662	-0.0085744	-0.010472	-0.018073	-0.0064617	-0.013128	-0.0030413	0.010568	-0.0031016	-0.0094975	-0.0084244	0.0014492	-0.007748	-0.0099469	-0.0038541	-0.02262	-0.018383	-0.0064219	0.0026631	0.0056842	-0.0023754	0.0049118	0.014944	0.0030982	0.0020176	0.00080393	0.0072578	0.017974	0.019343	0.018801	0.0095557	0.0038341	0.010527	0.011548	0.025397	0.047585	0.051099	0.13469	0.22014	0.17532	0.1592	0.15862	0.15428	0.15267	0.14294	0.12357	0.13471	0.1398	0.06838	0.036399	0.015867	-0.0069617	-0.0057709	-0.0043775	0.0064736	0.019254	0.0067775	-0.00041753	-0.0028293	0.0082799	-0.0071081	0.0049643	0.018785	0.0028457	-0.009068	-0.012265	-0.011122	-0.010618	-0.0057125	0.0016081	-0.022647	-0.013058	-0.0020244	0.00074483	0.0065228	0.0039768	-0.0053228	-0.0061486	0.00077181	-0.0050334	-0.0041421	-0.016221	-0.0083938	-0.011439	-0.0025007	-0.013395	-0.016681	-0.014017	-0.0090892	-0.0035195	-0.018639	-0.022262	-0.021137	-0.0083925	-0.016131	-0.022412	-0.0069975	-0.010323	-0.0094521	-0.012332	-0.023975	-0.017748	-0.014139	-0.010044	-0.0093172	0.010368	0.017332	0.097256	0.18989	0.17032	0.15222	0.1647	0.17199	0.17728	0.17876	0.17929	0.16267	0.16319	0.15749	0.15058	0.12686	0.1335	0.085906	0.040758	0.00048793	0.0036209	-0.02084	0.0039788	-0.0064432	-0.011125	-0.012162	-0.010734	-0.0033176	-0.016711	-0.0034455	-0.00042933	-0.020198	-0.010084	0.0030301	-0.0052177	-0.0065036	-0.011531	-0.0019569	0.0027227	-0.0032767	-0.025301	-0.010283	0.0023878	0.0020448	-0.0054001	0.0018308	-0.00084679	-0.0032205	-0.0065661	-0.018261	-0.0088917	-0.0060069	-0.01353	-0.010531	0.005704	0.017763	0.0099363	0.012009	-5.3813e-05	0.0037497	0.0055911	0.0066001	0.0069278	0.0075878	0.0090273	0.017271	-0.0078409	-0.0085976	0.0019242	0.02655	0.0030252	0.016281	0.03119	0.065367	0.16354	0.18901	0.18097	0.18907	0.17946	0.18338	0.1804	0.19583	0.18071	0.16252	0.18576	0.18851	0.19045	0.18336	0.17691	0.1405	0.11264	0.070658	0.019296	0.021166	0.018732	0.0096662	0.010884	0.018395	-0.0067573	0.00082906	0.012146	0.0077555	0.0039997	0.017442	0.00021559	0.011083	0.013331	0.0044123	0.014246	0.023717	0.013684	0.015521	-9.6781e-05	0.011411	0.022272	0.0050673	-0.0013995	0.0046653	0.0092947	-0.0014201	0.014959	0.01982	0.019034	0.011075	0.0072001	0.017743	0.017372	0.015343	0.011344	0.0061204	0.0037593	0.016589	-0.0046952	-0.0059688	-0.0034114	-0.0048658	-0.0071851	-0.016212	-0.0011591	-0.010299	-0.0091083
7.9192e-05	-0.0057874	-0.0057523	0.0044912	-0.0022745	0.0038252	-0.011377	0.0012469	-0.0013573	0.0070243	-0.014183	-0.011514	-0.012648	-0.011035	-0.011916	-0.014492	-0.0087188	-0.015885	-0.021877	-0.0084577	0.0075513	0.0049853	0.0043157	0.00071994	-0.02261	-0.0041764	-0.0028716	0.0083957	-0.0029736	-0.0011377	0.0027797	0.0031713	0.0043239	0.0062408	-0.0014887	0.008112	-0.003173	0.0073569	0.01211	0.0096163	-0.0039276	0.018677	0.0074076	0.0095495	0.018369	0.0057931	0.019807	0.031449	0.056842	0.078621	0.11545	0.12129	0.1248	0.12722	0.11382	0.065224	0.040086	0.037794	0.016516	0.015229	0.01249	0.014493	0.023345	0.011059	-0.0025856	-0.0050496	0.0030545	0.0032027	-0.0056825	-0.0044874	0.0030517	0.00013378	-0.0053456	-0.010183	0.001378	-0.0037079	-0.0097452	-0.038463	-0.0045912	-0.0077202	0.0006945	-0.010291	-0.021964	-0.0086103	0.0027878	-0.017495	-0.0083783	-0.027208	-0.0071114	-0.00073811	-0.014424	-0.012214	-0.0062786	-0.01019	-0.014758	-0.0015417	-0.007175	-0.011406	0.0039788	-0.0061488	0.0080025	0.0098044	0.010628	0.0060662	0.011889	-0.0047757	0.0028868	0.0056721	0.0067992	0.0024551	0.0054655	0.0066574	-0.0056945	0.010196	0.019392	1.1958e-05	0.0042028	0.026262	0.033638	0.080029	0.13617	0.19402	0.17168	0.18338	0.16315	0.1481	0.13663	0.1532	0.16441	0.14143	0.070975	0.035472	0.025684	0.021515	0.017015	-0.013512	0.0023105	-0.0015728	-0.01634	-0.030082	-0.00097921	-0.0014979	-0.0013639	-0.013667	-0.015754	-0.0043253	0.0076562	-0.021467	-0.0084625	-0.0035677	-0.0087129	-0.002605	-0.012072	-0.0010838	-0.0073121	0.0057813	-0.02349	-0.011821	-0.0069996	0.0045412	-0.013082	-0.022665	-0.019728	0.0075842	-0.010592	-0.018771	-0.010783	-0.005346	-0.0048915	0.0063801	0.015165	0.01387	0.0086242	0.0012037	0.0036754	0.0068456	0.0040129	0.0048136	0.0070091	0.0068601	0.011227	-0.00033677	-5.7042e-05	0.0060849	0.016661	0.0076539	0.018898	0.023913	0.04006	0.037496	0.10512	0.19232	0.15921	0.1436	0.18292	0.18542	0.17731	0.1801	0.1843	0.18188	0.1619	0.12854	0.12823	0.11558	0.10517	0.020551	0.016563	0.015434	5.22e-05	-0.0019362	-0.010347	-0.01046	0.0065576	-0.0057744	-0.0073171	-0.018765	0.005656	0.021111	0.0004395	-0.0016958	-0.0092933	-0.018657	-0.019243	-0.013284	-0.011134	-0.012976	-0.0044629	-0.0049373	0.010856	-0.019375	-0.0038837	-0.010834	-0.01043	-0.01773	-0.011995	-0.018606	-0.017671	-0.0047343	-0.0022291	-0.026344	-0.019666	-0.011045	-0.019571	-0.011717	-0.0088961	0.0013958	0.0066831	0.0002342	-0.0051543	-0.0077465	0.0029155	-0.00019348	0.0038534	-0.0045024	0.0085807	0.0060228
-0.0060988	-0.010051	-0.005957	-0.00044745	-0.0061393	-0.00035862	-0.011844	-0.0054079	-0.0058717	0.0036225	-0.01742	-0.016157	-0.015377	-0.010165	-0.010787	-0.01306	-0.010405	-0.0064985	-0.002928	-0.0057147	-5.8576e-05	0.0018631	0.010916	0.0071887	0.011197	0.0091422	0.0086065	0.017027	0.01347	0.015085	0.0076464	0.012122	0.03171	0.013996	0.016301	0.014762	0.00052547	0.02111	0.032814	0.039725	0.018348	0.022796	0.024924	0.02857	0.028346	0.021504	0.017003	0.012695	0.032365	0.028907	0.02495	0.03553	0.029692	0.040501	0.040677	0.030584	0.032344	0.032551	0.015999	0.010696	0.02412	0.015755	-0.0024967	-0.011944	-0.01726	-0.011683	-0.020242	-0.0030719	-0.025264	-0.019266	-0.0086372	-0.01156	-0.020262	-0.020994	-0.0020818	-0.0024781	-0.013845	-0.020746	-0.010886	0.0021365	0.0015808	0.00095026	0.0020765	-0.0068141	0.01087	-0.012315	-0.024437	-0.0065392	0.0077102	0.0079079	0.024114	-0.0049922	-0.0014901	0.00039528	0.0065608	0.0063542	0.011086	0.0050852	-0.0086706	-0.0058207	-0.0014163	-0.0015655	0.0063906	-0.0024137	-0.0048323	-0.005667	0.0020512	-0.0049033	-0.019491	-0.019482	-0.014358	-0.0029271	-0.0032214	-0.0097519	-0.015029	-0.016802	-0.001182	0.0098222	-0.0027965	-0.0058876	0.008517	0.028233	0.03876	0.041518	0.052086	0.067151	0.051961	0.040363	0.018061	0.030467	0.018094	0.002269	0.011868	0.016798	0.011507	0.013223	-0.0049006	-0.0085161	-0.00574	-0.016515	-0.014665	-0.007019	-0.022705	-0.020224	-0.013494	-0.026492	-0.02664	-0.028024	-0.0097058	-0.013672	-0.024195	-0.019203	-0.018782	-0.021959	-0.02882	-0.027507	-0.016328	-0.016725	-0.017006	-0.020634	-0.0032101	-0.015257	-0.032651	0.0082467	-0.011906	-0.01207	-0.013362	-0.011109	9.5043e-05	0.0064035	0.011915	0.017152	0.004587	0.0018084	0.0029484	0.0074474	0.00077301	0.0020466	0.0057776	0.0040402	0.0045309	0.0065146	0.0078307	0.0095928	0.0061192	0.01163	0.020864	0.015984	0.0141	0.015062	0.026016	0.039709	0.080478	0.11764	0.18792	0.18947	0.16255	0.13443	0.16038	0.16757	0.16165	0.15625	0.090196	0.040461	0.015415	-0.0039289	0.0024393	-0.0032851	-0.01241	-0.0070829	-0.0099515	-0.020841	-0.016438	-0.011778	-0.016989	-0.013827	-0.0098283	-0.0068914	-0.008057	-0.012478	-0.023631	-0.017656	-0.014236	-0.030964	-0.018199	-0.0017036	-0.0029359	0.0010773	-0.0055835	-0.016221	-0.0069709	-0.012626	0.0071704	0.0055063	-0.006431	0.001231	-0.0069962	-0.0069078	0.012015	0.013982	0.014226	-0.0066065	0.0044962	0.013058	0.0050399	-0.0051174	0.0053407	0.0084409	0.0053226	0.016758	0.018949	0.017939	0.0033116	0.017712	-0.00054399	0.015255
-0.014416	-0.016453	-0.0083004	-0.0075248	-0.012143	-0.0066812	-0.01445	-0.014201	-0.012525	-0.0019181	-0.022796	-0.02294	-0.020244	-0.011433	-0.011798	-0.013766	-0.01423	0.00074933	0.013882	-0.0051105	-0.0098072	-0.0064471	-0.0057543	0.010036	0.0012259	-0.0092521	-0.0042445	0.0020323	-0.018091	-0.013925	0.0052012	-0.0022784	0.0038989	0.014815	-0.0070786	-0.0071681	-5.815e-05	0.0016293	0.01098	0.00073543	0.002567	0.00052956	0.0096811	0.011688	0.0062082	-0.014825	-0.001995	0.021105	0.026178	0.0046779	0.0075975	0.014038	0.015306	0.014345	0.0077326	-0.0074107	-0.005421	-0.0044068	0.002226	-0.0046157	-0.0061341	0.0074286	-0.0036947	-0.0012182	-0.00014859	-0.013691	-0.0084173	-0.0089849	0.0011646	-0.0013827	-0.0039196	0.0040174	-0.01377	-0.023882	-0.01715	-0.011937	-0.01424	0.0024594	-0.0057189	-6.0642e-05	-0.024817	-0.012579	-0.0095021	-0.021644	-0.025035	0.0011917	-0.0050963	0.0032718	-0.0067179	0.0030664	-0.0073975	-0.015923	0.0092824	-0.0076365	-0.0020478	0.0049128	-0.0072386	0.0023016	0.01556	0.005792	0.010551	0.013071	0.010546	0.0086151	0.0030217	0.0088879	0.011919	-0.00099151	0.010921	0.018207	0.0072698	0.014688	0.0082626	0.010594	0.025531	0.015672	-0.01156	0.017118	0.012559	-0.0025492	0.0060811	0.0054141	0.017363	0.032617	0.017516	0.012791	0.020117	0.042057	0.018777	0.012344	0.015787	0.020461	0.01014	-0.0057807	-0.00015409	0.016264	0.01167	0.0044017	-0.0018271	0.0086558	-0.00032288	0.0045387	0.0072726	0.0078973	0.011152	0.0080291	0.00022404	-0.0014994	-0.0062743	-0.013995	-0.0008292	-0.00082112	0.00018966	0.00046521	-0.0027093	-0.0053563	-0.00042131	-0.011631	0.0042762	0.0055524	-0.019332	-0.0086922	-0.013009	0.0030145	-0.0085322	-0.012899	-0.0062089	0.0082774	-0.00010919	0.0076527	-0.0054895	0.0034365	0.0019322	0.00565	-0.0054076	-0.001669	-0.0051139	-0.0030619	-0.0073483	-0.012704	-0.0078932	-0.0032315	-0.0045018	-0.014092	-0.01149	0.0077376	0.0075117	0.0017006	0.015501	0.0037841	0.0042175	0.0098446	0.0084986	0.01032	0.023511	0.038939	0.058687	0.044722	0.041234	0.03745	0.027054	0.019072	0.026001	0.020404	0.00095382	-0.00018862	-0.0036108	-0.0039068	0.0056305	-0.0029673	-0.010859	-0.0064897	-0.00034366	-0.0011918	0.00042322	0.00019705	-0.017468	-0.0088053	0.0064482	0.0085296	-0.0070586	-0.010372	-0.0079911	-0.011429	0.0028462	0.0011294	-0.0018281	0.0045855	-0.0083206	-0.016501	0.00016162	-0.0079933	-0.012659	-0.02092	-0.0046452	-0.0038982	-0.0091717	-0.013222	-0.02554	-0.024186	0.0027173	-0.0023074	-0.01	-0.008077	-0.017937	-0.0068926	-0.014188	-0.017477	-0.0016988	-0.012682	-0.029812	-0.020941	-0.014668	-0.01165	-0.011803	-0.010372
-0.020778	-0.0209	-0.0086894	-0.012648	-0.016192	-0.011049	-0.015101	-0.021041	-0.017223	-0.0055044	-0.026217	-0.027768	-0.023157	-0.010747	-0.010854	-0.012517	-0.0161	-0.011347	-0.0013052	-0.0043702	-0.011171	-0.0043542	-0.014329	-0.036848	-0.013763	-0.013968	-0.022123	-0.017083	-0.012195	-0.023405	-0.019879	-0.018748	-0.014722	-0.010657	-0.0090293	-0.0092358	-0.0037398	-0.001102	0.0019472	-0.0095266	-0.01679	-0.007587	0.0042492	-0.0081996	-0.015166	-0.0015535	-0.003787	0.0039035	-0.010665	0.00080638	-0.011442	0.016323	0.00050562	0.0057769	0.0021608	-0.00087145	-0.019211	-0.0076113	-0.0097754	-0.0040648	0.002962	-0.015639	-0.011738	-0.006998	-0.0055774	-0.013132	-0.012821	-0.015617	-0.010846	-0.029758	-0.015839	-0.014807	-0.026378	-0.016563	-0.00081555	-0.006977	-0.0098879	-0.010002	-0.0089102	-0.021971	-0.0083521	-0.0014582	0.0076794	0.0036818	0.00046105	0.00038151	0.00065394	0.00234	0.0052671	-0.00040007	0.015394	0.0025118	0.0063285	0.0068034	0.013007	0.00069371	-0.0024774	-0.003009	0.0074113	0.0063307	0.0037796	0.0020121	0.0040938	-0.0016701	0.014786	-0.0012199	0.0149	0.01797	0.0060118	0.00087775	0.00027339	0.018007	0.013506	-0.0034017	0.0021828	-0.00039045	0.012481	0.0060214	0.0094402	0.016248	0.015842	0.015107	0.0074588	0.017981	0.024109	0.0038741	-0.002865	0.010226	0.016005	0.0034655	-0.00067428	0.00376	0.019179	0.0068417	-0.007399	0.00047565	0.010255	-0.0026982	0.0072978	0.0055191	-0.0086029	-0.0093108	-0.0044111	0.0032516	-0.0087377	-0.0030677	-0.0026053	-0.008369	-0.0055959	-0.010237	-0.0038427	-0.010032	6.18e-05	-0.01107	-0.0035879	-0.0049166	-0.013109	-0.0019691	0.0018904	-0.0040862	-0.0070559	-0.004219	0.00034629	0.0097622	0.0083785	0.0023646	0.0020402	0.0074512	0.010689	0.014638	0.0057643	-0.0082587	0.0086932	-0.0014786	0.0053798	0.011204	-0.0022268	-0.0040527	0.0098087	0.011395	0.007585	0.0070113	0.008049	0.0022996	0.0070531	0.0080333	0.0010708	-0.016421	-0.01183	0.011393	0.00082238	0.0023113	0.014906	0.0088421	0.011707	0.0069401	-2.664e-05	0.0027566	0.013553	0.015498	0.015639	0.017664	0.020304	0.0082758	-0.0042403	0.0051522	0.0050775	-0.0039872	-0.0029592	0.0069319	0.0013142	-0.0083663	-0.019639	-0.011052	0.0055693	-0.0028535	-0.014994	0.0059923	-0.0022455	-0.0054803	-0.010781	0.016666	-0.0014365	-0.011688	-0.011783	-0.0036729	0.011248	0.011821	0.0029746	-0.0046136	-0.013421	-0.0093139	-0.0025781	0.00040564	-0.0053427	-0.004256	0.0093215	0.0024349	-0.0027112	0.0036515	0.0036789	0.0039789	0.00043618	-0.0059317	-0.0080382	0.0014393	-0.0010568	0.00083494	0.022093	0.0052814	-0.0016736	-0.018569	0.011841	0.0101	0.00039275	0.028235
-0.0041445	-0.0016518	0.0058676	0.0027164	-0.0034947	-0.0014016	-0.00256	-0.001678	-0.0056292	0.0018057	0.0017297	-0.00434	0.011527	0.025284	-0.0039126	-0.0013851	0.0090741	0.0030497	0.013287	0.0055693	-0.0091447	-0.0097868	-0.0049096	2.4233e-05	-0.014087	-0.010725	-0.020677	-0.0083786	-0.0079363	-0.0059845	-0.015417	-0.0042511	0.01214	-0.0012111	-0.0057043	-0.0010912	-0.0054322	-0.0069266	-6.9759e-05	-0.013635	0.0074465	0.005847	-0.0025571	-0.001002	-0.0047923	-0.007154	0.0067758	-0.007525	-0.0037284	0.002866	0.00054262	0.0053013	0.00036968	0.0057037	-0.0039236	0.0015894	-0.0024464	-0.0056455	-0.0093671	-0.0024844	-0.004346	0.0093025	0.0030391	-0.0018409	0.0020336	-0.0032644	-0.0029579	0.0063919	0.003814	0.0015276	-0.0053743	-0.010258	-0.011732	-0.0085407	0.011335	0.00015763	-0.0070208	-0.0082278	-1.1998e-05	0.014459	-0.00059233	-0.002701	-0.0027833	0.017949	0.015684	0.011693	0.0096955	0.020768	0.011211	0.020328	0.017869	0.00039239	-0.00046961	0.014737	0.002141	-0.0042897	0.0048714	0.0013115	-0.0076339	-0.011443	-0.00052464	0.0030655	-0.0056392	-0.0033482	0.0007713	-0.0072346	-0.020108	-0.0039249	-0.0037047	-0.0070917	-0.015701	-0.0098085	0.0026399	-0.0017679	-0.016953	0.0029238	-0.0079385	-0.0066118	-0.0019786	-0.0026787	-0.00049389	0.0042604	-0.00048086	7.9004e-05	0.0064792	-0.00070965	0.002161	0.019551	0.020264	0.00030599	0.0029511	0.0079012	0.01719	0.0049439	-0.00050372	0.0078969	0.0081012	-0.0082658	0.0021401	0.0062347	-0.0082124	-0.0094437	-0.01163	-0.0071337	-0.011119	-0.010073	-0.010594	-0.0077049	-0.0097505	-0.02038	-0.022232	-0.021612	-0.0017344	-0.013997	-0.015737	0.0028318	-0.013998	-0.012398	-0.011524	-0.0019537	-0.0048132	0.0091778	0.0014431	0.00303	0.00030369	-0.0035722	-0.00019692	0.012047	-0.0062828	0.00034662	-0.001191	-0.0013136	0.0011003	0.002	0.0011236	0.0025313	0.0065356	0.0087775	0.0017369	-0.0053155	-0.0082891	0.0090964	-0.0049858	-0.0065385	0.0025943	0.0061699	-0.010107	-0.0071545	0.0035701	0.0059665	-0.0048099	-0.012316	-0.0059709	0.0079962	0.013388	0.0057102	0.014589	-0.0076513	0.0086144	0.021227	0.014318	0.02056	0.0066591	-0.0024412	0.00027234	0.013968	-0.011533	-0.017127	-0.0015723	0.0010602	0.0027656	0.0038494	-0.023186	-0.0026282	0.008782	-0.0065175	-0.015473	-0.004526	0.0012816	0.0014642	0.0004925	-0.0058832	-0.010228	0.0019668	0.0026217	0.012097	0.011789	0.022504	0.015558	0.0048211	0.0097105	0.015666	-0.0001574	-0.00026227	0.010754	-0.0223	-0.0073048	-0.0069382	-0.023462	-0.00094113	0.0021659	-0.0021922	0.0033474	-0.0029884	-0.0024575	0.008607	0.013214	0.0013864	-0.0055884	0.0016623	0.0079046	0.0035584	0.0050883	0.011552	0.024788	0.0068695
-0.0011539	-0.0099977	-0.0078794	0.0027311	-0.021402	-0.0056921	0.0020085	0.019176	0.0092029	-0.0017696	-0.0044074	0.019643	0.038454	0.03012	0.0093607	0.010656	0.0025296	0.0062022	0.011344	0.005912	0.016493	0.020117	0.0085745	0.013365	0.031954	0.01098	0.01907	0.010902	0.017962	0.0061603	0.010254	0.017425	0.016006	0.012686	0.011294	0.00068786	-0.010623	0.02198	0.0044474	0.006007	0.0024575	0.0022788	-0.010295	0.0024773	0.0073494	0.0047376	0.0031611	0.012846	0.00084936	-0.0179	0.00096193	0.012215	0.019472	-0.0011019	0.00088755	0.015087	-0.0026711	-0.012304	-0.0043595	-0.00064413	-0.0094043	-0.0057915	-0.00036389	-0.014024	-0.0094878	-0.0046695	-0.016572	-0.014064	-0.0071355	-0.015747	0.00022407	-0.0018884	-0.018093	-0.014856	0.0057387	-0.005602	-0.001605	0.011359	-0.0044436	-0.015536	-0.018161	-0.0056779	0.011421	-0.0054543	0.0014036	0.016526	0.010562	-4.2561e-05	-0.0017846	0.0076748	0.011172	0.015069	0.023765	0.0013594	0.0013946	0.018083	0.01186	-0.0071015	0.0036326	0.0086601	0.0065367	-0.0044636	0.0016395	0.00054744	0.007012	0.00097457	-0.004421	0.0069095	0.01454	0.0010213	0.0082778	-0.012637	0.0075592	0.01494	-0.00088435	-0.00072577	0.0070539	-0.0031328	0.0058122	0.0051488	0.0019624	0.005747	0.022425	0.027454	-0.00043417	0.0015333	0.0088738	0.030563	0.02621	-0.0011668	0.0082632	0.013729	0.016888	0.0047328	0.0080783	0.017005	0.0076339	-0.012147	-0.0013309	0.008637	-0.0061353	-0.00789	-0.017161	-0.015832	-0.011814	-0.015391	-0.016896	-0.0053541	-0.016824	-0.0010479	-0.006212	-0.012312	-0.0092433	-0.010875	-0.026842	-0.021611	-0.0060488	-0.017884	-0.012822	-0.017384	-0.0043271	-0.0094673	-0.020053	-0.012683	-0.0028002	-0.01074	-0.0081126	-0.0095042	0.0011551	-0.012919	-0.0084674	-0.0032806	-0.0032887	-0.0022569	0.0076844	0.00060549	-0.0055984	-0.0010278	-0.0072578	-0.008142	0.00056705	0.00095869	0.0046499	-0.012185	-0.0099408	0.012534	0.01001	-0.013145	-0.003362	-0.0017751	-0.015495	-0.0068656	0.0069848	0.019954	0.0085393	-0.0068602	-0.0062673	0.01396	0.011811	-0.0048124	0.0017793	0.013746	-0.0035011	-0.0079341	0.0073048	0.0043702	-0.0018908	-0.007766	0.00030987	-0.011596	-0.027338	-0.011787	0.0061529	-0.0012306	-0.0067549	-0.022554	-0.019031	-0.0082078	-0.014314	-0.014358	-0.010892	-0.0046442	-0.015818	-0.013685	-0.0096692	-0.0032441	0.0021872	-0.01351	-0.017517	-0.0047614	-0.0014904	-0.012184	-0.00326	-0.017122	-0.011335	0.0109	0.007593	-0.0067608	-0.010948	-0.0008024	0.0059645	0.0027689	0.0009158	-0.0034675	-0.0049907	-0.0063824	-0.00058283	-0.00079112	-0.01319	-0.01172	-0.0019354	0.0086584	0.0044692	-0.0058293	-0.0064974	0.021011
-0.0083136	-0.011274	-0.0046428	-0.0057963	-0.014031	0.0047657	0.0025397	0.0032512	-0.011317	-0.0085081	0.0079365	0.015188	0.033533	0.010362	0.014961	0.01228	0.012001	0.00027236	0.014638	0.007937	0.00071174	-0.0039846	0.019687	0.0040281	-0.0062675	-0.0038067	-0.0018181	-0.0086022	0.0011076	-0.0097851	0.01731	0.015931	0.0010525	0.0018604	0.0053801	-0.0058578	0.013186	0.016384	0.01519	0.002116	-0.0010081	0.0090167	0.016023	0.012556	0.011767	0.02067	-0.0015967	0.011476	0.011752	0.0086067	0.017483	0.010637	0.0081191	0.018671	0.0024311	-0.0010715	0.0017396	0.00636	0.0088426	0.016355	0.011174	0.00098411	-0.013901	-0.00071828	-0.007873	-0.003172	-0.0093281	-0.0087618	0.0039364	0.0039795	-0.006427	-0.022251	-0.0039054	-0.0001766	-0.017761	-0.010651	-0.0082583	-0.0064283	-3.1412e-06	-0.0050214	-0.0080421	-0.012434	0.00209	-0.010618	0.0031217	-0.00076213	0.0099565	0.032367	0.01815	0.011351	0.014219	0.00097762	-0.00085876	0.017367	0.015713	0.0071979	0.015704	0.0086738	0.014954	0.019148	0.01176	0.0099255	0.0058986	0.023444	-0.0026689	-0.0025401	0.0095648	0.010775	0.014513	0.0084981	-0.00016915	0.01831	0.020277	0.011108	0.0069409	0.0078283	0.0067718	0.014301	0.014454	0.0081959	0.00093445	0.0046854	0.0097085	-0.0075123	0.016084	0.0053068	-0.012935	0.02732	0.015315	0.0017308	-0.00062479	0.015581	0.017598	0.030292	0.017333	0.00078637	0.011987	-0.00017961	0.0098403	0.0021795	0.0074153	0.0085493	0.012732	0.010275	0.0068926	0.00062814	0.0081881	0.0026369	0.0020285	-0.0093184	-0.002548	-0.0038475	-0.022818	-0.011754	-0.00049735	0.0013878	0.0049065	0.00096633	0.00069815	0.0018818	-0.0011445	-0.010432	-0.0063907	-0.0020177	0.011343	0.022827	0.00093771	0.0038199	-0.0081498	-0.013295	-0.001833	-0.0033696	-0.0070563	-0.0089034	0.0025461	-0.0060526	-0.0069225	-0.0046987	0.0029787	0.010237	-0.0098376	0.0080186	-0.0034718	-0.0048873	0.0025858	0.0023878	0.0017715	-0.011478	-0.0039724	-0.011535	-0.019132	-0.01161	-0.0096292	-0.0060109	-0.017039	-0.012533	-0.0092457	-0.0039063	-0.00098604	-0.017362	-0.024388	-0.011472	-0.015744	-0.017086	-0.013328	-0.01194	-0.016324	-0.011961	-0.010272	-0.022921	0.0061069	-0.0097682	-0.016902	-0.025885	-0.028204	-0.029124	-0.0051909	-0.019861	-0.015595	-0.016943	-0.020129	-0.0081376	-0.0040907	-0.014097	-0.014175	-0.0064861	-0.017438	-0.035257	-0.010375	-0.015277	-0.022335	0.0025916	-0.0028583	-0.008478	0.0032539	-0.016967	-0.010923	-0.0097298	-0.017328	-0.015411	-0.013568	-0.022642	-0.015912	-0.012553	-0.011075	-0.022995	-0.010787	-0.010095	-0.016655	0.00049201	-0.0095001	-0.0014497	-0.0039899	-0.0023269	-0.020839	-0.017537
-0.010951	0.0022465	0.0013064	-0.0058945	-0.013187	0.00022871	0.0030768	0.011111	0.011161	0.014729	0.028038	0.048636	0.065806	0.085362	0.10208	0.1042	0.092331	0.046175	0.039038	0.02028	0.0097618	0.0020446	0.0095036	-0.017079	-0.0077117	0.0066062	-0.017963	-0.022499	-0.021734	0.0077172	-0.0099738	-0.018922	0.00021348	-3.6824e-05	0.0046258	0.0071361	0.0068415	0.0029605	0.0079259	0.013392	0.001106	-0.0010346	0.0022976	0.0017723	-0.011075	-0.0030988	0.015665	-0.016166	-0.0027026	0.010178	0.015878	0.0088757	0.016897	0.013257	0.011815	0.018184	0.025476	0.019536	-0.0049686	-0.00090264	0.010209	0.0037569	-0.0032697	-0.020994	-0.013725	-0.015104	-0.014209	-0.0071825	-0.0096993	-0.01263	-0.0034335	-0.0047916	-0.017769	-0.024807	-0.010586	-0.017063	-0.012261	-0.02384	-0.012685	-0.0067126	0.0053875	-0.014991	0.0012311	0.0062815	0.01756	0.019956	0.0072171	0.0014059	0.010449	0.0054766	-0.0053847	0.0046845	0.0034293	-0.0045365	-0.014647	-0.0014989	-0.011385	0.00051419	0.0066602	-0.0067165	0.0027983	0.012689	0.014061	-0.011907	-0.015209	0.016822	0.003152	0.0078195	-0.0088772	-0.0045093	0.0031938	0.0053224	-0.00032128	-0.0076628	0.00085866	-0.004246	-0.0072369	-0.00087455	-0.0015405	-0.0058057	-0.00093212	0.0014083	0.0014159	-0.0018708	0.011541	-0.00029941	-0.013651	0.013037	0.011196	0.0078506	0.0024824	-0.0025855	0.0098825	-0.0061534	-0.007056	0.0036467	0.0019413	-0.00215	-0.011692	-0.008704	-0.011893	0.0020944	-0.0078092	-0.0064836	-0.0037462	-0.0024757	0.0062514	0.010369	0.014099	-0.0026216	0.0069443	0.016582	0.018359	0.017523	0.015844	0.021645	0.010444	0.00018636	0.0070807	0.025554	0.012968	-0.0020994	0.013619	0.0075152	0.008906	-0.005367	-0.0085931	0.0028444	-0.0082456	0.0059641	0.0028845	-0.012616	-0.00020745	0.0024045	0.0044176	0.00043891	-0.0094918	-0.019658	-0.0057253	-0.011788	-0.0087257	-0.0090482	-0.012811	-0.00050303	-4.2555e-06	-0.0060343	0.0054385	-0.018335	-0.0024105	0.0057758	-0.0044433	-0.0027634	-0.0056393	-0.0031578	-0.0082976	-0.013586	-0.0039703	-0.0016181	-0.009807	-0.003087	-0.0030476	-0.013509	-0.01944	-0.019054	-0.027132	-0.0030173	-0.018454	-0.0093538	-0.0073049	-0.0055038	-0.011435	-0.0082381	0.0063019	0.0021116	-0.0078148	0.0060995	0.0051964	-0.015462	-0.017428	-0.011629	-0.015632	-0.0065035	-0.0045872	-0.014131	-0.0090915	-0.010063	-0.010288	0.0020326	-0.012118	-0.0078884	-0.0029331	0.020499	-0.0027582	-0.011287	0.012288	-0.010661	-0.011769	0.012919	0.028285	0.010134	-0.0033749	0.0033924	0.015483	0.013991	0.015963	0.028744	0.012659	-0.015825	-0.0060767	0.0064092	-0.006535	0.0082744	0.013928	0.02694	0.011033	-0.003344
0.0049637	0.0056124	0.00018853	0.0030766	0.0012955	0.0048119	0.016038	0.025897	0.056177	0.12043	0.19517	0.21586	0.22914	0.25298	0.26855	0.24526	0.23785	0.24241	0.2074	0.15357	0.0773	0.018625	0.015161	0.01258	0.015132	0.009974	0.0025878	-0.008444	0.00044075	0.010157	-0.0079085	-0.0065249	-0.010172	0.0030853	-0.021134	-0.0096993	-0.013492	0.018059	0.003268	0.0032543	0.0076591	0.0091707	-0.0057249	0.0007926	0.0070066	-0.00069671	-0.011312	-0.0068668	-0.010257	0.0070225	-0.003108	-0.0046578	0.0030634	-0.0099685	-0.015428	-0.013602	-0.010427	-0.0019163	-0.0094819	-0.0044631	0.0122	-0.0034252	-0.010862	-0.002827	-0.0018302	-0.0075379	-0.0048085	-0.0082616	-0.0058568	-0.00035217	0.00027655	-0.0091728	-0.021251	-0.023989	-0.011688	-0.011312	-0.012389	-0.0164	-0.037463	-0.010423	-0.019849	-0.016687	0.0030302	0.024038	0.05051	0.093363	0.13703	0.12706	0.097842	0.064239	0.038921	0.021988	0.015379	0.015689	0.0055309	0.0060735	0.010245	0.0037623	-0.014926	-0.014317	-0.0091546	-0.0035598	-0.0026469	0.0010899	0.003141	-0.0023385	0.014125	0.0095473	-0.006077	0.0054165	0.036412	-0.0037592	-0.0021945	-0.00521	-0.0023959	-0.00036305	-0.010953	-0.0018242	-0.0090579	-0.0095414	0.0018349	0.006189	-0.0054309	-0.0047643	-0.0083622	-0.0085171	-0.014559	0.014821	-0.0086751	-0.00077075	-0.0014705	0.0045282	-0.0045362	-0.011257	-0.00031759	-0.020231	-0.023522	-0.0015899	-0.026096	-0.028253	-0.022983	-0.021501	-0.024843	-0.020673	-0.013895	-0.020537	-0.0013792	-0.00060313	-0.0085479	-0.0028637	-0.015091	-0.01258	0.0018369	0.004434	0.0075641	-0.003159	-0.0022029	0.020129	0.026824	0.010685	0.0084892	0.015854	0.022172	0.022077	0.017598	0.014364	0.020106	0.012649	0.0069881	0.012359	0.015534	-0.0042065	-0.0079702	0.0048567	-0.0034338	0.012668	0.0024806	0.023083	0.021631	0.0034099	0.014107	0.0059239	-0.0057943	-0.0058299	-0.0048099	-0.010981	-0.0085707	-0.010568	-0.002845	-0.0024087	-0.0011097	-0.0093114	0.0012294	-0.0098685	-0.0029852	-0.0046085	-0.006634	-0.0021186	-0.0083771	-0.0051894	-0.012624	0.00052454	0.0021633	-0.010202	-0.0096046	0.0013284	-0.012217	0.0014067	0.0011886	-0.012286	-0.012874	0.011402	0.0062118	-0.0063748	-0.0099634	-0.022552	-0.0045394	-0.0010443	-0.0059483	-0.015242	-0.0097809	-0.0036924	-0.013726	-0.0061602	-0.0018018	0.0030154	0.0021992	0.013178	0.014536	0.016292	0.018895	0.0056351	0.016175	0.0018652	0.007795	0.041708	0.0093677	0.011696	0.029123	0.029151	0.014434	0.017104	0.027271	0.015866	0.001388	0.013505	0.014385	0.0062747	-0.00019427	-0.0074575	0.00049467	0.011655	0.013491	0.018793	0.016054	0.013531
-0.029647	-0.020573	-0.023069	0.00011609	-0.0019157	-0.0036202	0.029848	0.091738	0.21826	0.23603	0.21641	0.15946	0.16591	0.16719	0.16536	0.16665	0.16847	0.16912	0.17045	0.15864	0.19784	0.17514	0.060964	0.035456	0.036697	0.014099	0.018086	0.0011559	0.013784	0.020927	0.0045208	-0.0019598	0.0016904	0.0072204	0.0068044	0.0040987	0.0023945	0.0072176	0.0057248	0.0075632	0.017758	-0.0070241	0.011672	0.02665	0.010761	0.0059238	0.0025024	0.0016246	0.010755	0.019817	0.0020394	0.0036534	0.021526	0.01818	0.003673	-0.0049392	0.00076257	0.0044134	0.0097014	-0.01659	-0.00012661	0.00027397	-0.009276	-0.006817	-0.026086	-0.019185	-0.0072349	-0.015524	-0.025217	-0.010903	-0.0093637	-0.033948	-0.030762	-0.0055113	-0.014739	-0.012689	-0.013285	-0.01575	-0.0088842	0.019613	0.022246	0.071114	0.16457	0.21091	0.23254	0.24755	0.22671	0.16646	0.19307	0.21736	0.22207	0.1801	0.097779	0.047524	0.02785	0.017532	0.013171	0.017476	0.014992	0.010429	0.012591	0.0037878	0.00369	-0.00036275	0.015788	0.0066151	-0.00058617	0.020939	0.024498	0.016566	-0.0034776	0.0014382	0.003543	0.0095252	0.015867	0.0031375	0.0093798	0.0030714	-0.00046628	-0.00031783	0.0034488	-0.0023621	-0.0078857	0.004372	0.0032799	-0.0079761	0.00094601	-0.013543	0.0017268	0.00061933	-0.0045595	-0.0057169	0.010465	0.0024191	-0.0015288	-0.011476	-0.0092759	-0.0060338	-0.0056781	0.0044311	0.002862	-0.0084397	-0.0049779	-0.026464	-0.014339	-0.0027068	-0.019329	-0.018086	-0.032113	-0.013094	0.0029982	0.0056668	-0.0029088	0.00053308	0.021449	0.041016	0.059933	0.13143	0.17781	0.17046	0.15718	0.12517	0.095175	0.043206	0.029175	0.017985	0.0038901	0.0063991	-0.00088339	-0.0053428	-0.0085114	-0.0014065	0.0093833	-0.0029698	-0.012325	-0.006026	0.0077372	0.0066496	-0.0030512	0.0028028	0.012819	0.010945	-0.017739	0.00072492	0.0016441	-0.0057759	-0.0030487	0.015504	0.00062495	-0.0015743	-0.0041933	0.00068122	-0.0024422	-0.010138	-0.001999	-0.0013419	-0.013993	0.0006455	-0.0036205	-0.0042432	-0.008635	-0.022202	-0.0072977	-0.0011952	-0.010225	-0.021366	-0.0069593	-0.004189	-0.0068768	-0.0079804	-0.022116	-0.024573	-0.0067253	-0.014346	-0.021064	-0.019781	-0.011275	-0.020061	-0.011081	-0.010358	-0.0076376	-0.015289	-0.017715	-0.0035652	-0.010777	-0.0048144	-0.01916	-0.01965	-0.0031542	0.016578	0.016371	0.021328	0.019757	0.01722	0.022645	0.025171	0.016916	0.0070601	0.0040863	-0.0018074	0.011496	-7.3403e-05	-0.010665	-0.0094906	-0.0059037	-0.0084532	-0.0099439	-0.021296	-0.015355	-0.019712	-0.021883	-0.01263	-0.013722	-0.0072075	-0.0088924	-0.0085307
0.0059813	0.0016088	-0.0042652	-0.0013791	0.021861	0.027716	0.15418	0.24026	0.21911	0.17976	0.1729	0.18019	0.17539	0.17658	0.18069	0.18268	0.16932	0.16809	0.1609	0.16195	0.17068	0.1615	0.15355	0.087873	0.029058	0.0067461	-0.0083048	-0.020816	-0.0093213	0.0034929	0.0060735	-0.014446	-0.013297	-0.014536	-0.022127	-0.021456	-0.01021	-0.0086328	-0.0024613	-0.0073312	-0.0099576	-0.025131	-0.022504	-0.015738	-0.011827	-0.017208	-0.021316	-0.014319	0.0020481	-0.0021598	-0.023604	-0.013822	-0.0052873	-0.010586	-0.0074265	-0.013584	-0.0092727	-0.019644	-0.023698	0.0066599	0.013341	-0.0024956	-0.0026318	-0.0085073	-0.0081423	-0.0051317	-0.01961	-0.0088731	-0.0037362	-0.009882	-0.0106	-0.0099655	-0.02287	-0.019231	-0.0089225	-0.013807	-0.013463	-0.0024443	0.023169	0.12624	0.18102	0.23512	0.16106	0.1487	0.16502	0.15732	0.15944	0.16457	0.16592	0.16931	0.17263	0.16174	0.1745	0.1704	0.099176	0.026446	0.015542	0.013383	-0.0021338	-0.017049	-0.0058394	-0.010899	-0.018687	-0.0020103	-0.00066467	0.0010457	-0.021607	0.0035919	0.00042041	0.00039318	0.0024773	-0.001037	-0.0044006	-0.0073794	-0.014797	-0.0076027	0.0013991	-0.0067581	-0.0037061	0.0022526	-0.001501	0.0057605	0.018217	-0.0019402	0.015189	-0.0089911	-0.0010067	-0.0091364	0.0020144	-0.01362	-0.012666	0.0054473	-0.0026021	-0.00033383	-0.002577	-0.0095869	-0.00051418	-0.0011419	-0.0068419	-0.0065798	-0.0095646	-0.0012269	0.0015288	0.0038557	0.0019126	-0.00098388	-0.0004699	0.014023	0.0062953	0.011556	0.0069211	0.023714	0.044806	0.10332	0.18171	0.20365	0.21441	0.23214	0.2125	0.18238	0.17556	0.1831	0.21949	0.21558	0.17686	0.10054	0.045723	0.032103	-0.0095459	-0.0009834	0.0024618	0.011065	0.017381	0.0084024	0.0042252	0.0087039	0.0041823	-0.001336	0.0020105	0.010688	0.010941	0.0058967	-0.0028196	0.003987	0.013854	0.010295	0.0035863	-0.003042	-0.0023789	0.0056369	-0.0011764	0.01293	0.013286	0.012641	0.018033	-0.00018744	0.011658	0.0067107	-0.0007819	0.0054185	0.013252	0.013595	-0.0010783	-0.0055404	-0.0066924	-0.00074547	0.013799	0.013927	0.00061079	-0.01115	-0.0043117	-0.01668	-0.022726	-0.0099398	-0.004667	-0.0012598	-0.013121	-0.017352	-0.0164	-0.0074508	-0.0084638	-0.017701	-0.0046176	-0.012518	-0.0131	0.0043298	0.01624	0.043781	0.060581	0.12906	0.1781	0.17606	0.18033	0.17746	0.16933	0.14029	0.11201	0.04813	0.010349	0.0012278	0.0076031	0.0063516	-0.009325	-0.0041961	0.011477	0.022238	0.017988	-0.0063535	0.0067236	0.0039349	0.0046192	0.0065352	0.0060486	0.007439	0.0067302	-0.0042725
-0.014053	-0.011657	-0.010952	0.0039495	0.046551	0.12851	0.20404	0.18597	0.16921	0.16651	0.16686	0.16766	0.1743	0.17655	0.18257	0.18136	0.16518	0.18232	0.18718	0.17629	0.17199	0.18011	0.16531	0.14319	0.1404	0.02934	0.0094336	0.01975	0.0043948	0.0033123	0.0030026	0.011325	0.014541	0.015588	0.00084032	0.011713	0.010056	0.011037	0.0026089	-0.0010277	0.0084017	0.026473	0.027736	0.022607	0.0054661	0.0092755	0.01337	0.0060409	0.0050948	0.0029767	-0.0016135	0.0061749	-0.00090239	-0.0030338	0.0035226	0.0017076	0.011828	0.024836	0.011027	-0.0039377	-0.014069	0.0018376	0.011792	0.0046151	0.0036333	0.0066349	-0.00033972	-0.008852	0.00031823	-0.0043607	-0.0026901	-0.0053143	-0.011774	-0.018414	0.0095494	0.0083929	0.015791	0.059864	0.14555	0.21393	0.19174	0.1638	0.18068	0.15318	0.16145	0.17836	0.18627	0.18207	0.17889	0.19082	0.2026	0.19019	0.18733	0.17801	0.14937	0.09602	0.048757	0.025542	0.015417	-0.0027428	0.0068308	0.010042	0.0054407	-0.0052938	0.014303	-0.0047486	-0.0068435	-0.0047962	-0.001781	0.00015489	-0.0095745	0.00012187	0.0048988	0.0050913	-0.0053327	-0.0080629	-0.022223	-0.0043291	-0.01645	-0.0064433	-0.0022888	-0.0014932	-0.001548	-0.011241	-0.005364	0.007219	-0.0063191	-0.024494	-0.021642	-0.0096232	-0.013787	0.01116	0.015026	0.016238	-0.0011252	0.0010493	-0.0024163	-0.0070895	-0.0029911	0.00074765	-1.1007e-05	-0.0015465	-0.0094559	-0.00043366	-0.0013883	-0.013672	-0.0062884	0.00065351	0.00070451	0.013057	0.0080058	0.057323	0.16142	0.2042	0.22637	0.16225	0.17109	0.16111	0.16026	0.16473	0.17537	0.16473	0.16666	0.16703	0.14478	0.17125	0.18322	0.07267	0.0051005	-0.006567	-0.0067816	-0.005385	-0.00053495	-0.00052031	-0.013895	-0.0010001	0.011835	0.0069343	-0.0027522	0.060571	0.0075517	-0.0012887	-0.0053487	-0.0062298	-0.0064046	-0.0045611	-0.0053967	-0.0068479	0.0032867	-0.0052877	-0.0050958	-0.021269	-0.016623	-0.01186	-0.0058674	-0.012842	-0.0079904	-0.018967	-0.022257	-0.017554	-0.0025168	0.010748	-0.0050505	-0.0078984	-0.0098118	-0.014804	-0.017862	-0.014705	-0.0116	-0.014082	-0.013872	0.0098031	-0.0033854	-0.015714	-0.010868	-0.015354	0.0052639	-0.013663	-0.020193	-0.011476	-0.0045829	-0.025699	-0.0086391	0.0077625	0.02832	0.045997	0.15452	0.19626	0.19612	0.21356	0.16527	0.14963	0.14797	0.16351	0.15796	0.15793	0.12848	0.12455	0.079351	0.038559	0.019681	0.0064656	0.00014829	-0.0090932	0.00014224	-0.0079613	-0.0033039	-0.00031274	-0.012453	0.0013972	-0.0053303	-0.014503	0.00042473	0.012189	-0.0036474	-0.0011091
-0.030459	-0.025307	-0.019203	0.012167	0.17558	0.19735	0.14542	0.14232	0.1532	0.13709	0.12619	0.14616	0.152	0.15235	0.17244	0.16457	0.15058	0.16538	0.16568	0.14692	0.14247	0.15236	0.1637	0.16153	0.1396	0.090789	0.060492	0.0053075	-0.015057	-0.0070608	-0.011186	-0.019806	-0.022952	-0.00084305	-0.019801	0.0065641	-0.0012419	-0.020715	-0.0053499	-0.013416	-0.0084871	-0.011659	-0.0089515	-0.0046483	-0.0078629	-0.0065503	-0.0038004	-0.0097951	-0.013052	-0.0052922	-0.0078253	-0.0074923	-0.021411	-0.0049739	-0.0073707	-0.018885	-0.017225	-0.026036	-0.014314	-0.025057	-0.02762	-0.023061	-0.018093	-0.019906	-0.026399	-0.02359	-0.0149	-0.015082	-0.034893	-0.028841	-0.022143	-0.02452	-0.024967	-0.023473	-0.017458	-0.011382	0.033278	0.16044	0.20299	0.14784	0.14235	0.14735	0.15203	0.16586	0.16556	0.16068	0.15888	0.16387	0.15228	0.16083	0.17681	0.17024	0.1788	0.16851	0.17397	0.16323	0.1242	0.04542	0.019986	0.016292	-0.00037732	-0.00098183	-0.0045925	-0.0078588	0.0068885	0.014582	0.0010757	-0.0021541	5.388e-05	0.0043131	-0.0049488	-0.0021326	-0.0052495	-0.021194	-0.0095613	0.0062516	-0.0018289	0.0054223	-0.0045422	0.0011836	-0.00049231	-0.0032997	0.0001792	0.0080235	-0.00066861	-0.0013633	-0.00048809	-0.0014966	0.0029445	0.0031211	-0.0060144	0.0080254	0.023807	0.023962	-0.0085212	0.0028378	-0.013166	-0.021885	-0.0079881	-0.00077273	0.00069476	-0.010714	-0.029288	-0.013571	-0.013537	-0.035209	-0.020955	-0.021564	-0.013734	0.0057105	0.068209	0.17755	0.20117	0.16975	0.16762	0.15749	0.15812	0.17012	0.17911	0.17342	0.17106	0.16834	0.17085	0.18982	0.18005	0.16866	0.1739	0.17871	0.11815	0.031457	0.023057	0.020483	0.013707	0.016453	0.003704	-0.004176	0.011326	0.0044102	0.0085254	0.042972	0.029292	0.017592	0.0030901	-0.0012342	0.0032665	0.010462	-0.0029763	0.0033847	-0.0075926	0.0020991	-4.7048e-05	0.017551	0.0028266	0.0093236	0.0025773	-0.0010718	0.0079744	0.0059439	0.011472	-0.00098911	-0.00647	0.0040543	-0.0073691	-0.011582	0.0034474	-0.0049635	0.0033815	0.0079377	-0.00013856	0.00061175	0.0031155	-0.0012654	-0.0017832	0.004872	-4.7916e-05	-0.0043721	-0.0066309	-0.019157	0.00099321	-0.0056284	0.0022934	0.0036488	0.0061834	0.030437	0.10683	0.21014	0.24731	0.1853	0.17406	0.18757	0.19116	0.18682	0.18013	0.1873	0.18555	0.19132	0.19021	0.18597	0.20434	0.18641	0.088731	0.056763	0.045888	0.026724	0.021699	0.024906	0.02714	0.026003	0.015514	0.0048646	0.016365	0.012802	0.017662	-0.0004177	0.0094047	0.022466
-0.032461	-0.032622	0.0024959	0.12529	0.19397	0.16656	0.15546	0.15512	0.14966	0.15276	0.15685	0.1565	0.15636	0.16476	0.17419	0.15828	0.17619	0.17986	0.16055	0.16803	0.16414	0.15856	0.14929	0.14792	0.15797	0.1424	0.086477	0.016802	0.0010332	-0.013177	-0.0012016	0.011118	-0.0087413	-0.011632	-0.01443	-0.016591	-0.019783	-0.019686	-0.014971	0.0031319	0.0079817	-0.0047586	-0.0036564	0.0073625	-0.0088066	-0.0058519	-0.0053788	0.008769	-0.0088982	-0.0095324	0.0035324	-0.007925	-0.014604	-0.0092882	-0.010423	0.0032303	0.012578	0.0036111	-0.0075117	-0.0019876	0.0020551	-0.021657	-0.027712	-0.010648	-0.014141	-0.024339	-0.030897	-0.024559	-0.025249	-0.028531	-0.025425	-0.027648	-0.018139	-0.021889	0.0011244	0.063555	0.16622	0.2077	0.17907	0.1723	0.16415	0.16065	0.15897	0.18784	0.18723	0.18767	0.17192	0.17607	0.18174	0.18189	0.17933	0.17477	0.18864	0.17663	0.16659	0.17019	0.15791	0.12211	0.048579	0.02682	0.002808	0.0036584	0.015369	0.0087273	-0.0010897	0.0051521	-0.00052148	-0.013258	-0.0063721	0.0095069	0.0015371	0.00327	-0.015162	-0.0062801	0.012189	0.02353	0.0016426	-0.0078841	0.0051528	0.0026435	-0.016714	-0.0073143	-0.00027376	-0.0066052	-0.001041	-0.0016525	-0.005204	-0.011268	-0.0067426	-0.009479	-0.014486	-0.032094	-0.0021695	0.011545	-0.00080728	-0.012143	0.017623	0.00030057	-0.015473	-0.012493	-0.0054685	-0.00090317	-0.0040202	-0.0088046	-0.0062325	-0.0033245	-0.0141	-0.00054281	0.019906	0.10218	0.19433	0.18178	0.16788	0.17114	0.17994	0.16298	0.16872	0.17518	0.17486	0.16881	0.16636	0.16882	0.18558	0.17956	0.17477	0.16807	0.16972	0.17237	0.15087	0.12557	0.032965	0.013276	0.010815	0.0040385	0.0042571	0.0051196	0.009628	0.016519	0.013164	-0.00098778	0.0021644	0.0033031	-0.0071816	-0.0096408	-0.0058649	0.010639	0.0085905	-0.0084244	-0.0054595	0.012917	0.0041213	0.012059	0.0072198	0.0090721	0.011168	-0.00038123	0.0042543	0.013017	0.018915	0.007338	0.011872	0.0023779	0.0073753	-0.00016759	0.0019761	0.0080099	-0.014462	-0.0038658	0.00016025	-0.014083	-0.0068464	0.00011385	-0.0020325	-0.019734	-0.022915	0.0097726	0.00039952	-0.013909	-0.034563	-0.0060037	0.0075279	0.01437	0.014893	0.058257	0.20506	0.19241	0.15615	0.17116	0.17472	0.18221	0.18643	0.18072	0.17469	0.16908	0.17958	0.18145	0.17834	0.17124	0.16812	0.16202	0.149	0.10669	0.035278	0.01775	0.0020217	0.00061533	0.012637	-0.011896	-0.019399	0.0049824	0.0059368	0.0065445	0.0031905	-0.013725	-0.0040425	-0.0073276
-0.0068781	0.011295	0.067827	0.15217	0.20004	0.16858	0.17283	0.17984	0.17325	0.17794	0.17698	0.17942	0.18158	0.19344	0.18631	0.17509	0.18335	0.17433	0.1873	0.17628	0.17118	0.17692	0.17232	0.17258	0.17734	0.19572	0.12645	0.075479	0.044519	0.0094129	-0.0014515	0.017288	-0.0025918	-0.0040181	0.0022921	0.0049726	0.0028055	0.0024522	-0.011375	-0.013548	-0.014959	0.00059583	-0.0012616	-0.015417	-0.0050965	-0.0012396	0.0066046	0.0072682	0.0042155	-0.010619	0.0033098	0.0053569	-0.0041872	-0.0078477	-0.0021743	-0.0066904	-0.0087294	-0.0053549	-0.0081375	-0.0028259	0.0070205	0.0038482	-0.003998	-0.0047901	-0.0018521	-0.0041531	-0.01362	-0.013082	-0.0023376	-0.023752	-0.0070764	-0.013272	-0.018068	-0.018116	0.035169	0.11765	0.21925	0.17628	0.17139	0.1721	0.17073	0.16598	0.16733	0.17696	0.17936	0.17762	0.1829	0.20004	0.18171	0.18658	0.1843	0.18865	0.18762	0.18298	0.18372	0.17555	0.17481	0.1697	0.11736	0.046787	0.017261	0.034805	0.020623	0.0056021	0.0066629	0.016078	0.021529	-0.0023088	0.014163	0.0058256	-0.0080606	-0.019105	-0.015009	0.0017184	0.0010483	-0.0040991	0.0024326	0.0034392	0.013384	-0.0025618	0.010114	0.020463	0.019898	0.015453	0.0060616	0.013222	0.02605	0.021079	0.0041031	0.0047164	0.00057962	0.0065374	0.00396	-0.0063088	0.0080959	-0.018181	-0.006329	-0.015234	-0.0030606	0.00041853	-0.0155	-0.013611	-0.015045	0.0017195	0.015624	-0.009566	-0.010991	0.016127	0.096087	0.18036	0.18757	0.1708	0.15964	0.16757	0.16671	0.17678	0.17118	0.16838	0.17973	0.18485	0.16649	0.17358	0.18787	0.18318	0.18485	0.18567	0.17887	0.18186	0.16573	0.16253	0.11837	0.017472	-0.002181	0.0069414	0.0072411	0.0063503	0.0016938	0.0086091	-6.0633e-05	-0.001268	0.0040256	0.0053151	-0.0042701	0.0027228	0.0081142	0.0034217	0.00073684	-0.011187	-0.0073517	-0.0049914	0.0033378	-0.0059755	-0.010683	-0.0036163	-0.010136	-0.0096886	-0.0076458	-0.0005683	-0.0027537	-0.017717	-0.010087	-0.0017613	-0.00040736	-0.0040645	-0.0048964	-0.0030068	-0.0013239	-0.017202	-0.010001	-0.0097579	-0.012884	-0.026429	-0.0097076	-0.025793	-0.024788	-0.018945	-0.026916	-0.01899	-0.010247	-0.02581	-0.01754	0.041487	0.10491	0.042118	0.157	0.16053	0.16134	0.16823	0.18067	0.18632	0.17817	0.17646	0.18826	0.19173	0.1936	0.19186	0.19117	0.18624	0.17436	0.16105	0.17265	0.15156	0.096986	0.049975	0.014668	0.0037787	0.00084292	-0.0071949	-0.0024108	0.0064168	-0.0013531	-0.0082456	-0.0036196	-0.0098905	-0.0040653	-0.010159
0.0044281	0.020071	0.098251	0.21192	0.16719	0.17346	0.17495	0.18338	0.18015	0.1844	0.18496	0.18408	0.18098	0.1915	0.18485	0.18166	0.18454	0.18276	0.19957	0.18351	0.17881	0.1904	0.18832	0.17517	0.1834	0.17374	0.18282	0.11784	0.03919	0.013343	0.0098394	0.015396	0.02561	0.0037275	0.0028144	0.018411	0.015593	0.015388	0.010145	0.010452	0.02216	0.0172	0.019521	0.019848	0.0056778	-0.0039944	0.0077323	0.020917	0.018289	0.01082	0.0029451	0.012081	0.0026919	-0.0030313	-0.0074753	0.0091939	-0.012765	-0.014012	-0.0031987	-0.0022961	0.0040593	-0.0073497	-0.001629	-0.0046394	-0.011977	-0.016963	-0.014111	-0.031019	-0.040077	-0.020336	-0.016445	-0.022414	-0.020625	-0.011994	0.070278	0.21246	0.16228	0.15986	0.15907	0.15491	0.16947	0.17648	0.17776	0.1948	0.17751	0.17748	0.1799	0.17952	0.18084	0.18301	0.1842	0.18425	0.20227	0.18506	0.16937	0.17201	0.17435	0.18557	0.13769	0.057191	0.014356	-0.0018405	0.010289	0.0019322	0.0092021	0.0016395	-0.0080549	0.0038968	0.0037454	-0.0091338	-0.0015772	-0.0081434	-0.0062336	0.011536	0.013222	0.0056279	0.0075589	0.01485	0.0088692	-0.0093866	-0.0088055	-0.00024725	-0.021971	-0.020497	-0.0094063	0.0024355	-0.019891	-0.013091	-0.022691	-0.0079674	-0.007615	0.012081	-0.0016139	0.0043555	0.0019235	-0.0011245	-0.0047727	-0.01864	-0.0087636	-0.0048835	-0.004195	-0.017167	-0.0067187	-0.0081993	-0.0099788	-0.010034	-0.0050153	0.045622	0.19579	0.21999	0.17715	0.18656	0.17242	0.17651	0.18231	0.18281	0.18428	0.18526	0.19368	0.18002	0.19889	0.19635	0.18472	0.17806	0.17946	0.17795	0.17459	0.18287	0.18011	0.17921	0.14207	0.090417	0.037619	0.013349	-0.00063878	-0.0026215	0.0032868	-0.014416	0.0045483	-0.0072494	0.0030435	-0.016058	0.0024198	0.008122	0.0084691	-0.0094826	-0.0059542	-0.0036539	-0.016021	-0.0087605	-0.020873	-0.0023867	-0.0030829	-0.018706	-0.013114	-0.0012151	0.00086456	0.010687	0.0056871	0.0019535	0.0052797	-0.0037564	-0.0065888	-0.0074305	-0.0076537	-0.0035542	-0.0086442	-0.011305	-0.013379	-0.020145	-0.011393	-0.0097978	-0.014598	-0.017972	-0.016354	-0.018478	-0.01559	-0.021214	-0.010071	0.0052319	0.03096	0.074076	0.11982	0.14095	0.15726	0.15957	0.16753	0.17271	0.18295	0.15884	0.1756	0.18979	0.17992	0.18124	0.18373	0.18787	0.18468	0.16359	0.16287	0.18223	0.18965	0.18116	0.15076	0.073045	0.035568	0.025589	0.016263	0.016176	-0.0077204	0.0034485	0.010191	0.0067615	0.0099896	0.0048308	-0.020168	-0.0038747
0.022332	0.021274	0.19827	0.22342	0.17136	0.18612	0.19963	0.18637	0.18651	0.19033	0.1924	0.1882	0.17985	0.18902	0.18286	0.18769	0.18519	0.19066	0.21131	0.1902	0.1859	0.20334	0.20378	0.17723	0.18893	0.20197	0.18996	0.14264	0.067809	0.023255	0.020102	0.016513	0.016442	0.011472	0.0087732	0.0039175	0.007709	0.007113	0.013707	0.00087694	0.011186	0.007653	0.013812	0.0088283	0.0062274	0.0026101	0.00070565	0.013728	0.011441	0.017764	0.0083681	0.0048111	-0.0039847	-0.0017905	0.0070161	-0.0010165	-0.0067464	0.011443	0.0119	-0.0038878	-0.0037167	0.0074018	-0.016056	-0.016232	-0.0080966	-0.0089917	0.0055064	-0.0094405	-0.018519	-0.0081217	-0.013579	-0.01705	-0.0064154	0.0082338	0.11353	0.21077	0.17059	0.17197	0.17167	0.17161	0.17438	0.17198	0.17475	0.18591	0.18014	0.1843	0.18931	0.18839	0.17683	0.17941	0.17849	0.18396	0.19473	0.19058	0.17799	0.18186	0.17704	0.18258	0.15714	0.1153	0.046998	0.017762	0.012025	0.0096722	0.011211	0.010863	0.0064718	0.0073382	-7.9732e-05	0.0056042	0.0028948	0.016322	0.022457	0.017906	0.0099968	-0.0005562	0.0025533	0.000457	0.0034268	0.010722	0.017646	-0.0056056	0.0086899	0.013757	-0.0030143	-0.0033828	0.016023	0.004724	-0.012047	-0.0045703	-0.0046702	-0.01145	-0.011912	-0.010442	-0.0064602	-0.020808	-0.013942	-0.028795	-0.019341	-0.026341	-0.027677	-0.025937	-0.020372	-0.01431	-0.01187	-0.012327	-0.0010633	0.13248	0.20442	0.17271	0.15725	0.13971	0.15202	0.16153	0.14911	0.14706	0.15387	0.16214	0.1693	0.1686	0.17627	0.17696	0.17542	0.17339	0.17637	0.1781	0.17506	0.16766	0.17623	0.16174	0.15565	0.12715	0.054701	0.016219	0.014554	7.2401e-05	0.00057043	-0.0095488	-0.0037529	-0.0073526	0.0014681	-0.0077878	0.0089814	0.0094278	0.0088262	0.0050827	0.0031419	0.0028921	0.0012747	0.0053762	-0.0017103	0.0048043	0.0054285	-0.0069294	-0.0015154	-0.0074618	-0.014561	-0.024703	-0.018594	-0.011887	-0.023717	-0.016677	-0.0048424	-0.00061558	-0.0070423	-0.010267	-0.011692	-0.018522	-0.016883	-0.015901	-0.01047	-0.017306	-0.017032	-0.023506	-0.016997	-0.016101	-0.016433	-0.021444	-0.012751	0.030911	0.048321	0.062131	0.11048	0.14681	0.14214	0.15166	0.16069	0.15721	0.14981	0.15577	0.17521	0.17844	0.16042	0.1613	0.17106	0.1785	0.17871	0.17836	0.18039	0.16642	0.17512	0.16815	0.16132	0.14053	0.04922	-0.00029572	-0.0062488	-0.01735	-0.010653	-0.0071725	-0.021067	-0.025121	-0.027969	-0.028823	-0.028739	-0.032999
0.0091031	0.048434	0.18598	0.19189	0.15589	0.17148	0.17525	0.16958	0.15862	0.16647	0.16899	0.17066	0.17274	0.17532	0.19797	0.20467	0.19806	0.19732	0.20486	0.19946	0.18692	0.18857	0.19886	0.18076	0.18099	0.18376	0.18491	0.17349	0.078725	0.022295	0.027234	0.032394	0.0021593	-0.0029908	0.0088257	0.013674	0.010556	0.0051662	0.0089284	0.021501	-0.0012038	-0.007439	-0.0086153	-0.003101	-0.0011908	-0.013433	0.011803	-0.0026145	0.0026674	0.0079788	-0.016472	0.0067997	0.0013891	0.0029876	-0.0057758	-0.00053915	0.0057323	-0.0056633	-0.0025556	0.0040613	0.0099292	0.010207	-0.0071863	-0.00064156	-0.0017785	-0.0015904	0.0014887	-0.0071754	-0.0028259	-0.0017725	-0.016579	-0.017551	0.0019284	0.022596	0.15092	0.20322	0.17305	0.1782	0.17839	0.18245	0.17343	0.16162	0.16588	0.17115	0.1769	0.18526	0.19285	0.19139	0.16697	0.16995	0.16692	0.1778	0.18132	0.19024	0.18076	0.18586	0.17386	0.17372	0.17072	0.13563	0.049933	0.024353	0.013811	0.00048804	-0.0022885	-0.0033017	0.0015567	0.0086631	-0.0071251	-0.007425	0.0087727	0.015116	0.016404	0.0022318	-0.0071876	-0.00037912	-0.0052063	0.0061593	0.0043662	-0.0090661	-0.0021173	0.0049377	0.0041648	-0.0037419	0.002591	0.0028875	0.0022741	-0.0043381	-0.00079117	0.0025932	-0.0072145	0.007744	0.0046406	-0.0090674	-0.0059475	-0.018903	-0.0064978	-5.6252e-05	-0.0069172	0.0045392	0.0018051	-0.0096461	-0.017071	-0.011489	-0.010305	0.0045427	0.049735	0.2219	0.18026	0.16067	0.15222	0.1528	0.17105	0.17945	0.16588	0.16789	0.17365	0.1695	0.18564	0.18899	0.18867	0.1697	0.16492	0.16877	0.17801	0.17914	0.16907	0.17212	0.17373	0.15577	0.15089	0.15538	0.095471	0.033217	0.014547	-0.0030993	-0.0080116	-0.010547	-0.01792	-0.013321	-0.005973	-0.005383	0.0096773	0.0048678	0.0033177	0.013782	0.0063723	0.0035724	0.012705	0.013647	0.011586	0.0061296	0.0080742	-0.0010189	0.0042174	-0.0038946	0.0010914	-0.0101	-0.0050459	-0.0035532	-0.0082849	-0.008073	-0.0016605	0.00033375	-0.012296	-0.022846	-0.020606	-0.031606	-0.026253	-0.017522	-0.015412	-0.030679	-0.025332	-0.034905	-0.023505	-0.01959	-0.023142	-0.02754	-0.021297	0.050724	0.11442	0.14373	0.15727	0.16779	0.17342	0.17351	0.17565	0.17014	0.18713	0.19632	0.17489	0.18025	0.18813	0.19237	0.1688	0.17602	0.18462	0.17471	0.16341	0.17273	0.17741	0.17989	0.17668	0.16552	0.096918	0.042266	0.029231	0.014561	0.004899	0.017862	0.0082417	-0.010107	-0.002923	-0.0083671	-0.00080142	-0.0065301
0.0008483	0.090858	0.24173	0.17418	0.15735	0.16644	0.17409	0.17864	0.1677	0.16672	0.18501	0.17544	0.17825	0.17115	0.18553	0.17646	0.17207	0.18516	0.19225	0.17278	0.16711	0.18499	0.17767	0.17209	0.16941	0.17963	0.18384	0.16911	0.12435	0.035743	0.014386	0.0075278	0.0027521	0.0073123	0.0091426	0.011711	0.020039	0.0074559	0.0079016	0.01576	0.0074472	0.014846	0.017187	0.0096713	0.0022182	-0.002422	0.0096301	-0.010418	0.0035784	0.0062587	-0.0044887	-0.023457	-0.0076018	0.00025634	-0.0067183	-0.011565	-0.0068998	-0.005794	-0.015767	-0.021141	-0.01735	-0.021566	-0.0094363	0.0011375	0.013238	-0.0080879	-0.013522	0.0015668	0.004927	-0.0099324	-0.016475	0.00076341	0.028678	0.073918	0.18505	0.20951	0.17259	0.16472	0.15939	0.16596	0.1719	0.16665	0.18226	0.18935	0.16086	0.187	0.17784	0.18641	0.19088	0.19902	0.18773	0.1855	0.19197	0.19862	0.18854	0.1923	0.18942	0.1864	0.16514	0.1643	0.1106	0.047561	0.007981	0.015841	0.0087661	-0.0015668	-0.0089524	-0.016522	-0.013905	-0.010457	-0.0087616	-0.0082848	-0.021999	-0.023053	-0.017696	-0.0063804	-0.00045674	-0.0096063	6.6951e-05	0.0077596	-0.0029175	-0.016264	-0.007146	0.0010118	-0.011198	-0.0070399	-0.012157	-0.0223	-0.01355	-0.0053481	-0.014819	-0.023449	-0.0065127	-0.0046625	-0.017155	-0.0070594	0.014504	0.014625	-0.015806	-0.0060775	-0.01217	-0.023277	-0.020024	-0.0081544	-0.01357	-0.001571	0.13281	0.2079	0.17344	0.17377	0.17306	0.17086	0.17086	0.17122	0.17403	0.17309	0.17018	0.18331	0.17071	0.1822	0.18287	0.17919	0.18964	0.18738	0.18915	0.17297	0.17992	0.20268	0.20308	0.18926	0.18645	0.17715	0.11945	0.058128	0.02816	0.013127	0.010339	0.013768	0.023316	0.025044	0.0056445	0.012672	0.023691	0.0095648	0.0022569	-0.0029314	0.024305	0.013533	0.0079676	0.012072	0.020209	0.019736	0.013623	0.011164	0.012963	0.0043969	0.016975	0.00067135	0.01522	0.015388	0.015903	0.0064688	0.0028419	-0.0027448	-0.010865	-0.017258	-0.019377	-0.023779	-0.02123	-0.018673	-0.018583	-0.03577	-0.032243	-0.017192	-0.025349	-0.023748	-0.025552	-0.015512	-0.0069856	0.038009	0.12963	0.14865	0.16229	0.16696	0.1681	0.17803	0.1748	0.17176	0.18561	0.19403	0.18076	0.18722	0.19413	0.19039	0.1726	0.18011	0.18848	0.17815	0.16759	0.18284	0.18056	0.18502	0.18556	0.17448	0.13831	0.11491	0.036729	0.027377	0.019827	0.021371	0.022059	0.014757	0.017074	0.0061256	0.011904	0.023315
0.010187	0.14677	0.18102	0.17432	0.16467	0.14031	0.16275	0.15918	0.17059	0.16601	0.16699	0.16324	0.16629	0.17123	0.18425	0.17964	0.18495	0.16649	0.18005	0.17785	0.17271	0.17647	0.1738	0.17961	0.18264	0.16322	0.17197	0.17368	0.13485	0.03769	0.017424	0.023156	0.023293	0.0088682	-0.00010097	-0.0041046	0.0041465	0.014892	-0.001619	-0.0067183	0.012533	0.01808	0.0059851	0.0044942	0.006429	0.0015699	0.014405	-0.0013849	-0.0055871	0.0081767	0.0048956	0.0091964	-0.0045588	0.0039131	0.0079983	0.0046095	-0.0033176	-0.0045394	0.0017215	-0.00053052	-0.0017367	-0.0010605	-0.008784	-0.010311	-0.0097372	-0.0026049	0.0046397	-0.0018541	-0.0018992	-0.016615	-0.0028907	-0.004642	0.0033961	0.11161	0.19323	0.20267	0.16347	0.1434	0.14069	0.1686	0.16446	0.17246	0.17795	0.18134	0.17272	0.18698	0.1773	0.18146	0.19037	0.1956	0.19133	0.18689	0.18192	0.19221	0.18527	0.18289	0.17859	0.18224	0.16734	0.15895	0.13437	0.04852	0.017306	-0.0057457	-0.00076481	-0.0039775	0.0087492	0.012228	0.0093371	-0.00035412	-0.0032026	-0.012587	-0.0073367	0.0058267	0.0058695	0.0036086	0.0070252	0.012294	0.01167	0.014568	-0.0029528	-0.0013687	0.00027826	-0.0031855	-0.0040442	-0.01782	-0.0093047	0.0039074	-0.0046526	-0.01394	-0.015234	-0.010692	0.0064971	-0.0091806	-0.0097443	-0.01642	-0.011513	-0.0062122	-0.013809	-0.019025	-0.0163	-0.012073	-0.0097609	-0.0035139	-0.0097872	0.0526	0.13868	0.19974	0.15703	0.14342	0.15389	0.16459	0.16404	0.16332	0.18025	0.17947	0.17081	0.18567	0.17339	0.17571	0.17975	0.16702	0.17716	0.18342	0.17789	0.17395	0.17929	0.18783	0.18367	0.19698	0.18978	0.16699	0.16505	0.088707	0.054337	0.016906	0.017597	0.0059887	0.0081666	0.012463	0.0013387	0.0035884	0.002433	0.0067408	-0.0057033	-0.0028619	0.001685	-0.0015492	0.011549	0.0030608	-0.0037448	0.0070548	-0.001872	0.0091268	-0.00054436	-0.016906	-0.0093132	0.0091181	0.00083026	-0.00077129	-0.010872	-0.028151	-0.040159	-0.0092417	-0.012851	-0.015088	-0.021565	-0.019371	-0.019625	-0.023242	-0.025172	-0.044279	-0.042571	-0.0028965	-0.030611	-0.031325	-0.031381	-0.0069033	0.0039072	0.11514	0.14141	0.15014	0.16389	0.16272	0.15935	0.17913	0.17053	0.16996	0.18068	0.18831	0.18321	0.19077	0.19671	0.18499	0.17298	0.18078	0.18892	0.17818	0.16834	0.18953	0.1803	0.18674	0.19102	0.18002	0.17629	0.1473	0.052283	0.024655	0.025026	0.010672	0.01143	0.011043	0.014702	0.016859	0.019752	0.019885
0.0020742	0.17884	0.18561	0.16922	0.15738	0.16859	0.16848	0.17372	0.16863	0.17561	0.18064	0.17522	0.17563	0.17537	0.18632	0.18535	0.17018	0.17691	0.18551	0.16947	0.2071	0.18967	0.18184	0.19027	0.17228	0.17493	0.18442	0.16638	0.12046	0.058174	0.0055372	0.0099188	0.020814	0.0097977	-0.001046	0.0056467	0.0022433	-0.00022858	-0.0019669	0.0056275	-0.0016106	0.0096094	0.012915	0.0085493	0.014329	0.0024573	0.012473	0.016061	0.018055	0.026451	0.012819	0.013902	0.013338	-0.0083102	-0.00079324	0.0047891	-0.008074	-0.00090475	0.0046373	0.0050714	0.00056058	0.0028193	0.01454	0.022158	0.018777	-0.0054891	-0.0014397	-0.0061788	-0.0021075	0.0097281	-0.0073351	-0.010807	0.00060984	0.038083	0.10284	0.14577	0.15804	0.15782	0.15349	0.14361	0.17347	0.18415	0.17953	0.17921	0.19045	0.19284	0.18263	0.18239	0.19574	0.19806	0.20082	0.19416	0.17776	0.19168	0.18788	0.17936	0.17363	0.18397	0.17543	0.15948	0.13243	0.0613	0.026713	0.017211	0.014696	0.010557	0.00022916	0.0018665	-0.0036573	-0.0059912	0.0038623	-0.0063542	-0.010264	-0.032019	-0.036567	-0.025293	-0.018216	-0.021103	-0.01762	-0.0075786	-0.0050348	-0.006863	-0.0075289	-0.017738	-0.01892	-0.015289	-0.015731	-0.007085	0.0080089	-0.011583	-0.015864	-0.0074462	-0.021406	-0.011087	0.0057366	-0.0083473	-0.0076165	-0.0020123	-0.019591	-0.016766	-0.0076028	-0.014474	-0.0030295	0.0045496	0.010979	0.084085	0.16373	0.20398	0.16852	0.16938	0.1778	0.18601	0.18168	0.17602	0.19091	0.18511	0.15651	0.15894	0.16514	0.16585	0.17302	0.19729	0.18923	0.19819	0.17806	0.18673	0.1893	0.1845	0.19344	0.19776	0.20479	0.1779	0.18013	0.09737	0.048044	0.014405	-0.00091642	-0.0071625	-0.0025677	0.004381	0.0067009	0.0051651	0.015782	0.015853	0.0083302	0.0066805	0.014554	0.0056261	0.011099	0.0064732	0.0064661	0.0027534	0.00034659	0.0049091	-0.0054219	-0.0092355	-0.0048392	0.0035385	-0.00088375	0.0032186	-0.0070297	-0.00097358	-0.001487	-0.031374	-0.034213	-0.018271	-0.010227	-0.020474	-0.014852	-0.028449	-0.019319	-0.0064541	-0.0069182	-0.0039737	-0.012448	-0.013123	-0.0069689	-0.0058079	0.031696	0.14938	0.15908	0.15752	0.17137	0.16436	0.15649	0.18611	0.17214	0.17404	0.18163	0.18848	0.19155	0.2002	0.20517	0.18547	0.17924	0.18733	0.19524	0.18408	0.17498	0.17874	0.18536	0.1849	0.1749	0.17238	0.16241	0.12582	0.060066	0.0075922	0.0017915	0.00061225	-0.0042208	-0.033169	-0.032961	-0.0090922	0.0021188	0.014765
0.016092	0.14519	0.20037	0.17917	0.16682	0.18231	0.19526	0.18002	0.17884	0.18672	0.1921	0.20165	0.19474	0.19396	0.18165	0.19002	0.18889	0.19044	0.19194	0.18247	0.18718	0.18834	0.18617	0.18559	0.20449	0.19749	0.18548	0.18037	0.15044	0.079035	0.032256	0.033428	0.010039	0.0013981	0.017411	0.0048353	-0.0044795	0.00070266	0.0032161	0.0099826	0.0085546	-0.01568	-0.0039983	-0.0065667	0.0054617	-0.0091605	-0.029231	-0.0016387	0.0010902	-0.0028506	-0.011188	-0.010541	-0.0062873	-0.0013392	0.015436	-0.0028523	-0.0022969	0.010455	0.001286	-0.00029024	0.0034258	0.003843	-0.010469	-0.013961	-0.012768	-0.010247	-0.015822	-0.0041668	-0.0011734	-0.0023716	-0.0018146	0.00042332	0.0063141	0.073914	0.10544	0.1467	0.16055	0.16934	0.17939	0.17474	0.17926	0.18767	0.19825	0.17681	0.18417	0.17299	0.18363	0.18024	0.17024	0.17625	0.18269	0.19383	0.19469	0.18914	0.18947	0.19462	0.19372	0.18741	0.18672	0.18763	0.17213	0.083253	0.03137	0.042361	0.010376	0.0014508	0.013516	0.019452	0.022166	0.026019	0.017368	0.016959	-0.00084018	0.00053836	-0.0095451	-0.0015364	0.0059482	0.0025786	-0.00051693	0.0081398	0.0059054	-0.0031978	0.015557	0.0082384	0.015212	-0.0028386	0.014691	0.014565	-0.0038788	0.00053843	-0.0018889	-0.015927	-0.0060421	0.016492	-0.0033043	-0.014809	-0.0086209	-0.0098319	-0.007343	-0.0046829	-0.0012041	-0.022832	-0.0098389	-0.0021426	0.014109	0.075672	0.21108	0.21257	0.17575	0.16904	0.18505	0.19393	0.19218	0.19208	0.19393	0.19542	0.18701	0.18157	0.19322	0.19721	0.19301	0.18182	0.19077	0.20044	0.18709	0.19182	0.20107	0.2093	0.19054	0.18228	0.18657	0.18371	0.1753	0.12325	0.057694	0.049977	0.025801	0.018655	0.012968	0.0071676	0.02144	0.024869	0.018552	0.019556	0.016955	0.010814	0.022013	0.0073924	0.0052391	0.0044766	0.011268	-0.0069569	-0.0028437	-0.0047174	-0.015708	-0.0069743	-0.0057741	-0.00745	-0.0080067	0.0017997	-0.011087	-0.023404	-0.0081074	-0.01274	-0.014536	-0.015683	-0.012854	-0.011615	-0.010291	-0.022338	-0.023716	-0.011655	-0.0027588	-0.0059923	-0.025989	-0.0057179	-0.015163	0.007124	0.04833	0.16991	0.16839	0.16665	0.17503	0.16628	0.17499	0.17655	0.1695	0.16804	0.17598	0.17152	0.1674	0.17148	0.17046	0.16955	0.18162	0.16587	0.18155	0.17105	0.16808	0.18293	0.19223	0.18014	0.1734	0.16355	0.15943	0.16777	0.083531	0.013918	0.0086857	-0.0045305	-0.008922	0.0061631	0.0067748	-0.012486	-0.0047759	0.0026128
0.035437	0.1463	0.22773	0.15543	0.14669	0.16627	0.16378	0.16259	0.16102	0.1637	0.16598	0.15713	0.16308	0.17422	0.1766	0.17723	0.18029	0.19111	0.18007	0.19133	0.195	0.19884	0.17767	0.17816	0.18042	0.18032	0.17241	0.15754	0.14903	0.051132	0.0066274	-0.00067298	-0.011569	-0.0087848	-0.00042746	-0.014146	-0.011215	-0.0055346	0.0088832	0.0005976	-0.005463	-0.0012551	0.0033361	0.01402	0.0058552	0.0052425	0.018264	0.0071451	0.0020592	-0.0031527	0.00035387	0.007263	0.0075907	0.0094206	0.0062897	-0.0023453	-0.0070639	-0.0034621	-0.012182	-0.01283	-0.03645	-0.024258	-0.02835	-0.040979	-0.053137	-0.047139	-0.056366	-0.047546	-0.033213	-0.028778	-0.026371	-0.023246	0.015791	0.10338	0.055369	0.12961	0.16064	0.1543	0.16687	0.16388	0.17431	0.19062	0.18005	0.1792	0.21213	0.21643	0.20804	0.19009	0.16438	0.15746	0.15336	0.15872	0.16962	0.19446	0.18313	0.19789	0.18944	0.18134	0.1848	0.18079	0.16108	0.089652	0.026373	0.0077071	-0.0042475	-0.0045291	-0.013994	-0.00063135	0.015383	0.0021688	-0.0080592	-0.016514	-0.013896	-0.0020873	0.004791	-0.0016934	-0.0011016	0.010305	-6.3857e-05	-0.011607	0.00087036	-0.0019688	0.010054	0.0015928	0.0081336	-0.005082	0.0061083	0.0064656	-0.0062662	-0.0085486	-0.0069904	-0.017866	-0.011975	0.00017529	-0.014832	-0.02261	-0.017597	-0.011544	-0.0042317	0.0042191	-0.01125	-0.020962	-0.0037383	0.0033839	0.0064869	0.045049	0.23485	0.17064	0.15752	0.15614	0.16722	0.17763	0.18105	0.17475	0.18159	0.18755	0.19049	0.19494	0.19165	0.18934	0.20003	0.20738	0.19481	0.18016	0.18784	0.19525	0.18758	0.19779	0.20382	0.19791	0.19155	0.19242	0.18457	0.12475	0.067182	0.023498	0.016506	0.028571	-0.0031532	0.0027726	0.0079323	0.00065238	-0.0050421	0.0061104	0.0070303	0.0037281	0.0038339	0.0046281	-0.016739	-0.0070608	-0.0073689	-0.0051146	-0.0029054	0.0071594	0.0024915	0.0066118	0.0039611	-0.0035018	-0.0019119	-0.0042077	-0.011645	-0.00084559	-0.011634	-0.0091867	-0.0029087	0.010891	0.0078168	-0.0052693	0.0068486	-0.0015135	-0.0017076	0.0078686	0.0083714	-0.0090072	0.0025933	0.00012806	0.00041524	0.018903	0.076927	0.21395	0.16608	0.17136	0.16734	0.18285	0.19914	0.19998	0.19382	0.1981	0.19587	0.20776	0.21305	0.20913	0.21286	0.21835	0.20069	0.19152	0.2012	0.19971	0.20149	0.18905	0.19574	0.2041	0.1924	0.20398	0.18393	0.16793	0.10551	0.028139	0.012461	0.003838	0.014352	0.011653	-0.005207	-0.027054	-0.022476	-0.026937
0.012961	0.14078	0.16262	0.16095	0.16442	0.16925	0.17994	0.1752	0.16555	0.17587	0.1632	0.15454	0.16215	0.16872	0.17024	0.1725	0.17803	0.17219	0.174	0.18469	0.18511	0.18878	0.1812	0.17762	0.18056	0.18447	0.16035	0.14872	0.13372	0.065726	0.02278	0.010391	-0.0029915	0.0031875	0.0010878	-0.0055213	-0.022665	-0.015359	-0.021146	-0.0087745	-0.0025217	-0.014767	-0.007978	-0.00068396	0.0022388	0.0056588	0.0027701	0.00070287	0.0087008	-0.0022573	-0.010469	-0.0033453	0.0062838	-0.00040156	-0.0093445	-0.0067796	-0.0029135	-0.0028831	0.00092019	-0.013891	-0.0048818	-0.0084677	0.0011929	0.0067124	0.0027526	-0.0086117	-0.0078909	-0.010545	-0.018345	-0.023908	-0.0085427	-0.00086798	0.01689	0.14317	0.18874	0.17715	0.17463	0.16328	0.15685	0.17841	0.17798	0.17529	0.16442	0.17188	0.17112	0.171	0.1747	0.17861	0.1849	0.18601	0.17446	0.18426	0.17427	0.17605	0.18278	0.18366	0.16347	0.17294	0.17082	0.17201	0.16344	0.064827	0.024698	0.015606	0.011006	0.0060684	-0.0039548	-0.016011	-0.015082	-0.0065642	-0.0044813	0.0019632	0.001966	0.0059149	0.0033962	0.0037805	0.0056711	0.0099952	0.0051582	-0.0031997	0.0010929	0.0032148	0.0085068	-0.0010981	0.0050102	-0.0033708	0.00148	0.0023205	-0.004699	-0.013681	-0.0081373	-0.015851	-0.013954	-0.012187	-0.022406	-0.026456	-0.022618	-0.01702	-0.01553	-0.013864	-0.011505	-0.011405	-0.0069	-0.0012547	0.038426	0.12564	0.24466	0.17252	0.18766	0.19226	0.19286	0.18599	0.1883	0.20558	0.1943	0.19519	0.19769	0.18929	0.18343	0.2042	0.20486	0.20614	0.19866	0.21384	0.20134	0.20146	0.20487	0.19753	0.20309	0.21182	0.18027	0.18762	0.1926	0.16254	0.083652	0.026505	0.020955	0.016378	0.0066516	0.017829	0.010073	0.0088651	0.013314	0.016529	0.012957	-0.012085	0.0099252	0.014539	0.0027174	0.0077719	-0.0086441	0.0043811	0.015216	-0.0028315	-0.013732	0.005084	0.0035313	-0.010622	-0.013907	0.0089454	-0.0063789	-0.021195	-0.010396	-0.0084218	-0.0087494	0.013908	-0.007998	0.0046263	0.0024819	-0.0097223	-0.007374	-0.011951	-0.006694	-0.00074078	-8.927e-05	0.0046194	0.0031943	0.01959	0.12962	0.1485	0.14197	0.15929	0.16931	0.18692	0.18724	0.19307	0.19833	0.18558	0.18899	0.19448	0.19859	0.20087	0.21126	0.19934	0.19721	0.2091	0.21495	0.1995	0.1874	0.19457	0.19547	0.19814	0.19765	0.18443	0.18436	0.19341	0.12439	0.048249	0.036539	-0.0062566	0.0061833	-0.0038484	0.0022218	0.016356	0.024309	0.010753
-0.002466	0.067699	0.14611	0.16056	0.16583	0.17046	0.16909	0.17015	0.18318	0.168	0.14337	0.17199	0.16321	0.17773	0.1665	0.17068	0.17454	0.17816	0.17984	0.16808	0.16148	0.17318	0.19084	0.18447	0.17622	0.17139	0.18164	0.17439	0.11948	0.046094	0.02554	0.008577	0.0057567	0.0037932	0.012172	-0.00044071	-0.0026793	-0.0010769	0.0030129	0.0024218	0.0076806	0.0040681	0.0031194	0.016166	-0.0081957	-0.0080826	-0.0050056	-0.0048329	-5.7926e-05	-0.0059446	0.00089581	0.010721	0.015862	0.0054031	-0.0026891	-0.017629	-0.01054	-0.0082543	-0.0039534	-0.008158	-0.0031068	-0.018211	-0.0076739	-0.007887	-0.014667	-0.023463	-0.034319	-0.026954	-0.021683	-0.013056	-0.020839	-0.035893	-0.0093695	0.070365	0.15399	0.14854	0.1322	0.1611	0.16927	0.16758	0.15926	0.16485	0.16741	0.17123	0.16803	0.18214	0.1902	0.17765	0.17678	0.19142	0.19215	0.18841	0.17921	0.18341	0.19779	0.20031	0.19887	0.18174	0.18326	0.18614	0.13925	0.056477	0.00022693	-0.0054984	0.00086685	0.0040247	0.0014083	-0.0046395	-0.00084412	0.00074117	-0.003435	0.011885	0.012209	0.01401	0.012624	0.0087533	0.0076086	0.0080561	0.0087508	0.0035782	-0.000314	0.006769	0.0053297	-0.0054186	0.00025729	-0.0032892	-0.0047777	-0.0034542	-0.0047613	-0.020443	-0.010914	-0.015465	-0.017562	-0.026179	-0.031609	-0.031932	-0.029269	-0.024126	-0.028458	-0.033577	-0.013389	-0.0034783	-0.011691	-0.0249	-0.0061211	0.044466	0.24228	0.16708	0.15582	0.15525	0.15985	0.16163	0.16231	0.16822	0.17613	0.18067	0.18105	0.17876	0.18838	0.17021	0.18706	0.18984	0.18301	0.18753	0.18494	0.19206	0.19737	0.19535	0.18713	0.1962	0.19267	0.19621	0.18406	0.14461	0.050248	0.016842	0.011206	-0.00051467	0.0089151	-0.009247	-0.013786	-0.0093304	0.0049718	0.00090918	-0.0059395	-0.011875	0.0038882	0.0084129	-0.020447	-0.0064332	-0.0045751	0.016276	0.014076	0.018442	0.022509	0.0089791	-0.010093	0.031949	0.026291	0.0063236	0.014734	0.017298	0.0032388	0.002634	0.0058192	0.013642	-0.012052	0.0087475	-0.016799	-0.021757	-0.0046339	-0.0064626	-0.021587	-0.010915	-0.0025551	-0.0093342	-0.013073	0.004051	0.066123	0.16849	0.16933	0.16495	0.17622	0.17842	0.18583	0.17552	0.16734	0.18345	0.18695	0.20136	0.18142	0.18185	0.19302	0.20038	0.20217	0.21037	0.21817	0.21057	0.19825	0.20143	0.19923	0.19492	0.19223	0.20519	0.18618	0.18828	0.14895	0.058073	0.026418	0.020981	0.0084609	0.0064908	0.0035862	0.040008	0.070418	0.079149
-0.0015582	0.060422	0.16804	0.15894	0.16001	0.15136	0.16648	0.17436	0.17427	0.18184	0.19109	0.17144	0.16975	0.18554	0.1837	0.1736	0.15869	0.1588	0.16179	0.17106	0.17587	0.18237	0.16445	0.16305	0.16963	0.18267	0.17083	0.14819	0.11672	0.048504	-0.002005	-0.01365	-0.012955	-0.016418	-0.014158	-0.017453	-0.020495	-0.0083461	0.0042152	-0.0014362	-0.015306	-0.0077587	-0.011986	-0.00074498	-0.0047577	0.0046523	0.0036945	0.0021697	0.00066662	0.0010188	-0.0053908	0.0041017	-0.005331	-0.014166	-0.009912	-0.0028798	0.0020709	0.0043631	0.01187	0.010003	9.0476e-05	0.00015458	0.011121	0.0017647	-0.0025	0.0040526	0.010629	-0.0046149	-0.018684	0.0049313	0.0065807	0.0095668	0.00096422	0.051239	0.24956	0.16936	0.16608	0.17193	0.15705	0.1623	0.17954	0.16481	0.16509	0.1603	0.1676	0.1771	0.17434	0.1717	0.16895	0.16827	0.15616	0.16071	0.17076	0.17941	0.17311	0.16108	0.17272	0.18298	0.1713	0.15541	0.15171	0.088723	0.00629	0.0075632	-0.0025265	0.0073157	-0.00018863	0.0033848	0.010047	0.0046995	-0.0057358	0.01846	0.019105	0.018757	0.018506	0.010379	0.0061991	0.00277	0.0089962	0.007009	-0.005068	0.006976	-0.0011945	-0.0059957	-0.0092927	-0.010409	-0.0083121	-0.0098169	-0.015983	-0.0063851	-0.014934	-0.012018	-0.0099275	-0.0096081	-0.013377	-0.0089643	-0.0012057	0.0079026	0.0004293	-0.0020834	-0.0092998	-0.0058279	-0.00070917	-0.0088154	0.0029014	0.074216	0.16129	0.18495	0.16588	0.16938	0.1737	0.17819	0.16644	0.19548	0.19177	0.18696	0.19422	0.19587	0.19096	0.18009	0.1746	0.19101	0.2042	0.2013	0.18354	0.18038	0.19523	0.19659	0.19709	0.17929	0.14801	0.15963	0.14906	0.10989	0.028395	0.0089882	0.0037162	0.0020198	0.0020825	-0.0021497	-0.0075695	-0.00021074	0.0058988	-0.0030303	-0.0024258	-0.0050738	-0.00091227	0.0033233	-0.019751	-0.011211	-0.0024189	0.0047269	-0.0013953	0.0030321	0.0053657	-0.00087406	-0.0083312	0.010274	0.0086094	-0.001039	0.0021212	0.0080165	-0.0029677	-0.0091758	-0.0078539	-0.0050215	-0.009774	-0.013042	-0.012533	-0.0036563	-0.013066	-0.017454	-0.018237	-0.025014	-0.026177	-0.022455	0.00068021	0.013838	0.074356	0.18175	0.16152	0.16443	0.16344	0.15714	0.16554	0.17851	0.16155	0.1852	0.1834	0.18443	0.18256	0.18185	0.17879	0.18444	0.18762	0.17748	0.16633	0.18655	0.17153	0.16875	0.15909	0.17496	0.17313	0.17004	0.17451	0.15566	0.088586	0.01907	-0.0048276	-0.018093	-0.0084556	-0.003274	-0.0099783	0.01079	0.10467	0.10093
0.010964	0.024185	0.15372	0.19834	0.17774	0.17495	0.18264	0.1852	0.1708	0.17752	0.20141	0.19072	0.18094	0.17637	0.18784	0.18988	0.18547	0.17609	0.17713	0.19091	0.19822	0.18651	0.17994	0.1794	0.17791	0.17249	0.17521	0.16015	0.081335	0.035212	0.021919	0.0073465	0.00085063	0.0064332	0.0097705	0.011053	0.0071642	0.0085404	0.0025858	-0.00040367	-0.0027673	-0.0070161	0.0029331	-0.00021251	0.0060319	-0.0025883	-0.0013784	-0.01261	-0.0037266	-0.0067995	-0.0071479	-0.0065326	0.0079658	0.0049782	0.0067823	0.0015449	-0.0052572	-0.0019376	0.0020956	-0.016808	-0.010213	-0.010353	-0.0045952	-0.00090209	-0.0048711	-0.0034141	-0.00184	-0.011436	-0.0071439	-0.0064308	-0.0051773	0.0023027	0.00033008	0.022891	0.14652	0.20452	0.16098	0.18781	0.19768	0.17439	0.17247	0.17465	0.19598	0.18386	0.18912	0.18167	0.19035	0.18986	0.18532	0.18553	0.18956	0.20453	0.20341	0.19719	0.20182	0.20305	0.18381	0.18208	0.20697	0.18024	0.16509	0.074217	0.034145	0.035234	0.026854	0.0099773	0.0034016	-0.0013288	-0.0080425	-0.0033691	-0.0031575	0.003125	0.003907	-0.0070371	-0.00025329	0.0055671	-0.0090507	-0.012185	-0.0087132	-0.0039993	-0.0031246	-0.0052071	-0.0057532	-0.008866	0.0074499	-0.00044591	-0.012789	-0.024487	-0.014815	-0.012763	-0.0047199	-0.021403	-0.010601	-0.017887	-0.0093929	-0.0014247	-0.01025	-0.025481	-0.019616	-0.02418	-0.0132	-0.012298	-0.0073015	-0.013391	-0.0092632	0.038228	0.1877	0.21587	0.16605	0.1678	0.16971	0.17434	0.17986	0.17769	0.17175	0.1802	0.17245	0.17821	0.1808	0.18194	0.17734	0.18352	0.18581	0.1831	0.19309	0.18856	0.1898	0.19614	0.18949	0.19465	0.18338	0.19115	0.17147	0.13701	0.051414	0.039917	0.023918	0.02406	0.0033918	-0.0001542	0.010627	0.017497	0.015414	0.0016184	0.0096761	0.010316	0.0028754	0.0068217	-0.010466	-0.0074015	0.0083255	0.0017662	-0.0082788	-0.0037895	-0.0031892	-0.0021391	0.0020189	-0.002813	-0.00048439	0.00018649	-0.001904	0.0073226	-0.00058604	-0.012397	0.00012093	0.01796	0.0087266	-0.0091643	-0.0010871	-0.0068892	-0.010164	0.0010914	-0.0045175	-0.012391	-0.010953	0.0021793	-0.0086124	0.009272	0.096542	0.27077	0.16311	0.17791	0.18709	0.18566	0.1862	0.17844	0.18331	0.19252	0.17799	0.19689	0.18444	0.19305	0.19518	0.19215	0.18682	0.18715	0.18017	0.17151	0.16656	0.18394	0.18081	0.18057	0.18507	0.18645	0.18119	0.16087	0.12844	0.042415	-0.00019162	0.0030405	0.011576	0.0098283	0.024685	0.028777	0.072655	0.080409
0.027433	0.044314	0.10179	0.19502	0.19929	0.21721	0.21084	0.19519	0.19792	0.2019	0.19064	0.21798	0.2092	0.19531	0.19733	0.19112	0.17888	0.19216	0.19194	0.18785	0.18326	0.19182	0.19829	0.19222	0.20287	0.18414	0.17466	0.17072	0.084304	0.039153	0.018452	0.016173	0.0053914	0.0095986	-0.013544	-0.008369	-0.0068484	0.00029554	-0.0027642	-0.0066354	0.0011964	0.0096986	-0.018087	0.0051107	-0.0028874	-0.0026762	-0.0054265	0.0019401	0.0066497	-0.0022049	-0.0063488	-0.0030049	0.016683	0.016774	-0.0016147	0.010073	0.0084375	0.00023911	0.0071876	0.01052	-0.0031674	-0.0033963	0.0066536	-0.0020719	-0.01681	-0.014929	0.00027278	0.010483	-0.00053704	-0.0034851	-0.0018142	-0.011688	-0.0049196	0.00083537	0.081294	0.24223	0.17197	0.1778	0.18219	0.17783	0.17158	0.19261	0.20212	0.18223	0.1858	0.19209	0.18609	0.18428	0.19491	0.1844	0.19645	0.19579	0.19377	0.19065	0.18953	0.19683	0.19257	0.18728	0.1859	0.17243	0.11104	0.056742	0.040353	0.012668	-0.0011991	-3.3233e-05	0.0091946	0.016256	0.021796	0.00079302	0.007522	0.013877	0.0057987	0.0056928	0.018517	0.024326	0.010604	0.0031687	-0.010623	0.011959	0.015756	0.0048133	-0.0021403	0.0020294	0.0095363	0.0017542	-0.004944	0.0063154	0.011044	0.0019455	-0.0056233	-0.0050937	0.0017394	-0.0040022	0.0055015	-0.0010263	0.0031889	0.00046803	-0.0014545	-0.0011436	0.0012762	0.00097003	0.001608	0.0018572	0.0055986	0.020959	0.11401	0.19075	0.1774	0.18711	0.18364	0.17865	0.19195	0.19493	0.17774	0.19013	0.18793	0.17931	0.18924	0.18909	0.1853	0.17878	0.19041	0.19989	0.19286	0.19461	0.19065	0.19135	0.19883	0.18755	0.18036	0.17293	0.16711	0.090995	0.045975	0.0081368	0.0010722	-0.0026921	-0.0027411	0.0034583	0.00079008	-0.0034336	-0.025677	-0.00065002	-0.006589	-0.020767	-0.012521	-0.010259	-0.0043623	-0.0060771	-0.0042794	-0.0097694	-0.013115	-0.0099714	-0.020859	0.0040608	0.010789	-0.0082718	-0.0066279	0.0091717	-0.015872	-0.01035	-0.013344	-0.021014	-0.020903	-0.017981	-0.0046477	-0.012615	-0.021979	-0.026907	-0.028187	-0.020703	-0.019407	-0.019262	-0.022159	-0.024212	-0.010342	0.0012811	0.041711	0.20651	0.15006	0.16848	0.17056	0.17748	0.18721	0.18242	0.18717	0.18782	0.18367	0.18156	0.1919	0.18838	0.17928	0.19139	0.18707	0.1931	0.1992	0.18907	0.18551	0.18135	0.1986	0.19481	0.19625	0.18926	0.17334	0.1549	0.10707	0.036815	0.024859	0.01717	0.00023741	-0.0084043	0.0014945	0.026171	0.027552	0.053581
0.002633	0.0097362	0.019898	0.16562	0.17284	0.1729	0.17833	0.19057	0.16949	0.16774	0.18441	0.19026	0.18144	0.18249	0.18389	0.18519	0.19142	0.1918	0.1871	0.17525	0.19161	0.18691	0.16952	0.1612	0.17246	0.16251	0.16935	0.11584	0.019955	0.0073366	0.0089963	0.0058894	0.0051922	0.0050762	0.0020893	0.0044196	0.005404	-0.017052	-0.0089862	-0.0057222	-0.0023393	0.00039405	-0.013412	-0.0041539	0.0093375	0.001956	-0.0016431	0.0027883	0.0061728	0.0088373	2.7172e-05	0.0013302	-0.0029226	-0.00092998	0.009842	0.0003571	-0.014523	-0.0073125	0.017067	0.015591	-0.0048455	0.0083758	0.019611	0.0035709	-0.0026459	-0.015147	0.0019784	-0.0049259	0.0092475	-0.0014316	-0.022959	0.00026254	0.0088298	0.0054498	0.064118	0.18322	0.17412	0.16183	0.15685	0.17581	0.18746	0.18445	0.17738	0.18282	0.17718	0.16847	0.18017	0.18873	0.18977	0.18204	0.19304	0.18619	0.18164	0.17849	0.18272	0.20114	0.19948	0.1855	0.16949	0.15089	0.076043	0.030345	0.025322	0.0027813	-0.0025222	7.6922e-05	0.001458	0.00028113	-0.0059283	4.1585e-05	0.0030299	-0.00013657	0.00048365	-0.0080988	0.0089713	-0.01237	-0.0086409	0.0072778	0.021459	-0.0086651	-0.018826	-0.010152	0.0080371	0.0051575	-0.0046877	-0.014045	0.0031398	0.0053859	0.0065771	-0.0067245	-0.010917	-0.0058227	-0.0088914	-0.00058781	-0.009713	-0.0081058	-0.0085525	-0.0052738	-0.017304	-0.0074602	-0.011492	-0.022843	-0.027733	-0.043532	-0.011677	0.0024497	0.092147	0.15616	0.17747	0.17383	0.17407	0.17862	0.17549	0.17608	0.17632	0.18328	0.18113	0.19242	0.19035	0.18944	0.19027	0.17892	0.18967	0.1989	0.19204	0.19227	0.19142	0.1881	0.1895	0.19761	0.17616	0.16556	0.15679	0.079514	0.016376	0.011906	0.009606	-0.003839	-0.0081341	-0.00085113	-0.011389	-0.015065	0.0039613	0.0093058	0.011035	0.0068206	-0.0005192	-0.012413	-0.0070582	-0.012974	0.0072566	0.020412	-0.0099975	-0.0038588	0.00028527	0.0049661	0.002803	-0.00019117	0.0041068	-0.0073241	-0.0042831	-0.002351	-0.014126	0.0039332	-0.0029658	-0.0045351	-0.0012998	-0.0092366	-0.015785	-0.021025	-0.022843	-0.01902	-0.0106	-0.020885	-0.022642	-0.0039181	-0.005866	-0.016435	0.040921	0.11819	0.17912	0.17515	0.18181	0.17541	0.17593	0.18505	0.18211	0.18246	0.18157	0.18156	0.18012	0.18386	0.1875	0.1816	0.1787	0.18674	0.18349	0.18636	0.18937	0.1801	0.17652	0.19504	0.16763	0.17281	0.16706	0.13439	0.067721	0.022232	0.016793	0.012921	0.00032805	-0.0016636	0.0074978	-0.0079897	-0.014858	0.0054383
0.003071	0.014916	0.01945	0.055018	0.16858	0.21265	0.17845	0.18255	0.17348	0.17441	0.17877	0.17279	0.1802	0.18966	0.17454	0.17393	0.18479	0.18999	0.17593	0.18036	0.18103	0.18043	0.1744	0.18311	0.17929	0.17165	0.146	0.077019	0.046089	0.010203	-0.011718	0.011492	-0.0051546	-0.006297	-0.023951	-0.0042576	0.0025061	-0.0026115	-0.0078292	-0.007854	0.0031993	-0.0052202	-0.019197	-0.018401	-0.018654	-0.012571	-0.0093528	-0.013309	-0.0029579	0.0005014	-0.0048923	-0.014789	-0.0081579	-0.0059289	-0.015502	-0.0094896	-0.0078795	-0.017273	-0.021047	-0.01457	-0.024602	-0.029931	-0.023254	-0.025382	-0.012598	-0.0074561	-0.036056	-0.022429	0.0023621	-0.01145	-0.018334	-0.024712	-0.0051827	-0.0043686	0.0090172	0.13375	0.2108	0.17468	0.16023	0.1692	0.17467	0.18716	0.17045	0.1833	0.18817	0.19261	0.18279	0.1896	0.20009	0.19845	0.19822	0.20287	0.20136	0.19091	0.18632	0.17262	0.17844	0.17541	0.17393	0.14167	0.04997	0.031185	0.016108	0.0026108	0.009132	0.0014157	-0.0025709	-0.016025	-0.0099742	-0.0092209	-0.0077422	-0.0047454	-0.01649	-0.0057331	-0.0012176	0.0037773	-0.0063805	-0.0071088	0.00042732	0.0089349	0.014274	0.014621	0.0054031	0.0045415	-0.00014842	-0.0087602	-0.0029697	0.0044828	-0.00017436	0.0015716	-0.00075574	-0.009506	0.0021074	0.0037342	0.0027248	0.0012351	-0.0042138	0.0039994	0.0034514	-0.018443	-0.016718	-0.011811	-0.0084764	-0.011928	-0.0094074	0.0072121	0.037754	0.14741	0.19115	0.16677	0.17934	0.19319	0.20012	0.19062	0.18853	0.18968	0.19338	0.19424	0.19717	0.20588	0.18308	0.18864	0.19866	0.19419	0.18893	0.19351	0.20472	0.19661	0.19074	0.18801	0.19147	0.17599	0.17415	0.060784	0.013056	0.010365	0.011407	-0.0022029	-0.0063397	0.00058366	-0.0028091	-0.0094419	-0.00032422	0.002841	0.0071949	0.005579	-0.0045494	-0.012923	-0.0057275	-0.012306	0.0012034	0.0088792	0.021574	0.030248	0.019601	-0.0049071	0.012475	0.014083	-0.00019283	0.0027448	0.007636	0.0070696	-0.0095707	-0.0020942	0.0018001	0.0032069	-0.00021388	-0.00069217	-0.01002	-0.0053897	-0.0036756	-0.0043853	0.0034916	-0.0048817	0.0018199	0.0078745	0.010153	0.0015497	0.0072122	0.07901	0.15981	0.17791	0.17072	0.17253	0.16795	0.17419	0.17402	0.17957	0.17923	0.18461	0.1765	0.17784	0.18778	0.18518	0.18135	0.18935	0.1876	0.18673	0.18914	0.18572	0.18253	0.16806	0.19097	0.183	0.1803	0.16278	0.060598	0.027457	-0.0068175	0.0023684	0.0028925	-0.0041408	-0.0080549	-0.0046593	0.0077619	0.012898
-0.0066611	-0.0076526	-0.0036706	0.00090777	0.084368	0.1864	0.16949	0.14952	0.17817	0.18609	0.17652	0.17125	0.1695	0.17316	0.17606	0.17875	0.17717	0.17898	0.16892	0.16875	0.17323	0.16776	0.16836	0.16974	0.1701	0.13831	0.087351	0.047155	0.016089	0.013266	0.011508	-0.016611	-0.0056065	0.012147	-0.0077806	-0.012076	-0.008329	-0.0016637	0.00087253	-0.004012	-0.015036	-0.018698	0.004717	0.0021733	-0.0024991	0.0062659	-0.0015351	0.00045574	-0.0064336	0.013785	0.0024799	-0.0059978	0.010446	0.016703	0.0041935	-0.0049273	0.017388	0.021253	0.018088	0.014751	0.016825	0.013764	0.0088527	-0.011281	0.0047252	0.013043	-0.0003346	-0.0016746	0.0060652	0.011604	0.0076791	0.016127	0.007405	0.010345	0.013706	0.038143	0.19808	0.19095	0.17427	0.17542	0.18246	0.17913	0.18021	0.19566	0.19314	0.18513	0.17521	0.18171	0.17473	0.18255	0.17839	0.18393	0.18615	0.1848	0.19073	0.17682	0.16802	0.18346	0.16632	0.11091	0.034537	0.016713	0.008768	-0.000863	-0.010122	-0.00053318	-0.011203	-0.02162	-0.0083174	-0.0049079	-0.005876	-0.01807	-0.013003	-0.020406	-0.0033279	0.005196	0.0062588	0.0067232	0.0026425	0.0016396	0.0040111	0.0056518	-0.0035588	0.014811	-0.00048622	-0.0049381	0.0042445	0.0033734	0.012515	-0.0023749	-0.00030319	-0.0077146	-0.013769	0.0012255	-0.0038385	-0.0075083	0.0026853	-0.00063213	-0.0047749	-0.0049299	-0.0076602	-0.013931	-0.017802	-0.0070081	-0.0019828	0.0010211	0.0061723	0.073376	0.20788	0.18622	0.16746	0.17796	0.17723	0.1732	0.16981	0.17739	0.17559	0.18383	0.18695	0.18288	0.19191	0.19316	0.18796	0.182	0.18443	0.18583	0.18156	0.18797	0.18071	0.17499	0.16839	0.17692	0.12408	0.051791	0.012599	0.010765	0.015147	0.0013732	-0.0026052	0.0039585	0.0077109	-0.0018785	-0.0026697	-0.0016837	0.0052951	0.0062774	-0.0066395	-0.011493	-0.0024567	-0.0096977	-0.0029098	-0.00044264	0.0054121	0.0074133	0.01084	-0.004522	0.0051055	0.0012596	-0.0056148	-0.0057269	0.0014203	0.0029855	-0.01243	-0.020863	-0.024442	-0.0094276	-0.0083022	-0.020716	-0.012968	-0.011756	-0.024908	-0.01979	-0.012471	-0.015522	-0.01301	-0.010514	-0.012316	-0.019047	0.0011526	0.015419	0.14244	0.18262	0.16157	0.1716	0.16192	0.16527	0.16786	0.17862	0.17884	0.1896	0.17482	0.17375	0.19001	0.1907	0.18595	0.1939	0.19365	0.18905	0.19086	0.19328	0.19048	0.17438	0.18787	0.17706	0.15118	0.10015	0.039495	0.0043003	-0.011605	-0.0056464	-0.018011	-0.010035	-0.022043	-0.011007	-0.00046386	-0.017137
-0.0061069	-0.00468	-0.0059276	0.0038591	0.054352	0.13383	0.20044	0.18935	0.17267	0.17558	0.17746	0.18014	0.18024	0.1769	0.17854	0.20145	0.18495	0.17465	0.16779	0.1752	0.16412	0.14588	0.15816	0.17638	0.15269	0.093284	0.042157	0.011687	0.0050034	0.0028083	-0.0058288	-0.0019221	-0.020933	-0.012381	0.0067545	-0.0022121	-0.013155	-0.022727	-0.0022539	-0.0085115	-0.0085794	-0.014708	-0.0012013	-0.0002245	-0.0017264	-0.0024165	-0.0032392	-0.0058595	-0.0012053	-0.0087257	0.0018094	-0.0035476	0.0033054	-0.0094335	-0.00080574	0.014062	0.013205	0.0067603	-0.0024395	0.01006	0.0034656	-0.0030762	0.0017885	0.01061	-0.0011458	-0.0023541	-0.0049473	-0.0066452	-0.0072138	-8.9396e-06	-0.00046503	-0.0020782	0.0045649	0.015535	0.018324	0.027899	0.061753	0.22375	0.1925	0.16645	0.17694	0.16912	0.17704	0.18486	0.18698	0.18311	0.18992	0.19186	0.18423	0.19108	0.20286	0.20336	0.19212	0.18195	0.2035	0.2008	0.17694	0.16898	0.14666	0.068473	0.037304	0.018271	0.023418	0.020036	0.013871	0.011932	-0.0042705	0.0044388	0.0029722	-0.0088327	-0.00040653	-0.0011511	-0.011299	-0.0084113	0.0065872	0.0088586	0.0095199	-0.0020408	0.0096438	0.004674	0.0058198	-0.0020329	-0.0081626	6.6539e-06	0.00054208	0.0067729	0.0021142	0.012434	0.020839	0.0085568	0.00082421	-0.0078582	-0.010461	-0.0096152	0.0081228	0.0094518	-0.0005851	0.0051675	0.0099757	-0.00011368	-0.00075008	0.011762	0.01467	0.014902	0.015952	0.016578	0.012585	0.04397	0.1194	0.1989	0.18254	0.18407	0.1921	0.18055	0.17131	0.19945	0.1861	0.17506	0.17859	0.18627	0.18696	0.18651	0.18775	0.1893	0.18563	0.18365	0.19295	0.18562	0.17692	0.1677	0.15855	0.1371	0.085321	0.038901	0.0082454	0.0072661	0.01499	0.0010515	-0.0027686	0.0034354	0.014333	0.001787	-0.0089131	-0.010106	-0.0005025	0.003078	-0.012628	-0.013961	-0.0030838	-0.010988	-0.010921	-0.013662	-0.014648	-0.019319	-0.0018185	-0.0080348	-0.0061617	-0.015462	-0.0071988	-0.016965	-0.012566	0.00054888	0.0077214	-0.0061567	-0.0059157	0.012617	-0.0050154	-0.018835	-0.003372	-0.0012515	-0.0032445	-0.010653	-0.009137	-0.019786	0.0033017	0.0050188	-0.0043075	-0.0039776	-0.016642	0.011444	0.10775	0.20083	0.17547	0.17865	0.18492	0.16187	0.16344	0.17377	0.17454	0.19069	0.16925	0.16577	0.18834	0.19232	0.18664	0.19455	0.1958	0.18747	0.18868	0.19694	0.19452	0.17681	0.18087	0.16722	0.13608	0.061263	0.022241	0.013862	0.010277	-0.0090958	-0.0096171	-0.006428	-0.012575	-0.013468	-0.015312	0.01464
-0.00021851	0.0051354	0.0035283	0.0037182	0.0077971	0.031582	0.075145	0.21457	0.17333	0.16156	0.16372	0.16501	0.16316	0.17561	0.18198	0.17078	0.17342	0.18	0.18583	0.1742	0.18043	0.18491	0.1729	0.15479	0.10662	0.081256	0.013702	0.0092123	0.0088103	0.0094694	0.0053997	0.0026502	0.010899	0.0093938	-0.0048223	0.00044602	0.019974	-0.010387	-0.019853	-0.01164	0.0041755	-0.016255	-0.013007	0.0047152	0.0019951	-0.0032286	-0.024673	-0.027522	-0.012546	0.0052442	0.0025291	-0.0058924	-0.015958	-0.01299	-0.00089328	2.317e-05	-0.015716	-0.026559	-0.011086	-0.016281	-0.014401	-0.01663	-0.020336	-0.023744	-0.0073496	-0.015678	-0.015176	-0.01702	-0.014754	-0.0086772	-0.014129	-0.0094432	0.0068628	-0.001724	0.00034877	0.0081794	0.031333	0.055658	0.20107	0.19338	0.18728	0.16734	0.17588	0.19168	0.1926	0.18075	0.18451	0.18661	0.18671	0.16888	0.16121	0.1798	0.18993	0.17102	0.17062	0.17501	0.17115	0.13554	0.09998	0.039549	0.011595	0.010511	0.016796	0.0096249	0.013777	0.0035844	-0.010046	-0.013604	-0.019206	-0.015713	-0.0083458	-0.0092583	-0.0069636	-0.00062257	-0.018103	-0.010007	-0.0054028	-0.00050219	-0.0082429	-0.014572	-0.0090606	0.001738	0.002422	0.0068094	0.0082416	-0.012031	-0.0027131	-0.014224	0.033726	0.011482	-0.00051682	0.010352	0.0048161	-0.0070621	0.00090383	-0.0040734	0.0065716	0.0011409	-0.015804	-0.003409	-0.013139	-0.011089	-0.014756	-0.022136	-0.017063	-0.0052327	0.00019254	0.0083082	0.033335	0.098493	0.22944	0.17372	0.16565	0.18507	0.19116	0.18622	0.18995	0.191	0.1918	0.18472	0.19533	0.20278	0.1907	0.18912	0.181	0.19014	0.18069	0.17627	0.17033	0.16832	0.15292	0.10503	0.040299	0.022403	0.015247	0.0091357	-0.0019463	-0.007858	-0.01286	-0.0074841	-0.0058452	0.009832	0.0045845	-0.0084449	-0.014923	-0.0043263	-0.032085	-0.023045	-0.018155	-0.0027565	-0.027031	0.00037816	-0.0098617	0.0015659	-0.0033297	-0.00277	0.0014469	0.0052957	-0.0032252	-0.0096015	0.0021916	0.0089745	0.0035942	0.0052362	0.0065781	0.0054271	0.011348	0.010281	-0.0035917	0.0018732	-0.0044437	-0.00087691	0.017999	0.032018	-0.017653	-0.0028649	0.00056315	-0.0030636	-0.0032138	0.0073159	0.014602	0.10779	0.19569	0.17092	0.17918	0.18243	0.16245	0.18051	0.19285	0.18739	0.18874	0.18893	0.18143	0.1807	0.1843	0.19158	0.19839	0.19753	0.19159	0.18762	0.19108	0.18792	0.17116	0.16885	0.12732	0.08292	0.045558	0.017433	0.014526	0.012359	-0.01023	0.011841	0.0013189	0.013132	0.0043244	-0.00072455
-0.0078936	-0.012114	0.00090124	0.0044515	0.002173	0.017458	0.023941	0.06548	0.14496	0.18111	0.17114	0.17512	0.17817	0.17393	0.18211	0.18323	0.19088	0.19351	0.18746	0.18509	0.19859	0.19714	0.17477	0.15398	0.10639	0.053019	0.034097	0.020407	0.012777	0.005815	0.017715	0.018623	0.0025477	0.0068874	0.026648	0.025249	0.024144	0.024569	0.023359	0.016769	0.018723	-0.013729	-0.0070793	-0.0090565	-0.032452	-0.022257	-0.01131	-0.018507	-0.025171	-0.0091128	-0.017946	-0.0093058	-0.013487	-0.014726	-0.0086118	0.0039964	0.019427	0.00083908	0.0099741	0.0066372	0.00069702	0.00076977	-0.0057934	0.012289	0.0086492	-0.0078609	-0.011911	-0.0035058	-0.019475	-0.018779	-0.012492	-0.0085145	-0.011856	-0.0074367	0.0011737	-0.010174	0.013242	0.026495	0.086698	0.21651	0.18521	0.17814	0.18378	0.17691	0.1777	0.17527	0.1763	0.17808	0.17814	0.16698	0.17454	0.17979	0.17341	0.17029	0.18535	0.16664	0.12393	0.08279	0.013335	0.0062345	0.010002	0.0047468	0.0025065	0.0046708	0.0027706	0.00099307	-0.0036058	-0.025241	-0.0086655	-0.01454	-0.0010198	-0.0073576	-0.0084323	0.0071193	-0.018215	-0.0081193	-0.00079561	-0.011922	-0.00952	-0.0075584	0.0064715	0.0053784	0.0073223	0.0016959	0.0076508	0.0098405	0.0092277	0.0070714	0.015288	0.0026839	-0.0019751	0.0092896	0.0047869	-0.00090429	-0.00070168	0.0025543	0.0033295	0.00038657	-0.01469	-0.013695	-0.011076	-0.0030707	-0.01109	-0.017619	-0.013352	-0.0058735	-0.0035471	0.00071055	0.021909	0.057622	0.086522	0.18977	0.15906	0.1546	0.14412	0.15251	0.16605	0.17296	0.15737	0.16179	0.17104	0.1624	0.16514	0.16777	0.1614	0.15046	0.1496	0.15064	0.16361	0.12197	0.099329	0.034037	0.0097444	0.0066096	0.0202	0.0049973	0.0012822	0.014735	-0.0060013	-0.0040879	-0.0037041	0.0036883	-0.0014167	0.018648	0.018237	0.016482	0.016315	-0.012171	-0.011954	0.010055	0.026286	0.0066952	-0.0040427	0.00075017	-0.0038812	-0.012496	-0.0071491	-0.019188	-0.020427	-0.015366	-1.1199e-05	-0.0084906	-0.0053881	0.00060469	-0.0015748	-0.0122	0.0040451	0.0023759	-0.0093759	-0.0072592	-0.012713	-0.0046356	0.010492	0.012112	-0.017176	-0.0072358	-0.0043802	-0.012088	-0.0054063	-0.017957	-0.0093063	0.0059316	0.09069	0.21939	0.16416	0.15516	0.15103	0.16651	0.18303	0.17908	0.17697	0.17713	0.16854	0.17208	0.1712	0.17392	0.16317	0.16433	0.1704	0.18323	0.17738	0.15852	0.17011	0.1563	0.081641	0.043152	0.0024756	-0.0024124	0.0011696	-0.0047813	-0.02778	-0.010975	-0.0005412	-0.0081558	-0.013487	-0.023356
0.0015925	-0.0073616	-0.00014165	0.012056	0.01792	0.0082828	0.027196	0.02518	0.050879	0.11708	0.19477	0.16103	0.1382	0.14566	0.15891	0.17045	0.16957	0.16895	0.1699	0.13627	0.12819	0.13961	0.13513	0.057527	0.0077647	0.013823	0.020601	0.0137	-0.0034981	-0.0055429	-0.0027002	0.0042372	0.0087604	-0.0010802	-0.0037939	0.0022305	0.011896	-0.0042346	0.0090973	0.019608	0.0086188	0.007888	0.0067441	-0.0029839	0.0075457	0.0072219	0.006351	0.015529	-0.0021527	-0.00087835	0.020169	0.015053	0.020949	0.0047443	0.010423	0.014481	0.0028762	0.0028235	9.3199e-05	-0.0042086	0.0091743	0.011062	0.0011346	-0.0033068	-0.00261	-0.00045226	-0.011148	-0.0036547	0.011611	0.0092841	0.0040878	0.00045184	-0.0011206	-0.0020317	-0.00079097	-0.0026811	-0.0032617	0.0096906	0.028444	0.071839	0.17349	0.17022	0.19295	0.20161	0.1787	0.18636	0.18231	0.18271	0.17478	0.1866	0.19971	0.19991	0.18037	0.1594	0.14935	0.14092	0.089414	0.03831	0.0086145	0.00094344	0.01905	0.02034	-0.0050198	-0.013174	0.012675	0.00094497	-0.0080894	-0.015642	-0.016917	0.0068907	-0.0008974	-0.0091419	-0.0045353	-0.003075	0.0067518	-0.0026907	-0.0037107	0.019174	0.00018915	0.00054145	-0.0034295	0.00071496	-0.0074742	-0.016029	-0.0083443	-0.0024368	-0.0017603	-0.0010453	-0.0011014	-0.0040666	-0.0013854	0.010276	0.0068059	0.0073015	-0.00025916	0.01123	0.0021355	0.0016803	-0.011527	-0.021933	-0.0069654	0.0069953	-0.0053751	-0.011054	-0.0075941	-0.0044663	-0.0052387	-0.0048391	0.01253	0.018798	0.036576	0.10018	0.17615	0.17238	0.18654	0.18414	0.17352	0.18001	0.181	0.1768	0.17912	0.16806	0.16911	0.15944	0.17236	0.17437	0.1652	0.15604	0.13349	0.099387	0.040104	0.0085568	0.016278	0.01075	0.0072793	0.0082159	-0.0015904	0.0011283	-0.002487	0.0002464	-0.010897	-0.0067943	-0.0026533	-0.0058096	-0.013145	-0.017596	0.011348	-0.0080449	-0.0057522	-0.012614	0.0016208	0.0005916	-0.0064495	-0.016193	-0.02002	-0.0052071	-0.0038762	-0.001575	-0.0060829	-0.012801	0.0083491	-0.023908	-0.012322	-0.0019788	-0.0076796	-0.027779	-0.0012093	-0.0034813	-0.013112	-0.014344	-0.018934	-0.0063462	0.0050333	-0.0057452	-0.014652	-0.0095588	-0.0072754	-0.0088007	-0.012958	-0.01102	-0.0085093	0.0080242	0.03746	0.1391	0.18401	0.18525	0.16684	0.17514	0.16193	0.1585	0.18715	0.18083	0.16739	0.17258	0.17825	0.17467	0.16229	0.17803	0.17789	0.16727	0.16233	0.1572	0.14923	0.11226	0.056958	0.011056	0.0016002	-0.0088943	-0.005874	-0.0046208	-0.0035638	0.0051887	-0.012387	-0.00064395	-0.0010182	-0.0059337
0.020195	0.012062	0.014987	0.018169	0.015019	0.0022354	0.011182	0.017193	0.018501	0.011519	0.056251	0.084762	0.10986	0.19014	0.17315	0.15067	0.15824	0.15992	0.15898	0.13195	0.090287	0.040839	0.031442	0.013467	0.018924	-0.0030045	0.019727	0.013388	0.0016054	-0.0055115	-0.0017077	0.0012559	0.0087459	0.0037905	-0.00080125	-0.00066502	0.0073283	-0.015546	-0.0013198	-0.0012906	0.0016409	-0.00044235	-0.0034178	-0.0035395	-0.0046834	-7.0737e-05	-0.0020818	-0.0092037	0.0021936	0.0052637	-0.0051234	-0.0038542	-0.0030174	0.0014408	-0.0007483	0.014313	0.0067055	0.00096558	0.0041807	0.0044778	0.0078142	-0.0021616	-0.0098734	-0.0010916	0.0026149	0.00026727	-0.0021713	-9.6703e-05	0.0052548	-0.01174	0.0092326	0.0063926	-0.0086786	0.01092	0.0044292	0.0097756	0.014572	0.028578	0.018395	0.027251	0.042321	0.097593	0.22194	0.18654	0.17276	0.17723	0.18945	0.18698	0.17489	0.18578	0.18553	0.15824	0.13516	0.1539	0.13881	0.060523	0.029603	0.033943	0.023894	0.0033581	0.0023686	-0.0064207	0.00021302	-0.0041579	-0.017974	-0.019694	-0.0042988	-0.004765	-0.007177	-0.0076261	-0.014563	-0.0068174	-0.0081535	0.01158	-0.0092324	-0.010772	0.001147	0.012642	-0.0036982	-0.0030702	0.012096	0.0068157	0.00021248	-0.0035764	0.0024657	-0.011734	-0.0054232	0.0065257	0.001067	0.0052295	0.0060199	0.0058582	0.00023828	-0.0088928	0.004108	0.0061845	-0.00014485	-0.010347	-0.010942	-0.0021235	-0.0021097	-0.0044723	-0.0069925	-0.0024445	0.0055423	0.0082637	-0.003624	0.0016368	0.015622	0.0037156	-0.0059334	0.0074439	0.078309	0.20724	0.17027	0.1647	0.17254	0.17291	0.16503	0.16107	0.18745	0.19269	0.19881	0.1881	0.17903	0.18306	0.16513	0.13426	0.13716	0.040714	0.022489	0.0066309	0.0030994	-0.0013006	-0.0032265	0.0023571	-0.015906	-0.0039183	0.0085844	0.0047088	0.0073875	0.0023999	-0.0075312	0.0051257	0.0048966	0.0013822	-0.0047283	-0.0032401	0.0037444	-0.014472	-0.012718	-0.015683	-0.010109	-0.010746	0.0019167	-0.00072976	-0.014922	-0.022489	-0.021547	-0.018724	-0.025306	-0.023304	-0.017837	-0.023034	-0.025083	-0.010847	-0.0039464	-0.0098115	-0.024746	-0.011082	-0.0094962	-0.0081059	-0.022198	-0.013946	-0.0041548	-0.01516	-0.013726	-0.014719	-0.0032031	-0.0088594	-0.0046079	0.0071361	0.0091367	0.0059464	0.1222	0.22796	0.17009	0.16008	0.17055	0.1721	0.16364	0.15932	0.16115	0.16822	0.16898	0.17243	0.16539	0.17082	0.16635	0.1679	0.16383	0.14787	0.081397	0.035624	0.0034012	0.004505	0.0036075	0.0039288	-0.021475	-0.022984	-0.013151	-0.0014171	0.0030956	0.011249	0.006989	0.010096
0.004802	0.0011536	-0.00201	-0.0055235	-0.0058613	0.0041714	0.01206	-0.0058833	-0.0059117	0.0066478	0.006224	0.0067528	0.012012	0.032605	0.036732	0.034343	0.027096	0.025155	0.044187	0.023738	0.048779	0.012363	0.0029442	0.011129	0.011692	0.0015993	0.0019488	0.0053427	-0.0065886	-0.0049992	0.0020161	0.018149	0.0065629	-0.0066673	-0.0059386	-0.011636	-0.014935	-0.01383	-0.0086895	-0.016179	-0.015033	-0.0093883	-0.01492	-0.011193	-0.0059229	-0.0046718	-0.0032268	0.02213	-0.0040388	-0.015506	-0.0087037	-0.001321	0.0022661	-0.005829	-0.0064699	-0.012834	-0.010461	0.0020327	0.010309	-0.0060689	-0.0093221	0.0079724	-0.0058749	-0.011951	-0.006384	-0.010475	-0.011502	0.0086542	0.0064324	-0.0083663	-0.00032786	0.0041276	0.00010121	-0.023037	-0.006599	0.0072798	0.0092088	0.00097457	-0.0016847	0.016403	0.016204	0.026107	0.028004	0.075443	0.14089	0.18515	0.19585	0.17618	0.16956	0.17265	0.16632	0.14878	0.078789	0.039247	0.026722	0.0085563	0.00013625	0.0021846	0.0017532	0.0018737	-0.0015521	0.0013634	0.0028011	-0.010722	-0.00055729	0.011363	0.0051082	-0.0026693	-0.012573	-0.025514	-0.0075498	-0.0017226	-0.0032431	0.00065461	-0.009201	-0.0060987	-0.0020353	0.0030587	0.0005901	-0.0046075	0.0028388	0.01381	0.010318	0.0011087	0.013714	0.00026935	-0.00064152	-0.0017272	-0.0069657	-0.01355	-0.0029259	-0.0049082	-0.0094674	-0.019044	-0.01998	0.0013853	-0.010238	-0.028677	-0.0051866	0.0050501	-0.0082323	-0.0013865	-0.0085653	-0.015153	-0.013897	-0.010092	-0.0024096	-0.0061082	-7.7699e-05	0.0039826	0.003397	0.014122	0.018565	0.037043	0.11993	0.19374	0.20859	0.14262	0.13745	0.16135	0.17864	0.16621	0.14819	0.14581	0.13893	0.15082	0.13287	0.081973	0.017407	0.0032751	0.0070702	-0.0042883	-0.0080921	-0.0075549	-0.010487	-0.02059	-0.0091179	0.0015138	-0.00052004	-0.0010232	-0.011293	-0.016351	-0.014669	-0.0052425	-0.0034527	-0.0060777	-0.010563	-0.013923	-0.00064087	-0.013264	-0.013675	-0.010065	0.0081952	0.0048523	-0.007169	-0.0064113	0.0041598	0.003285	-0.003253	0.00069344	-0.0087844	-0.0077483	0.0035255	0.015532	0.002271	0.00040693	-0.0047573	0.0058845	0.018873	0.0068925	0.0054106	0.0071053	0.0066843	0.01103	0.005437	0.010383	0.010229	0.0045089	0.0061184	0.010759	0.0081037	0.0063767	0.015252	0.017523	0.020699	0.08422	0.16094	0.17078	0.17215	0.1724	0.17325	0.16378	0.17187	0.17047	0.17451	0.18278	0.17742	0.18006	0.17041	0.13813	0.11815	0.085983	0.043713	0.013741	0.0042282	0.0096869	0.033244	0.0053738	0.0059945	0.0022805	0.009357	-0.00011373	-0.00875	-0.01161	-0.0064396	-0.0071908
-0.0096843	-0.014961	-0.012646	-0.0063248	0.0056711	0.00128	-0.0092867	3.2114e-05	0.0025768	-0.0012392	0.0025533	0.016282	0.021559	0.018302	0.0041963	0.002098	0.0011862	0.016778	0.025571	0.0067943	0.000587	-0.014465	0.0095181	0.019848	0.0089161	0.00064006	0.0030052	0.0092152	0.02035	0.010518	0.0002598	0.011112	0.0031324	0.0067826	0.0012014	-0.0023907	-0.0062943	0.013584	0.010215	0.0048558	-0.00089323	-0.0024723	0.0027324	0.011632	0.0025562	-0.0052663	0.0064486	0.014767	0.0012696	0.012152	0.019695	0.0026415	0.012936	-0.00070476	0.015715	0.007794	0.0035109	0.010026	0.013184	0.012959	0.024444	0.014438	0.018763	0.025696	0.010986	-0.0048041	0.011365	0.0088931	0.0044718	0.0086592	0.0094505	0.010891	0.0052264	0.014029	0.020552	0.0054761	0.0074204	-0.0022592	-0.012069	0.0077705	0.022003	0.022236	0.020444	0.013502	0.034404	0.041408	0.023765	0.030499	0.037587	0.041817	0.032066	0.023958	0.023324	0.01484	0.012309	-0.0040124	-0.018017	0.0037177	0.00036435	-0.0032027	-0.0027368	-0.019648	-0.014875	-0.00094917	-0.0015194	-0.018252	-0.014064	-0.010648	-0.013608	-0.016627	-0.017962	-0.016125	-0.0044863	-0.010257	-0.038842	-0.022089	0.0028893	0.0067966	-0.018788	-0.021562	-0.010685	-0.0049552	-0.0092335	-0.017805	-0.0038758	0.0070123	-0.010137	-0.014638	-0.0060604	-0.0039974	-0.0083485	-0.010954	-0.0070524	-0.015055	-0.014096	-0.018804	-0.011556	-0.016527	-0.019853	-0.035779	-0.025442	-0.021154	-0.020771	-0.019459	-0.019764	-0.0066685	-0.013526	-0.018181	-0.011738	-0.0042993	-0.01021	0.019272	0.012474	0.0035168	0.019579	0.036842	0.061545	0.093378	0.14017	0.18849	0.18917	0.1816	0.16261	0.13605	0.099726	0.060688	0.048846	0.037193	0.031136	0.029399	0.010444	0.0091743	0.0057416	0.011428	0.0079773	-0.0053136	-0.011726	-0.011172	-0.00083664	0.0035387	-0.0042874	-0.0090031	-0.01131	-0.017368	-0.012719	-0.029563	-0.025374	-0.01936	-0.020779	-0.016315	-0.015883	-0.023372	-0.027436	-0.017556	-0.01878	-0.010679	-0.014063	-0.0079637	-0.0011133	0.011533	-0.013349	-0.012131	0.0002017	0.0093835	-0.0033869	-0.0092458	-0.0045752	-0.0064633	-0.016886	-0.0093247	-0.0014266	0.00057466	0.0054292	0.0042927	0.0030512	0.0011361	-0.0039891	0.00018013	-0.011439	0.0016208	-0.0058789	-0.012053	-0.0098843	-0.0023344	-0.004103	0.0094961	0.038315	0.1	0.19328	0.17593	0.11576	0.1602	0.14967	0.1475	0.15297	0.15106	0.15235	0.15492	0.14403	0.098971	0.057216	0.014282	0.013221	0.007673	-0.0019472	-0.0071305	0.0098899	0.003835	0.0012066	-0.010892	-0.0044553	0.0030835	-0.016118	-0.021051	-0.020441	-0.01268
-0.0092559	-0.012553	-0.010227	-0.0047287	-0.015502	-0.011856	-0.0039069	-0.011507	-0.0086337	-0.010645	-0.01114	-0.01074	-0.030333	-0.021361	-0.0023222	-0.0093323	-0.0031952	-0.0066503	-0.016762	-0.0092541	-0.0014177	-0.0060549	0.0005377	-0.0077682	-0.01018	-0.0099091	-0.016171	-0.019065	-0.015227	-0.006865	-0.012587	-0.019572	-0.015649	-0.034535	-0.021345	-0.0027418	-0.0065477	0.0028607	-0.0018582	-0.0080184	-0.011199	-0.0037142	0.00068199	-0.0039538	-0.0030783	-0.00098401	0.00084432	0.0017631	-0.001658	0.0068829	0.0039899	0.0054572	0.0062782	0.0072024	0.012246	0.034205	0.0023634	-0.012473	0.0034574	-0.0021074	-0.011182	-0.00053036	-0.0039174	-0.012532	-0.02431	-0.01047	-0.014078	-0.00035224	0.011166	0.0028104	-0.0032404	0.0070064	0.0017859	0.0023187	-0.0010223	0.0060107	0.014537	0.014961	0.016719	0.015673	0.004563	0.0052029	0.0058905	0.0047774	0.0059505	0.0052786	0.011256	0.022404	0.016751	0.0052661	0.003586	0.019876	0.011144	0.01704	0.011058	-0.0049452	0.0096785	0.02276	0.0079787	0.0029635	0.01696	0.0054612	-0.0076122	-0.0047633	0.0035286	-0.0055778	-0.0096034	-0.0086037	-0.010266	0.008896	-0.018344	-0.035114	-0.0091641	-0.00034436	-0.0066475	-0.0092848	-0.010468	-0.0037387	-0.014003	-0.0051714	0.0061404	-0.0028499	-0.0083646	-0.0015759	0.0039599	-0.0053785	-0.0066255	-0.011948	-0.0062081	-0.0070649	0.0044731	0.0026958	-0.002535	0.00068357	0.0062477	-0.0024258	-0.00099107	0.017328	0.012194	0.0011685	-0.0041376	0.0025927	0.0023899	-0.012082	0.011521	0.0062346	-0.014775	-0.015892	-0.0069354	-0.00016454	-0.0045481	-0.013528	-0.012659	0.00013585	0.0071433	-0.0015914	0.0096652	0.022886	0.029673	0.029074	0.033857	0.025194	0.023869	0.028143	0.023479	0.012979	0.0031956	0.0028343	0.0087564	0.0082278	0.0023495	0.0017416	-0.0026295	-0.0067043	0.0075415	0.0061228	0.00087673	-0.0078857	-0.014143	-0.016249	-0.0049289	0.0033584	-0.016781	0.0010911	0.0035407	-0.017534	-0.025617	-0.0028731	0.004782	-0.021075	-0.013271	-0.0039159	0.0061916	0.00818	0.00527	-0.0075505	-0.0028008	0.0067383	-0.00039989	0.0086519	0.0037215	-0.0015746	0.01129	-0.0040615	0.0030721	0.00040187	0.0045282	0.0012708	-0.0048474	-0.0012513	-0.0015661	0.0012975	0.00052771	-0.002219	0.0051701	-0.011649	-0.0095625	0.011111	0.0084655	-0.002408	-0.00012634	0.011088	0.01534	0.011374	-0.0016458	0.0053066	0.019766	0.02395	0.028364	0.04584	0.072647	0.098684	0.14164	0.15635	0.14583	0.105	0.084301	0.049568	0.0085747	0.0035563	0.0047239	0.0030362	-0.0071328	-0.013125	-0.011392	-0.0018466	-0.010082	-0.0023028	-0.026659	-0.018187	-0.015668	-0.0034657	-0.019822	-0.014636	-0.0099727	-0.0065879
0.0043408	-0.0031795	0.0028637	0.0090228	-0.00022196	-0.0046582	-0.0046982	-0.0082716	-0.017406	0.00010826	-0.0060118	-0.019327	-0.016345	-0.014066	0.0052758	-0.018162	-0.012388	-0.0073424	-0.015634	-0.0014142	-0.010009	-0.0072622	-0.0034822	-0.0025787	-0.011459	-0.0095382	-0.0033211	0.0034881	-0.0045829	-0.01677	-0.018023	0.0071119	-0.012464	0.0052069	0.0019681	0.00078561	0.00091394	-0.00014759	-0.0062164	-0.013178	-0.013789	0.0027589	0.0063465	-0.011825	-0.00099777	0.011013	0.002955	-0.0035257	0.0031294	0.0093292	-0.0040002	0.015988	0.0073351	0.022825	0.039207	0.031	0.0049251	-0.0019208	0.013823	0.014875	-0.0077162	0.0069928	0.0033215	0.0033058	0.0014127	0.0059263	-0.013373	-0.0026698	0.0056532	0.00097505	-0.0041973	0.0032197	0.0088751	0.012967	0.0042943	0.004777	0.0055605	0.005851	0.0097187	0.0069431	0.026188	0.019821	0.026562	0.015127	0.012112	0.010783	0.019337	0.01055	0.01446	0.015268	0.0097391	0.0034732	0.016879	0.0057433	0.0058311	0.012381	0.0047599	-0.0054365	-0.010202	7.9413e-05	-0.0057596	-0.0048357	0.00035384	0.00094858	0.012778	0.008898	-0.014722	-0.0073895	-0.0055696	-0.015128	-0.013082	-0.0058667	-0.00062246	-0.015455	-0.010633	-0.0038884	-0.0015483	-0.0012566	0.0016968	0.0013523	0.0027782	0.016331	0.014086	-0.0046815	-0.0036357	0.00019037	0.0052179	0.017087	-0.0032806	0.010864	0.013475	-0.028629	-0.010313	-0.0004607	-0.0013167	-0.00095119	0.00355	-0.0056295	0.007806	0.014294	0.0068509	-0.0090489	-0.0088365	-0.0039033	-0.0054174	0.005136	-0.0027805	-0.014	-0.0078579	-0.014476	-0.00080959	-0.0054218	5.191e-05	-0.00048301	0.0073963	0.0019376	-0.0008021	0.0086074	0.0076135	0.0012548	0.0061126	0.0014611	0.017769	0.007036	0.0043663	0.0028846	0.010217	0.012373	-0.0066799	-0.013363	-0.004982	-0.0018635	-0.0080638	-0.0032117	-0.0044058	-0.0065085	-0.00033132	-0.0055141	0.0065492	-0.016075	-0.020603	-0.010876	-0.0044115	-0.0027701	-0.0023789	-0.013979	-0.024055	-0.022302	-0.0028182	-0.0079393	-0.012475	-0.0024249	-0.0091282	-0.011791	-0.00082114	0.0050181	-0.0077687	-0.0055046	-0.0021699	-0.0020476	-0.012899	-0.019774	-0.0095054	-0.0041972	0.0048178	-0.009027	-0.01035	-0.014498	-0.0065708	-0.00049209	-0.015169	-0.011048	0.0040579	-0.0014908	-0.0056813	-0.0084263	-0.0035633	0.0085779	-0.01207	-0.01374	0.0046848	0.0047675	-0.0045148	-0.016914	-0.0068511	0.00048773	0.004669	-0.00089548	0.01196	0.0055246	0.018127	0.02558	0.022289	0.020008	0.035355	0.030904	0.018241	0.0063645	0.011641	0.02111	0.0049289	0.0070226	-0.00022489	-0.0073664	-0.0062564	-0.0049868	-0.010776	-0.011539	-0.0050181	-0.012987	-0.0041936	-0.013463	-0.010911	-0.002207	-0.003498	-0.011977
0.0113	0.0158	0.0071991	-0.0027845	0.0020016	0.0022566	0.0078774	0.0074587	0.0046798	0.017615	0.016773	0.0040932	0.0057776	0.011941	0.0055063	0.0045847	0.001064	0.018434	0.0040239	0.0026706	0.0093432	0.0019497	0.0047105	-0.0074901	0.0030242	0.0011381	-0.011661	-0.0040661	0.0018962	-0.0068055	-0.0079233	0.0057537	0.0058962	-0.0058651	0.0033813	0.011799	0.0028623	0.0024372	0.0078561	-0.011315	-0.0039665	0.00037175	-0.0033154	-0.010576	-0.008881	-0.0050615	-0.015279	-0.0090659	-4.7194e-05	-0.011855	0.0033018	-0.0052695	0.0056792	-0.0061355	0.015113	0.056347	0.011364	-0.0023815	-0.01079	-0.0060094	0.0027203	-0.019153	-0.011709	-0.00010155	-0.013311	-0.020137	-0.012952	0.0031287	-0.0066913	-0.0037833	-0.0035104	-0.0033626	-0.0038781	-0.0091625	-0.014449	0.00432	0.014472	-0.019488	-0.0015089	0.0063822	0.020485	0.0015635	0.011738	0.013229	0.0090432	0.0097979	-0.0057892	-0.012383	-0.012294	-0.013891	0.0031362	0.018544	-0.0067501	-0.017596	1.7168e-05	0.0011247	-0.012405	-0.021072	-0.0023372	-0.0053356	-0.0099192	-0.017759	-0.012319	-0.016229	-0.0046129	0.0020587	-0.017689	-0.00506	0.0095061	-0.00063487	-0.010419	-0.011788	-0.0045247	0.0054087	-0.0052012	-0.00063751	-0.014694	-0.012661	-0.01685	-0.020265	-0.020144	-0.011622	-0.0095525	-0.011648	-0.0089393	0.002374	-0.00085591	-0.0030402	-0.0040505	0.0011392	-0.0059201	-0.0049641	0.0084426	0.0036297	-0.0037819	-0.00024646	0.012178	0.016902	-0.012747	-0.0058568	-0.0039825	0.016518	0.022919	-0.0059805	-0.0068399	0.0066232	0.015063	0.0034138	-6.7673e-05	-0.004448	-0.0026643	0.0046831	-0.0004815	0.00025212	0.0023583	-0.0097186	-0.0035857	0.0052072	-0.0059684	-0.010286	-0.0038499	0.0099633	0.0087818	0.0024985	0.00035633	0.003188	0.0047712	0.0071999	0.00041338	-0.0075027	-0.011501	0.00634	-0.005514	7.3649e-05	0.015774	-0.0031893	-0.00032948	-0.00069006	0.00072693	-0.018731	-0.021074	-0.012574	-0.0086209	0.0091142	0.0015021	-0.009902	-0.0098982	-0.0041753	-0.0093175	0.0014151	0.0026531	-0.0044404	0.0097403	0.012441	0.0039009	-0.0053872	-0.0027238	-0.014181	0.011648	0.010726	-0.0087085	-0.01692	-0.0014096	0.0026159	-0.0011288	-0.0016317	-0.00035504	0.00555	-0.0075732	-0.0013758	0.0099229	-0.00081235	0.0043661	0.013649	-0.00018864	-0.014044	0.00082963	0.0043855	0.0021388	0.0059873	0.0066569	0.0060801	-0.016848	-0.013168	-0.0014273	-0.012887	-0.01015	0.009015	0.00023873	0.0016749	0.0059687	0.01218	0.026194	0.022375	-0.001423	-0.0044203	0.0048366	0.011018	-0.00010725	-0.0021287	0.0059725	-0.0079137	-0.0024634	0.019666	0.01658	-0.0089299	-0.0020067	0.0083912	-0.0050929	-0.013357	0.013437	0.0069051	-0.0060822	-0.015674	-0.0069055	-0.0094552
-0.0083312	-0.0047719	0.0091784	-0.009292	-0.0069065	-0.0076666	0.010825	0.0022001	0.010538	0.0093767	0.0010239	0.0075277	0.0043144	0.0022586	0.015529	0.0021033	0.01167	-0.013152	0.0098373	0.0037001	-0.0019097	-0.013515	-0.0012702	0.0075294	-0.00068169	-0.017253	0.0031362	0.00052301	-0.013873	-0.013228	-0.0066266	-0.0069602	-0.011764	-0.01732	-0.018986	-0.016048	0.0059984	-0.016485	-0.00035282	-0.0092978	0.00054668	-0.010357	-0.0090313	-0.01573	-0.019203	-0.013605	-0.0017583	-0.0082624	-0.012839	-0.0065032	-0.0079966	-0.0010769	0.0082276	0.004882	0.01018	0.021119	0.022463	0.0037844	0.0099226	0.013382	0.0068973	0.014682	0.012695	0.0049385	0.014018	0.020674	0.0028174	0.0060403	0.018583	0.022381	0.0056088	0.013602	0.0086061	0.0066524	0.015527	0.016598	0.010571	0.023327	0.020104	-0.005279	0.012241	0.017396	0.011932	-0.00092254	0.011032	0.016453	0.025219	0.014088	-0.00073864	0.0021013	0.02095	0.011257	0.011904	0.0045973	-0.0034286	-0.011292	0.0046454	0.0018936	-0.008683	-0.0113	-0.018252	-0.0090003	-0.013053	-0.0082542	-0.015261	-0.01865	-0.017511	-0.012434	-0.012216	-0.010753	-0.0090017	-0.0052118	-0.010749	-0.0062736	0.0061762	-0.0054391	-0.00092967	-0.00084068	-0.00033475	0.0094215	0.010194	-0.00294	0.011692	0.033648	0.020313	0.0069995	0.0143	0.016032	0.0063972	0.019145	0.010261	0.0043791	0.013899	0.02578	0.016096	-0.001707	0.0030962	-0.0010048	0.0099374	0.015148	0.010599	-5.1189e-05	0.0038871	0.0129	0.0048331	0.0011649	0.0017481	0.0081087	0.00054404	-0.0002819	0.0046217	-0.011142	-0.0084017	-0.0024073	0.0058333	0.0074878	0.0073885	0.014086	0.020543	0.0074536	0.0010992	0.028359	-0.00080973	-0.0082679	0.0055418	-0.0045021	-0.0010939	0.0079648	-0.013457	-0.01181	-0.0054874	-0.026413	-0.019624	-0.012564	-0.02332	-0.012275	-0.024738	-0.017469	-0.021128	-0.025002	-0.017634	-0.016236	-0.011895	-0.006368	-0.012721	-0.017833	-0.015955	-0.0105	-0.022382	-0.015254	-0.008238	-0.011544	-0.0062216	-0.0050941	-0.0049397	-0.004405	-0.0056596	-0.018994	-0.019476	-0.025278	-0.026318	-0.014502	-0.011887	-0.027218	-0.025015	-0.0095161	-0.014362	-0.0030837	-0.0035468	-0.0046737	0.00085776	-0.0093954	0.0005613	-0.0017917	-0.015513	-0.0065986	-0.0022942	-0.00067698	-0.0041076	0.0075607	0.0056507	0.011527	-0.0035317	-0.0022371	-0.0024373	-0.014671	-0.0064701	0.01128	-0.00053462	-0.0026906	-0.0031378	0.010924	0.016948	0.01157	-0.0018638	-0.0037589	0.0046457	0.0074704	0.0011953	0.0011586	0.005072	-0.0065641	-0.001738	-0.0092899	0.0075636	0.003245	-0.019714	-0.0076839	-0.022351	-0.014925	-0.017599	-0.020107	-0.016993	-0.011313	-0.018657	-0.023638
-0.0026472	-0.00066324	-0.0013719	0.0035913	0.011935	0.0022644	-0.00058246	-0.0013868	-0.0053985	-0.0078926	-0.0043105	-0.0019388	0.0062337	0.0074103	0.0033974	0.0028518	-0.0051817	0.0010442	-0.011001	-0.0062339	0.001766	-0.0077509	-0.002829	0.0072005	-0.0084644	-0.0063508	-0.0034147	-0.0067471	0.0020653	-0.0017601	-0.010101	-0.0084514	-0.021488	-0.027623	-0.013767	0.0038142	-0.0057634	-0.00093507	-0.0072142	-0.010759	-0.021396	-0.010924	-0.010203	-0.014232	0.0037857	0.002378	-0.0034389	-0.0058825	0.0045385	0.0055715	0.007227	0.001339	0.0086773	0.0097505	0.020619	0.020309	0.015288	0.020455	-0.0028504	0.016383	0.011572	0.011075	0.0082744	0.014685	0.0032648	-0.0064634	-0.00026388	0.0011041	0.017781	0.0039282	-0.015639	-0.010472	0.011747	0.012419	0.015914	-0.0022937	0.0011023	-0.010476	0.0043982	0.0049114	0.0002289	-0.0037004	0.0081483	0.014957	0.0059433	-7.9988e-05	0.0024339	0.0017969	0.012418	-0.0028227	0.0041761	0.0018897	0.0085543	0.010259	0.016199	-0.013076	-0.017266	-0.014101	-0.01941	-0.015311	-0.013046	-0.018269	-0.01677	-0.0043967	-0.0064933	-0.018874	-0.0012526	-0.013482	-0.0012433	0.002798	-0.013235	-0.031297	0.00071526	0.0085636	-0.0018064	-0.0010305	-0.00017674	-0.0049518	0.0019822	0.0098049	0.0075476	0.0066042	-0.024008	0.010869	0.0073403	0.0064081	-0.0004129	0.015394	0.014266	0.021486	-0.0077729	0.014396	0.00039732	0.0032354	0.028222	0.028898	0.022776	0.017748	0.021706	0.010351	0.01203	0.011337	0.014544	0.006731	-0.00057713	0.0026186	0.019602	0.013381	0.0011795	0.014174	0.011148	0.010987	0.018976	0.023055	0.019745	0.0017846	-0.00011496	0.0048631	0.00060096	-0.011135	-0.001823	0.010595	-0.011402	0.0019364	0.0072945	-0.0043856	-0.0021098	0.00078885	-0.0030649	0.0061834	-0.0027842	-0.031957	-0.018731	-0.013566	-0.020265	-0.025606	-0.034073	-0.016478	-0.0066007	-0.01903	-0.022602	-0.017143	-0.012415	-0.019096	-0.02419	-0.02301	-0.019257	-0.01407	-0.032693	-0.02917	-0.016375	-0.015894	-0.019429	-0.019875	-0.011026	-0.00066848	-0.0058412	-0.013762	-0.012809	-0.0081152	-0.010827	0.024522	0.0029779	-0.025825	-0.005866	0.017428	-0.0067617	-0.019746	-0.016779	-0.00095607	0.0050466	-0.0047603	-0.0080892	0.0027178	0.012855	0.0092548	-0.0028502	0.010744	0.024805	0.021238	0.015673	0.019729	0.012539	0.011448	-0.00069303	-0.0137	-3.5522e-05	0.016299	0.0014463	-0.0043019	-0.00949	0.012423	0.010456	0.0035192	0.00044962	-0.00034309	0.0072091	0.0066769	0.0052521	0.0072002	0.0069257	-0.0024602	0.00023739	0.016517	-0.0061943	-0.0046587	0.014328	-0.0086927	-0.016537	-0.025271	-0.0080216	-0.011634	-0.017567	-0.0086575	-0.0026884	-0.017643
0.0049059	0.0089376	0.017964	0.014941	0.0041547	0.00036117	-0.0028198	0.0087184	0.0053895	-0.004306	0.0057119	0.0098552	0.0048344	-0.026026	-0.013033	-0.0051601	-0.023697	-0.020222	-0.00071115	-0.004627	-0.012355	-0.0057809	-0.013865	-0.013797	-0.01401	-0.013644	-0.0087668	-0.0012066	-0.002769	0.0013207	-0.0029818	-0.0026108	0.011289	0.0071974	-0.013137	-0.013073	0.0024172	0.0033001	0.0022767	-0.01125	-0.0070941	0.0012224	-0.0069021	0.025283	0.024631	0.017161	0.027234	0.040301	0.048621	0.047781	0.040807	0.046635	0.036948	0.020205	0.024841	0.0087277	0.024778	0.016439	-0.0070904	0.005685	0.0033052	0.00068498	0.010827	0.00094924	-0.0006751	0.0017169	-0.0024729	-0.0026186	0.0092006	-0.0028247	-0.0079511	0.006621	0.0049566	0.0004091	0.0059634	-0.0072903	0.00072301	-0.0036113	0.0084702	0.0028319	-0.00038401	-0.016764	-0.0159	0.0059868	-0.0016302	-0.010023	0.00074658	-0.0033075	-0.0041365	-0.016429	-0.0083524	-0.018028	0.0029536	-0.0035179	-0.022749	-0.013333	-0.0064237	-0.014809	-0.011771	-0.018167	-0.026635	0.0034291	-0.01174	-0.01764	-0.017014	-0.010401	-0.0058187	-0.0013093	-0.011213	-0.0097495	0.0024139	-0.0025184	-0.0023589	0.0003174	-0.00030678	-0.0032236	0.010082	0.0069158	0.0048968	0.015367	-0.0041286	-0.0027149	0.00058532	0.005426	0.0032175	0.019865	0.010444	-0.0075425	0.0039797	-0.0015057	0.0062824	0.0022323	-0.001231	0.0017442	0.01391	0.0010144	0.0035986	0.0077463	-0.00063487	0.0083665	0.008862	-0.0080663	0.0028794	0.0042031	0.0080563	0.0029214	0.0021327	0.0033229	0.00066006	0.0082311	0.0059415	-0.012533	-0.011589	0.0015771	0.0105	0.0088647	0.01432	0.0067567	0.0054438	0.006745	0.0022887	-0.0051179	0.0096286	0.010678	0.0034438	0.00022833	-0.0014452	0.0092788	0.012503	0.0075048	0.00516	0.023213	0.019024	0.002175	0.0070931	0.0125	0.0085675	0.0066264	0.0085655	0.00060935	-0.0098247	-0.021513	-0.01241	-0.012824	-0.013226	0.0012586	-0.0031212	-0.025074	-0.017461	-0.011684	-0.0029025	0.0022864	-0.012271	-0.0090481	-0.0081024	-0.0091243	-0.010547	-0.0095837	0.0026166	0.004241	-0.0009318	-0.0052297	-0.0013931	-0.0031739	-0.003761	0.0062558	-0.0050491	0.0026209	0.0075022	-0.0067056	-0.017111	-0.0037752	-0.0038434	-0.0090211	-0.019888	-0.0152	-0.019962	-0.021399	-0.0099472	-0.021913	-0.024941	-0.025759	-0.0065818	-0.0064244	-0.012734	0.0028888	-0.0017577	-0.011337	0.019934	0.004541	0.0042396	-0.013887	0.0037275	0.0059037	0.010922	0.01935	0.018173	0.0057012	-0.0001423	0.0052594	0.0070969	0.0045105	0.0024581	0.0033228	-0.007255	-0.015298	-0.003009	-0.0037928	-0.020467	-0.015923	-0.019251	-0.025871	-0.02515	-0.017721	-0.018256	-0.026635
0.0019651	0.00024079	-0.0052108	0.0060927	-0.00037185	0.0078064	0.020374	0.0096643	-0.0052806	0.0079245	0.015456	0.011152	0.0092455	0.0034342	0.00019055	0.010746	-0.0054405	9.4381e-05	0.0017444	0.010658	0.00051365	-0.0023491	-0.0036166	-0.0086746	-0.017947	-0.023325	-0.0090198	-0.012372	-0.02576	-0.019775	-0.011531	-0.010773	-0.016477	-0.019724	-0.0084154	-0.0099413	-0.012114	-0.022716	-0.024619	-0.023962	-0.021244	-0.021593	-0.0025469	-0.0026919	0.011807	0.016082	0.085305	0.15246	0.18682	0.19299	0.20771	0.19547	0.18096	0.16536	0.11848	0.035025	0.028	0.015818	0.0081402	0.010087	0.01032	-0.01135	0.0021114	0.002638	-0.010151	0.015672	0.011052	0.0058143	-0.0085589	-0.0017389	-0.0014264	-0.0085755	0.0075744	0.0091688	0.0078906	0.0018945	0.0095576	0.035059	0.026257	0.010541	0.01521	0.027255	0.018658	0.0032348	0.012403	0.024173	0.0013765	-0.0036023	0.010321	0.013008	0.0072353	0.0034366	-0.00056691	0.0099845	0.0099464	0.00030789	-0.0074759	-0.015243	-0.0083857	-0.01305	-0.018284	-0.010398	-0.0022266	-0.011071	-0.015238	-0.016445	-0.0035696	-0.0073803	-0.013783	-0.018745	-0.017852	-0.018554	-0.012994	-0.005511	-0.00098984	-0.0059693	-0.0039936	-0.0042673	-0.0079727	0.010943	0.02503	0.026072	0.016161	0.010037	0.012218	0.024965	0.015857	-0.0023405	0.00041609	0.0073706	-0.017118	-0.0042488	0.022225	0.0071863	0.010275	0.014119	0.013101	0.0054324	-0.0046841	0.0037737	0.016425	0.02242	0.013629	0.01469	0.0078986	0.0093077	0.013837	0.016714	0.015577	0.015288	0.019756	0.018834	0.0068154	0.011737	0.0039045	-0.019291	-0.022525	-0.021115	-0.026506	-0.0099194	-0.014286	-0.018158	-0.022473	-0.016863	-0.0091508	0.010728	-0.0058005	-0.017306	-0.014777	-0.0092537	-0.0093764	-0.01765	-0.030838	-0.035912	-0.028612	-0.011582	-0.043218	-0.030018	-0.029213	-0.0092795	-0.025991	-0.0090234	-0.0051877	-0.0091684	-0.016587	-0.01853	-0.017849	0.0050931	-0.005334	-0.036489	-0.0164	-0.0050156	0.0033754	0.0091668	0.01667	0.015069	0.0028764	0.019632	-0.00064024	0.011716	0.027532	0.010791	-0.00038351	0.0065967	0.015024	0.0016703	0.01193	-0.012193	0.0034068	-0.00070873	0.0056204	0.001642	-0.00069224	0.0060889	-0.015415	-0.012728	-0.012349	0.0012483	0.0081524	-0.0056259	0.0018403	0.024883	0.0052906	0.0016835	-0.0094826	-0.0026138	0.011096	0.0067766	-0.0065287	1.5662e-05	0.00095566	0.0074355	0.0047168	0.00073716	0.003969	0.0029047	0.0015884	-0.0050538	-0.00039815	-0.0016582	-0.0034105	-0.0016653	0.0027004	-0.012953	-0.01281	-0.0048997	-0.0077515	-0.008688	-0.0070709	-0.0034879	-0.016861	-0.017822	-0.013628	0.0062497	-0.007123	-0.011333
-0.0027366	-0.0024758	-0.0077124	-0.0050818	0.0085268	0.0080534	0.0023824	0.0086882	0.013693	0.015526	0.014005	0.0045474	-0.0027072	-0.0010342	0.0021328	0.0048473	0.00061186	-0.015964	-0.001759	-0.0099066	-0.011347	-0.0054662	-0.0091302	-0.025718	-0.024427	-0.010354	-0.022064	-0.024324	-0.011279	-0.0043307	-0.015201	-0.017025	-0.0092623	-0.0038529	-0.013424	0.00075687	-0.00082173	0.0035798	-0.005794	-0.0040492	-0.018506	0.019057	0.01431	0.056714	0.18261	0.20254	0.21202	0.20915	0.16342	0.17679	0.17137	0.15988	0.1648	0.15363	0.1507	0.17108	0.12581	0.048986	0.02048	0.013894	0.014813	0.012441	0.011037	0.0015945	-0.0060431	-0.024756	-0.0076385	-0.0014345	-0.0097416	-0.011175	0.0012913	-0.016175	-0.013127	0.0039049	0.0088766	0.00059037	-0.0034177	0.005994	0.0024477	0.017632	-0.0084357	-0.0088367	0.019028	0.0035893	-0.0005317	-0.0091378	-0.011755	-0.0021135	-0.0065271	0.0017129	-0.019813	-0.0090585	0.00056737	0.0045511	-0.003835	-0.00012499	-0.012049	-0.017137	-0.02421	-0.010088	-0.0070275	-0.014572	-0.018717	-0.02944	-0.02232	-0.00037501	-0.014769	-0.023607	-0.022534	-0.024376	-0.031138	-0.023094	-0.020853	-0.0068791	0.0049665	0.0038414	0.013189	0.041046	0.072177	0.15382	0.18931	0.20756	0.21109	0.1785	0.17857	0.17872	0.13889	0.066567	0.03349	0.026862	0.026896	0.02028	0.018265	0.022837	0.026679	0.016623	0.016852	0.026327	0.032752	0.025281	0.013493	0.003956	0.01634	0.0079338	0.018976	0.013148	-0.014872	0.0082493	0.0066615	-0.002057	-0.005074	-0.004799	0.00031806	-0.0048003	0.0018696	-0.00010161	0.0040482	-0.0017773	0.011527	-0.000173	-0.0001916	0.001886	0.0017382	0.00019354	-0.0052321	-0.015579	-0.020954	-0.027313	-0.023838	-0.011588	-0.02161	-0.016099	0.0087233	-0.007313	-0.01902	-0.015915	0.0030586	0.0021785	-0.015156	-0.017085	-0.022272	-0.004091	0.0022164	-0.0043943	-0.012557	-0.011522	-0.023605	0.0031528	-0.00066321	0.010134	0.01694	0.019824	0.031241	0.047617	0.0593	0.058702	0.059669	0.048834	0.037956	0.035873	0.025715	0.020604	0.0031083	0.0059982	0.0030641	-0.0095064	0.014102	-0.0042511	0.0043187	0.0050762	0.0021552	-0.0083716	-0.0049	0.0059239	0.0095503	0.010638	-0.0038245	0.0020366	0.0017114	-0.005206	-0.014671	-0.0029863	-0.0064079	0.010453	-0.0074033	0.0053504	-0.0036801	-0.0057522	-0.0019267	-0.0021805	0.00276	0.02089	0.00039976	-0.008847	0.0035101	0.010825	0.0077168	-0.0050564	-0.0063632	-0.0019095	0.014193	0.015242	-0.0050788	-0.010643	-0.005254	-0.010672	-0.021251	0.00037685	0.00081095	-0.010707	0.0047199	0.0037469	0.0064011	0.0054212	0.015592	0.011541
-0.0083977	0.0011541	0.0012642	0.0018896	-0.0075421	-0.0091457	-0.0064115	-0.011191	-0.0095278	-0.019595	0.0025768	0.0036342	0.0048615	0.0026505	-0.016942	-0.01748	-0.007697	-0.0033374	-0.0095758	-0.0021696	-0.0017013	-0.00079741	-0.015506	-0.020065	0.0030892	-0.0005003	-0.016643	-0.023314	-0.024558	-0.017504	-0.0011565	-0.0043576	-0.022013	-0.015097	-0.020989	-0.022549	-0.014482	-0.039033	-0.030718	-0.022744	-0.014718	0.0049332	0.15109	0.22208	0.1979	0.15366	0.15548	0.15925	0.16578	0.15581	0.15373	0.1497	0.14628	0.17416	0.18254	0.17457	0.15317	0.15726	0.11628	0.031393	0.00017301	0.00022818	-0.013147	0.0017964	0.0039278	0.0064837	-0.0044345	-0.015202	-0.0085374	0.0042963	-0.0057557	-0.016351	0.0035974	0.0094996	-0.0099522	-0.0056375	0.0031259	0.0040143	0.0013709	-0.0024673	-0.014367	0.0052718	0.006964	0.0087555	0.00099901	-0.0013778	0.0053387	0.0024411	0.0038852	-0.0011515	-0.0037872	-0.0039915	0.017098	0.018409	0.0026742	-0.00065675	-0.0021164	-0.0016762	0.0006463	-0.010159	-0.0035325	-0.016197	-0.028312	-0.018566	-0.0031092	-0.01463	-0.027548	-0.022317	-0.0079423	-0.0063775	-0.011154	-0.00029697	-0.0050205	-0.0047315	0.014197	0.057748	0.13549	0.1945	0.23032	0.21298	0.17599	0.18162	0.15011	0.1579	0.16076	0.16848	0.1755	0.17305	0.14165	0.089293	0.041678	0.018767	0.0073538	0.010262	0.019734	0.010619	0.007631	0.018057	0.023819	0.010966	0.0035538	-0.0022627	-0.0041508	0.0038683	0.0058447	-0.010676	-0.003246	0.0031012	0.00030325	0.00627	0.0074158	0.0014667	0.0029869	0.0078918	0.0028205	0.0017212	0.0022198	-0.010603	-0.00050825	-0.0017811	-0.0045787	-0.0065275	-0.014932	0.0014043	-0.009637	0.00090222	-0.0023148	-0.01143	-0.0027932	-0.0010208	-0.0037469	-0.015269	-0.0092715	-0.0061957	-0.016605	-0.023305	-0.015749	-0.014252	-0.001559	-0.012995	-0.021509	-0.021465	-0.010974	-0.014176	-0.014595	-0.0012554	0.012959	0.016956	0.026012	0.036881	0.077667	0.16649	0.19124	0.20546	0.22411	0.22162	0.2161	0.21623	0.20002	0.15293	0.079449	0.046769	0.039384	0.037601	0.0019363	0.0034975	0.011844	0.00056964	0.016604	0.0091955	0.010983	0.0079676	0.0045195	0.004365	0.019256	0.032734	0.010431	0.027864	0.019489	0.012311	0.020585	0.011059	0.012481	0.0045309	-0.006982	-0.0070309	-0.00011044	-0.0012261	0.0027812	0.006179	0.014813	0.015468	0.00082466	-0.0028711	0.0074963	0.0037227	-0.00035747	0.0014393	0.0023744	0.020432	0.016665	0.0089687	0.01526	0.0072623	-0.0022395	0.0060786	-0.018833	-0.013663	-0.017631	-0.0031078	-0.0012635	0.00029613	-0.021971	-0.032186	-0.013527	-0.011375
0.0025736	-0.013182	-0.0089982	0.00076517	0.0071922	-0.0080588	-0.0094408	-0.0040828	-0.00018328	-0.0092494	-0.014728	-0.0037711	-0.013017	-0.0070223	-0.018112	-0.0038879	0.004574	-0.014634	-0.014116	-0.016724	-0.010282	-0.014283	-0.019272	-0.023483	-0.032587	-0.028469	-0.031523	-0.033163	-0.031775	-0.035163	-0.016768	-0.007813	-0.0091217	-0.028704	-0.014688	-0.023593	-0.020564	-0.019212	-0.019047	-0.013982	0.023494	0.15057	0.21147	0.1555	0.15169	0.15613	0.15676	0.16743	0.16313	0.16155	0.15848	0.16868	0.17512	0.15112	0.15534	0.15848	0.15212	0.16013	0.15172	0.14164	0.029641	0.012714	0.0097493	-0.009063	-0.015012	-0.00046263	0.017035	-0.0023382	-0.011618	-0.002381	0.00082365	0.0056058	-0.0039691	-0.015196	0.0051734	0.0017168	-0.0080651	0.00052675	0.0022511	0.0063809	0.001807	0.00098196	-0.0083522	0.0053904	0.0076254	-0.0041901	0.022759	0.016532	0.0057941	-0.0014456	-0.0089117	-0.0042203	0.012985	0.001472	-0.012118	-0.0081028	-0.0090446	0.0026937	-0.002575	-0.0039801	-0.015794	0.0029215	0.00074809	-0.0075764	-0.010742	-0.015189	-0.0055803	-0.0077843	-0.01378	-0.018381	-0.018225	-0.019012	-0.0044566	0.012764	0.10436	0.20188	0.20539	0.16794	0.16167	0.16771	0.1678	0.16582	0.16106	0.16336	0.16885	0.17243	0.17371	0.17515	0.17021	0.14512	0.1444	0.059359	0.026365	0.0071789	0.01766	0.01366	0.004747	0.0075987	0.018131	0.0060578	0.0070687	0.013929	0.014828	0.0079766	0.027006	0.020313	-0.002579	0.0093921	0.034723	0.026591	0.0112	0.023235	0.021395	0.0023565	0.010656	0.027121	0.022834	0.0092864	0.0042515	0.017594	0.015937	0.0033459	0.00014428	0.004831	0.013746	-0.0014249	0.0023402	0.010169	0.0072561	-0.0024955	-0.016672	-0.00065204	0.0020202	-0.0022778	-0.023093	-0.017479	-0.0030013	-0.020564	-0.027946	-0.021594	-0.012117	-0.0072419	-0.016206	-0.02708	-0.0070675	0.0033784	0.01	0.032665	0.1169	0.19732	0.23178	0.20434	0.16273	0.18232	0.19004	0.15581	0.16593	0.18233	0.17821	0.18728	0.20022	0.17565	0.085079	0.029864	0.015368	0.014884	0.012254	0.0027351	0.013597	-0.0036878	0.0038267	0.015434	0.021022	0.021037	0.020973	0.015389	0.0051919	-0.0012935	0.010375	0.015734	0.027328	0.010123	-0.0038215	0.011622	0.028339	0.01376	0.0032635	0.01556	0.0057191	0.0014789	0.0028145	0.011139	0.025961	0.010185	-0.012083	0.022852	0.0011713	-0.0074247	-0.015835	0.013736	0.0091915	-0.0012324	-0.010051	-0.0068102	-0.0037189	-0.0084452	-0.016812	-0.018737	-0.025104	-0.0095479	-0.018203	-0.027895	-0.017597	-0.021518	-0.017991	-0.016702
0.0072981	-0.0023632	0.002054	0.0093269	0.0090719	-0.00022167	-0.001971	-0.00070291	-0.00060952	-0.0036271	-0.0019304	0.0028711	-0.0083847	-0.0049612	0.00014139	0.0090343	0.0069959	-0.0013868	-0.0010026	-0.001256	0.0054714	-0.0045235	0.010245	-0.0013217	0.011345	0.028377	0.0043437	0.014045	0.002914	-0.0043783	-0.0094079	-0.010926	-0.021389	-0.020258	-0.01947	-0.0096728	0.0111	-0.0029064	0.009385	0.015318	0.14635	0.21098	0.21019	0.16548	0.16765	0.17088	0.17111	0.17949	0.18133	0.18134	0.17686	0.17933	0.18114	0.18378	0.18844	0.18017	0.17527	0.18438	0.17862	0.16501	0.10176	0.058432	0.034896	0.019861	0.016383	0.010028	0.0092863	0.0082451	0.00028089	0.0054239	0.016335	0.0081707	0.00031663	0.010021	0.019985	0.0033247	0.0076964	0.0017078	0.0090598	0.015649	0.028154	0.031758	0.021236	0.0073541	0.01015	0.010923	4.6036e-06	-0.011639	-0.017086	-0.0071115	-0.017323	-0.025131	-0.035555	-0.019903	-0.007684	-0.026189	-0.025606	-0.023744	-0.027449	-0.0060714	-0.0099513	-0.018997	-0.02388	-0.0095627	-0.014695	-0.023801	-0.013625	-0.013597	-0.0077904	-0.001749	-0.00295	0.011455	0.027121	0.17184	0.27392	0.18838	0.17104	0.16071	0.16357	0.17187	0.17226	0.16703	0.15444	0.15871	0.17946	0.18024	0.17726	0.17184	0.17694	0.17228	0.16291	0.16354	0.079292	0.036025	0.027217	0.01372	0.00438	0.0034354	-2.0699e-06	-0.0058767	-0.011534	-0.0004283	0.0094779	-0.011263	-0.0048719	0.0070716	0.012236	-0.0080311	-0.0011745	0.0092813	0.0010818	-0.014364	0.0062964	-0.0096064	-0.012139	-0.0068327	0.0025973	-0.0055131	-0.0039736	-0.0040342	-0.0045662	-0.011544	0.0060158	-0.021601	-0.02451	-0.010843	-0.010158	-0.01158	-0.010171	-0.0076965	-0.026901	-0.016539	-0.018527	-0.027733	-0.027563	-0.014035	0.0039453	-0.026447	-0.01343	-0.010264	0.00011968	-0.017637	-0.011433	-0.0029747	-0.004352	0.0082477	0.060828	0.14217	0.21834	0.21064	0.1654	0.15799	0.14669	0.16114	0.15911	0.1653	0.16097	0.15652	0.16601	0.18308	0.10979	0.17305	0.15743	0.14902	0.055822	0.034359	0.031998	0.020443	0.012595	0.020485	0.023578	0.029305	0.025278	0.027268	0.016314	0.017313	0.0070743	0.027394	0.023659	0.019716	0.016632	-0.0011976	-0.00099522	0.023041	-0.0019247	0.028731	0.019602	0.013406	-0.0050781	0.0077003	0.0085655	-0.00093338	-0.0070552	0.00036994	0.003767	0.011547	0.0031194	-0.00095003	-0.0082295	0.0056913	0.0048763	-0.0024054	-0.0044079	-0.0019535	-0.0023706	0.0074797	-0.011431	-0.0050764	-0.011864	-0.00855	-0.012183	-0.01948	-0.014558	-0.014799	-0.0073917	-0.010802
0.0043454	0.00077885	0.0054291	0.010212	0.0032744	-6.1743e-05	-0.0021783	-0.0050002	-0.008713	-0.005682	0.0031904	0.0018361	-0.01143	-0.010577	0.010717	0.014279	0.0017406	0.0041829	0.0044332	0.0065353	0.013548	-0.0024412	0.011986	0.019305	0.0013569	0.0078632	-0.012714	-0.0030007	0.0051624	-0.0055936	-0.0074056	-0.00075828	-0.018694	-0.015578	-0.0054775	-0.0088797	-0.017333	-0.0060511	0.010492	0.099097	0.21818	0.20128	0.15729	0.16779	0.17593	0.17796	0.17778	0.18387	0.19185	0.19346	0.18756	0.18231	0.17948	0.20876	0.21385	0.19418	0.19074	0.20095	0.19785	0.16785	0.16705	0.13385	0.05884	0.029683	0.023902	0.020429	0.007326	0.019687	-0.0054344	-0.0027204	0.0080357	0.00066249	-0.0044538	-0.01101	-0.021209	0.0025746	-0.0015958	-0.0093375	0.0038042	0.0013533	-0.0077395	-0.0049268	-0.0069779	0.0013333	0.0045178	-0.011768	-0.0088195	-0.0029447	0.0076174	0.0024084	0.004539	-0.0022544	-0.0012163	-0.0086263	-0.0097181	-0.0082968	-0.010241	-0.0067239	0.011591	0.0087596	-0.0067511	-0.022556	-0.040279	-0.027874	-0.012046	-0.010107	-0.012566	-0.013816	-0.019388	-0.024183	-0.012259	0.012036	0.12565	0.22918	0.18035	0.14924	0.15021	0.15796	0.15991	0.15745	0.17531	0.17014	0.17226	0.17419	0.18104	0.18314	0.17948	0.17602	0.17838	0.17262	0.17582	0.16976	0.13021	0.070587	0.031266	0.015889	0.016936	0.015642	0.0068407	0.0077226	0.0015778	0.01067	0.0050791	0.012819	0.027815	0.016529	0.038851	0.020601	0.011725	0.014187	0.019277	0.0071772	0.0095283	0.02187	0.011717	0.0084831	0.0026314	0.010486	0.0041145	-0.0028482	0.006524	-0.0043848	0.0097708	-0.00017543	-0.0066003	-0.00504	-0.0074337	-0.0045144	-0.0038664	-0.0089514	-0.018195	-0.012454	-0.011582	-0.018076	-0.01951	-0.014142	-0.013217	-0.011748	-0.0078102	-0.0015999	0.0028538	-0.0090013	0.0024515	0.0027926	0.0089011	0.055363	0.17701	0.22769	0.15976	0.1816	0.1828	0.18592	0.18644	0.18916	0.19472	0.19013	0.18943	0.19426	0.19613	0.19416	0.19566	0.16577	0.19566	0.17542	0.13782	0.092926	0.048033	0.039814	0.0037838	-0.00092065	0.010899	0.0013512	0.005804	-0.0026739	0.0027978	-0.015308	-0.0053514	0.0029456	0.0039952	0.010806	0.00027895	0.0025608	-0.0086726	-0.0013754	0.00814	-0.0040407	-0.0089526	-0.0063389	0.0072923	0.0087064	-0.0017532	0.003246	0.0078876	0.017511	-0.014574	-0.0074344	-0.0026096	-0.0021525	-0.0083012	-0.01003	-0.007116	-0.011256	-0.006442	-0.004774	-0.0086996	0.015727	-0.013728	0.00090746	-0.0063012	-0.015229	-0.01384	-0.018742	-0.019197	-0.015756	-0.0044691	-0.012579
0.0073233	0.005085	-0.0056457	-0.0059829	0.0022303	0.0037451	-0.013688	0.0078333	-0.0022871	-0.01365	0.00018341	-0.001103	-0.0065927	-0.0017992	0.0019207	-0.012531	-0.01701	-0.0084386	-0.010029	-0.0078699	-0.0044872	-0.0052219	0.0032068	-0.0093772	0.0026527	-0.00091462	-0.00059212	-0.0064314	0.0030584	-0.00052795	-0.0026008	-0.0016181	-0.0037271	-0.00015157	-0.0061136	-0.0062553	-0.0064307	-0.013551	0.055777	0.18796	0.1722	0.18214	0.15818	0.17068	0.16992	0.1867	0.18706	0.18154	0.1875	0.19427	0.19672	0.20085	0.18668	0.19739	0.20235	0.19925	0.19735	0.20088	0.19693	0.17687	0.16847	0.14037	0.099787	0.039165	0.010626	-0.00078816	0.0013404	-0.011737	-0.0056813	-0.0086941	-0.0012073	0.0016199	-0.0073516	-0.0027669	-0.00085612	-0.0097607	-0.012964	0.0025759	-0.0013789	-0.011143	-0.01289	-0.0075486	-9.9182e-05	-0.0030116	-0.025559	-0.0040124	-0.0081303	-0.0085522	-0.0032807	-0.00083746	-0.0069716	-0.010114	-0.0019177	-0.0041737	-0.0040528	-0.0050887	-0.013765	-0.0041038	-0.0011265	-0.014912	-0.01725	-0.0057543	-0.015449	-0.0095826	-0.010267	-0.0083006	-0.0076329	-0.011833	-0.019667	0.0061798	0.025962	0.096421	0.21186	0.20266	0.15553	0.15767	0.17089	0.16638	0.16245	0.1731	0.17885	0.17078	0.1754	0.17404	0.19409	0.18248	0.19081	0.17905	0.16452	0.164	0.17747	0.19152	0.16109	0.11401	0.077925	0.043615	0.028594	0.017682	0.034927	0.0341	0.023481	0.015541	0.011636	0.026837	0.029948	0.025481	0.015627	0.029151	0.013094	0.020113	0.028597	0.013562	0.013287	0.0097544	0.0018585	-0.0020705	0.01918	0.017123	0.0027357	0.0070706	0.020058	0.0052183	0.01597	0.023694	0.013754	0.0032071	-0.0022656	0.0049959	0.0048828	-0.0077621	-0.0070445	-0.0059246	-0.0021921	-0.005974	-0.0090122	-0.011805	-0.016465	-0.0041163	0.0015353	-0.0040391	-0.0081056	-0.00518	-0.0037161	0.012238	0.05953	0.16225	0.18506	0.15627	0.16599	0.16661	0.15774	0.16354	0.1689	0.17226	0.17571	0.17703	0.17143	0.17366	0.17288	0.16895	0.16676	0.18193	0.17388	0.15966	0.16011	0.13891	0.1043	0.025551	0.024526	0.030434	0.020286	0.0094197	0.0088964	0.018116	0.022381	0.024356	0.0017699	0.022776	0.02506	0.025481	0.018592	0.014554	0.016086	0.0049706	0.0091079	0.0019428	-0.0036924	0.013669	0.0095184	0.0087653	0.0047289	0.0018124	0.016994	0.010872	-0.004873	-0.010483	-0.0031637	-0.0040058	0.0067106	0.011649	0.0020469	0.020449	0.0089086	0.017569	0.011459	-0.0051434	0.0068342	-0.0017226	0.0081533	0.016885	0.013401	-0.020575	-0.010771	0.0018306	0.0006295	-0.00052486
-0.00044668	6.5204e-05	0.007008	0.010383	-0.0020902	-0.0046144	-0.0096058	-0.021489	0.0085272	-0.0014761	0.020833	0.012402	0.021492	0.011951	-0.0024068	0.0013701	0.0020876	-0.0069186	-0.0073234	-0.011548	-0.0062542	-0.0053637	-0.0036809	-0.0099939	-0.010357	-0.017583	-0.018865	-0.010179	-0.019276	-0.011476	-0.011513	0.00027911	-0.019118	-0.018374	-0.016371	-0.011033	0.001571	0.033678	0.10305	0.18182	0.15918	0.16073	0.15681	0.17131	0.16165	0.19318	0.19409	0.17695	0.18089	0.19281	0.20361	0.21712	0.19162	0.18376	0.1886	0.20207	0.20169	0.19856	0.19374	0.18362	0.16387	0.182	0.15391	0.069883	0.037206	0.031499	0.020489	0.0094631	0.0059202	0.011785	0.0063526	0.011006	-0.0029324	0.0017211	0.0010315	0.0054321	0.010724	-0.00073046	0.0088397	0.0013927	-0.0013909	-0.0065123	-0.0030483	0.0068675	0.014816	0.003263	0.004079	0.0043209	0.0017919	-0.0039152	-0.0018394	0.022605	0.030084	-0.0080896	-0.022853	0.015963	0.0032708	0.0016497	-0.01695	-0.014707	0.0016649	-0.0051516	-0.0019162	-0.0039922	0.0014072	-0.0068393	-0.0082178	-0.0076788	-0.0037507	-0.00080155	0.069457	0.18252	0.1711	0.16556	0.16287	0.16448	0.17031	0.16467	0.1575	0.17976	0.18604	0.17053	0.17479	0.17969	0.19629	0.20386	0.1915	0.1835	0.19373	0.1894	0.18903	0.17336	0.17195	0.17255	0.11552	0.048713	0.027281	0.019353	0.022503	0.0056744	0.0024171	0.01013	0.016467	0.012395	0.0032616	-0.0073633	0.0099727	0.003825	-0.0037716	0.012399	0.0012448	0.014254	0.0052896	0.005653	0.016452	0.0068824	-0.00376	-0.011867	-0.026543	-0.0094109	0.0089125	0.0068556	-0.011719	-0.018826	-0.015773	-0.017533	-0.023107	-0.018356	-0.026219	-0.017866	-0.019329	-0.019707	-0.017981	-0.005541	-0.023394	-0.017092	-0.026661	-0.023479	-0.031243	-0.030993	-0.011689	-0.0056375	-0.009213	0.031157	0.16277	0.2448	0.14116	0.15084	0.16001	0.16456	0.16817	0.16636	0.15244	0.17708	0.16498	0.17006	0.15736	0.16336	0.15446	0.15859	0.1698	0.17581	0.17187	0.16855	0.16655	0.1652	0.13238	0.057713	0.022172	0.022609	-0.010633	-0.011649	0.0017901	-0.0047457	0.0021743	0.0022557	-0.0021161	-0.01063	-0.0038638	-0.007137	-0.006502	-0.0031152	0.0071748	0.0069704	-0.00084375	0.009744	-0.0040379	0.0012354	0.013748	0.0093655	-0.0024469	-0.0049406	0.0068485	0.014062	-0.0085765	0.0084612	0.0048554	0.0099263	0.015665	0.011417	-0.0061345	-0.0046943	-3.2253e-05	-0.0045665	-0.0036427	-0.0031654	-0.0099617	-0.01044	-0.0021906	0.00051648	-0.015026	-0.0042374	-0.027349	-0.02146	-0.017464	-0.0051665
0.019337	0.012634	0.0052342	0.0057771	0.0036688	0.016184	0.010425	0.0095116	0.0027584	0.013802	0.020244	0.013256	0.0046933	0.0097332	-0.00076073	-0.0017302	-0.0015251	-0.010663	8.9063e-05	0.0083719	-0.0086272	-0.001427	0.0054047	0.0078073	0.0013193	-0.011642	-0.011886	-0.0089066	-0.013649	-0.0026829	-0.025048	-0.030958	-0.017385	-0.0090724	-0.013848	-0.011967	0.0021821	0.051515	0.15633	0.17152	0.15226	0.15871	0.16053	0.16125	0.157	0.17959	0.186	0.17934	0.18084	0.18148	0.19059	0.20121	0.18496	0.1792	0.18262	0.20119	0.18322	0.19197	0.19534	0.19817	0.1881	0.18566	0.17041	0.078264	0.048218	0.02997	0.016511	0.00096161	0.0076065	0.026916	0.022589	0.020023	0.017205	0.022128	0.016706	0.010779	0.0048183	-0.0049784	-0.0098709	-0.00034767	0.0014141	-0.0034976	-0.011762	-0.01475	-0.013304	-0.012819	-0.0077906	0.0042004	-0.0041578	-0.0049905	-0.0071852	-0.0075177	0.0063988	0.0035639	-0.0098668	-0.015455	-0.0076323	-0.0017107	0.0077419	-0.012983	-0.023396	-0.0092565	-0.010242	-0.0252	-0.0043796	-0.014322	-0.028511	-0.010335	-0.0076952	0.0079813	0.16442	0.19193	0.16696	0.16426	0.16938	0.16789	0.17903	0.18265	0.17292	0.17132	0.18317	0.17256	0.16709	0.18833	0.18334	0.17069	0.1851	0.1931	0.2045	0.18296	0.18158	0.17657	0.16414	0.16587	0.14516	0.076738	0.028555	0.0021339	-0.0048935	0.025637	0.0018235	-0.0070706	0.0049684	-0.019186	0.022156	-0.0095495	-0.0024013	0.0056841	0.00090923	-0.0040595	0.005524	0.011579	-0.0086085	-0.010342	-0.00061333	-0.0003783	-0.013657	-0.014213	-0.0086031	-0.0085901	-0.011618	-0.0028666	-0.020787	-0.019118	-0.015791	-0.018304	-0.02176	-0.018639	-0.011101	-0.0039848	-0.010679	-0.021059	-0.030877	-0.0048213	0.00084554	0.00041985	0.00056606	0.014579	-0.0014229	0.004592	-0.0078814	-0.0026073	0.021237	0.079807	0.19662	0.1715	0.15271	0.15177	0.15717	0.14722	0.15227	0.16382	0.16975	0.16431	0.16712	0.15687	0.18352	0.17293	0.17117	0.19227	0.18303	0.18534	0.18351	0.18606	0.17839	0.17627	0.17871	0.12724	0.038753	0.011119	0.015762	0.0097447	0.012703	0.016788	0.0067301	0.0015475	0.0015049	0.011147	0.0053912	0.010489	-0.00091698	0.005547	0.0076994	0.0032814	-0.00098942	-0.020532	0.010988	0.0022766	0.0023074	0.0072262	-0.007507	-0.009681	-0.011085	-0.01559	-0.012253	-0.00445	0.003186	0.0047544	-0.0043	-0.0077842	-0.0060829	-0.012862	-0.0043519	0.0090281	-0.011199	0.00093708	0.0010448	0.010545	0.0066048	-0.003464	-0.0062336	-0.0050479	0.0016245	-7.5791e-05	-0.0046638	-0.0052575
0.010587	0.011081	0.014699	0.019467	0.010808	-0.0023289	0.0053634	0.0076746	0.013836	-0.00022832	0.015796	0.026595	0.0018588	0.0064386	3.8275e-05	-0.0098973	0.015323	0.013966	0.017788	0.0024202	-0.00071896	-0.0084413	0.0054721	0.0030064	-0.0032875	-0.015706	-0.0082492	-0.0033415	-0.0015447	-0.0072192	-0.0024502	-0.01855	-0.026126	-0.019981	-0.019877	0.0065588	-0.0017903	0.10018	0.20812	0.16343	0.14755	0.15889	0.16647	0.15339	0.15456	0.16821	0.18011	0.18394	0.183	0.17236	0.17977	0.18751	0.18052	0.17685	0.17885	0.18994	0.17874	0.17731	0.19746	0.18076	0.16159	0.16096	0.17549	0.1201	0.029059	0.0022505	0.013837	0.0047432	-0.020212	0.011366	0.01117	-0.0051567	-0.0092333	-0.0025081	0.0039853	0.010529	0.0081556	0.0034027	0.01037	0.0011375	-0.0040732	0.0017298	-0.0059626	0.0081424	0.0066453	0.011861	0.0027541	-0.0075055	0.011324	0.0080395	-0.0055129	-0.0014549	0.0050942	0.0013231	0.015957	-0.0018532	0.0059473	0.0042614	-0.0054066	-0.008375	-0.0070185	-0.021185	-0.020957	-0.014647	-0.010771	-0.017794	-0.014253	-0.019276	-0.00467	0.020069	0.15531	0.14887	0.15342	0.17833	0.17993	0.1669	0.15446	0.17308	0.17172	0.1651	0.16131	0.16394	0.18355	0.18151	0.18773	0.1889	0.16999	0.17829	0.19364	0.17194	0.17486	0.18233	0.17579	0.17587	0.15693	0.11751	0.041944	0.015165	0.0049559	-0.0058767	0.0088497	0.0069388	0.0013242	0.0011464	-0.013988	0.0042066	0.0096758	0.0076511	0.014227	0.0082891	0.011821	0.026905	0.0016185	0.014269	0.013382	0.0096004	0.0066174	-0.0068225	-0.018746	-0.010746	-0.0074872	-0.013128	-0.01173	-0.015762	-0.0066629	-0.011151	-0.0070155	-0.0031392	-0.0011974	-0.011527	-0.038409	-0.02661	-0.016064	-0.014664	-0.010362	-0.023923	-0.020789	-0.019392	-0.009742	-0.011703	-0.019293	0.00094203	0.023151	0.1439	0.18159	0.15133	0.15636	0.16164	0.16297	0.15619	0.15886	0.15847	0.15906	0.15951	0.17376	0.18333	0.17461	0.17343	0.18222	0.17949	0.18374	0.18475	0.17155	0.17	0.17885	0.17159	0.16707	0.16181	0.086412	0.028101	0.010127	0.0082871	0.011268	0.014012	-0.00072315	-0.0025337	-0.0028325	0.0025512	-0.00031801	0.0092178	0.0040905	0.00012234	0.0051052	0.0058906	0.0023902	-0.0011126	-0.013249	-0.016003	-0.0081475	-0.0071665	-0.0069221	-0.0113	-0.016893	-0.0049141	-0.014023	0.006763	0.008405	0.0050484	-0.003836	0.0028128	-0.0046503	-0.013033	-0.006649	0.0082309	-0.0082073	-0.0096481	-0.013204	-0.00045976	-0.0054477	-0.017446	-0.016806	-0.0077842	-0.011851	-0.010591	-0.0074176	-0.0046647
0.0061133	-0.0024766	0.0014463	-0.0070869	0.00059047	0.006203	0.013955	-0.0072465	-0.014104	-0.0055768	-0.003833	0.021676	0.01517	-0.0070963	0.011057	0.0065893	0.017366	0.0073332	-0.001635	-0.0057826	0.0025734	0.0065311	-0.0044716	-0.0056962	0.0039369	0.0018349	0.00049387	0.0030059	0.0092986	-0.005126	-0.00055653	0.0083089	-0.011534	-0.019935	-0.0046849	-0.0051732	0.021536	0.16514	0.21428	0.17438	0.15575	0.1587	0.14953	0.16911	0.17284	0.17496	0.16374	0.15864	0.16803	0.17815	0.17514	0.17833	0.17887	0.18372	0.18338	0.18168	0.18199	0.17553	0.17886	0.19121	0.1873	0.18126	0.16302	0.14416	0.070599	0.030563	0.010289	0.0094947	0.020166	0.018849	0.0081497	0.0045225	-0.0080666	-0.0049601	-0.00074078	0.0056425	-0.0080527	-0.0091047	-0.013182	0.027976	0.0050643	-0.0094257	0.0031283	-0.0056004	-0.0064487	0.0091562	-0.0025351	-0.015453	-0.020206	-0.011095	-0.016521	-0.015002	-0.010668	0.0036919	0.011987	-0.0016319	0.0018134	-0.004228	0.006413	-0.001155	-0.0090205	-0.0071565	-0.013081	-0.021559	-0.027636	0.00018379	0.0066421	0.0064246	0.011488	0.099034	0.20127	0.20316	0.15576	0.1614	0.17122	0.17683	0.18641	0.16914	0.16808	0.19676	0.18917	0.18399	0.18379	0.18984	0.18371	0.17772	0.19057	0.18971	0.18881	0.1885	0.1921	0.18841	0.18218	0.18686	0.18708	0.18533	0.07811	0.04235	0.017178	0.014158	0.0056925	0.0044853	0.002644	-0.0029585	0.0039561	0.00043318	-0.0052109	0.0070596	0.0074477	-0.02615	-0.01499	0.0084483	0.012805	-0.013783	-0.001673	0.0048554	-0.0011102	0.0037485	-0.0055671	-0.0024736	-0.0050075	0.015319	-0.00045603	-0.0048121	0.0051965	-0.0027859	-0.0021297	-0.0071177	-0.0080471	-0.0084308	-0.0047077	-0.0011841	0.00034404	0.010458	-0.006009	-0.0019062	-0.0052013	-0.013661	-0.0073454	0.0066655	-0.00081263	0.0095214	0.049999	0.21807	0.19367	0.16819	0.15721	0.16053	0.18181	0.1718	0.17941	0.17284	0.1671	0.18868	0.20373	0.18189	0.17908	0.18538	0.1777	0.17783	0.18288	0.17917	0.19147	0.1902	0.16692	0.16791	0.16163	0.15435	0.12519	0.043292	0.0027002	0.0050387	0.0080422	0.0094453	-0.0099673	-0.0084057	-0.0089608	-0.007835	-0.0078181	0.0061558	0.0073071	-0.0070932	0.00072026	0.0067091	0.0039791	0.024143	0.00021211	-0.0042812	0.0088075	0.019066	0.011286	0.0080115	0.0028777	0.012376	0.005952	0.016185	0.011833	0.0035517	-0.0051628	0.011619	-0.0050085	-0.014996	-0.010737	0.0056429	-0.0070065	-0.022024	-0.029243	-0.013255	-0.019291	-0.03322	-0.029168	-0.012311	-0.027117	-0.022898	-0.011962	0.031051
-0.0028706	0.0070069	0.002324	0.00099006	-0.0062733	0.0023464	0.0034664	-0.01252	-0.018493	0.006858	-4.3851e-05	-0.009332	-0.0067281	-0.0099317	-0.0099856	-0.013611	-0.0016801	0.00045109	-0.007517	-0.014632	-0.0071988	-0.0038797	-0.0025941	-0.015779	-0.016837	-0.01586	-0.022967	-0.021793	-0.015834	-0.010409	-0.018515	-0.014936	-0.0034656	-0.018175	-0.0080894	-0.0052263	0.03043	0.16435	0.1817	0.1609	0.15415	0.15269	0.15688	0.17206	0.18742	0.17654	0.17784	0.192	0.19104	0.18309	0.15852	0.17728	0.18341	0.18029	0.17021	0.16476	0.16148	0.17767	0.17762	0.17302	0.1755	0.16588	0.15455	0.15607	0.097032	0.03785	0.0077283	0.011643	0.013693	-0.0027286	-0.0090753	-0.015105	0.018794	0.025812	-0.0036121	0.0069765	0.0055291	-0.0010049	0.0066089	0.0031174	0.0002366	0.0022103	0.0017093	0.0010892	-0.0050278	-0.0056587	-0.0052686	0.0010773	0.0012312	0.00051689	0.0040899	-0.00050423	-0.010698	0.0055843	0.00088272	-0.0066914	-0.0093716	-0.012148	-0.0088887	-0.028456	-0.030682	-0.012668	-0.016714	-0.018026	-0.014636	-0.020479	-0.0075295	0.0058139	0.018288	0.13737	0.21598	0.15793	0.16567	0.17047	0.18018	0.17669	0.17762	0.16575	0.17139	0.19101	0.17668	0.18102	0.1812	0.17057	0.18222	0.19876	0.19187	0.1999	0.19585	0.17484	0.19303	0.19993	0.19581	0.18715	0.17558	0.17554	0.10547	0.058037	0.027214	0.029182	0.019014	0.015792	0.016803	0.01674	0.019355	0.019189	0.019844	0.016148	0.030061	0.022018	0.0073023	0.0044723	0.0056959	-0.0097302	-0.0029768	0.0055851	-0.0033916	-0.015519	-0.0076199	-0.0069139	-0.0057164	0.0030514	0.0013667	0.001956	-0.010174	-0.0081949	-0.0029516	-0.0070166	-0.0020661	0.0044474	-0.007057	-0.013616	0.0028856	-0.015284	-0.015694	-0.015124	-0.009379	-0.017927	-0.007354	-0.0107	-0.0094126	0.021374	0.1284	0.19987	0.16658	0.16289	0.17166	0.16991	0.16571	0.16617	0.17023	0.17381	0.17163	0.17851	0.1842	0.17501	0.17297	0.18284	0.17937	0.18786	0.20264	0.18664	0.15972	0.15632	0.17698	0.18414	0.16087	0.15666	0.1522	0.06057	0.038154	0.014498	-0.0037644	0.010613	0.0115	0.010227	0.0015107	0.0026273	0.014155	0.0011182	0.002446	0.010808	0.0076049	0.011191	0.011068	0.01241	0.012375	0.0069921	0.012545	0.0054382	0.002306	0.014234	0.0092154	0.0064459	9.3882e-05	0.0011057	0.0039346	-0.0048595	-0.0087555	0.0055617	-0.001198	0.011094	0.010851	0.0019632	-0.0091034	0.0038751	0.0038155	-0.0043343	0.0063321	0.0041856	-0.0075965	-0.013272	-0.0033113	-0.010914	0.003099	0.11272
0.019864	0.009788	-0.0058711	0.0014524	-0.00052811	-0.0026722	-0.012322	0.00090816	0.0015296	0.0026229	0.0060602	-0.0048383	0.003651	-0.00062125	-0.0053528	-0.00064906	-0.0042733	-0.015644	-0.009283	0.0045975	0.0029691	-0.011715	0.0021396	0.0092894	-0.0027653	0.0087579	-0.01134	-0.0060131	-0.0088274	-0.0058077	-0.00059046	-0.0019394	0.004006	-0.0095969	-0.017006	0.014378	0.070252	0.23965	0.19561	0.17464	0.17139	0.16882	0.18233	0.1805	0.17331	0.16326	0.17382	0.18211	0.16536	0.16485	0.17496	0.1702	0.18839	0.18597	0.17803	0.18643	0.1931	0.18176	0.18692	0.17901	0.17666	0.17523	0.17316	0.16758	0.12291	0.047964	0.029279	0.01784	0.022519	-0.0048927	-0.0043428	-0.0098109	0.0055396	0.0040418	-0.011908	0.00051531	0.011432	0.010508	0.016949	0.010085	0.0038715	0.0057455	0.010452	-0.0019124	-0.009769	-0.0098663	-0.00065184	-0.0098965	-0.0067928	-0.003438	-0.0052332	-0.01161	0.0036239	0.001373	-0.00151	-0.0066297	0.0052034	0.018587	0.0089494	-0.0060936	0.008492	0.0019128	0.0071456	0.0033147	0.0040958	-0.013028	-0.020837	0.025028	0.03463	0.13084	0.25241	0.17391	0.17423	0.16825	0.17041	0.18146	0.17544	0.17595	0.17847	0.17422	0.16749	0.18129	0.18215	0.20467	0.19117	0.18389	0.18028	0.18948	0.19202	0.18653	0.19015	0.19399	0.19349	0.19712	0.1826	0.17132	0.14626	0.057533	0.015645	0.01154	0.0064141	0.011608	0.0074776	0.0018231	1.0741e-05	-0.0010109	0.010319	0.0084935	-0.00052885	0.0046985	0.0039897	0.0039477	0.005096	0.0049008	-0.0050905	0.0004702	0.02202	0.012267	-0.0034775	-0.014259	-0.0093061	-0.0082684	-0.0018473	0.012491	0.0010406	-0.0062667	-0.0090516	-0.015209	-0.022887	-0.015672	-0.0088372	-0.0088047	-0.022417	-0.031593	-0.00050149	-0.025491	-0.023291	-0.0016534	0.0032403	-0.010509	0.0025166	0.042936	0.16987	0.20648	0.15855	0.15399	0.16346	0.17145	0.16829	0.16854	0.18854	0.18724	0.18035	0.1742	0.18339	0.19225	0.18188	0.17633	0.19308	0.18929	0.19615	0.18232	0.1779	0.18014	0.17897	0.17664	0.17263	0.15839	0.15325	0.079261	0.023916	0.025723	0.011816	-0.0072813	-0.0030787	0.0067007	0.012155	0.0016679	-0.0022535	-0.0026528	0.0046413	-0.0063637	0.011522	0.013646	0.010682	-0.02172	-0.018254	-0.0041112	0.00082034	-0.0039473	-0.0006046	-0.011411	-0.0146	-0.016077	-0.011838	-0.0089384	-0.0092852	-0.0057511	-0.01663	-0.0078752	0.003505	-0.0010222	-0.015105	-0.021253	-0.0099093	0.0041127	-0.0083159	-0.016879	-0.011891	-0.011199	-0.021565	-0.018255	-0.0075942	-0.00038675	0.039968	0.16295
0.0040788	0.0080482	0.015692	0.017669	0.0049676	0.0018065	-0.0018089	-0.0057221	-0.013566	-0.00043839	0.010987	0.004723	-0.005958	0.0015142	0.007592	-0.0052514	-0.010229	0.0016114	-0.0025211	-0.0090071	-0.022239	-0.0055753	-0.010321	-0.032448	-0.009152	0.0044046	-0.0024002	-0.01921	-0.018183	-0.038409	-0.022721	-0.014693	-0.009366	-0.034382	-0.042375	-0.015106	0.01428	0.13886	0.17994	0.14312	0.14057	0.1412	0.14451	0.14699	0.16875	0.16662	0.16141	0.16758	0.16413	0.17287	0.15922	0.17025	0.16591	0.16531	0.17283	0.17404	0.1755	0.1771	0.17818	0.17047	0.17527	0.18424	0.17563	0.16384	0.098727	0.027657	0.02158	0.013603	-0.0035416	0.0030233	0.017575	-0.0026403	-0.009029	0.0018511	-0.0027265	-0.0090547	-0.01291	-0.012233	-0.0044955	-0.0024454	-0.024949	-0.029416	-0.022001	0.0060357	0.00056642	-0.005524	-0.0082052	-0.019816	-0.023095	-0.020562	-0.010554	-0.01128	0.0012669	-0.0033535	-0.013234	-0.0085918	0.0090365	0.0038278	-0.0099387	-0.00065589	-0.0087664	-0.025764	-0.037636	-0.018293	-0.014668	-0.020637	-0.021205	0.0031924	0.040153	0.13285	0.19047	0.15272	0.16279	0.16924	0.15808	0.16248	0.17978	0.18729	0.17616	0.16934	0.18246	0.18586	0.18685	0.18259	0.17313	0.17643	0.19007	0.1831	0.18141	0.18996	0.1925	0.17195	0.17425	0.1768	0.17381	0.1428	0.13506	0.060499	0.013666	0.00099689	-0.01847	0.0061544	-0.0067059	-0.011363	-0.016235	0.011406	0.015228	0.0058798	-0.0038254	-0.0038475	-0.0018906	0.0076679	0.0073686	0.0062871	-0.010951	0.0003881	0.0034529	-0.0026211	-0.0063608	-0.0023709	0.0062666	-0.00023979	0.0021993	-0.0018818	-0.0017076	-0.009849	-0.011948	-0.007544	-0.010938	-0.020235	-0.012543	-0.0066853	0.00074925	-0.0093467	-0.012827	-0.01244	-0.009414	-0.026212	-0.015453	-0.0052993	-0.0023027	0.038615	0.19651	0.21636	0.17227	0.16894	0.1737	0.18042	0.17592	0.16897	0.16968	0.18922	0.17946	0.16703	0.15985	0.16233	0.15923	0.16036	0.17462	0.19266	0.19304	0.18061	0.18963	0.18086	0.18599	0.17674	0.17745	0.17152	0.17616	0.09639	0.045779	0.030469	0.02027	0.0040405	0.0021972	0.011148	0.01401	-0.0020544	-0.0038467	0.0012024	0.0050572	0.013972	0.010168	-0.0038773	0.00078371	-0.0018946	0.0039588	0.0047675	0.0011286	-0.000631	0.004187	0.0096096	-0.00097959	0.01243	0.01324	0.020833	0.0086465	0.0094147	0.020402	0.015684	-0.0017017	0.013438	0.0094651	0.021567	0.020345	0.007555	0.015318	0.015861	0.016235	0.020626	0.016794	0.011149	0.0040238	0.0086915	0.060977	0.23985
-0.0042834	0.0079971	0.0058761	-0.019851	-0.010491	-0.0032385	-0.0096296	-0.0023918	0.00086298	-0.0012284	-0.013699	0.00044823	0.00080738	-0.013358	-0.0067463	-0.00062229	0.012249	-0.017758	-0.023696	-0.018464	-0.0069907	-4.1402e-05	0.002766	-0.013988	-0.012403	-0.015787	-0.0080007	0.0060602	0.013328	0.00055878	-0.015328	-0.0058516	0.0017651	-0.024298	-0.0053921	0.013328	0.022313	0.18864	0.14478	0.14655	0.15405	0.15903	0.16081	0.1536	0.15162	0.15367	0.17484	0.18337	0.17992	0.16729	0.1691	0.17317	0.1695	0.1854	0.19105	0.1772	0.17946	0.17066	0.17785	0.17848	0.17921	0.18546	0.17375	0.16787	0.13702	0.059389	0.0076446	0.013346	0.015912	0.018739	-0.0034269	-0.0046867	0.0090005	-0.005635	0.0013574	0.0041681	-0.0054763	-0.0069689	0.0029232	-0.0049809	-0.0046192	-0.00079317	0.011047	-0.012955	-0.011084	-0.020904	-0.0042382	-0.008244	-0.0034851	-0.007768	-0.0032093	-0.020409	-0.026357	-0.017277	-0.0016435	0.0024885	0.012577	-0.0087757	-0.0067377	-0.0036578	-0.017048	-0.01764	-0.015014	-0.0043865	0.006915	-0.00031572	0.0058331	0.0012773	0.024075	0.13484	0.1857	0.15758	0.15775	0.17196	0.17817	0.1725	0.16869	0.17323	0.18147	0.18208	0.18165	0.18178	0.19447	0.18893	0.17622	0.20584	0.2099	0.1916	0.19364	0.19269	0.19582	0.20662	0.21045	0.20034	0.1879	0.18085	0.17411	0.071664	0.032798	0.027904	0.01143	0.019801	0.0078734	-0.00023209	-0.00071009	0.011187	0.0024747	-0.0083546	-0.0041171	0.016037	0.013562	-0.023853	0.0068974	0.011138	0.0014627	0.0016174	-0.0062239	0.0021624	0.013911	0.0024779	-0.016486	0.018248	0.018061	0.01162	-0.00090629	-0.014897	-0.0012831	-0.002018	-0.0025082	-0.0085166	-0.010328	-0.0094407	-0.020964	-0.012748	-0.015776	-0.011495	-0.01701	-0.023849	-0.0077078	-0.0036865	-0.0048871	0.060247	0.21415	0.20419	0.15948	0.1722	0.17128	0.164	0.16745	0.16623	0.17196	0.17719	0.169	0.17396	0.17724	0.17884	0.16685	0.17966	0.19174	0.19021	0.19275	0.17563	0.17595	0.18443	0.19727	0.17452	0.17491	0.17912	0.16858	0.11883	0.03963	0.0098491	0.014909	0.016057	-0.00041816	-0.010687	-0.0097368	0.0032837	0.010198	0.015072	0.0049174	0.018512	0.0018889	-0.010144	-0.012958	0.00066447	0.00095731	0.0034429	-0.0021014	-0.0025241	0.011026	0.0011479	-0.0015498	0.0054511	-0.0019939	-0.00096793	-0.00085823	0.0090262	0.0097151	0.002001	0.010111	-0.00053516	0.0030951	0.0033805	-0.0091724	-0.018032	0.0032617	0.0015414	-0.013116	-0.0028885	0.0019573	0.001045	-0.013973	0.014095	0.087347	0.19438
0.001263	0.0036854	0.00049537	0.0026996	0.0051257	0.0026052	-0.0016859	0.0014257	0.0077375	0.0063464	-0.0039284	-0.010859	-0.010189	-0.0058814	0.0014834	-0.0039574	-0.013933	-0.0088488	-0.015829	-0.009985	-0.029248	-0.017245	-0.010142	-0.0080691	-0.00797	0.00015726	-0.0094297	-0.011432	-0.024686	-0.019508	-0.0094425	-0.0086926	-0.015574	-0.014636	-0.016717	0.0011084	0.030904	0.17848	0.16358	0.16395	0.17468	0.16961	0.18209	0.19271	0.19742	0.20087	0.19123	0.17143	0.17304	0.19375	0.20411	0.18877	0.17308	0.18	0.19617	0.19951	0.17935	0.20081	0.18469	0.18645	0.19045	0.19452	0.18011	0.19236	0.16367	0.065119	0.026525	0.029405	0.016337	0.0043912	0.014089	0.013018	0.0071805	0.019047	0.0075561	0.0048228	0.0064809	0.0056509	0.0047934	0.0044149	0.019123	0.008725	-0.0058157	0.014009	0.01134	0.018719	0.012715	0.0034923	0.001229	0.0054287	0.01647	0.0090852	-0.0021713	-0.0024375	-0.00053238	-0.011612	-0.0059969	-0.013084	-0.0068872	-0.0022347	-0.0064782	-0.018361	-0.026968	-0.019555	-0.0050124	-0.0096183	-0.018134	-0.0092888	0.041927	0.13375	0.17458	0.13633	0.1566	0.17187	0.1684	0.16315	0.17324	0.16684	0.17348	0.20477	0.18199	0.17698	0.18722	0.17179	0.18041	0.17667	0.19013	0.1782	0.1944	0.1924	0.18335	0.18543	0.18218	0.18009	0.16667	0.16147	0.15333	0.061655	0.011353	-0.0013213	-0.0039561	-0.0046293	0.0083614	0.019122	-0.00082478	0.013963	0.01072	0.00010947	0.00043927	0.0054002	0.0028544	0.014442	-0.010987	-0.017953	0.0054726	-0.0030991	0.01109	8.6797e-07	-0.017803	0.0024081	-0.0042749	-0.011983	-0.0014757	-0.00044404	0.009732	0.0015233	-0.0029393	-0.011873	-0.007679	0.001454	-0.0070859	-0.017528	0.0073035	-0.013562	-0.018909	-0.014964	-0.00056417	-0.027015	-0.027225	-0.012408	-0.012804	0.10609	0.16368	0.16679	0.15924	0.16129	0.16107	0.16416	0.16922	0.16678	0.1733	0.18916	0.17819	0.17712	0.18693	0.17736	0.18028	0.18278	0.18527	0.18115	0.17391	0.18121	0.18855	0.19385	0.19004	0.19014	0.18008	0.16833	0.16955	0.16302	0.04776	0.00924	0.009884	0.0085707	0.0086346	0.0063521	0.011952	0.013178	-0.0016499	-0.010261	-0.0015304	-0.0079954	-0.011108	-0.012764	-0.0068256	0.0093248	0.0071887	0.0007151	0.0071629	-0.0032627	-0.0024698	0.0054882	0.010794	0.0013648	-0.0080087	-0.0014562	-0.014924	-0.031243	-0.004554	-0.0025187	-0.0089692	-0.0074731	0.0025165	0.0041269	-0.0061903	-0.0029248	-0.00041544	-0.0093181	0.00059209	-0.00081246	-0.0061076	-0.0087994	-0.0023022	0.0082886	0.07047	0.19017
0.0051374	0.0084316	0.005493	0.0089943	0.0048584	0.012752	0.012124	0.0041188	0.0071763	0.016378	0.014649	0.011142	0.0039789	0.0063698	0.013916	0.020664	0.025054	0.014253	0.0030385	0.010581	-0.00010346	0.010564	0.017242	0.0078464	-0.0037	-0.0067991	-0.0078724	0.00070337	-0.00077033	-0.010401	-0.0025654	-0.021235	-0.014544	-0.021064	-0.02228	0.0068937	0.029226	0.1427	0.1908	0.16635	0.17166	0.18099	0.16859	0.17166	0.16395	0.16314	0.183	0.17878	0.17074	0.1798	0.18235	0.18446	0.17621	0.18103	0.18779	0.17884	0.17908	0.19261	0.18861	0.18256	0.15794	0.16991	0.15921	0.1656	0.11126	0.024506	0.016831	0.011791	0.0040494	0.0043276	0.0082388	0.0098903	-0.010477	0.00623	0.0092648	-0.0049446	-0.0055604	0.0011329	0.00035557	-0.0067345	-0.015212	-0.0050083	0.0017266	-0.0036934	-0.0060245	-0.0066892	-0.0089388	-0.019383	-0.027976	0.0011399	-0.0038955	-0.0066437	-0.0030091	-0.0043603	-0.016078	-0.017659	-0.0040018	0.0041868	-0.0097377	-0.021302	-0.010087	-0.012972	-0.0054933	-0.001763	-0.0069815	-0.0096607	-0.0041467	-0.013249	0.0023883	0.15665	0.17524	0.1554	0.16176	0.16443	0.16825	0.1798	0.17359	0.16933	0.18187	0.17841	0.17448	0.18175	0.17314	0.16721	0.16831	0.17972	0.17524	0.17869	0.18555	0.18373	0.17785	0.17771	0.19616	0.17814	0.1847	0.17275	0.13173	0.062845	0.030257	0.025691	0.0094109	0.0011649	0.006583	0.012981	0.0047416	0.013359	-0.0047276	-0.0021791	-0.00062908	-0.007546	-0.0039187	-0.0018951	0.0080037	0.0026493	0.008361	0.0018905	-0.0065336	-0.0020685	0.0024324	0.0056672	0.0030385	0.0046504	0.0026285	0.0015912	0.0083807	-0.0070603	0.012544	0.0083742	0.0077809	0.010599	0.013092	0.0075096	-0.0020476	-3.8938e-05	0.0056498	-0.020173	-0.023898	-0.015099	-0.018173	-0.0064716	0.0066097	0.04786	0.18778	0.16047	0.14801	0.15292	0.16249	0.17922	0.1613	0.14917	0.16284	0.16414	0.17986	0.18028	0.17575	0.16157	0.17295	0.18284	0.17086	0.17392	0.17624	0.17427	0.17622	0.18357	0.18528	0.17104	0.16531	0.16252	0.14932	0.13549	0.050554	0.02013	-0.0052693	-0.0036555	0.0036662	0.0081157	0.00097691	-0.014115	-0.010268	-0.022471	-0.011281	-0.0071301	-0.011673	-0.0054292	-0.010558	-0.0086041	0.0023709	-0.0057326	-0.0010469	-0.00061068	0.014283	-0.00023317	0.010143	0.010285	0.010302	-0.0035161	-0.018259	-0.012019	-0.010558	-0.0057526	-0.01156	-0.013693	-0.012382	-0.015329	-0.016059	-0.01761	-0.013955	-0.018028	-0.01422	-0.016221	-0.021746	-0.015304	-0.011852	0.0050659	0.054478	0.19474
0.031428	0.0079326	0.017349	0.0054972	0.0070756	0.017457	0.020344	-0.0051668	0.0015408	0.0023594	-0.002849	-0.010878	-0.0082421	0.0085631	0.0069179	0.0077219	0.0060235	-0.012141	0.010075	0.003973	0.0025132	0.0090843	-0.017051	-0.019514	-0.013727	-0.0052044	0.0023844	-0.0077411	-0.019719	-0.0044655	0.0057511	0.0014057	0.0011641	0.0009037	0.0097401	-0.022391	0.030742	0.10507	0.25979	0.16895	0.16546	0.17162	0.18414	0.18337	0.1791	0.16814	0.18001	0.19545	0.19715	0.18581	0.18715	0.19317	0.18124	0.17923	0.18261	0.1829	0.19955	0.18445	0.18279	0.17264	0.17921	0.17744	0.17165	0.16005	0.12922	0.04937	0.0065405	0.0089996	0.016957	0.011059	-0.0011761	0.011235	0.017284	0.0058137	0.0013217	-0.0057772	0.010261	0.017456	0.0073028	-0.0068132	0.0087003	0.028678	0.01266	-0.013222	0.010021	0.012418	0.0064206	0.015639	0.0049258	-0.00053023	0.0020732	0.0022738	0.012251	0.010068	0.00093621	0.0048293	0.010973	0.0031882	-0.0076883	-0.0081565	0.012608	0.01911	-0.0052752	-0.00087563	-0.014355	0.0049883	0.0068407	-0.012994	0.031296	0.10449	0.23534	0.17473	0.16174	0.15583	0.16425	0.16936	0.18384	0.17196	0.17858	0.18683	0.17246	0.1683	0.17054	0.18106	0.19187	0.19199	0.18276	0.17225	0.16693	0.17618	0.16733	0.1801	0.16505	0.17174	0.17829	0.15722	0.13843	0.055414	0.030431	0.014497	-0.012762	-0.013301	0.0069046	0.014794	-0.0073299	-0.0087723	0.0033872	0.011417	-0.018204	-0.011819	-0.0063193	-0.005151	-0.0064264	-0.0098158	-0.010699	-0.0066634	-0.0014937	-0.0094732	-0.019325	-0.0088854	-0.0035684	-0.012011	-0.016189	-0.015328	-0.021062	-0.011525	-0.00050674	-0.0041271	-0.0074624	-0.005828	-0.015027	-0.010004	-0.0076964	-0.0027259	-0.0026149	-0.0085981	-0.014364	-0.017469	-0.01823	-0.0098249	-0.01113	0.041926	0.23545	0.17132	0.15112	0.15612	0.1544	0.16826	0.14691	0.16485	0.16556	0.16304	0.17061	0.16993	0.17301	0.17256	0.17506	0.16652	0.16257	0.17027	0.17382	0.17228	0.1805	0.17577	0.16914	0.16586	0.15606	0.16119	0.17276	0.14945	0.055725	0.014421	0.0077384	-0.00047066	-0.010599	-0.0050421	-0.0048897	-0.0034345	-0.0033423	-0.0010267	-0.027455	-0.01711	-0.0098535	0.0016243	-0.0053181	-0.01161	-0.0061529	-0.0033406	-0.0040891	0.0010711	0.0027038	0.0071738	0.0038678	-0.0077872	-0.013453	-0.011879	-0.0029219	-0.0039642	3.0859e-05	0.0047017	0.00068304	0.00049554	-0.0057652	-0.0018817	0.0010547	-0.00034837	-0.0066302	-0.0076	-0.0089995	-0.016195	-0.015819	-0.0065202	-0.0016485	0.013492	0.072356	0.21087
0.0027105	0.012958	-0.0077815	-0.025104	0.0058044	0.0090475	0.0015636	-0.0092928	0.0054204	0.0011018	-0.00090017	-0.0024673	-0.00060581	0.004443	0.010808	0.014597	0.0087008	0.012739	0.018893	0.0067858	-0.0079758	0.00074095	0.010752	0.0072327	0.00084058	0.0075421	0.00896	0.0035202	-0.008681	0.00028955	0.0059392	0.0095665	-0.0070012	-0.02051	-0.0053537	0.013579	0.0099933	0.045362	0.18665	0.16986	0.16629	0.17145	0.16769	0.17405	0.17426	0.18974	0.18254	0.19137	0.20339	0.19682	0.1854	0.19295	0.19155	0.20082	0.19591	0.18397	0.17841	0.18837	0.18332	0.18307	0.17977	0.17814	0.17273	0.15366	0.10786	0.04667	0.011436	0.0069017	0.0033973	0.0038087	-0.0050274	-0.0040517	0.0011606	-0.0014991	-0.0077981	0.0019723	0.017872	0.028309	0.0054761	0.0032985	-0.0029941	-0.0039756	-0.0060537	-0.0024738	-0.016404	-0.0066001	0.001393	0.018884	-0.0015259	-0.006355	-0.0060224	-0.0087244	-0.0038572	0.002041	0.0040604	-0.014827	-0.016849	-0.0017186	-0.0095819	-0.0068418	-0.0040826	-0.013938	-0.017211	-0.0041784	-0.017328	-0.021108	-0.016118	-0.0057887	0.0057321	0.087802	0.22728	0.1582	0.1621	0.16601	0.16311	0.1646	0.16193	0.17032	0.17995	0.17547	0.17122	0.1777	0.18209	0.1717	0.15362	0.18621	0.18285	0.17036	0.18231	0.18498	0.18328	0.18192	0.19282	0.17427	0.17283	0.16946	0.1371	0.056011	0.03262	0.0053248	-0.004826	-0.0041639	0.0034867	0.0046107	0.00082209	0.0044859	0.014513	0.0065235	0.0028205	-0.0055678	-0.003539	0.0042301	-0.018475	-0.0058521	0.0046329	-0.0081852	-0.019944	-0.0035032	-0.00218	-0.00068125	-0.0044877	-0.0013716	-0.0096193	-0.014163	-0.0090023	-0.0052201	-0.011445	-0.016026	-0.013567	-0.015697	-0.017753	-0.025223	-0.0031306	-0.0076739	-0.013035	-0.043341	-0.018794	-0.0079025	-0.0086747	-0.008245	-0.0056409	0.038819	0.1485	0.20369	0.15213	0.17854	0.17086	0.15764	0.16473	0.17898	0.18531	0.18375	0.17563	0.19671	0.17343	0.16167	0.18766	0.19768	0.18812	0.186	0.19262	0.19334	0.19411	0.18588	0.19318	0.19003	0.18739	0.17998	0.16711	0.076173	0.041987	0.021737	0.016078	0.013045	0.0094254	-0.0059476	-0.0029921	-0.0096839	0.00012575	-0.00041766	-0.013461	-0.010272	-0.00084165	0.0077239	0.0097688	0.016867	-0.00064304	0.0049567	0.012618	0.0031761	0.0029527	0.010493	-9.955e-05	0.0045909	0.0069421	0.012431	0.010045	0.00038579	0.0029275	0.0074639	0.0052341	0.0069924	-0.0068399	0.0038735	0.010476	0.0092212	-0.0069973	-0.0048637	-0.011471	-0.02386	-0.017583	-0.0054289	0.00086252	0.014225	0.082542	0.21932
0.0074322	0.00082324	0.0015223	0.014524	0.014664	0.0077368	0.0067664	0.00465	0.020395	0.0073934	0.014442	0.017695	0.013708	0.00077385	0.0023902	0.011802	0.013732	0.013653	0.0026054	0.0039112	-0.0014235	0.018379	-0.010226	-0.015484	0.001415	0.00064281	-0.023028	-0.017016	0.0010756	-0.0048402	-0.022261	-0.015643	-0.0039002	-0.0035845	-0.0030871	-0.0029601	0.0028213	0.023567	0.1405	0.16571	0.15723	0.18065	0.18239	0.18102	0.17901	0.17659	0.18485	0.18156	0.18104	0.18072	0.16101	0.17953	0.18439	0.18188	0.18299	0.18499	0.19704	0.20166	0.18657	0.17203	0.17466	0.1843	0.18861	0.15143	0.065667	0.038147	0.020519	0.0099949	0.0023082	0.010629	0.020765	0.011497	-0.00030578	-0.00091788	0.00036067	0.010252	-0.00049504	-0.013886	0.0064056	0.010388	-0.026095	-0.014703	0.015852	-0.0084924	-0.0057334	-0.0036197	0.0098824	0.020736	-0.017675	0.0054027	0.0093856	0.0030787	0.00016313	0.0046568	0.013482	-0.0024099	0.002517	-0.00038857	-0.0080252	0.0032993	0.0056139	-0.0035245	-0.008363	-0.0005201	-0.0068394	0.0026395	-0.0012115	-0.0024047	0.0088401	0.06044	0.24292	0.16659	0.15889	0.1653	0.17463	0.1793	0.16828	0.17404	0.1811	0.18405	0.17757	0.16836	0.17663	0.1863	0.17773	0.17695	0.18489	0.1866	0.18022	0.17703	0.18285	0.19214	0.18121	0.1756	0.16099	0.16619	0.12875	0.045673	0.027722	0.014448	0.017962	0.014919	0.018735	0.011005	0.010593	0.0064323	0.023243	0.015518	0.0061642	0.006608	0.010612	0.01727	-0.0045107	0.0049429	0.0010086	0.009512	-0.0019775	-0.0058369	-0.0064272	-0.0065718	-0.015537	-0.013629	-0.0058922	-0.0099949	-0.016636	-0.012611	-0.016696	-0.010796	-0.0043488	-0.0070308	-0.0051391	-0.00026251	-0.014013	-0.0068419	-0.013287	-0.0088244	-0.012114	-0.021302	-0.017833	0.002097	0.0002778	0.033036	0.14521	0.18649	0.16994	0.17401	0.16019	0.18083	0.16378	0.17394	0.17013	0.17024	0.18059	0.1784	0.16638	0.17642	0.17773	0.17118	0.17047	0.18491	0.18685	0.17591	0.17139	0.17239	0.1786	0.18712	0.17971	0.17341	0.16403	0.10075	0.023439	0.012089	0.014486	0.009929	-0.011112	-0.024468	-0.0057155	-0.0029283	-0.003937	0.0013045	-0.0038936	-0.003644	-0.011738	-0.010652	-0.0026397	0.010055	-0.0024	-0.0050713	0.0023932	0.0012587	-0.002352	-0.0047283	-0.009742	-0.0022761	-0.00052215	0.004283	0.00085471	-0.0091366	0.0017382	0.0024284	-0.02051	-0.027502	-0.0069598	-0.0067707	-0.032778	-0.033957	-0.019133	-0.019023	-0.0088465	-0.016082	-0.013834	-0.031448	-0.0040886	0.023014	0.083987	0.2112
0.014224	0.00034972	-0.0035077	0.0086941	0.015601	0.0091862	0.00095413	-0.0048226	-0.0086271	-0.012134	0.012076	0.002382	0.00352	0.015973	0.013769	0.0034448	-0.0067596	0.0033466	-0.005495	-0.0081016	-0.0051908	-0.0037722	-0.00090279	-0.0099929	-0.020039	-0.014835	0.0082353	-0.0099953	-0.018744	-0.004295	-0.015456	-0.0082583	-0.0066343	0.0052427	0.002584	-0.0036856	0.0029465	0.018662	0.068719	0.23384	0.17062	0.16286	0.16852	0.16826	0.1653	0.17081	0.18861	0.19327	0.18472	0.17412	0.16808	0.18249	0.1875	0.17827	0.17131	0.17398	0.19344	0.18736	0.17503	0.17867	0.17829	0.17179	0.16356	0.12413	0.048966	0.012432	0.010306	0.01436	0.018128	0.028114	-0.0029281	0.0090234	-0.00083949	0.0044928	-0.0043896	-0.0088322	-0.003149	0.0072164	0.021607	0.0029428	0.0037298	0.0039096	0.014918	0.0063234	-0.00083717	0.005983	0.012954	0.0012191	0.0060433	0.012244	0.011441	0.0094601	-0.0012382	0.0018508	0.017481	0.0045851	0.016461	-0.0044802	-0.01189	0.0080188	0.0098886	0.0014677	-0.0049366	-0.0022835	-0.001772	0.020965	0.0082731	-0.0066063	0.0093611	0.015064	0.12808	0.18256	0.16972	0.17459	0.17754	0.18152	0.18509	0.18205	0.19144	0.18638	0.20106	0.1919	0.18347	0.17648	0.17756	0.18819	0.19205	0.19021	0.20221	0.18875	0.18194	0.1814	0.17494	0.17554	0.16864	0.15433	0.090588	0.031956	0.027132	0.018534	0.0098355	-0.00051884	0.0011968	0.0031143	0.006316	-0.0054902	0.0027773	0.00040672	-0.014146	-0.0076451	-0.0039416	-0.0025287	0.0018176	0.0025007	-0.0050779	-0.0044858	0.003502	0.0062467	-0.0057619	-0.010542	-0.0070326	0.001472	-0.0010498	0.0043706	0.0063734	0.0084578	-0.0046389	0.0047835	0.0063327	0.00104	-0.013857	-0.030081	0.00083951	-0.0083689	-0.0044706	-0.016183	-0.02099	-0.01164	-0.021105	-0.011224	-0.023362	7.1195e-05	0.039327	0.22028	0.15332	0.14952	0.15742	0.16259	0.16777	0.17271	0.18164	0.17824	0.16641	0.17032	0.18248	0.18074	0.17176	0.17835	0.17878	0.19002	0.16865	0.17345	0.17144	0.1761	0.17967	0.17875	0.17655	0.1702	0.17324	0.070528	0.023885	0.0085996	-0.0035984	-0.00097175	-0.0039779	9.3596e-05	-0.0091715	-0.022843	-0.013422	-0.0023949	0.00025231	-0.0024376	-0.028057	-0.034449	-0.02047	-0.0021785	-0.0095785	-0.020521	-0.013253	-0.0060804	-0.013078	-0.025371	-0.024806	-0.014565	-0.013408	-0.0092871	-0.013757	-0.013841	-0.027432	-0.0095021	-0.011109	-0.0094182	-0.008329	-0.012422	-0.0095057	0.003226	-0.0025897	-0.0081906	-0.0035135	0.0094622	-0.011025	-0.0045297	-0.0045222	0.0084644	0.02759	0.17479
0.0066169	0.0021563	-0.0040781	0.0022855	-0.0079688	-0.026266	0.004111	0.0027208	-0.0039895	0.00032472	0.00039628	-0.015083	0.017215	0.011504	-0.012063	-0.008783	0.0052784	0.0012842	-0.010267	-0.013699	-0.017152	-0.019914	-0.01727	-0.015556	-0.022139	-0.02588	-0.0077743	-0.0044982	-0.0077998	-0.014748	-0.011054	-0.0073514	-1.9355e-05	0.0037338	-0.023983	-0.014523	-0.0052257	-0.00086782	0.028729	0.13006	0.17269	0.17054	0.17064	0.16984	0.16777	0.17277	0.19263	0.19479	0.19628	0.19906	0.19331	0.18958	0.20209	0.20457	0.20004	0.19329	0.18633	0.19312	0.20173	0.19184	0.17833	0.17062	0.15864	0.060814	0.039157	0.02131	0.013899	0.02075	0.017966	0.016203	0.013905	0.011754	0.025796	0.037797	0.033282	0.023624	0.03136	0.008032	0.025216	0.015927	0.011114	0.018352	0.013621	-0.0036439	-0.0018928	0.016697	0.0019139	-0.0099874	-0.019347	-0.001948	-0.0082996	-0.0044005	0.018258	0.0050016	-5.4616e-05	-0.012516	0.00060006	-0.026925	-0.012815	-0.012333	-0.0088247	-0.0076805	-0.011664	-0.015784	-0.0027046	-0.0053443	0.014809	-0.00087883	0.018303	0.0075085	0.080988	0.17507	0.17458	0.15986	0.16903	0.16871	0.178	0.16242	0.15215	0.16281	0.17179	0.18121	0.17243	0.179	0.18265	0.1902	0.18719	0.17481	0.18775	0.18223	0.17067	0.17422	0.19168	0.17483	0.16752	0.16137	0.096777	0.035815	0.022876	0.0063625	0.0072992	0.0055818	0.0001919	-0.0090304	0.00037316	0.0062544	-0.0079979	-0.012407	0.011238	-0.0018918	-0.0054494	-0.0030889	0.0050312	0.0045775	0.0028922	-0.0046459	-0.014342	-0.017156	0.0095694	-0.011063	-0.013066	-0.01561	-0.016927	-0.016822	-0.013205	0.00046012	0.0014982	0.0066589	0.022656	0.018476	0.0072165	-0.004265	-0.0042203	-0.0049508	-0.010479	-0.0072932	0.0081402	0.010049	0.011728	-0.013687	-0.00034838	0.017864	0.056481	0.1987	0.16189	0.15643	0.18006	0.1578	0.15777	0.17194	0.18449	0.18044	0.19147	0.18423	0.19981	0.19902	0.20131	0.1914	0.1917	0.19904	0.20217	0.19015	0.19749	0.18496	0.18019	0.18229	0.17733	0.16163	0.14028	0.088214	0.03946	0.010483	-0.015676	-0.0084901	0.00087714	0.00090652	-0.0029308	0.0068408	-0.00010219	0.0075141	0.0034691	-0.0034319	-0.0026162	-0.004348	-0.005895	0.0015266	0.0052111	0.0051414	-0.0059638	-0.012446	-0.0044661	0.00021801	-0.013262	-0.010537	-0.003489	-0.0078146	-0.0135	-0.0083254	-0.0069801	0.0025835	0.0077572	0.0010886	-0.0046725	-0.007251	-0.01276	-0.0022349	0.0010087	-0.0027589	-0.0085424	-0.0053281	-0.0046976	0.0017687	0.0031936	-0.0027837	0.016957	0.15027
-0.0045902	-0.0027372	-0.0074302	-0.0038133	-0.005424	-0.0039323	0.0054252	0.0038202	0.0045461	-0.011334	-0.019043	-0.0064677	-0.00065458	-0.0093476	0.005459	-0.00018286	0.0052208	0.014609	0.0041152	0.0070244	0.012674	0.021056	0.020802	0.011963	0.0093676	0.0098772	0.021398	0.019839	0.0071614	-0.0034365	-0.004832	0.014567	-0.0019241	-0.0029701	-0.00040442	0.0091246	0.014323	0.0077383	0.015276	0.055226	0.16168	0.20131	0.16389	0.1692	0.17722	0.18595	0.18012	0.17858	0.18686	0.17015	0.18541	0.17393	0.18839	0.18104	0.17791	0.17733	0.17014	0.16763	0.17524	0.17104	0.16432	0.14663	0.12171	0.048839	0.0094404	-0.0035891	-0.0014374	0.0015926	0.0090357	-0.0055469	-0.0093843	0.00010549	-0.00022797	-0.0075156	-0.01399	-0.023525	-0.018794	-0.00017997	-0.0052118	-0.017182	-0.001148	0.0010869	-0.0087115	-0.00021837	-0.006226	-0.0021637	0.0042704	-0.0073677	-0.00039002	0.010386	0.0065503	0.020501	0.0073097	0.0012721	-0.0051662	-0.00081359	0.0071738	0.001523	-0.0028603	0.010274	0.018331	0.008462	-0.0062787	-0.016253	-0.0015427	-0.0020875	-0.015214	-0.007376	0.0023363	0.0006366	0.024271	0.10693	0.18628	0.15834	0.16198	0.16324	0.16588	0.17415	0.17159	0.17223	0.15806	0.16787	0.17313	0.16082	0.17917	0.18097	0.18528	0.17675	0.16524	0.17253	0.17925	0.17608	0.15772	0.15617	0.16655	0.12358	0.044393	0.0022616	-0.0021298	0.005363	0.0064328	-0.00087559	0.0019709	0.0019174	0.0098232	0.0015884	-0.0053044	-0.0098873	-0.0051682	-0.010652	-0.0043187	-0.00098226	-0.011095	-0.015298	-0.021499	-0.0015274	0.0031689	0.0097825	0.0079429	0.0014986	-0.00029696	-0.0037181	0.0049707	0.0099569	0.00828	0.0010236	0.0093172	0.029642	0.023709	0.0031461	0.0030053	0.0040076	-0.021242	-0.016917	-0.014143	-0.016826	-0.015336	-0.017322	-0.019036	-0.014192	-0.0055396	-0.00049403	0.0082186	0.11328	0.21602	0.16325	0.15795	0.16952	0.17822	0.17642	0.17549	0.17653	0.17846	0.17918	0.17675	0.17688	0.1798	0.19297	0.17662	0.15228	0.16447	0.18664	0.16444	0.15666	0.16765	0.17603	0.14867	0.13664	0.1176	0.035695	0.0083989	-0.0031596	-0.025407	-0.014772	-0.0048794	-0.020209	-0.027663	-0.031484	-0.01341	-0.0045389	-0.0094186	-0.0071755	-0.0052289	-0.0071042	0.0037135	-0.0009085	-0.0035341	-0.0070041	0.0019198	-0.0061774	0.0076577	-0.023392	0.0023454	-0.001085	-0.0061741	-0.0098785	-0.012472	-0.0040555	-0.0039789	0.0029402	0.0056212	-0.0063462	0.0013157	0.0013042	0.012404	0.005838	-0.003988	-0.0060253	-0.0045033	-0.013162	-0.016738	-0.010058	-0.012847	-0.018888	0.0075876	0.0602
-0.015189	-0.0031307	-0.0027943	0.0030544	0.0030601	-0.0023082	-0.0053797	-0.0075307	-0.017181	-0.022313	-0.0136	-0.0031129	-0.016786	-0.021502	-0.027096	-0.010438	-0.0092511	-0.0052947	0.0051592	-0.0061293	-0.0061428	-0.011215	-0.015464	-0.015524	-0.016467	-0.0016964	-0.0070377	-0.010046	-0.0073878	-0.0049383	-0.01839	-0.010518	-0.0025687	-0.018533	-0.017221	-0.0058076	-0.0022513	-0.019367	0.004195	0.043164	0.056568	0.16137	0.17806	0.1598	0.15585	0.15289	0.15715	0.16018	0.16543	0.17745	0.16097	0.16671	0.17949	0.18096	0.18373	0.17364	0.16759	0.17777	0.17299	0.1581	0.15564	0.1277	0.065616	0.017955	0.010693	0.0053093	0.0039766	0.0051312	0.01286	-0.02968	-0.016133	-0.010905	0.0043804	-0.00050293	-0.00061004	0.010049	0.0068634	-0.0010662	0.0020118	0.011352	0.0059763	-0.0012914	0.0078968	0.015674	0.0055996	-0.0027067	-0.0010334	0.013438	-0.013341	0.0038751	0.0055402	-0.0050566	-0.0052129	-0.0030069	0.0007475	0.010784	-0.0046054	-0.0051765	-0.0039175	-0.0099141	-0.00059028	-0.013986	-0.0077724	-0.011602	-0.015497	-0.0081691	-0.0056124	-0.00099998	0.006004	0.01758	0.0081931	0.030981	0.17699	0.18531	0.16847	0.16433	0.16331	0.17333	0.17897	0.19384	0.18731	0.18861	0.18828	0.17318	0.18188	0.18771	0.18902	0.19821	0.1652	0.16779	0.17891	0.17881	0.16832	0.1649	0.13383	0.085542	0.034469	0.016599	0.020838	0.012247	0.013587	0.0088465	0.019402	0.032033	-0.001706	0.010858	0.0083829	0.015413	0.019406	0.016152	0.0027481	-0.00084494	0.010044	0.015324	-0.010771	0.0018033	0.020631	0.015263	0.028123	0.012519	0.0087247	0.0099288	0.0075512	0.016345	0.019747	0.0023652	0.019033	0.0055248	0.034645	0.019152	0.01442	0.018339	0.012045	0.00051312	0.0095112	0.011006	0.006727	-0.0068895	-0.0057023	-0.0088779	-0.015042	-0.011187	-0.0023224	0.018132	0.11913	0.20983	0.16784	0.15276	0.1537	0.16568	0.18504	0.17117	0.16964	0.16723	0.16823	0.1745	0.17493	0.16434	0.15761	0.17395	0.17243	0.17416	0.18008	0.1768	0.16424	0.15905	0.17688	0.15573	0.079596	0.03105	0.013966	0.0031745	-0.01304	-0.0067162	-0.0036625	-0.0078613	-0.0097433	-0.016246	-0.011722	-0.0022519	-0.00045373	-0.0017146	0.0022598	0.0035897	-0.002353	-0.0054228	-0.0058627	0.0022043	-0.0032779	-0.0081045	0.0099676	0.017252	0.010588	0.0060152	0.017736	0.022357	0.011486	-0.010448	-0.00023716	0.0078158	0.00946	-0.005469	-0.016176	-0.010415	-0.0066814	-0.0090812	-0.0055931	-0.012007	-0.031122	-0.022514	-0.022741	-0.010219	-0.022568	-0.024408	-0.018565	0.0063123
-0.0061078	0.00053325	-0.00090885	0.012182	0.0076174	-5.149e-05	-0.00020926	0.00039054	0.0025056	-0.0068573	-0.0064028	0.01269	0.0066353	0.0073602	0.023013	0.025548	0.016461	0.01468	0.013224	-0.0017533	-0.0095553	-0.012325	-0.0033633	0.0040539	0.0023494	0.0080715	-0.0011809	0.0040515	0.0011755	-0.0061182	0.0011641	0.00017301	-0.023608	-0.014756	0.00026415	0.0014502	-0.017153	-0.0077739	0.012446	0.0042565	0.018178	0.050146	0.17652	0.17098	0.15743	0.16829	0.18723	0.17824	0.16964	0.16167	0.17329	0.1785	0.16982	0.1757	0.1721	0.17582	0.17724	0.16049	0.16041	0.15402	0.13096	0.099269	0.045652	0.013895	0.013615	0.0086418	0.007303	0.013191	0.0050899	0.0098668	0.010462	0.0027979	0.0053318	0.018951	0.010251	0.016981	0.016134	0.0097981	0.019786	0.022479	0.011015	0.0043663	0.0081287	-0.002339	-0.0085997	0.0092364	0.0085305	-0.0091961	-0.0029762	-0.0078799	-0.015302	0.00024974	-0.0043513	-0.0121	-0.00069385	0.0072555	-0.014402	-0.014244	-0.012067	0.0015495	-0.011749	0.00013235	-0.0098472	-0.022428	-0.02008	-0.0082931	-0.025452	-0.0011445	-0.00196	-0.0050447	-0.004428	0.0040696	0.051709	0.15639	0.18982	0.15749	0.17344	0.17017	0.1634	0.16528	0.18341	0.18705	0.17415	0.16862	0.18261	0.18225	0.17509	0.18033	0.18036	0.17312	0.17208	0.18324	0.18032	0.15104	0.080795	0.046962	0.028697	0.013732	0.01527	-0.012748	-0.0037677	0.0039363	-0.004466	-0.0079243	0.0026903	-0.0011594	-0.0013298	0.0015806	0.0036717	-0.0019129	0.0051443	-0.0058641	-0.0045852	-0.0060586	-0.0058309	-0.0036241	-0.00072598	-0.013057	-0.003482	-0.0024224	-0.0016417	-0.0040704	0.00068893	-0.0090582	-0.015294	0.00042751	-0.0019145	-0.0071038	-0.0025656	0.0067164	0.014058	-0.0024046	-0.0080418	-0.0051928	-0.010383	0.0071667	0.0027515	-0.0096317	-0.013043	-0.0013717	-0.002442	-0.0068388	-0.006148	0.0027028	0.079242	0.14916	0.17296	0.16619	0.17813	0.18536	0.21996	0.21494	0.19445	0.18869	0.17909	0.17594	0.19729	0.17565	0.16192	0.17172	0.18661	0.18904	0.18291	0.19055	0.18147	0.16913	0.15374	0.12305	0.06044	0.025868	0.018998	0.0089721	-0.0012101	0.00080367	-0.0029821	0.0039504	0.00764	-0.0015443	-0.010571	-0.00050133	0.0079746	0.0032099	0.0092121	0.013747	-0.0089559	-0.010474	-0.0087277	0.010876	-0.0090121	0.0050349	0.001366	-0.0067173	-0.0029218	-0.0025836	-0.00098961	-0.0079828	-0.014685	-0.015699	-0.0025157	0.010477	-0.0032495	-0.0091753	-0.0091881	0.0053881	-0.012979	-0.027566	-0.0095648	-0.0094814	-0.011794	-0.015609	-0.015147	-0.025586	-0.01423	0.0072691	-0.003581	-0.0045365
-0.0045859	-0.0047824	-0.0074398	-0.0014367	-0.0070763	-0.0091975	-0.0106	-0.010117	-0.0038772	0.014164	-0.0051898	-0.018697	-0.0018415	0.0076683	-0.00024772	-0.0061986	0.0083675	0.00095729	-0.019068	-0.0093797	0.0078803	0.0033838	0.00039344	-0.014795	0.0032816	-0.010506	0.0048316	0.0069394	-0.009244	-0.014193	-0.00072374	0.0066171	-0.0034329	-0.0048985	0.0061983	-0.0062634	-0.018159	-0.0040495	0.019554	0.0015686	0.013848	0.020394	0.05758	0.15635	0.19594	0.18315	0.16904	0.17195	0.16606	0.17828	0.18328	0.1822	0.17973	0.1747	0.17428	0.18113	0.17813	0.17363	0.16321	0.12863	0.064295	0.035783	0.029134	0.019444	0.0082201	-0.0049621	0.0059992	0.0024025	0.0012143	0.0066899	-0.0049569	0.013907	0.01419	0.00033562	-0.0020707	0.020437	0.015548	-0.00082162	-0.0013729	-0.0024659	-0.0064834	-0.010979	-0.0076606	-0.0021311	0.00059436	0.007797	-0.0088134	-0.012355	-0.0067157	0.008547	0.00489	0.0019692	0.00072039	0.00053699	0.0017842	0.0096978	0.0093554	0.0036547	0.012121	0.0062941	-0.0042791	-0.0036968	0.016616	0.0091238	0.00014812	-0.00062596	0.0040577	0.005384	-0.00043871	0.001211	0.0089601	0.014373	0.018471	0.052199	0.2116	0.17616	0.17537	0.16326	0.17486	0.17229	0.18328	0.18982	0.17999	0.18436	0.18116	0.18383	0.18903	0.18276	0.18372	0.18387	0.18792	0.17424	0.12591	0.10072	0.047475	0.015486	0.0042088	0.0041895	0.0074018	-0.0015845	-0.00014115	0.01598	-0.0012469	-0.01143	0.0063037	0.00028563	-0.0046247	-0.006143	0.0013312	-0.0014913	-0.014178	-0.010084	-0.0099945	-0.003624	0.0012737	-0.0030431	-0.0034536	-0.001959	0.0032228	0.0023907	0.016485	-0.0019469	-0.010944	-0.014896	-0.0042822	-0.0059327	0.0034458	-0.0023305	-0.0032953	-0.0035043	0.0079984	-0.0028915	0.002143	-0.0070739	-0.011861	0.0087522	0.0078476	-0.0022342	-0.0023663	-0.0058968	0.0074988	0.006909	0.021411	0.012544	0.032031	0.059543	0.15197	0.20231	0.18416	0.19169	0.2255	0.19577	0.14694	0.16397	0.164	0.16027	0.17184	0.17601	0.16555	0.16424	0.15739	0.1597	0.1815	0.1642	0.15784	0.15248	0.12508	0.076193	0.0077631	0.005677	0.0071727	0.0033485	-0.0086902	-0.0091808	-0.011627	-0.0032729	-0.0030185	-0.0080992	-0.017607	-0.014487	-0.0091964	-0.018663	-0.023351	-0.027283	-0.013318	0.006574	-0.0083532	-0.0067135	-0.011713	-0.011995	-0.014894	-0.010731	-0.0013854	0.00034062	0.0016573	0.0036826	0.0046217	0.0054387	0.0022992	-0.014815	-0.013546	-0.010073	-0.00079695	0.0010379	0.0010236	-0.0040937	-0.0052965	-0.0028795	-0.0061887	0.0040842	0.0054263	-0.011566	0.007572	0.001252	-0.00318	0.014698
-0.0013094	-0.020217	-0.0074905	-0.015386	-0.02767	-0.0089877	-0.0092213	-0.0070494	-0.0051367	0.0024141	0.0076067	-0.0039272	-0.0063445	-0.0010375	0.0078446	0.0023579	0.013103	0.0016706	0.02395	0.0042249	0.017339	0.0017214	0.0047841	0.0026689	0.018152	0.01361	-0.00040157	0.00092884	0.010281	0.003138	-0.007111	0.0023228	0.018626	-0.0056743	-0.022247	0.0061235	0.014004	0.018534	0.0088377	-0.014569	0.0089693	0.014823	0.027534	0.06771	0.13058	0.17236	0.17949	0.17796	0.18098	0.18695	0.17877	0.17128	0.18055	0.17093	0.17426	0.16682	0.15278	0.14061	0.12334	0.080916	0.027985	0.02603	0.022688	0.026375	0.021689	0.010434	0.019566	0.016437	0.010631	0.013718	0.00462	0.0093922	0.0053841	-0.0065392	0.0013436	0.0078079	0.011205	-0.00067292	-0.0025352	-0.0074125	-0.012598	0.003432	0.0064275	0.0025014	0.01545	-0.0017517	0.0033994	0.017057	0.002052	0.013482	0.01197	0.0071685	0.0041026	0.020187	0.024172	0.009075	0.011983	0.0096074	0.0037655	0.011269	0.014624	-0.003909	0.0089218	-0.0025298	0.0020477	-0.0010697	-0.019933	-0.0028846	0.0079389	0.0019844	-0.010394	-0.024851	0.011886	0.031662	0.053157	0.14165	0.18231	0.16277	0.15633	0.16467	0.16189	0.15467	0.15748	0.17415	0.16558	0.15792	0.1554	0.16041	0.16886	0.16598	0.15428	0.12548	0.077006	0.02417	0.0085818	-0.0069978	0.010398	-0.012683	-0.018296	-0.012397	-0.0094718	-0.017254	-0.017466	-0.016842	-0.017782	-0.017057	-0.017678	-0.012917	-0.013883	-0.0057521	-0.012708	-0.02249	-0.023051	-0.0052878	-0.0016749	-0.017477	-0.0084838	-0.0081786	-0.0031795	0.0088748	-0.0042327	-0.001754	0.0023996	-0.015194	0.0059512	-0.0070912	-0.01451	0.014669	0.010167	0.00082581	-0.0098021	-0.0075694	-0.0059119	-0.0072971	-0.011336	-0.011955	-0.0083769	-0.024377	-0.015211	-0.0069371	-0.0069759	0.0004717	-0.010744	-0.012157	-0.0091973	0.00968	0.055608	0.15585	0.19004	0.17227	0.19737	0.17917	0.12054	0.17059	0.16893	0.17512	0.16987	0.16617	0.18124	0.1775	0.16953	0.16829	0.16834	0.16755	0.15991	0.1354	0.10415	0.022873	0.032005	0.01448	0.004194	-0.015216	-0.0066374	-0.0096559	-0.0041785	-0.016225	-0.019709	0.0019812	-0.0092148	-0.013766	-0.00056744	-0.014003	-0.0079397	-0.0032522	0.0026121	-0.025999	-0.026326	-0.0081835	-0.0095989	-0.0056924	-0.0053494	-0.016974	0.011931	0.0038845	-0.0094692	-0.0005762	-0.0022447	0.0097747	0.003439	0.0007543	-0.017173	-0.0041234	0.018899	-0.0028139	0.0019464	0.0025148	0.0025972	0.001866	0.011125	0.0067425	-0.014374	-0.01009	-0.0013668	0.0073604	-0.011876	-0.0069217
-0.016789	-0.0072664	0.0033538	0.016877	0.0025382	-0.013038	-0.004465	0.0067015	0.012098	0.0032254	-0.0026661	0.013496	0.0076788	-0.0069325	0.0070907	0.010942	0.004088	0.0040116	-0.008214	-0.0053379	-0.005184	0.0018548	0.010244	-0.0039641	-0.00090467	0.0036094	0.0078702	0.0055031	0.0073799	-0.0040729	0.015345	0.0016118	0.0054265	0.014312	0.003195	-0.0021521	-0.00033044	-0.0059237	0.0075483	0.019658	0.015282	-0.013481	-0.0020995	0.010449	0.03875	0.078698	0.12148	0.19405	0.18394	0.14718	0.14842	0.16	0.1542	0.12885	0.11906	0.13267	0.15153	0.11588	0.059013	0.043046	0.022758	0.0091906	0.021359	0.010113	-0.0042338	-0.0023492	0.0043987	-0.0073351	-0.0083067	0.0043506	0.0036858	0.0038542	0.005388	0.0039799	0.0062993	0.018083	0.011541	-0.0023289	0.01086	0.010961	0.0099283	0.011863	0.0051404	0.012198	0.010127	0.014716	0.022037	0.017358	0.012648	0.016232	0.017786	0.015429	0.00647	0.014725	0.01375	0.0034181	-0.011734	0.0037407	-0.015501	-0.010677	0.0030202	0.0084744	0.0074125	-0.002117	-0.016226	-0.012987	-0.0089205	-0.0029712	0.00014633	0.00039312	6.652e-05	0.020523	0.0015214	0.00084297	0.015978	0.041064	0.1138	0.20478	0.18715	0.15722	0.15767	0.16556	0.17294	0.17785	0.17043	0.17474	0.17313	0.16497	0.13527	0.12699	0.11755	0.087911	0.038853	0.0030336	-0.005805	-0.0012896	-0.0045596	-0.015434	-0.013194	-0.013663	-0.0011055	-0.028405	-0.014552	0.0048358	-0.0049171	-0.022251	-0.033407	-0.02313	-0.015637	-0.0087665	-0.016487	-0.020321	-0.014839	-0.018526	-0.0091872	-0.0066796	-0.0022721	-0.0010712	-0.0035724	-0.0021321	0.0020182	0.002873	0.009981	0.0031096	-0.0030792	0.0018305	-0.00014238	-0.0033467	-0.0051299	-0.012114	-0.0054976	-0.010526	-0.006274	-0.012357	-0.01665	0.0085314	-0.010085	-0.013677	-0.0074792	0.0073071	-0.0081254	-0.011498	0.00059306	0.0017469	0.0081721	0.0047324	0.01762	0.042672	0.11497	0.20877	0.18697	0.18662	0.17191	0.16882	0.16587	0.16504	0.16663	0.1816	0.16478	0.16743	0.17344	0.18982	0.17851	0.14897	0.11643	0.10925	0.044705	0.021858	0.010577	0.0056691	-0.0041962	-0.0075148	-0.004176	0.018621	0.0081306	-0.009622	-0.017331	-0.0040858	-0.0045297	-0.0096758	-0.013888	-0.00037516	-0.0071738	-0.0049365	-0.0078712	-0.011439	-0.021356	-0.005056	0.0026655	0.025975	-0.0022402	-0.00232	0.0016307	-0.0099434	-0.013789	-0.0065544	0.00024208	0.0014056	0.00078485	-0.0094524	0.00095389	0.001872	-0.023675	-0.012593	-0.016088	-0.026033	-0.021186	-0.015294	-0.016671	-0.011111	-0.0058048	-0.0096202	-0.0069399	0.001864	-2.0047e-05	-0.0076041
-0.020241	-0.014955	-0.02034	-0.0078666	0.0025418	0.0033965	-0.0082642	0.013354	0.014178	0.015936	0.012742	0.0074595	0.0055822	0.032638	0.015076	0.0037227	0.009419	0.006075	0.0051943	0.015702	0.019803	0.016743	0.0045548	0.012704	0.011819	0.0025012	0.0037846	0.0046747	-0.0029414	-0.00011058	-0.0027138	3.7789e-06	0.012815	0.007405	-0.0061978	0.0072953	-0.0010479	0.0018461	0.0078726	0.0029218	0.0048091	0.012532	-0.0061104	0.008271	0.025239	0.022993	0.018765	0.03219	0.07563	0.11111	0.12505	0.15019	0.13261	0.10279	0.071123	0.061964	0.029338	0.033387	0.013015	0.0048331	0.0061426	0.0013537	0.0080092	-0.0084312	-0.00024312	0.0026002	-0.0095242	-0.015539	0.0046303	-0.0036395	-0.019917	-0.0033495	-0.00073996	-0.0013066	-0.00040566	0.012971	0.012307	-0.0079587	-0.010602	-0.0043613	-0.0015323	-0.013714	0.0030189	0.0026137	-0.01468	0.0020367	-0.012785	-0.0029575	-0.0023115	0.0067311	0.0037332	0.0042712	-0.0073134	-0.011374	-0.011943	-0.0079007	-0.0064663	-0.014143	-0.016506	-0.019924	-0.020605	-0.024642	-0.0095971	-0.0058599	-0.0033331	-0.0080852	-0.0025145	0.0061822	0.0097917	-0.0086187	0.0070903	0.016148	0.021161	0.022906	0.023959	0.024057	0.033034	0.055982	0.11361	0.16599	0.18566	0.19397	0.17357	0.1456	0.15745	0.14927	0.1451	0.1399	0.14526	0.099726	0.071592	0.029861	0.002026	-0.006119	0.0076931	-0.00074524	-0.010165	-0.015603	-0.010216	-0.009593	-0.0099907	-0.0085887	-0.017044	-0.028723	-0.018028	-0.011784	-0.015697	-0.028274	-0.015757	-0.0088352	-0.033014	-0.026799	-0.026021	-0.026116	-0.0082806	0.0026488	0.0023252	-0.0049532	-0.015913	-0.0098476	-0.0072245	0.0024027	-0.022912	-0.019793	-0.012566	-0.0076317	-0.0099679	0.00099729	-0.0045994	-0.011729	-0.0099045	-0.00068612	-0.014301	0.0031066	0.019816	0.015225	-0.0067489	-0.0044981	-0.0046994	-0.014513	-0.0094219	-0.002931	0.0038944	0.0055272	-0.0091837	-0.013997	-0.011744	-0.0045209	0.013723	0.099443	0.19732	0.18428	0.17277	0.17839	0.19041	0.19801	0.18682	0.17585	0.16223	0.16162	0.16644	0.14161	0.10538	0.11958	0.073513	0.020626	0.025908	0.029159	0.0036471	-0.0026052	-0.011187	-0.0082689	-0.0058241	0.000693	0.010744	0.0061971	0.0056844	0.014834	0.015361	0.0097136	-0.0068912	0.00078296	0.0024664	-0.0027487	0.0061569	0.027262	0.0087904	-0.0096228	-0.0041428	0.0053287	0.0072535	-0.0054298	-0.021333	-0.0026663	0.00054689	-0.01726	-0.011189	-0.0051391	-0.0098494	-0.016915	-0.015446	0.0072269	-0.00072586	-0.0095232	-0.00089641	-0.0073049	0.0036527	0.0061369	0.00096741	-0.0042065	-0.0040922	-0.00717	-0.0082828	-0.0040398	0.0052269	0.01931
-0.024905	-0.002783	-0.018819	0.0027983	-0.012125	-7.9757e-05	0.0073031	0.0011644	0.0081239	0.0080329	0.00074667	-0.022101	-0.0029698	0.0092348	-0.00012298	0.00080942	-0.0046551	0.0084109	0.014689	0.015592	0.003991	0.0012899	0.0059926	0.0055786	0.018901	0.0048058	0.0020509	0.026324	0.013378	-0.0057702	-0.0022186	0.018685	0.015263	0.0025713	-0.013407	0.0034267	0.0068437	0.0011442	0.0074962	0.0062671	0.0061656	0.018831	0.00013407	-0.0035311	0.022074	0.025487	0.01751	0.027521	0.033971	0.035924	0.029351	0.036904	0.041315	0.023999	0.024119	0.016901	0.022558	0.015243	0.018258	0.01004	0.0067324	0.006434	0.0091057	0.013724	-0.0020244	0.0029991	0.0051741	0.006686	-0.0041882	-0.0041342	-0.0051119	0.0012639	-0.0030645	-0.0017966	0.0060284	0.0067886	0.0044415	-0.00081401	-0.00054754	0.0011552	-0.0022666	-0.0043797	0.0035494	-0.0031321	0.00039053	-0.015166	-0.0072007	-0.0063878	-0.016325	-0.0060412	-0.01035	-0.0086507	-0.013031	-0.023166	-0.0045464	0.0046268	-0.004425	-0.011191	-0.0053366	-0.0082797	-0.01181	0.00098951	-0.0013699	-0.0033868	-0.0086424	0.0020922	-0.00065304	0.0040842	0.011355	-0.010095	-0.0077004	-0.0034763	0.0046456	0.0096558	0.00035126	-0.0014142	0.0025145	0.0077698	0.0074223	0.022093	0.049563	0.04364	0.038831	0.061195	0.10409	0.1085	0.07413	0.042693	0.02214	0.021606	0.0036172	0.0035946	0.0022643	-0.00067854	0.015722	-0.0095442	-0.0034106	0.0015179	-0.0035096	-0.0074408	-0.0097534	-0.0054145	-0.0075402	-0.00051401	-0.0016483	-0.0065979	-0.002854	0.0046121	0.0022403	-2.7893e-05	0.0075685	0.0019773	-0.010336	-0.012776	-0.016391	-0.008982	-0.0043684	-0.0080993	-0.017048	-0.012091	-0.0056459	-0.010789	-0.0017381	-0.0035447	-0.0056253	0.0017101	-0.0019205	-0.015491	-0.006274	-0.012626	-0.0073723	-0.025724	-0.013192	-0.0071295	-0.005738	-0.014589	-0.023243	-0.0038012	-0.00087692	-0.0038251	-0.014647	-0.013195	-0.0075898	-0.0055885	-0.011686	0.0028288	-0.0093894	0.003935	0.0085944	0.013949	0.014371	0.064673	0.15122	0.17945	0.14104	0.12809	0.12303	0.12188	0.11854	0.13556	0.14237	0.12436	0.079781	0.043655	0.012909	0.0089963	-0.0010948	0.014889	0.007019	-0.0038588	-0.0010985	-0.0055034	-0.027858	-0.025779	-0.0077813	-0.01952	-0.011255	-0.0068259	-0.016225	-0.015522	-0.013428	-0.010494	-0.0028052	-0.0096982	-0.012102	-0.017922	-0.017908	0.00064532	-0.011664	-0.011148	-2.8419e-05	0.0046077	0.012503	0.0062749	-0.0058688	-0.0073759	0.0010593	0.0056572	0.006429	-0.0012074	-0.016232	-0.0092522	0.0035591	0.005917	0.0056737	-0.0035588	0.014085	0.0011977	0.00013011	0.0096009	0.0039476	0.0099006	0.014624	0.0047835	0.0053655	0.0060756
0.0044143	0.013824	-0.0020596	-0.0033789	0.0010149	0.0011565	0.007425	0.0037722	-0.0019275	0.0026552	0.0053306	0.0003048	0.0019259	-0.00046836	-0.0026969	-0.0080341	-0.0062787	0.0064036	0.010754	0.00036287	-0.00067765	0.00042746	0.015433	0.00096381	0.0016006	0.0058662	0.005986	0.004092	-0.0018333	0.0097821	0.02268	0.010892	0.0053383	-0.007111	0.0019748	0.0087232	-0.0010278	0.0042933	0.008387	-0.0044364	-0.0027824	0.0015458	-0.0055434	0.0053177	0.0014376	-0.015332	-0.015239	-0.0031422	-0.0082419	-0.0012728	0.0071901	0.0034395	0.0068418	0.0043037	0.0053972	-0.015122	-0.0069156	0.0049061	-0.0041779	0.0022673	-0.0032952	-0.012299	-0.015819	-0.017492	-0.01334	-0.0014481	-0.0073948	-0.018866	-0.017805	-0.0080609	-0.018049	-0.019502	-0.026409	-0.010785	-0.016579	-0.021232	-0.011195	-0.023425	-0.035589	-0.025976	-0.026111	-0.020352	-0.009816	-0.03005	-0.0056924	0.0017648	0.00036964	-0.0039539	-0.0068134	-0.0078514	-0.016329	-0.013347	-0.0058209	-0.0020717	-0.014525	-0.017638	-0.012312	-0.0090039	-0.019451	-0.017122	-0.0025449	-0.009522	-0.018716	0.0013537	-0.025425	-0.011168	-0.012464	-0.0028243	0.00084093	-0.00078967	-0.011435	0.00084535	-0.0060631	0.0028878	-0.00055691	-0.005689	-0.00034092	0.0073587	0.0025738	-0.0011327	0.002684	0.0063212	0.0068939	0.0014628	0.0042043	0.019451	0.0054737	0.010128	0.008817	0.011062	0.010981	0.012421	0.0055141	0.0031559	-0.00048861	0.0085601	0.023478	0.0017923	-0.0074575	-0.0015671	-0.011852	-0.01899	-0.019677	-0.012326	-0.012633	-0.018803	-0.010222	-0.0015001	-0.013944	-0.018055	-0.0060793	-0.0052582	-0.0046446	0.0016055	-0.0023102	-0.01127	-0.0054659	0.0072354	0.01154	-0.0043524	-0.017853	0.0050552	0.017594	0.014765	-0.015853	-0.012737	0.010724	0.020501	0.0074003	0.0044245	0.016399	0.020743	0.026513	0.01905	0.0050826	0.0083573	0.015471	0.015399	0.0012354	0.029113	0.015029	0.018868	0.011468	0.0043737	0.017488	0.012767	0.011187	0.0069678	0.021482	0.013059	0.017757	0.03948	0.050889	0.056769	0.072546	0.076702	0.096107	0.085915	0.079055	0.048485	0.040411	0.028559	0.026037	0.026611	0.012679	0.021872	0.018997	0.0072039	0.022491	0.011965	0.018855	0.022571	0.014634	0.01432	0.013079	0.016592	0.013094	0.018226	0.021892	0.019844	0.0074818	0.00017609	-0.0037615	-0.0087327	-0.0060851	-0.0069371	0.0080013	0.0033787	-0.017886	-0.011487	-0.0063593	-0.0021991	-0.0069716	-0.011254	-0.0065615	-0.0070925	-0.0055669	-0.02227	-0.0157	-0.0055555	-0.012039	-0.015375	-0.0030601	0.0048161	0.0010594	-0.0043565	-0.0029665	0.019758	0.0089743	0.0016366	0.0081719	-0.0063105	0.015947	0.0096332	0.0067317	0.0021067
-0.021014	-0.017716	-0.010214	-0.0078271	-0.029605	-0.01934	-0.0054247	0.0033741	-0.0079289	-0.007735	-0.01124	-0.0029941	-0.013018	-0.0096865	-0.008824	-0.0054392	-0.0047905	-0.0014957	0.0021141	0.0096495	-0.0054969	-0.0062294	0.0022396	0.0031467	0.0046497	0.0020218	0.0012593	0.0040122	-0.0031759	0.0058949	0.012991	0.0068277	0.0026022	-0.0018961	0.0037344	0.0059351	-0.0020797	0.00089383	-0.0024161	-0.011466	-0.0024618	-0.017986	-0.020237	-0.0083803	1.7717e-06	0.006764	-0.00077973	-0.0083894	-0.015025	-0.0026257	0.0063239	0.0070692	-0.010098	-0.010678	-0.0112	-0.0082017	-0.0076554	-0.012765	-0.024035	-0.021618	-0.013412	-0.012655	-0.013075	-0.0042392	-0.0093311	-0.015715	0.00057662	0.0075248	-0.0028795	-0.0077703	-0.0098281	-0.017542	0.0048236	0.012026	-0.00043744	-0.004368	0.0011584	-0.0084557	-0.0076103	5.0878e-05	-0.0039906	-0.001798	0.0070554	0.0019406	0.0025297	-0.00044856	-0.0036238	0.0082109	-0.0079221	-0.0038584	-0.0019403	-0.001014	-0.0046241	-0.0092951	0.0028209	0.0060204	-0.0079398	0.0037876	0.010822	-0.010833	-0.0071466	0.0035496	0.0059787	-0.0042134	0.0034751	0.0014125	-0.0038662	0.0056294	0.0094546	-0.0025541	-0.00047175	0.004195	0.00070118	-0.0012824	-0.0020111	-0.0018261	-0.0033192	0.012042	0.010382	0.012594	0.021072	0.021377	0.01367	0.012758	0.014115	0.021059	-0.0015088	0.0019376	0.010035	0.012749	0.01365	0.0060965	0.0071582	0.012092	0.0015276	0.013165	0.0092136	0.0090736	0.0078696	-0.0044356	-0.0099396	0.0070688	-0.003722	-0.010859	-0.0040821	0.0012622	-0.00034706	0.0018589	-0.019759	-0.015526	-0.0080346	-0.0051968	-0.0049657	-0.011337	-0.0052482	-0.0096877	-0.011618	-0.010367	-0.0060675	-0.010697	-0.0072093	-0.0018457	0.0042854	0.0017751	-0.0046446	0.00064641	0.011217	0.011986	0.011263	0.019616	0.011216	0.015073	-0.0032406	0.0069722	0.022199	-0.0027241	-0.0026756	-0.0023059	0.0039988	0.015459	0.016946	0.0077391	0.0081549	0.015772	-0.012763	-0.0028006	0.0088111	0.025078	0.019911	0.016271	0.0038893	0.016769	0.019742	0.010865	0.024955	0.017377	0.029854	0.023499	0.016019	0.029049	0.018807	0.031969	0.010704	0.0066078	-0.00094244	0.017268	0.016181	0.013286	0.0063348	0.0053487	0.013855	0.0020335	0.0082343	0.0019695	-0.012809	0.0025439	0.0049716	-0.0016939	0.0054384	0.002086	-0.0019516	0.016751	-0.0015132	0.0044998	-0.0038903	-0.0065763	-0.0095384	-0.0067643	-0.0023361	-0.0046613	-0.016582	-0.012951	-0.0066846	-0.019717	-0.021939	-0.004857	0.0024529	-0.010479	-0.010399	-0.0025639	-0.002836	-0.0051562	-0.00078267	0.0026567	0.0056973	0.0079549	0.0059045	0.017606	0.011169	0.0064222	0.005811	0.0012454	0.018416	-0.0038232	-0.01126	0.0047057
-0.020079	-0.0070917	-0.006303	-0.020321	-0.025582	-0.032581	-0.019868	-0.011526	-0.0060854	-0.014031	-0.023435	-0.011971	-0.0046908	-0.017578	-0.017482	-0.0036779	-0.0041359	-0.010229	-0.0073593	0.018103	-0.01115	-0.01372	-0.011788	0.004496	0.0068653	-0.0026562	-0.004301	0.003099	-0.0053521	0.0011742	0.0024696	0.0019298	-0.00096755	0.0024852	0.0046605	0.0023133	-0.0039651	-0.0015345	0.011079	-0.0043135	-0.008615	0.0040939	0.011829	0.009927	-0.0029708	0.011675	0.014585	-0.014968	-0.011596	-0.010421	-0.007404	-0.021147	-0.016002	-0.00098878	-0.0029295	-0.0059869	-0.00043049	0.00016827	-0.0028726	0.0070701	-0.0078377	-0.0085272	0.0084496	0.003485	-0.00088084	-0.010936	-0.0011073	0.0080571	-0.0041466	-0.0098102	-0.0062789	-0.0042879	-0.010346	-0.0059443	-0.0005825	-0.022731	-0.017191	-0.00056676	0.003867	0.002339	-0.0086049	-0.0062157	-0.008666	-0.0009005	-0.0042203	-0.003315	-0.0038672	0.0022775	0.014309	-0.0056687	-0.0086608	-0.00025651	-0.0031865	-0.0093283	-0.0079454	-0.016238	-0.0034394	-0.0080136	0.0012845	0.003813	-0.031143	-0.030181	-0.019817	0.0016336	-0.0015298	0.0021596	0.0011979	0.010546	0.0081794	0.0067057	0.014759	0.0053236	0.0034291	0.0043965	0.013453	0.024756	0.0092465	0.0018896	0.0045865	0.020109	0.01153	0.0048316	0.0011684	0.014586	0.019317	0.017034	0.020272	-0.0035582	0.007227	0.004048	0.0033674	0.0010838	-0.0042353	0.0031448	0.013933	0.0072651	0.0019868	-0.0052009	0.008883	0.00049128	-0.029605	0.001981	-0.0010496	-0.017411	-0.015522	0.0032397	-0.0096978	-0.024404	-0.026408	-0.013831	-0.010823	-0.0059689	-0.0061204	-0.025113	-0.0090196	-0.0089392	-0.018604	-0.028802	-0.024508	-0.017875	0.0026008	-0.0095802	-0.0098564	-0.012048	0.0057304	0.013196	0.010876	0.0056116	-0.0096096	-0.0080503	-0.0037079	-0.0002985	0.0080638	-0.0085555	-0.015159	0.00020246	0.0051385	-0.0026424	-0.012187	0.0084784	0.010215	0.0097874	-0.0011368	0.0064329	0.003726	6.6436e-05	0.0025721	0.0069148	0.014557	0.018384	0.010719	0.0073782	0.0054424	0.020277	0.021216	0.014344	0.016845	0.018336	-0.0059769	-0.0054652	0.0013964	0.0094772	0.0035004	0.013403	0.00036507	-0.007171	-0.0054137	-0.0080147	-0.010217	0.0060752	0.0026667	0.01402	0.00014241	-0.00053795	-0.0078153	0.00078698	0.0062256	0.0018005	0.004511	0.0039305	0.0070552	0.01298	-0.0066666	0.00080065	0.00032086	0.0013497	0.00030655	0.0040053	0.0024733	-0.0042354	-0.013072	-0.010377	0.00067696	-0.009529	-0.017434	-0.003455	0.0096391	0.00047863	-0.0059318	-0.00040573	0.0055332	0.0042287	0.00066119	-0.00033617	0.0095016	0.019433	0.013942	0.014619	0.01253	0.010374	0.0026164	0.0079677	0.020051	-0.0055366	-0.0024979	0.002538
-0.016448	-0.02363	-0.016882	-0.0094346	-0.02062	-0.024886	-0.0045814	-0.0031759	0.004004	-0.00057495	0.0054198	0.00045106	-0.00084367	-0.0018064	-0.0012678	-0.00096413	0.0075436	0.021542	0.014098	0.0054214	-0.0034413	0.011878	0.013972	0.0015672	-0.0040943	0.00037223	-0.0032736	-0.014773	-0.011399	-0.010579	-0.0016457	0.012125	0.00226	0.0016008	-0.013366	-0.0060366	0.0010554	-0.00036827	0.0023241	0.0012986	0.0034081	0.014108	0.025006	0.0076413	0.0059547	0.013884	0.0091326	0.0037899	0.013295	0.011459	-0.0076678	0.0048293	0.0026813	0.019073	0.02179	0.024016	0.0066781	0.0097325	-0.00144	0.0040447	-0.0038213	0.0033475	0.0080132	0.0081565	0.0045631	0.0045447	-0.00093894	-0.016822	-0.02169	0.00082739	0.0025054	-0.0006798	-0.0092821	-0.0086535	-0.0029663	-0.0039135	0.0022873	-0.00096094	-0.023877	-0.021872	-0.0028536	-0.003825	-0.01394	-0.023373	-0.011695	-0.0066364	-0.0028348	0.00027513	-0.014255	-0.011882	0.0053281	0.00079799	-0.00055142	0.0051981	0.0024831	-0.0041433	-0.0039275	-0.013018	-0.0078003	0.012322	0.01579	-0.0016313	0.00018517	-0.0053048	-0.0042578	0.00027832	0.0007534	0.0086445	0.0015254	-0.0022845	0.003573	0.0046189	0.00020605	-0.0037184	0.0085641	0.0089763	0.0002865	0.0041667	0.0022487	0.010302	0.0071493	0.00063959	0.00064312	0.01107	0.012442	0.01002	0.019217	-0.0074832	-0.0068645	-0.0071275	-0.013481	-0.0092173	-0.0023247	-0.015559	-0.0026009	0.00012617	-0.015352	-0.023923	0.0045398	-0.016832	-0.013055	-0.0071996	-0.028591	-0.025859	-0.012487	-0.0020744	-0.0074801	-0.019582	-0.018403	-0.010686	-0.013775	-0.013776	-0.01617	-0.013415	0.0028755	-0.0090228	-0.014781	-0.020146	-0.010513	-0.0053421	-0.0023335	-0.01585	-0.0022425	-0.0021291	0.0014041	-0.011974	-0.0062374	-0.0026461	0.0039089	-0.01297	-0.0034494	-0.0037568	-0.0076348	0.0040276	0.00028568	0.0052192	-0.0050851	0.0084167	0.0081296	-0.00047412	0.0013634	0.015701	-0.005334	0.0016651	-0.0072886	0.010646	0.008177	-0.014061	-0.010698	0.021405	0.0095936	0.014498	0.018879	0.012511	-0.0051362	-0.0011908	-0.0041275	0.013549	0.0062526	0.001241	0.0051605	-0.0082022	0.0032184	-0.003661	-0.004911	0.0014445	-0.013192	-0.010073	0.0024358	0.015513	-0.0091371	0.025391	-0.0085647	-0.0036607	-0.0034365	-0.0015852	0.0068643	0.0046796	0.0029684	0.0051598	0.015447	0.0085944	-0.012435	-0.0035137	0.0039168	0.0086606	0.0095362	0.01416	0.0066675	-0.0044247	-0.010177	-0.0084177	0.0074233	4.394e-05	-0.00092341	-0.0026683	0.01621	0.010821	-0.0020798	0.0011371	0.013287	0.012998	0.0014898	-0.0039443	0.012691	0.030295	0.021364	0.011018	0.013276	0.013711	-0.0011934	0.014075	0.021071	-0.0078653	0.0086043	0.013753
-0.0016071	-0.027438	-0.022688	-0.015097	-0.0059067	-0.012768	-0.01187	-0.017839	-0.0091851	-0.0051216	-0.0074749	0.0024546	1.3635e-05	-0.012389	-0.012503	-0.0031197	0.00026664	0.0048699	0.0086486	0.019426	0.0088853	-0.00012317	0.0095564	0.011149	0.0029069	0.00063066	-0.0042108	-0.0067804	0.0054155	-0.0050038	0.010098	0.0067004	0.0043064	0.021193	0.01472	0.00090144	0.0052498	-0.0029215	-0.004271	-0.0024567	0.0037427	0.0087516	-0.0038619	-0.00035775	0.018305	0.022782	0.011956	-0.00086545	0.0025019	0.001881	-0.0035409	0.0011621	-0.020483	-0.0025457	-0.0037748	0.0099058	0.0056799	-0.0068071	-0.0074142	-0.0081385	-0.0051986	-0.005635	-0.0050617	-0.011047	-0.010411	-0.0062634	-0.020301	-0.024489	-0.022132	-0.012167	4.2619e-05	-0.016326	-0.017645	-0.011957	-0.01366	-0.015957	-0.017177	0.01194	0.0042094	-0.0013736	-0.003023	-0.0051891	-0.0020776	0.00035492	0.010727	0.0012347	0.0093975	0.023864	0.012998	-0.0075747	0.015884	-0.0040206	0.0032375	0.0046806	-0.0017778	0.0030432	0.0037228	-0.00067833	-0.0011383	-0.012227	-0.0085581	-0.008923	0.0011654	0.002226	-0.0050005	0.00298	0.0048919	0.011326	-0.00054565	-0.0066918	-0.0030296	0.0084972	0.001566	-0.0072504	0.0082581	-0.0022205	-0.0040905	0.011027	0.0044939	0.0050786	0.007351	0.0010306	0.0047008	0.012136	0.01015	0.0075888	0.022745	0.0046576	0.002309	0.005572	-0.00081138	0.0086284	-0.0053799	0.0047308	-0.0030726	-0.0035207	-0.0081992	0.00062219	0.000776	-0.0076404	-0.002343	-0.00085409	-0.0061906	-0.0015372	0.0011221	-0.0086577	-0.016335	-0.0010083	-0.0079903	0.00056551	-0.00038322	-0.016185	-0.020213	-0.010451	0.0058767	0.015689	0.0016185	-0.0078424	0.0032397	0.017369	0.0046297	-0.0070215	-0.0096135	0.0062488	0.0023234	-0.0093011	-0.0091806	-0.0021991	0.010647	0.010783	-0.0018086	0.0012044	0.00065044	0.005066	0.0067819	-0.0060079	-0.0047234	-0.0037232	0.0079003	-0.0014234	-0.014267	-0.0050879	0.005763	-0.00086212	-0.011462	-0.013634	-0.011324	0.0012589	0.0053646	0.0060932	0.0015524	-0.0027266	0.00098502	-0.0037118	0.0030437	0.0076297	0.0085852	0.018746	0.0073629	0.01402	-0.0024596	0.0042804	0.0085817	-0.014982	-0.0092241	-0.0054411	0.0033764	-0.0013337	-0.0023617	-0.0072981	0.0037414	-0.0027796	-0.021036	-0.017342	-0.0051197	-0.0049896	-0.0084309	-0.015664	-0.0013578	0.0064369	0.001981	-0.015119	-0.016845	-0.0066392	-0.0046396	0.0025063	-0.0046871	-0.0055495	0.0038673	-0.0077332	0.0018943	-0.0011425	-0.0042613	0.012565	0.011614	0.0036369	0.0082877	0.0009951	0.0044144	0.023649	-0.0036592	0.00048397	0.0082962	0.0088469	0.0046174	-0.0042719	-0.010725	-0.0052853	-0.0091503	-0.009406	-0.0083485	-0.0021794	0.0025307	0.015496	0.0089979	-0.0025992
-0.021372	-0.02418	-0.027986	-0.015806	-0.017976	-0.002134	0.0077049	-0.0010785	-0.0088576	0.016462	0.025688	0.051306	0.052037	0.075463	0.059731	0.051443	0.02816	0.022232	0.02907	0.0062272	0.0056319	0.010507	-0.0039447	0.00071625	0.012963	-0.0022812	-0.015202	-0.0028933	0.01008	0.0040781	-0.013378	-0.016649	-0.020378	-0.01199	0.001664	-0.0042154	0.011191	0.002875	0.0096336	-0.00057427	0.006689	0.0017244	-0.0014225	0.0025047	-0.00084472	-0.0094967	-0.0059857	0.0025174	-0.0015657	0.00052486	0.012344	-5.9797e-05	0.0082087	0.00035184	0.0026936	-0.00044456	0.019022	0.011752	-0.0071369	-0.0058203	-0.0056834	0.0022055	-0.010229	-0.013304	-0.0022271	0.0011018	-0.0068355	-0.025016	-0.013445	-0.012893	-0.0012276	-0.00084355	-0.010404	-0.0058412	-0.018756	-0.0011514	-0.0038896	0.012161	-0.00023238	-0.0012605	0.0010605	-0.00090045	-0.0048813	-0.0010796	-0.010563	0.0095007	0.010167	0.00026919	0.019919	0.0020783	0.011574	0.01542	0.010562	-0.0038746	0.011373	-0.010556	0.018192	0.011701	0.007873	0.00026361	0.0090623	0.0060355	0.00076156	0.010925	0.012193	-0.00017831	-0.0029408	0.01488	0.013776	0.010143	0.021253	-0.00012209	0.00067977	0.014835	0.018974	0.0029106	-0.00023935	0.010691	0.022531	0.003012	-0.01039	0.010156	0.00045509	-0.007137	0.0050027	0.0063444	-0.010211	0.0010064	0.0070975	-0.00028781	0.0081938	0.0072119	-0.0010122	-0.0097277	-0.0014218	0.0019505	-0.0036992	0.0015486	0.0046629	0.009981	-0.0022933	-0.023202	-0.014167	-0.010588	0.001442	0.0025174	-0.0025285	-0.002693	0.0060681	-0.010632	-0.019825	-0.010304	0.0059599	-0.00035007	-0.014075	0.0046304	0.005094	-0.012511	0.0063695	0.012953	0.0051649	-0.0015498	-0.012986	-0.0038405	-0.003635	-0.0062751	-0.0091042	0.010645	0.005734	-0.010139	-0.013009	-0.0014839	0.0090514	0.00021622	0.0002538	0.013923	0.0042694	-0.0027682	0.003562	0.001219	0.0091808	-0.0066279	-0.01131	-0.0047628	-0.0029218	0.0028616	-0.0055041	-0.0031997	-0.012678	-0.0040073	-0.0036028	-0.0042863	-0.0019942	-0.0048206	-0.0014696	-0.0030083	-0.0070502	0.003908	0.0054414	-0.00063395	-0.011598	-0.012425	-0.015383	-0.004042	-0.0085052	-0.013043	-0.0033624	-0.0031115	0.00036487	-0.0031884	-0.0096253	-0.0062956	0.00056035	-0.0073323	0.0063592	0.0085792	-0.0084781	0.0045573	-0.0080243	-0.0056195	-0.00098792	-0.0042842	-0.0011793	-0.0080887	-0.012941	-0.014052	-0.010605	-0.0043463	0.0010072	-0.0010373	-0.0039413	-0.0098867	-0.006307	0.015921	0.0056394	-0.01153	0.011209	0.016422	0.016194	-0.0070864	0.014455	0.014207	0.0015451	0.0042406	0.0091786	0.0054924	-0.0083091	0.0031291	-0.001536	-0.0038303	-0.0031341	-0.003022	-0.001591	-0.00020828	-0.0069629	-0.020454
0.008962	0.0011532	0.0075011	0.014216	0.0064288	0.012764	0.012348	0.023013	0.047526	0.11478	0.17801	0.2157	0.18211	0.15912	0.21505	0.25591	0.18576	0.18661	0.13865	0.046987	0.030773	0.036644	0.013784	0.0086461	0.009639	0.016833	0.015608	-0.0064262	-0.00038446	-0.0048482	0.025811	0.012941	0.014217	0.0075974	0.0062681	0.012195	0.002232	-0.022149	-0.0070248	0.012628	0.021671	0.019008	0.017544	0.018839	-0.00022703	-0.0071186	0.012313	0.020754	0.024283	0.017033	0.010319	0.016597	0.010833	0.0080999	0.022876	0.018464	0.0012803	0.002008	0.018268	0.013601	0.00055505	0.0041747	0.0038729	0.0012281	-0.012094	-0.014389	-0.0096197	-0.0014284	-0.0092123	-0.0050433	-0.0053567	-0.0035484	-0.0047319	-0.0074901	-0.019782	-0.02368	-0.012675	0.0075208	0.0022798	0.015123	0.015632	0.008227	0.01953	0.037625	0.069148	0.070454	0.070817	0.070087	0.065536	0.051565	0.030277	0.012017	0.0046739	0.019401	0.016723	0.0078107	0.0044761	0.010285	0.012415	0.0044455	0.010011	0.0043465	0.00026418	-0.0054218	0.0040597	0.0071799	-0.0053624	0.0058182	-0.013451	-0.010609	0.0051778	0.0045424	-0.017005	0.0067294	-0.00015982	0.0018911	0.0088538	-0.01113	-0.0027516	0.0012576	0.0047646	0.0005658	0.00091064	-0.011429	-0.0014529	-0.011768	-0.0084643	-0.0038032	-0.0066455	0.00073414	0.010167	0.0083375	0.00093674	-0.0039054	-0.0064084	-0.017114	-0.014421	-0.009862	-0.022249	-0.021605	-0.027933	-0.024302	-0.022228	-0.019817	-0.020974	-0.0050178	-0.0035464	-0.0020837	-0.0077325	0.0019446	0.0081724	-0.0065293	-0.0045148	0.0060259	0.011297	0.0045798	-0.016175	0.016253	0.025319	0.0024163	0.014588	0.004843	0.0066902	0.001462	-0.002008	0.0039735	0.009596	-0.010451	-0.021104	0.0036164	0.0053086	-0.011335	-0.00025228	-0.010666	-0.0084429	-0.01665	0.0032806	-0.0094308	0.0081236	-0.0020399	-0.0037814	0.019758	0.02121	0.0068108	0.0015424	-7.3342e-05	-0.0058959	-0.0069724	-0.0018498	0.0018252	-0.0037401	-0.0073567	-0.0049504	-0.011382	-0.021539	-0.0059359	0.0040172	-0.010944	-0.0085548	-0.018449	-0.01476	-0.0041598	-0.016038	-0.022833	-0.0038363	-0.02449	-0.01865	-0.0093169	-0.0079006	-0.0044188	-0.018848	-0.031764	-0.017218	-0.014399	-0.029709	-0.0060358	-0.020642	-0.013713	-0.020953	-0.01812	-0.02315	-0.025167	-0.014471	-0.0059305	0.0019306	-0.0032901	0.0045049	-0.012958	-0.0066832	-0.0025661	0.0008636	-0.013078	-0.011902	-0.0032972	0.00034547	-0.018549	-0.011532	0.0023805	0.0021908	-0.00079908	-0.0082702	-0.010113	-0.010336	-0.02722	-0.020025	-0.0014955	-0.011979	-0.0033886	-0.0083944	-0.0051708	-0.017764	-0.023209	-0.0099954	-0.0087211	-0.017642	-0.026534
-0.0091924	-0.0019088	-0.0026532	-0.0063634	-0.015338	-0.0015047	0.049212	0.1349	0.19986	0.23602	0.17435	0.15039	0.15524	0.15101	0.17119	0.16193	0.15295	0.1636	0.16682	0.17183	0.11021	0.07497	0.028465	0.0030182	0.00061099	0.0073167	0.015383	-0.0081042	-0.0051622	-0.0073179	0.0075106	-0.012221	-0.019788	-0.0066213	0.001808	0.0018869	-0.0031352	-0.0093326	6.7998e-05	-0.010526	-0.016465	-0.01338	-0.016129	0.0032092	-0.013391	-0.032678	-0.0088368	-0.011437	-0.01478	-0.0044091	-0.0044637	-0.0041024	-0.005314	-0.016414	-0.02551	-0.040052	-0.018559	-0.0080302	-0.018777	-0.031194	-0.017321	-0.026266	-0.017087	-0.0026064	-0.0077609	-0.010987	-0.0073545	-0.0084813	-0.0076634	-0.0078553	-0.0015755	0.0031985	-0.0024754	-0.012788	-0.012507	-0.0076019	0.0033569	0.011926	0.026913	0.086118	0.043223	0.12477	0.17337	0.14985	0.23251	0.20177	0.22346	0.21896	0.18442	0.18255	0.13808	0.074417	0.033308	0.0095956	-0.0076073	-0.0068027	-0.0027161	-0.0028346	-0.004089	-0.0043807	0.010161	0.0040118	0.0044309	0.0086873	0.0088317	0.0047381	0.0017542	0.0073199	0.0026946	0.0093503	-0.00098067	-0.0053115	0.0016311	0.016337	0.013544	0.0049217	0.017241	0.01931	0.0089859	0.0027238	0.0088964	0.012101	-0.00031345	0.011846	-0.0047124	0.012351	-0.0088369	0.011289	0.0098803	0.0098054	-0.0135	-0.0088488	0.0036035	0.0056344	0.0011671	0.05556	0.090575	-0.0063879	-0.015015	-0.0035631	0.0086084	-0.005401	-0.015581	-0.015857	-0.0017	-0.0086139	-0.022158	-0.016888	0.00047908	0.0047395	-0.0093291	0.0055928	0.0018331	0.00016497	0.02098	0.044109	0.086649	0.10832	0.10835	0.0952	0.074922	0.044088	0.025146	0.018039	0.016207	0.014472	0.0055759	0.011637	0.011648	0.0085431	0.006217	0.010374	0.017681	0.017104	0.011885	0.0096774	0.010048	0.014366	0.0062732	-0.0067337	-0.00031845	0.022823	-0.00099594	-0.0063559	-0.0067781	0.001827	-0.0090503	-0.01114	0.0051975	0.0029987	0.0012238	0.0046976	0.010045	0.0022286	0.014413	0.0060152	0.0044181	-0.00062665	-0.01019	0.0055936	0.019387	0.019775	0.0047199	-0.017684	-0.018021	0.00051861	-0.0069804	-0.027975	-0.014228	-0.0073397	-0.010154	-0.0052916	-0.010456	-0.017267	-0.010174	0.00087388	-0.00078817	-0.0025563	-0.032348	-0.021381	-0.0094723	-0.0077603	-0.0042097	-0.018535	0.00020928	-0.014394	-0.0056254	0.0070217	0.00593	0.0087995	0.0074814	0.0081754	0.018442	0.0077691	-0.010414	-0.017826	0.0013593	-0.012181	0.0035002	0.0043305	-0.017098	-0.00098838	-0.0054566	0.00016384	-0.0030876	-0.0036477	-0.0036581	-0.019693	-0.00076568	0.0031687	-0.0087167	-0.0008985	-0.0062718	0.0069187	-0.011287	-0.0071174
-0.012972	0.0011646	0.0038261	-0.00057313	0.016289	0.10594	0.18194	0.19562	0.17034	0.16794	0.14628	0.1477	0.16732	0.17519	0.16981	0.16442	0.15617	0.17683	0.15291	0.16592	0.17536	0.17116	0.10208	0.051594	0.02472	0.024109	0.019999	0.011356	0.01249	0.0083414	0.010935	0.013602	0.010592	0.0070997	0.019392	0.019203	0.014956	0.015654	0.012417	0.0051326	0.011009	0.0059926	0.013854	0.015726	0.003527	0.005279	-0.0027962	0.0072495	-0.0073802	-0.016027	0.00090687	-0.007309	0.0048106	0.00096434	0.0054064	0.0018585	-0.0076984	-0.0035874	-0.0035227	0.0026031	0.0019089	-0.025279	-0.0061814	0.005479	-0.0013064	-0.0054638	-0.0029681	-0.013413	-0.0039934	-0.0085461	0.0043269	0.012067	0.0019024	-0.015964	-0.0031103	0.010597	0.02151	0.018452	0.053667	0.15923	0.24736	0.24407	0.16492	0.1648	0.15611	0.16346	0.16021	0.16332	0.15448	0.16499	0.16561	0.18115	0.18396	0.076127	0.035548	0.032556	0.021858	0.0031388	0.0059219	-0.00043266	-0.002665	-0.007626	0.0037365	0.0005122	0.00025504	-0.0028228	0.00029102	0.0037048	-0.0027386	0.001458	-0.0017423	-0.0040533	-0.010148	-0.0037555	-0.0093972	-0.0031908	0.0092735	-0.0044383	-0.013215	-0.0039749	0.0066049	0.0074596	0.0051042	0.0085929	0.011252	0.0053536	-0.024421	-0.0001163	-0.010959	-0.0040001	-0.015912	0.0040006	0.0093004	-0.0075777	-0.025011	-0.0047652	0.037911	-0.0017001	-0.020672	-0.031327	-0.019654	-0.013515	-0.021796	-0.026458	-0.019038	-0.016673	-0.0045512	-0.015539	-0.0042541	-0.016259	-0.010426	0.01732	0.048745	0.12031	0.18934	0.18201	0.20215	0.20273	0.18939	0.17948	0.2	0.22399	0.17433	0.13258	0.061028	0.021	0.0052054	-0.0028753	0.012891	-0.0014251	-0.0065211	-0.00081435	-0.00084233	-0.013417	-0.015295	-0.010934	0.0083162	0.0079915	-0.017311	-0.0021919	-0.011553	0.0011415	-0.020613	-0.02912	-0.0010723	-0.0045873	-0.023824	-0.0091084	-0.0083292	-0.015941	-0.016774	-0.014456	-0.011681	0.0016698	-0.00076101	0.0023262	-0.003696	-0.0077536	-0.034451	-0.0094198	-0.0019645	-0.0096545	-0.0032324	-0.0016718	-0.0093408	-0.01622	-0.0083768	-0.015803	-0.0028202	-0.0076556	-0.016442	-0.024317	-0.021691	-0.0051077	-0.011431	-0.011374	-0.024833	-0.029878	-0.0053891	-0.0056061	-0.0093011	-0.018053	-0.0039427	-0.0088723	-0.013752	0.0069187	0.012402	0.027436	0.084182	0.075924	0.11455	0.10172	0.10103	0.088762	0.07629	0.047362	0.032129	0.02655	0.017522	0.0094167	0.0031951	-0.0015665	0.0039582	0.0057644	-0.0019829	0.017328	0.0050383	-0.0016474	0.0036485	0.0040018	0.0004159	0.011857	0.0016849	0.0025844	0.003951	0.0054793
-0.013219	-0.0067344	0.0047647	0.026247	0.092819	0.23106	0.19439	0.16503	0.15753	0.14053	0.16419	0.15706	0.16822	0.16066	0.15599	0.14422	0.17062	0.15451	0.14834	0.1613	0.15809	0.13994	0.13943	0.11318	0.040945	0.022627	0.011438	-0.0013735	-0.0052576	-0.0041965	0.0024404	0.00308	-0.00063871	0.0027294	0.0038105	-0.00013644	-0.0079333	-0.0011206	0.0037003	-0.0048963	-0.0023904	0.0064967	0.0098955	-0.001132	0.00028957	0.0010913	0.006064	0.0035077	-0.002456	0.003545	0.011193	0.0059502	0.0012282	0.0065786	0.0068168	-0.0061149	0.0021855	0.00296	-0.0029683	0.011679	0.0031265	0.0041792	-0.012045	-0.009389	-0.0086411	-0.01254	-0.0011818	0.0025943	-0.016882	-0.016503	-0.0057396	-0.011472	-0.021776	-0.02546	-0.0039834	-0.0038524	0.005282	0.073353	0.21939	0.23552	0.16682	0.16462	0.1579	0.16141	0.16015	0.15544	0.15289	0.15487	0.16416	0.16667	0.15536	0.15929	0.15472	0.15148	0.14073	0.042548	0.023076	0.014485	0.016396	0.0023036	-0.00046814	0.0055816	0.018045	0.015166	0.011783	0.012384	0.0094527	0.0082348	0.0095223	0.0044317	0.010026	0.010547	0.011709	-3.8418e-05	0.0077662	0.0038292	-0.00034275	0.0015323	0.009088	0.0023978	0.0093771	0.0054911	-0.0071387	-0.0072813	-0.00057376	0.0062117	0.0012265	0.0073476	-0.0017844	-0.0094352	-0.00085893	-0.0018611	0.0019528	-0.0017943	-0.011115	0.010846	0.019114	-0.00027458	-0.011857	0.0012831	-0.01141	-0.015238	-0.0055853	-0.01028	-0.0056873	-0.0010526	-0.0092235	-0.0060119	0.0094278	0.025823	0.06834	0.14644	0.21523	0.22204	0.18213	0.17525	0.15955	0.15779	0.178	0.1796	0.16783	0.15559	0.16247	0.16593	0.17879	0.15009	0.06307	0.039439	0.032224	0.012462	-0.0066254	-0.01407	0.0067118	-0.0015549	-0.011259	-0.013641	-0.0049487	0.0052285	0.0030391	-0.0022038	-0.015395	-0.0024161	-0.0035775	-0.0021629	-0.00043608	0.0017471	-0.018567	-0.005978	0.0086877	-0.0041013	-0.0056067	-0.012485	-0.0035356	-0.0031719	-0.0087692	-0.0027107	0.003033	0.00040893	-0.0030462	0.0049276	0.00080629	-0.011621	-0.003474	-0.012145	-0.0079428	-0.0073105	-0.026855	-0.016159	-0.0048838	-0.0024851	-0.019723	-0.013243	-0.010228	-0.018726	-0.015425	-0.01517	-0.010229	-0.01482	-0.013832	-0.016177	-0.017471	-0.027651	-0.0079555	0.0047219	0.020622	0.076637	0.1144	0.12181	0.1219	0.1127	0.096168	0.10027	0.10583	0.083451	0.10636	0.18368	0.13493	0.040479	0.020821	0.026379	0.015954	-0.0085187	0.0064962	0.0024356	-0.0069691	0.0039385	0.010001	-0.0049466	-0.0018577	-0.0021297	-0.0076789	-0.0096102	-0.0097491	-0.00064248	-0.0032609	-0.0043901
0.0040501	-0.0068717	-0.0019029	0.080105	0.17365	0.15741	0.14337	0.12877	0.13252	0.14167	0.1459	0.15428	0.15651	0.15717	0.15115	0.15081	0.14811	0.15275	0.15554	0.17672	0.16561	0.14601	0.14724	0.14752	0.12146	0.04211	0.023598	0.00222	0.00031956	0.0030419	-0.0095752	-0.0025919	-0.011006	-0.018216	-0.0026079	-0.0045475	0.0066211	0.012793	0.0053669	-0.0050305	0.0046815	0.0019403	0.014074	-0.0065625	-0.0006181	0.00077966	0.00056884	-0.0019119	-0.004465	0.0018846	0.0046479	-0.0050562	-0.012222	-0.0071418	0.0031303	0.0069449	-0.020263	-0.016053	-0.008339	0.0001337	0.0010843	-0.015051	0.0041471	-0.0055873	-0.01009	-0.009191	-0.016184	-0.019739	-0.025907	-0.023591	-0.010658	-0.013717	-0.014401	0.0099931	0.02123	0.0012551	0.1138	0.25428	0.17458	0.14114	0.15723	0.1498	0.1608	0.16894	0.16842	0.17193	0.1697	0.17001	0.16608	0.16232	0.15265	0.16701	0.16451	0.15577	0.1471	0.097643	0.036162	0.0088935	0.00092039	0.007523	0.0061339	0.014501	0.0018504	-0.0029023	0.00034287	0.0061751	0.00042086	0.00013167	-0.01282	-0.014802	-0.0069578	0.00088639	0.007804	0.0081976	0.0050478	0.012174	1.3789e-05	0.0032562	-0.00062436	-0.00048292	0.0011974	0.014861	0.003002	0.0092582	-0.001636	-0.017137	-0.0076642	-0.0061444	-0.017498	-0.015276	-0.020805	-0.027708	-0.018621	-0.018867	-0.016839	-0.018556	-0.022548	-0.013924	-0.0085561	-0.0022849	-0.0029594	-0.0047888	-0.0059356	-0.003689	0.0011245	-0.013486	-0.0026032	0.0055272	0.014989	0.072898	0.1892	0.21423	0.16267	0.1681	0.16688	0.16148	0.14594	0.13697	0.13626	0.1418	0.13945	0.14363	0.14451	0.14775	0.14921	0.1371	0.13635	0.10323	0.035015	0.027054	0.027691	0.015388	0.0019797	-0.011428	-0.0062072	0.005149	-0.0014216	0.0049911	-0.0050968	0.00090884	0.02265	0.018844	0.0075619	0.0065318	0.0084155	0.0028843	-0.0010366	0.020208	0.0058395	-0.0025679	-0.0027008	-0.0002851	-0.0073822	-0.0090115	0.0019111	-0.0067025	-0.022645	-0.0039871	0.0062102	-0.019767	-0.021637	-0.015802	-0.011391	-0.0080928	0.0012865	0.0011748	-0.0087327	-0.0020699	-0.0071445	-0.02	-0.0084672	-0.0080974	-0.014083	-0.010046	0.0026229	-0.013402	-0.012751	0.010166	0.011264	0.0063495	0.0066967	0.010155	0.021564	0.055907	0.1265	0.15742	0.1622	0.14907	0.14622	0.16171	0.13702	0.1648	0.1409	0.16728	0.1723	0.16263	0.14998	0.1471	0.11925	0.054983	0.044839	0.025684	0.0084628	-0.0040096	-0.003867	0.02119	0.014744	-0.0035125	0.0065632	0.010307	0.015019	0.010371	0.0049232	0.0091003	0.011328	0.0021183
-0.0071611	-0.0012313	0.048062	0.1984	0.21541	0.15123	0.15547	0.16112	0.1512	0.14619	0.16768	0.16657	0.16074	0.14752	0.1606	0.16165	0.16221	0.1771	0.17062	0.15784	0.16046	0.1563	0.15348	0.18132	0.16992	0.10446	0.039312	0.032338	0.013219	0.01243	0.01038	0.0085623	0.0062607	0.004266	0.0055431	0.0021709	0.010968	0.0086182	0.0080472	0.0085649	0.018336	0.0094774	-0.0012022	0.00674	0.00067834	0.012501	0.0032126	-0.0025435	0.0043024	0.01364	0.014227	0.015521	0.0018111	-0.0039124	0.0061128	0.019683	-0.0025721	-0.00015541	-0.0015282	-0.0068159	-0.0050913	-0.020642	-0.025003	-0.012299	-0.0044171	-0.0063767	-0.0064941	-0.0092774	-0.012394	-0.0030451	-0.0037161	-0.015088	-0.0038808	0.0070714	0.058089	0.10019	0.2202	0.20621	0.15743	0.14869	0.15414	0.1662	0.17193	0.16132	0.15663	0.16976	0.17181	0.17221	0.17881	0.16692	0.1929	0.18849	0.17481	0.16548	0.16341	0.17996	0.13648	0.05503	0.039618	0.051506	0.038847	0.01443	0.0075347	0.015196	0.017165	0.0083519	0.013077	-0.0011037	0.011101	0.00041281	-0.00064619	0.015919	0.0062786	-0.0063227	-0.0038097	-0.0066399	-0.0054321	0.007664	0.0059224	-0.014603	-0.016643	-0.0041348	-0.0046588	-0.0014084	0.0015777	-0.0020856	0.0016357	-0.0045402	-0.011078	-0.0043576	-0.00065895	0.010967	-0.0040644	0.00080548	0.0033429	-0.0050569	-0.0020307	-0.0089086	-0.017845	-0.010645	-0.012791	-0.010294	0.0051097	0.012234	-0.013381	-0.0079825	-0.0031471	0.022807	0.068207	0.21594	0.2471	0.15072	0.16433	0.16373	0.15827	0.16483	0.16496	0.17034	0.17935	0.17256	0.16723	0.16842	0.16332	0.16951	0.16688	0.16278	0.16104	0.14738	0.12032	0.037553	0.015394	0.0044964	-0.0020859	-0.0099146	-0.0071512	-0.0024233	-0.0077157	0.0063211	0.0086487	-0.0037597	-0.01384	-0.0035459	0.0050132	0.0054981	0.0071033	0.0060807	0.019719	0.019197	0.0092091	0.0021387	0.00011754	0.014075	0.012347	-0.011581	-0.012171	-0.01452	-0.011004	0.0086089	0.0020096	-0.01068	-0.0095055	-0.0027543	-0.0040483	-0.00057614	0.0034448	-0.010325	-0.015094	-0.016392	-0.01315	-0.015515	-0.012204	-0.0056903	-0.013464	-0.02793	-0.01324	-0.025332	-0.021905	-0.031578	-0.010492	-0.029208	-0.019226	-0.0021731	0.057228	0.16083	0.16236	0.12824	0.1404	0.15113	0.14917	0.14007	0.14778	0.15832	0.13944	0.14677	0.15544	0.1461	0.15963	0.1647	0.15326	0.12104	0.073514	0.016977	0.0088315	0.0085077	-0.0071294	-0.010592	-0.0078933	0.0051104	-0.011457	0.012406	0.0047233	0.0047322	0.010783	0.0071362	-0.0069802	0.00064906
0.005752	0.015689	0.15646	0.20257	0.17245	0.15511	0.15693	0.17341	0.14939	0.16338	0.16446	0.1673	0.16888	0.15249	0.15571	0.17035	0.16003	0.15321	0.1577	0.16603	0.16697	0.16548	0.16251	0.15903	0.14653	0.11806	0.067373	0.034162	0.0065703	0.01469	0.02443	0.0089172	0.0015207	0.0055376	0.014659	-0.0030099	0.00232	0.0089157	0.0066858	0.0090922	0.00081449	-0.0070306	-0.0036388	-0.0051423	-0.0087208	0.018889	0.0039654	0.0032378	0.0012567	0.0080299	0.0091855	0.0016931	-0.012623	-0.0054732	-0.0026855	-0.0057356	-0.0052426	0.0031907	0.0014084	-0.0062525	-0.0018356	-0.0046859	-0.0014742	-0.01212	-0.016185	-0.018389	-0.014423	0.0021016	-0.0063543	-0.0095811	-0.00059851	-0.0053457	0.00097273	-0.0037701	0.050571	0.16461	0.21355	0.16293	0.16979	0.16392	0.18023	0.17696	0.17526	0.1694	0.16566	0.16903	0.1934	0.19445	0.17211	0.16488	0.17755	0.189	0.18042	0.18423	0.17318	0.17545	0.16283	0.11638	0.040975	0.03097	0.025706	0.008362	0.012295	0.03252	0.0085875	-0.0089189	0.014714	0.010075	0.010876	-0.0050292	0.012044	0.0083094	0.0075512	0.0081226	0.0082837	0.0061094	0.0028056	-0.0053695	0.013906	0.019707	0.005689	-0.0096548	-0.0084956	0.0029273	-0.0049805	0.010582	0.0069699	-0.0057465	-0.0049794	-0.0049281	-0.0081942	-0.0018682	0.0078292	0.0017583	-0.010821	0.00096701	0.0059641	-0.0087905	-0.01197	-0.018057	-0.010164	-0.0027262	-0.0071411	-0.0091837	-0.010025	-0.0041777	0.021543	0.10188	0.20481	0.20334	0.16068	0.14305	0.14973	0.15754	0.16514	0.16081	0.17053	0.16225	0.16211	0.16178	0.15836	0.16078	0.1659	0.16383	0.16793	0.17397	0.16356	0.14138	0.1422	0.12954	0.043309	-0.00074234	0.017666	0.0047476	-0.017745	-0.0063559	-0.020464	-0.00079788	0.0025324	-0.0015488	0.0030227	-0.011336	-0.016699	-0.0039524	-0.0053634	-0.0054022	-0.0069688	0.0029417	0.0034271	-0.0080378	0.0022161	0.0067005	0.003471	0.002519	-0.00256	-0.0090162	-0.0078068	-0.0081595	-0.020276	-0.0066518	-0.021453	-0.013817	-0.010024	-0.0033323	-0.0032266	-0.0074283	-0.012762	-0.017074	-0.022327	-0.026467	-0.020861	-0.010164	-0.014347	-0.0064441	-0.0066292	-0.0097418	-0.022307	-0.023327	0.0071377	-0.00065497	-0.0022832	0.066038	0.15983	0.17045	0.15341	0.1613	0.14665	0.16437	0.16124	0.16923	0.17082	0.16506	0.16624	0.16594	0.17099	0.16756	0.16487	0.15726	0.1602	0.15927	0.12334	0.092495	0.036323	0.025114	0.019984	0.018303	0.010069	0.00085035	0.016919	0.01819	0.0046014	0.0081856	0.012654	0.015956	0.010018	0.01603
0.003091	0.048336	0.21935	0.19042	0.15709	0.16241	0.16233	0.16726	0.14828	0.16161	0.15964	0.15829	0.15896	0.15295	0.15608	0.16643	0.16301	0.16014	0.16083	0.16439	0.16754	0.1645	0.16166	0.16391	0.15241	0.12792	0.10262	0.043514	0.030739	0.010664	0.0091074	0.020268	0.0092398	0.0099159	0.0097647	0.010951	0.011151	0.015202	0.0099925	-0.0039864	0.010739	0.0090751	0.0063816	0.0025237	0.0077501	0.0095552	0.00464	0.0060499	-0.013441	-0.018729	-0.0025481	-0.0003327	-0.0080993	-0.00090737	-0.0054202	0.0091702	0.0086877	0.0075608	0.0020066	-0.018554	-0.018267	-0.016768	-0.030262	-0.013577	-0.031794	-0.030842	-0.0076552	-0.0073856	-0.016462	-0.017104	-0.020046	-0.024542	-0.021912	0.031435	0.12912	0.21343	0.14744	0.15335	0.14376	0.14497	0.16304	0.16329	0.1782	0.17769	0.17871	0.17508	0.18615	0.18136	0.19023	0.17748	0.17424	0.18531	0.18053	0.15644	0.14963	0.15906	0.15642	0.14956	0.087165	0.0090552	-0.0010339	-0.007834	-0.0036543	-0.0091543	-0.026134	-0.012414	0.012868	0.018404	0.0020214	0.0025512	-0.0045145	0.0078157	-0.0073769	-0.0042576	0.0084841	-0.011555	-0.017639	-0.0042885	-0.0098215	-0.015101	0.0013988	-0.00046173	-0.0046565	-0.027452	-0.01404	-0.0019106	-0.017663	-0.019385	-0.01499	-0.0010894	-0.0009157	0.0018589	0.0047845	0.0021991	-0.00010934	0.0048842	-0.0014461	-0.01693	-0.0097154	-0.016556	-0.014708	-0.0069865	-0.0055576	-0.0062227	-0.0076623	0.0055939	0.033257	0.1539	0.1803	0.1523	0.14471	0.15391	0.1657	0.17357	0.15736	0.16409	0.16281	0.16542	0.16191	0.16999	0.16372	0.17461	0.16646	0.16804	0.17072	0.16631	0.15221	0.14792	0.14636	0.15084	0.073054	0.014209	0.036928	0.035894	0.011999	0.020495	0.0037787	-0.00076004	-0.0037596	0.005357	0.0092294	-0.02172	-0.018944	-0.01117	-0.015237	-0.013815	-0.0052058	-0.0044196	3.0526e-05	0.0033665	-0.0042554	-0.0085939	-0.0048618	-0.0019883	-0.0036138	-0.00099579	-7.4121e-05	0.0034532	0.0024936	-0.0076557	-0.017957	-0.013392	-0.011742	-0.00047608	0.006549	-0.0034115	-0.0032941	-0.014562	-0.017791	-0.016015	-0.0015773	-0.0034733	-0.0053009	-7.2532e-05	0.0079731	0.0071568	-0.013313	0.0042924	0.020048	0.031893	0.070737	0.14606	0.1552	0.16592	0.15899	0.16953	0.16248	0.16922	0.1704	0.18305	0.17627	0.17497	0.17016	0.17727	0.17206	0.1763	0.17471	0.16922	0.17097	0.17102	0.1491	0.13212	0.10183	0.02514	0.023366	0.020974	0.015759	0.0046589	0.0045104	0.011472	0.013698	0.01557	0.019968	0.020395	-0.0054836	0.011253
0.024891	0.18451	0.18442	0.16508	0.15165	0.16321	0.16122	0.1546	0.14065	0.15333	0.14831	0.14277	0.14253	0.1469	0.14994	0.156	0.15948	0.16056	0.15745	0.15624	0.16159	0.15701	0.15428	0.16226	0.15178	0.13127	0.13839	0.060203	0.020066	0.0083579	0.012841	0.0090978	0.0058991	0.010561	0.0062895	0.018345	0.0039875	0.010694	0.0047475	-0.0017817	0.0048074	0.0043753	-0.016411	-0.0092031	-0.0026367	0.0062377	0.0049245	-0.0032485	0.0122	0.012725	0.011205	0.00020215	0.0018415	0.0015299	-0.005693	-0.010805	0.0017696	-0.0041932	-0.017579	-0.003055	-0.006329	-0.013627	-0.025406	-0.026149	-0.0085735	-0.0056671	-0.015683	-0.024156	-0.026485	-0.014272	-0.010089	-0.0099646	-0.016914	0.029929	0.19616	0.16061	0.1548	0.13941	0.12617	0.13237	0.15417	0.16457	0.1552	0.15397	0.15268	0.16553	0.15507	0.15206	0.15395	0.15436	0.16266	0.16058	0.15382	0.18043	0.15005	0.15394	0.15069	0.15935	0.11894	0.043198	0.016252	0.0061627	-0.0016331	-0.0042744	0.0004217	0.0028991	-0.0052501	-0.0035269	-0.00066968	0.0016907	-0.0023269	0.00019558	0.0025957	0.014017	-0.0028254	-0.011681	-0.01356	-0.007333	-0.0071087	-0.027162	-0.0031578	0.009166	0.0026634	0.01415	-0.00035624	-0.0034871	-0.0033707	-0.01038	0.0054083	0.0075102	-0.0001525	-0.00092941	-0.0047755	-0.0038755	0.0040867	0.0022861	-0.015372	-0.031586	-0.013976	-0.021569	-0.025768	-0.017762	-0.010489	-0.009777	-0.011815	0.0088502	0.11527	0.23176	0.15696	0.1522	0.15593	0.15403	0.14516	0.17036	0.15784	0.16065	0.15266	0.15243	0.1587	0.15082	0.15363	0.16763	0.1713	0.15218	0.15841	0.17891	0.16648	0.16304	0.15899	0.16052	0.11436	0.061554	0.016614	0.015424	-0.0058549	-0.013757	0.00035383	-0.00057731	0.0074699	-0.0025181	-0.0075429	-0.0028648	-0.0077707	-0.0003463	-0.018622	-0.0057166	-0.011968	-0.027391	-0.021867	0.0079215	-0.0030788	0.00044268	-0.0034559	-0.0020487	-0.00085914	0.00093246	0.0067262	-0.0078076	-0.0070433	0.0038175	0.0060713	0.0082041	0.019128	-0.025641	0.0075889	-0.0021991	-0.0011089	-0.014577	-0.00069582	0.0012233	-0.011591	-0.0093265	-0.0082002	-0.011237	0.00095274	-0.012342	-0.0095644	-0.0027507	0.01609	0.051723	0.1749	0.21957	0.14404	0.15487	0.15806	0.15837	0.15458	0.15854	0.16562	0.16326	0.15689	0.15621	0.16016	0.16918	0.16026	0.16227	0.16377	0.15725	0.15838	0.15729	0.15225	0.14204	0.12294	0.068301	0.018828	0.012853	0.0092777	0.0039649	0.010562	0.0090371	0.0079832	0.009657	0.0097184	0.020493	0.016715	0.014869
0.024546	0.13177	0.23805	0.15079	0.15394	0.17173	0.16783	0.14968	0.14076	0.15278	0.14472	0.13499	0.13383	0.14859	0.15152	0.1533	0.16368	0.16871	0.1618	0.15582	0.16338	0.15726	0.15464	0.16835	0.15888	0.14235	0.16337	0.094428	0.017039	0.0038108	-0.009861	-0.010876	-0.008442	-0.0031443	-0.005299	-0.017568	-0.0094836	-0.017398	-0.01748	-0.0021808	-0.0037446	-0.017025	-0.0089236	-0.0073275	-0.013034	-0.0001208	0.01186	0.0093795	0.0046401	-0.0032194	-0.0028328	0.0081732	0.0052759	0.0086704	0.003137	-0.0059398	0.00050152	0.0003597	0.0018819	-0.0098954	-0.0016924	0.0046284	0.0029369	-0.016008	-0.0021794	-0.00034547	-0.0022227	0.00376	0.00021015	0.0018425	0.0063863	0.009215	0.017454	0.12568	0.214	0.18097	0.16679	0.17619	0.16418	0.16372	0.16473	0.16524	0.17804	0.17738	0.19923	0.16968	0.18945	0.17436	0.1861	0.18687	0.18801	0.19168	0.186	0.19312	0.17009	0.18228	0.18064	0.16988	0.17538	0.092729	0.032608	0.025371	0.029355	0.01112	0.00050858	0.0099425	0.019922	0.017262	0.010964	0.013339	0.013935	0.003807	0.0052467	0.016755	0.019868	0.012898	0.0015993	0.014262	-9.089e-05	-0.0016914	0.0097556	0.011892	0.011163	0.019228	0.016398	0.010049	-0.0019174	-0.0027315	-0.0046007	-0.00053101	0.0088155	0.0056617	0.013179	0.001013	0.0043742	0.011982	0.013811	0.0067698	0.0035614	-0.0033244	0.0030592	-0.0018485	-0.008144	-0.013236	-0.0067565	0.026955	0.14224	0.21928	0.14764	0.14291	0.14287	0.15272	0.15575	0.16074	0.15023	0.14471	0.15139	0.14613	0.15322	0.16028	0.16557	0.16186	0.17661	0.1732	0.15415	0.1597	0.18132	0.1725	0.15814	0.15614	0.1737	0.07243	0.010633	0.0066417	0.0049578	0.0082854	0.0037571	-0.0081024	-0.0038496	0.0012066	0.0048747	0.0029402	-0.0047119	-0.003732	-0.014822	-0.0054925	-0.0029917	-0.017389	-0.0092937	-0.0094714	-0.003842	0.0023819	0.0013377	-0.0005221	-0.0098402	-0.0030135	-0.021059	-0.034566	-0.024705	-0.0038379	-0.0062773	-0.018007	-0.012061	-0.021867	-0.0075879	-0.016631	-0.017895	-0.021895	-0.013383	-0.016806	-0.0077166	-0.020697	-0.015131	-0.015785	-0.025902	-0.02313	-0.022674	-0.01593	0.0018621	0.13962	0.22796	0.15048	0.1389	0.14193	0.14523	0.15494	0.15441	0.15559	0.16858	0.1512	0.14525	0.14519	0.15789	0.16882	0.1562	0.15598	0.16058	0.15301	0.15353	0.1513	0.16314	0.15969	0.15179	0.094521	0.031693	0.0090293	0.0092631	0.0039926	-0.0046907	-0.0082026	-0.013811	-0.0039448	0.0098486	-0.012164	-0.0019963	0.0043657
0.066023	0.17572	0.16208	0.14413	0.14971	0.14316	0.15586	0.16479	0.16147	0.15189	0.16196	0.16112	0.1645	0.16402	0.16486	0.16494	0.17007	0.17564	0.16624	0.17171	0.16651	0.16358	0.17446	0.17061	0.1762	0.17685	0.16291	0.095934	0.056522	0.017441	0.025311	0.016119	0.0054435	-0.0030298	0.0025179	0.0096349	0.013661	0.0017981	-0.0021852	0.0058537	0.0091184	-0.0009631	0.0022234	-0.0011928	-0.00010827	0.022939	0.0080362	0.01152	0.012625	0.015473	0.0097595	0.012555	-0.00015987	0.0032029	0.0048628	0.0052657	0.0024205	-0.017838	-0.015778	-0.014052	0.017561	-7.4939e-05	-0.0067389	-0.0078011	-0.010396	-0.031254	-0.0098786	-0.023563	-0.021404	-0.020162	-0.012267	-0.0010231	0.021488	0.17932	0.21061	0.14601	0.15945	0.13816	0.14942	0.16161	0.16617	0.15315	0.16488	0.17493	0.16282	0.15683	0.15894	0.176	0.17431	0.17457	0.17081	0.17294	0.17342	0.16778	0.16982	0.16419	0.17242	0.16827	0.15894	0.12328	0.040616	0.024084	0.025548	0.013232	0.0038167	0.0018276	-0.0072779	-0.01039	0.010159	0.00014535	-0.0044942	-0.0018454	-0.0014588	-0.017566	-0.0069592	-0.00057969	0.0037007	-0.00074533	-0.0093601	-0.0058103	-0.0053229	0.0011556	-0.0093251	0.0099476	0.010491	-0.005734	-0.0056733	0.010291	0.013188	-0.015387	-0.00064403	0.01223	-0.0086967	-0.023178	0.0011976	0.0026958	-0.006624	-3.2413e-05	-0.015446	-0.0072098	0.0055255	-0.0099205	-0.028623	-0.016062	0.005492	0.050192	0.15982	0.14769	0.1451	0.14979	0.14375	0.14063	0.16924	0.17313	0.14735	0.15286	0.17251	0.16735	0.16998	0.16254	0.16423	0.18202	0.17147	0.15489	0.16616	0.16369	0.17214	0.17386	0.1542	0.14717	0.14307	0.14064	0.034644	0.017193	0.0085746	-0.008626	0.011243	0.0095466	0.0072288	-0.004561	-0.0084392	0.0011931	-0.0039828	0.0047415	-0.001375	-0.00043156	0.011058	-0.0030787	-0.013874	0.013021	0.0097413	-0.005411	0.0087388	0.0067634	3.5133e-05	0.00092789	-0.013302	-0.0082498	-0.00030329	-0.0018341	-0.0030671	-0.0032121	0.0018132	-0.0029122	0.0098176	-0.00020323	-0.0087091	-0.011961	-0.013409	-0.0018032	-0.013936	-0.023103	-0.010419	-0.0033477	-0.0092599	-0.030582	-0.043065	-0.021456	0.027527	0.15725	0.19706	0.14543	0.14026	0.14964	0.15272	0.16021	0.15535	0.15433	0.16721	0.15857	0.15298	0.15831	0.16078	0.17062	0.16489	0.16002	0.16047	0.1628	0.16323	0.16567	0.14751	0.13261	0.13406	0.10923	0.063675	0.0073085	-0.012816	-0.011716	-0.0064597	-0.0023217	-0.012207	-9.1632e-05	-0.01221	-0.018456	8.6086e-05	0.016025
0.13704	0.18824	0.16649	0.14777	0.14714	0.15855	0.15762	0.17588	0.17448	0.16866	0.15243	0.15845	0.15569	0.14404	0.15864	0.18427	0.17703	0.16956	0.16957	0.16764	0.16651	0.17533	0.18536	0.17808	0.16593	0.16226	0.16791	0.14442	0.08038	0.040786	0.018638	0.013132	0.0038235	0.016155	0.016612	0.0092153	-0.0021349	-0.0063662	-0.01774	0.003557	0.009063	0.0026256	0.0027449	-0.0034975	-0.00071767	-0.01422	-0.0051468	0.0076335	-8.0935e-06	0.0027504	0.0088321	0.0045564	-0.0074799	0.0060139	0.0045969	-0.0044955	-0.0015982	-0.0011349	0.00027133	-0.0057144	0.0069657	0.001492	-0.0074186	-0.00081332	-0.016517	-0.034504	-0.0094492	-0.003468	-0.0051479	-0.0019806	-0.01099	0.0069881	0.036389	0.16038	0.15527	0.13361	0.14172	0.15925	0.17129	0.17121	0.16627	0.16378	0.16468	0.16436	0.16805	0.16998	0.17297	0.17041	0.16645	0.17172	0.15815	0.16337	0.1621	0.16272	0.1514	0.15799	0.16334	0.15853	0.15323	0.12725	0.057491	0.020348	0.011096	0.014833	0.009173	0.0081637	-0.0035743	0.010021	0.0039702	0.0096471	-0.0012936	0.0090859	0.0056867	-0.01217	-0.0044207	0.013009	0.025224	0.0010947	-0.0028751	-0.0035028	0.0021135	0.021276	0.010432	-0.0024267	-0.0018525	0.015086	0.0052593	-0.0032296	-0.0057612	0.0045638	-2.3191e-05	-0.0053386	-0.0076816	-0.011708	0.0037875	0.005665	0.004068	0.0011855	-0.013659	-0.0138	-0.0082437	-0.015265	-0.018327	-0.017377	0.008047	0.12374	0.18714	0.14854	0.15199	0.16797	0.1658	0.15588	0.1615	0.16289	0.16667	0.16201	0.14901	0.16171	0.17148	0.15321	0.16015	0.16378	0.16679	0.17361	0.17542	0.17593	0.17105	0.16255	0.15276	0.16332	0.16041	0.14759	0.07869	0.040769	-0.00092151	0.0016731	-0.00081103	-0.00081681	-0.0036408	0.0040743	-0.00017879	-0.012626	-0.0097947	-0.0016451	-0.012976	-0.012511	-0.01467	-0.0034339	0.0099708	0.0028154	-0.0024311	0.0019307	-0.0044072	-0.0068174	-0.0074726	-0.0094373	0.0051908	0.0099778	-0.0097848	-0.0091707	0.0080175	-0.0031652	-0.015381	-0.0071308	-0.0019364	-0.012763	-0.011302	0.0037004	-0.012495	-0.0051991	-0.013388	-0.014989	-0.016436	-0.01587	-0.025746	-0.015833	-0.02288	-0.0017182	0.07035	0.1738	0.16094	0.13516	0.13639	0.15213	0.15499	0.16026	0.15107	0.14785	0.16062	0.16071	0.15549	0.16621	0.15845	0.16721	0.16837	0.15885	0.15514	0.16738	0.16772	0.16749	0.16718	0.15651	0.15406	0.16173	0.079755	0.020961	0.0094905	0.005736	-0.02047	-0.0081171	-0.0071056	-0.004094	-0.0006411	0.00075667	-0.0010563	-0.0078418
0.12807	0.22002	0.17181	0.14988	0.15433	0.14929	0.16899	0.15625	0.1661	0.1789	0.1759	0.16851	0.16839	0.16896	0.16936	0.1716	0.16275	0.15555	0.16589	0.17577	0.16278	0.15776	0.15804	0.1748	0.17821	0.16853	0.1566	0.13727	0.087059	0.020261	0.0058511	-0.0027395	-0.0057172	-0.015675	-0.0025876	0.0060976	0.0096458	0.005276	-0.012757	-0.019737	-0.011142	0.00042867	0.0042471	0.0013092	-0.0043804	-0.008535	-0.016296	-0.0084417	-0.0086799	-0.008548	-0.0040986	-1.8193e-05	-0.0059463	0.0015705	-0.0087067	-0.017883	-0.0080968	-0.015151	-0.010951	-0.0071917	-0.0025806	-0.0072743	-0.0085312	-0.02066	-0.018402	0.0023317	0.0029427	0.0056898	-0.002225	-0.013913	0.0080013	0.022787	0.062123	0.21984	0.15883	0.16255	0.16326	0.17388	0.16988	0.16654	0.1686	0.1739	0.18253	0.18352	0.18118	0.17495	0.17795	0.1662	0.16622	0.19713	0.18304	0.17891	0.16713	0.16962	0.16786	0.16698	0.17189	0.17267	0.16843	0.14441	0.065911	0.031455	0.011598	0.025061	0.0095791	0.018232	0.0043468	0.0073546	0.0085493	0.0061119	0.014732	0.0058317	-0.0084367	0.0019825	0.012877	0.0061899	0.019648	0.026022	0.007588	0.006702	0.010392	0.023142	-0.0097797	-0.013768	-0.00069161	0.010473	0.00041903	-0.0093114	-0.0081424	0.0042405	-0.0057437	-0.01096	-0.012217	-0.011779	-0.024145	-0.010918	0.005802	-0.0079442	-0.0091905	-0.00084894	-0.0044484	-0.011434	-0.020824	-0.011283	0.020946	0.1485	0.22011	0.15346	0.14588	0.15347	0.15933	0.1632	0.16755	0.15762	0.15996	0.16767	0.1621	0.16855	0.16282	0.16148	0.17768	0.16943	0.16851	0.16785	0.17318	0.17116	0.17154	0.17097	0.178	0.16994	0.1424	0.15111	0.1216	0.024137	0.012813	0.010538	0.0090411	-0.008042	-0.006188	0.00012599	-0.013998	-0.00072569	-0.0059026	-0.010744	0.0052168	-0.010861	-0.018667	-0.0033848	-0.00076645	-0.002977	0.0043863	0.0098147	-0.004041	-0.0078922	-0.0028175	0.0011504	-0.011789	0.00015742	-0.00097906	-0.0043915	-0.0081268	0.022161	0.01246	-0.0032728	-0.00045048	0.0029415	-0.0077253	-0.0033093	-0.0051283	-0.013009	-0.0024715	-0.004499	-0.020228	-0.010059	-0.0035076	-0.0021629	0.0015422	0.021398	0.17078	0.15397	0.13693	0.12864	0.13777	0.14917	0.15134	0.1582	0.1528	0.14498	0.15252	0.15811	0.15716	0.16135	0.15867	0.17323	0.16439	0.15878	0.15577	0.16838	0.17227	0.16965	0.17643	0.18109	0.17275	0.16547	0.13335	0.059823	0.031525	0.023051	0.00012627	0.0091692	0.0028032	-0.0083743	0.0070128	-0.0043175	-0.0055354	-0.00035809
0.060792	0.26569	0.14804	0.14641	0.16076	0.16181	0.16162	0.15926	0.15409	0.15523	0.16034	0.16775	0.17452	0.16583	0.15954	0.17418	0.1634	0.17305	0.1769	0.17173	0.17348	0.17326	0.18176	0.16719	0.15212	0.15005	0.16993	0.1479	0.067896	0.030254	0.022166	0.015978	0.0060965	-0.0058014	-0.0067458	-0.0039885	0.012243	-0.0071187	8.9988e-06	0.0032927	0.003982	0.0057899	-0.0048461	0.0068261	0.0064893	0.0092912	-0.0001101	0.0017357	0.0077697	0.01239	0.017782	0.014461	-0.00015864	-0.012859	-8.4811e-05	-0.0057904	-0.007991	-0.017644	-0.0073469	0.0032464	-0.017724	-0.02372	-0.0051752	-0.012458	-0.015808	-0.027312	-0.022446	-0.025799	-0.030523	-0.026834	-0.023113	0.00029884	0.08229	0.2021	0.14088	0.14855	0.15518	0.1649	0.15874	0.15835	0.16087	0.16167	0.16959	0.17434	0.17175	0.16333	0.16715	0.16261	0.16011	0.17844	0.17546	0.16949	0.15901	0.16337	0.16898	0.16939	0.17395	0.16897	0.16603	0.15929	0.065471	0.01544	0.015018	0.0022904	0.00053266	-0.0017846	0.0079846	0.014997	0.0033306	0.00020097	-0.0096205	-0.0022083	-0.0025533	-0.0048432	0.0023747	0.0052032	0.0042239	0.00668	-0.0011741	0.0019602	0.004071	0.0044898	-0.015595	-0.013492	-0.0036824	-0.001237	-0.0075551	-0.0055867	-0.010594	-0.013413	-0.012347	-0.01137	0.0044655	-0.010788	-0.028139	-0.038807	-0.0327	-0.023855	-0.023965	-0.030504	-0.031108	-0.026612	-0.031847	-0.016654	0.016446	0.13704	0.20182	0.12066	0.12879	0.13754	0.13019	0.11863	0.13498	0.14336	0.13855	0.13311	0.15876	0.14378	0.14124	0.15948	0.15603	0.14449	0.14005	0.15324	0.14954	0.16153	0.15479	0.15093	0.16575	0.16937	0.15212	0.14908	0.12071	0.034077	0.0038227	0.0011423	-0.0085892	-0.024757	-0.030038	-0.018975	-0.0064754	0.0055411	0.0034001	-0.00030299	0.010237	0.006196	0.00016768	-0.0039708	0.0038313	0.0029798	0.0089211	0.017772	0.0061984	0.0065009	0.0045537	0.0072607	-0.00088104	0.012245	0.0041479	-0.0014612	-0.002143	0.010804	0.010197	-0.001556	-0.009491	0.0038168	-0.0071674	-0.0015902	-0.0095657	-0.012153	-0.0026299	-0.011571	-0.018708	-0.018403	-0.025556	-0.039694	-0.036634	-0.0049052	0.17081	0.13404	0.1128	0.12201	0.13902	0.14609	0.14757	0.15602	0.15441	0.142	0.14431	0.1554	0.15871	0.15639	0.15879	0.17914	0.16029	0.15861	0.15629	0.16931	0.17774	0.15578	0.15655	0.15334	0.1607	0.15915	0.12949	0.07628	0.035358	0.015687	-0.0022786	-0.014855	-0.010328	0.0040649	0.013848	-0.00050429	0.0060123	0.0043929
0.067023	0.18467	0.12875	0.12576	0.13599	0.14314	0.13859	0.13923	0.13602	0.13827	0.14891	0.13572	0.13323	0.14602	0.16432	0.15024	0.14955	0.15361	0.16623	0.15441	0.15073	0.1632	0.16307	0.16525	0.16597	0.15912	0.14606	0.15265	0.093556	0.012072	0.025562	0.0081543	0.0024118	0.0039492	0.0021205	0.013255	0.014132	-0.0023362	-0.0039493	0.0024668	-0.0018125	0.0094934	0.0059538	-0.005211	0.0078263	0.015452	0.0048393	0.0024233	0.0033376	0.0089015	0.0048006	-0.0088358	-0.018844	-0.0049428	-0.017	-0.0047986	0.0043661	-0.0086205	-0.014826	-0.0086862	-0.010573	-0.022823	-0.022281	-0.021891	-0.015603	-0.017522	-0.016661	-0.019333	-0.0088489	-0.0055113	-0.030721	-0.0050928	0.068479	0.18239	0.12097	0.1326	0.14514	0.15396	0.14565	0.14821	0.15117	0.14748	0.1547	0.16321	0.16037	0.14976	0.15439	0.15706	0.15205	0.15779	0.16593	0.15812	0.14893	0.15516	0.16815	0.16984	0.17406	0.16332	0.16167	0.15492	0.10658	0.019006	0.0016721	0.0041094	0.009918	0.0035062	-0.0052413	-0.013806	-0.0038446	-0.0076665	-0.03593	-0.012205	0.0013736	-0.013625	-0.010085	0.0022599	-0.013156	-0.014619	-0.011893	-0.0047383	-0.0042064	-0.016118	-0.023367	-0.015173	-0.0086297	-0.014904	-0.017486	-0.0038186	-0.015002	-0.033024	-0.020907	-0.013737	-0.006803	-0.010013	-0.015014	0.00014057	-0.01684	-0.0080321	0.0010921	-0.0074833	-0.015762	0.0068175	-0.024542	-0.017486	0.029642	0.12606	0.16984	0.15521	0.15136	0.14738	0.14264	0.14042	0.16491	0.16438	0.15925	0.15831	0.18728	0.16811	0.16828	0.16761	0.15956	0.17226	0.1693	0.16533	0.17659	0.17545	0.17907	0.18031	0.17334	0.17457	0.16209	0.16734	0.14398	0.018305	0.0133	0.019789	0.0076318	0.0001367	0.0033484	0.0052452	0.0027931	0.0098513	0.010746	0.0081819	0.013301	0.021296	0.017045	-0.0065134	0.0064726	0.00698	0.011499	0.023774	0.014481	0.018937	0.0099684	0.011414	0.0080702	0.022376	0.0073184	-0.0004874	0.0018843	-0.0025087	0.0059776	-0.0017957	-0.020488	0.0027355	-0.0085661	-0.0018277	-0.01596	-0.013254	-0.0047449	-0.0206	-0.019145	-0.014713	-0.01136	-0.019801	0.0014601	0.044352	0.18669	0.17895	0.14575	0.14809	0.15573	0.16402	0.18164	0.16957	0.16884	0.1661	0.16252	0.16576	0.16432	0.17089	0.16617	0.16653	0.16593	0.15658	0.17772	0.17858	0.17314	0.16997	0.17489	0.16507	0.14988	0.1587	0.15669	0.11478	0.035793	0.018803	0.014829	-0.0028998	0.00077294	0.0034765	0.005303	0.0015163	-0.0017774	-0.017194
0.074984	0.24463	0.1688	0.14493	0.15059	0.14393	0.15617	0.18239	0.17963	0.18284	0.17313	0.18656	0.18018	0.17526	0.16939	0.17627	0.18781	0.18822	0.16771	0.17921	0.18428	0.17762	0.17085	0.18296	0.19091	0.16778	0.1492	0.17467	0.11723	0.017269	0.021313	0.0087678	-0.0029626	0.011241	-0.0030336	0.0043945	0.0022596	0.00042607	0.00455	0.00431	0.0041486	-0.0052464	0.0026063	0.0017255	0.008028	0.0081202	0.0077796	0.02136	-0.0021625	-0.019465	0.0052843	0.030112	0.014955	-0.0021343	0.0039491	0.0059095	0.0067163	0.013085	0.0086793	0.0059767	0.0033796	0.0088414	0.0014832	-0.0039005	-0.0017404	0.0016201	0.013092	0.0055352	-0.0010838	-0.019604	-0.01222	0.0027209	0.0774	0.20528	0.16318	0.15488	0.15108	0.15746	0.15975	0.16905	0.16468	0.15404	0.14893	0.15618	0.16348	0.16592	0.15464	0.17192	0.16544	0.16357	0.16903	0.17651	0.17216	0.16407	0.15944	0.1745	0.16664	0.17707	0.1727	0.16381	0.10813	0.029846	0.012386	0.012239	0.0048868	0.0014488	0.0080449	0.0086304	0.0094273	0.011945	-0.00033109	0.0070233	-0.011165	0.0088353	0.0061075	-0.0045495	0.0020572	-0.013796	-0.0049296	0.0012568	-0.024951	-0.01009	-0.0070505	-0.013817	-0.0076069	-0.013131	-0.014406	-0.022852	-0.017247	-0.0057639	-0.013714	-0.01918	-0.017616	-0.017043	-0.008355	-0.0079427	-0.025808	-0.028116	-0.013506	-0.02643	-0.023563	-0.012485	-0.0030845	-0.0089194	0.010985	0.2178	0.17828	0.14419	0.15327	0.14885	0.17475	0.14622	0.15395	0.15933	0.15843	0.16628	0.17635	0.16583	0.16189	0.18469	0.16662	0.1565	0.15988	0.1661	0.16908	0.15993	0.1653	0.15446	0.16071	0.17331	0.14259	0.14724	0.10846	0.051836	0.011394	-0.015733	-0.016334	-0.012299	-0.021099	-0.023173	-0.032963	-0.020817	-0.015412	-0.00202	-0.019909	-0.01049	-0.026002	0.0055712	-0.013792	-0.025195	-0.021775	-0.0097722	-0.006485	0.0016242	0.00076461	-0.00062653	0.0062887	0.00029666	0.0018761	-0.0053638	-0.014781	-0.021022	0.0035839	0.0095891	-0.0094042	-0.021602	-0.014129	0.0074393	-0.025693	-0.014277	-0.0035736	-0.017389	-0.024224	-0.001913	0.0058059	0.0059315	0.0087112	0.075287	0.18266	0.14434	0.15921	0.16685	0.14742	0.17663	0.15965	0.15175	0.17341	0.18017	0.1712	0.15349	0.16308	0.178	0.16727	0.15748	0.18489	0.19009	0.16884	0.1839	0.17003	0.18683	0.18778	0.18341	0.19046	0.16808	0.14957	0.11008	0.042532	0.015678	0.014669	0.025193	0.013127	0.0027274	0.0025674	0.016669	0.026596	0.014211
0.060162	0.17228	0.17307	0.14374	0.15665	0.15923	0.15393	0.15101	0.15722	0.16212	0.15053	0.14977	0.16253	0.15996	0.15386	0.16886	0.16843	0.18369	0.18348	0.18804	0.18664	0.18176	0.17233	0.16859	0.16942	0.16129	0.1542	0.14776	0.072897	0.0097712	0.0075848	0.013992	-0.011824	-0.01014	-0.0044552	0.00074144	0.0016598	-0.0082034	-0.010725	-0.0076044	0.0065408	0.011153	-0.001772	0.0033451	0.00020096	0.010439	-0.0010672	0.0037648	-0.0068047	-0.0038639	0.0017925	0.011816	0.014899	0.0071141	0.0088779	0.0073655	-0.001194	-0.00028529	0.0032916	0.0092301	-0.0043695	-0.020949	-0.0093827	0.015244	-0.0038165	-0.023054	-0.018801	-0.012597	-0.0098969	0.011826	0.0016086	0.011615	0.064322	0.17562	0.16136	0.16684	0.16668	0.17774	0.16886	0.15657	0.16979	0.18895	0.17633	0.17527	0.18065	0.17308	0.17744	0.18363	0.18856	0.18925	0.18437	0.18995	0.19705	0.19393	0.18887	0.19891	0.18601	0.17231	0.18316	0.17518	0.13679	0.043271	0.0219	0.024547	0.022745	0.016512	0.018761	0.021699	0.0066695	0.0032342	-0.0042683	-0.0041225	0.0028772	-0.00608	-0.0073117	0.0035074	0.0095316	0.0016247	-0.0063199	-0.014466	-0.011565	-0.00052597	-0.0016982	0.004037	0.0017699	0.00069933	0.017739	-0.0072326	0.0019151	0.010484	0.019584	0.010128	-0.003166	-0.002814	-0.0020979	0.001148	0.0072435	0.011784	-0.0065723	0.00061097	0.012318	0.0023066	0.0098304	0.00070542	0.031096	0.16467	0.17927	0.16146	0.16025	0.1565	0.14902	0.16958	0.17272	0.16836	0.16393	0.16579	0.16594	0.17399	0.16936	0.17598	0.17054	0.181	0.17116	0.16512	0.16961	0.17168	0.16046	0.15853	0.17516	0.17596	0.15781	0.12929	0.10921	0.051824	0.024504	0.007347	0.014433	0.01712	-0.0041837	-0.017706	-0.020607	-0.013832	-0.012263	-0.018096	-0.02673	0.0016715	-0.0061029	-0.00097312	-0.0055716	0.00032305	-0.0091488	-0.01245	-0.012015	-0.016586	-0.0087593	0.0068117	0.0074602	-0.0037988	-0.02695	-0.019206	-0.011304	-0.012709	-0.024551	-0.025579	0.0018242	-0.0026689	-0.0092848	-0.016104	-0.01639	-0.017362	-0.012983	-0.016667	-0.017792	-0.019232	-0.016616	-0.022723	-0.015748	0.036801	0.19077	0.16641	0.14102	0.14977	0.1423	0.14725	0.16248	0.16327	0.16112	0.16018	0.16332	0.16258	0.16373	0.16758	0.16607	0.16952	0.1692	0.17542	0.17156	0.14332	0.1601	0.17684	0.17089	0.16344	0.17045	0.16117	0.15655	0.13596	0.068399	0.025576	0.015528	0.0061652	0.014866	0.020537	0.0099199	0.002602	-0.0075354	-0.010165
0.024848	0.13024	0.19766	0.14381	0.14857	0.15361	0.1588	0.15929	0.15105	0.14284	0.15803	0.16128	0.15412	0.1577	0.17303	0.16699	0.17045	0.18183	0.17722	0.18123	0.17303	0.17446	0.15979	0.16208	0.16707	0.17422	0.15563	0.14569	0.085128	0.017331	-0.0026529	-0.0012634	0.0074144	0.0030553	-0.0096606	-0.0051577	0.0032677	-0.010466	-0.017463	-0.0018452	-0.0027847	-0.0039119	-0.011099	0.0018936	-0.0055948	0.0044735	-0.00050419	0.00017697	0.0035134	0.0081037	0.0056936	-0.0035617	0.0021723	0.0075963	0.0035393	0.0051821	0.0066576	0.0023281	-1.9814e-05	-0.0057599	0.002552	-0.0094802	-0.0042735	0.0080358	0.0055199	-0.011436	-0.017335	-0.0084458	0.0025979	-0.011863	-0.0060119	-0.0047824	0.017529	0.18635	0.16738	0.14791	0.13887	0.16449	0.1624	0.15119	0.16051	0.16321	0.1604	0.15128	0.16393	0.16416	0.168	0.17611	0.17046	0.1761	0.1822	0.17354	0.16501	0.17627	0.17903	0.16024	0.1583	0.16619	0.16328	0.15354	0.10418	0.0261	0.016675	0.028763	0.0086856	-0.0028166	0.010075	-0.002116	0.00031528	0.00076503	0.015417	0.0029441	0.0042562	0.0010881	0.018165	0.0087837	0.00074156	0.0046666	0.011122	0.0081632	0.0076999	-0.003284	0.018711	0.0050081	-0.01892	0.0017155	0.010805	-0.0014866	-0.0011679	0.02035	0.018235	0.002615	-0.0057089	-0.0053231	0.0056802	0.0017458	-0.018591	-0.017719	-0.0098107	0.0084627	0.0075458	-0.010335	-0.0026773	0.011784	0.045606	0.13883	0.21187	0.14936	0.15573	0.1563	0.15066	0.15495	0.15197	0.17097	0.16959	0.1706	0.17557	0.17302	0.17474	0.16469	0.17252	0.17812	0.18005	0.16184	0.16554	0.17061	0.18734	0.17151	0.16827	0.16941	0.16748	0.1601	0.13133	0.049697	0.020561	0.0057966	0.0082072	-0.0048802	-0.00080632	0.0016771	-0.0036494	-0.007747	0.0011915	-0.00036344	-0.006981	-0.014718	0.001561	0.0038145	-0.01069	-0.0018213	-0.017409	-0.016221	-0.0027521	-0.0025306	0.0072727	-0.0062071	-0.0093176	-0.009772	0.013371	0.00877	-0.016925	-0.023421	-0.0031517	-0.0012831	-0.0086389	-0.0094547	-0.012224	-0.010353	-0.019026	-0.026431	-0.025494	-0.011302	-0.0091296	-0.022829	-0.0080638	-0.0071545	-0.0022781	0.043574	0.18618	0.15704	0.13904	0.14105	0.15297	0.1658	0.1681	0.16595	0.16305	0.16668	0.17075	0.16364	0.16135	0.16019	0.15215	0.15208	0.17385	0.1667	0.15673	0.16564	0.16095	0.1595	0.15926	0.15911	0.16674	0.16635	0.13432	0.13845	0.065267	0.021777	0.00032082	-0.012087	-0.01268	-0.019272	-0.021842	-0.012991	-0.02136	-0.014853
-0.0030106	0.096022	0.2088	0.16287	0.15362	0.16427	0.17959	0.17082	0.1753	0.17956	0.16813	0.16788	0.16843	0.16757	0.17464	0.17345	0.17444	0.18417	0.18376	0.15918	0.17409	0.17166	0.18506	0.18297	0.15852	0.15122	0.15874	0.13172	0.058206	0.01231	0.0018581	-0.0097316	0.010691	-0.00485	-0.013121	-0.016239	-0.0086454	-0.0096105	-0.0048174	-0.0015573	-0.0095858	-0.014911	-0.01287	-0.016899	3.8356e-05	0.020272	0.0034973	0.0041111	-0.0070455	0.0010929	-0.00032325	-0.010248	0.002957	-0.0026181	-0.0061314	0.00022155	0.007934	0.00034097	-0.0032859	-0.00059476	-0.0020777	0.0073379	-0.0084985	-0.0024144	0.016479	0.0098757	-0.0095047	-0.0013528	0.0027797	-0.0072313	8.2107e-05	0.014973	0.031905	0.20442	0.20854	0.16478	0.14404	0.16159	0.16151	0.14852	0.16609	0.16459	0.16129	0.15393	0.15688	0.16373	0.1773	0.17461	0.16697	0.1759	0.17564	0.17194	0.16472	0.16595	0.17216	0.18942	0.18283	0.16809	0.17521	0.15017	0.060217	0.018301	0.004494	0.016255	0.0059903	-0.0013297	0.001119	-0.001177	-0.010367	-0.00031301	0.0038938	-0.0077388	-0.0020841	-0.0026364	0.0046558	-0.0024167	-2.8918e-05	-0.012716	-0.0071684	-0.0021105	-0.013644	-0.014527	0.0010531	0.013761	-0.00019898	0.0054575	0.0096002	-0.00098984	-0.00079162	0.0016093	0.0024335	0.0060824	0.00094732	0.0011086	0.013615	0.0059499	-0.022253	-0.0066147	-0.002212	-0.0037785	-0.015659	-0.0075678	-0.003464	0.00087988	0.028707	0.13409	0.23272	0.1491	0.15299	0.16251	0.16701	0.16747	0.16927	0.17772	0.18625	0.17634	0.17647	0.19459	0.17617	0.17577	0.19103	0.18504	0.20226	0.19889	0.17685	0.18807	0.18495	0.18822	0.18013	0.14841	0.17543	0.15481	0.11401	0.039429	0.029049	0.035737	0.013434	0.011154	0.0094229	0.019088	0.032539	-0.0019953	0.00090318	0.0044326	0.017436	0.0050576	0.0092757	0.012048	0.013623	0.011267	-0.00022145	0.0054731	0.012329	0.012357	0.0085941	0.0057669	0.0040435	0.0099663	-0.00014564	-0.016158	-0.0017817	-0.0041194	0.0030639	-0.0049668	-0.0026338	-0.019766	-0.0056116	-0.01226	-0.0035474	-0.0064175	-0.014438	-0.0017806	-0.0071928	-0.016028	-0.022673	-0.0034506	0.0059884	0.029808	0.17277	0.18891	0.15309	0.155	0.15728	0.15253	0.1498	0.15707	0.15439	0.14354	0.16978	0.18973	0.1713	0.17905	0.17222	0.17582	0.18424	0.18474	0.17551	0.16896	0.18243	0.18096	0.17516	0.16679	0.16673	0.17207	0.14705	0.13854	0.046599	0.010506	-0.0070901	-0.0057872	0.0092658	-0.0055411	-0.013411	-0.0097356	-0.013759	-0.023691
-0.0011554	0.036716	0.18746	0.15352	0.13198	0.13599	0.15003	0.14643	0.14107	0.15021	0.15282	0.16561	0.15567	0.15596	0.16899	0.16635	0.16254	0.15846	0.17525	0.16698	0.14304	0.15967	0.16664	0.16286	0.13982	0.13314	0.13434	0.10857	0.044501	0.011632	0.0035577	-0.0058245	-0.0089538	-0.023255	-0.023266	-0.015295	-0.015842	9.0137e-05	-0.012112	-0.011568	-0.0057172	-0.0029967	-0.007406	0.0017517	-0.0063209	-0.0028182	0.0076942	-0.0070093	-0.03056	-0.0026406	0.0022034	-0.0097367	-0.00073058	-0.007646	-0.0094064	-0.013748	-0.017509	-0.010466	-0.02188	-0.010098	-0.014955	-0.023244	-0.014306	-0.012044	-0.011134	-0.018252	-0.023182	-0.017379	-0.010742	-0.022126	-0.010737	-0.0057716	0.0054531	0.10283	0.1852	0.17513	0.16113	0.15391	0.15886	0.14409	0.1699	0.1642	0.16041	0.15481	0.14808	0.16153	0.18483	0.17134	0.16171	0.17394	0.16732	0.16858	0.16268	0.15386	0.16387	0.16532	0.16684	0.15456	0.14085	0.11769	0.06195	0.024309	0.0011049	0.0070802	0.012729	0.010004	0.0091113	0.0059451	-0.0056947	-0.0063536	0.024411	0.0043954	-0.011985	0.001833	0.01107	0.0002801	-0.011091	0.0049542	-0.0031101	0.010938	-0.020262	-0.014122	-0.0051033	0.001784	-0.0035227	-0.0024806	-0.0074573	-0.0061939	0.006858	0.015405	0.0095557	0.017227	0.0097387	-0.0030542	0.0076468	0.020866	0.015351	-0.00077613	0.0218	0.022466	0.016592	0.0069017	0.016824	0.037853	0.020068	0.092689	0.25742	0.18027	0.17077	0.17383	0.17214	0.17275	0.18291	0.18341	0.17925	0.18794	0.19004	0.17404	0.17721	0.19014	0.19237	0.19352	0.18855	0.17917	0.19617	0.19931	0.19194	0.19965	0.19373	0.18439	0.17685	0.17131	0.14916	0.079264	0.033363	0.025166	0.027567	0.00046463	0.006983	0.014137	0.0022788	0.0069293	0.010177	0.0074868	0.0012025	-0.00099095	0.011842	0.011991	0.0068041	0.01026	0.018984	0.018664	0.0021044	-0.0062274	0.0074926	0.0060382	-0.011848	-0.013291	-0.0044606	-0.0013328	-0.020241	-0.02449	-0.013177	-0.016885	0.0028671	-0.011504	-0.014349	-0.015043	-0.028535	-0.016136	-0.00058901	-0.0037267	-0.02036	-0.02288	-0.011135	0.00084166	-0.0089937	0.024727	0.12872	0.16338	0.14266	0.1407	0.15644	0.16601	0.16186	0.13937	0.15535	0.16455	0.16111	0.1611	0.1685	0.18768	0.16886	0.16135	0.15786	0.17448	0.17946	0.1688	0.17379	0.17752	0.18452	0.17379	0.16578	0.15032	0.1565	0.13206	0.063733	0.016221	0.017878	0.0080138	0.0055195	-0.0088864	-0.0046293	-0.0047483	0.0013063	0.013758
-0.0027325	0.0086525	0.075743	0.15194	0.16079	0.14394	0.14986	0.15224	0.15391	0.15551	0.15314	0.16093	0.15819	0.15622	0.16892	0.17144	0.16801	0.16511	0.18226	0.17408	0.16079	0.16993	0.17136	0.16184	0.16901	0.17053	0.1501	0.077622	0.034332	0.020099	-0.0024533	-0.0030329	0.007818	-0.0012181	-0.01473	-0.020612	-0.0097884	0.0061482	0.0040947	0.0057146	-0.002525	0.0010156	-0.0054168	0.011099	-0.0091374	0.0021822	-0.010759	-0.022336	-0.0035825	-0.0082551	-0.010866	-0.010978	-0.018947	-0.021255	-0.00097345	-0.0075152	-0.013583	-0.026197	-0.02687	-0.016334	-0.017189	-0.03635	-0.028934	-0.014263	-0.015484	-0.01472	-0.0068844	-0.014483	-0.018663	-0.025222	-0.020455	-0.013943	-0.01527	0.02588	0.13784	0.17276	0.14627	0.13511	0.14798	0.15354	0.15824	0.1588	0.15344	0.15521	0.15855	0.16068	0.15257	0.15032	0.15751	0.1536	0.15107	0.16194	0.15624	0.15281	0.15861	0.15132	0.14173	0.15075	0.14304	0.071557	0.013989	0.013694	0.007364	-0.0087627	-0.012833	-0.015292	-0.011842	-0.010075	-0.014451	-0.0035944	-0.00037605	-0.004129	-0.011032	-0.0016081	-0.0083996	-0.0093805	-0.001587	-0.004533	0.018974	-0.015351	0.0023418	0.0056976	0.010934	0.0071572	0.0009503	-0.0013333	0.003519	-0.00041425	-0.013549	-0.013728	-0.011246	-0.012502	-0.018265	-0.016593	-0.011169	-0.012646	-0.020669	-0.021098	-0.005017	-0.011028	-0.01795	-0.026781	-0.014721	-0.020916	0.0044994	0.024562	0.15688	0.17744	0.15122	0.15633	0.16155	0.15857	0.1587	0.16088	0.15589	0.15531	0.17246	0.17282	0.17158	0.15956	0.17441	0.1803	0.18033	0.18452	0.16495	0.1659	0.16608	0.17302	0.17602	0.1775	0.16058	0.15315	0.11578	0.059116	0.034518	0.0058286	-0.001614	0.01211	0.010746	0.0097564	0.026365	0.024123	0.024885	0.0072903	-0.0061926	0.0016383	-0.0047106	0.0012273	0.01006	0.00072291	0.0094258	0.014596	0.014101	0.011588	0.010001	0.010087	0.009257	-0.0013704	0.0084702	0.0095029	0.00059855	0.017287	0.018038	-0.0024923	0.0030587	0.0092029	0.010381	0.0069037	0.0078981	0.01167	0.011501	0.011774	-0.0024056	-0.0031371	-0.013085	-0.024435	-0.00090238	0.020156	0.098901	0.19274	0.15523	0.1532	0.15023	0.15142	0.16995	0.16081	0.16715	0.17068	0.17789	0.16879	0.17448	0.16465	0.16138	0.16231	0.16258	0.16115	0.16915	0.16623	0.16399	0.17227	0.16757	0.15597	0.16969	0.16381	0.15423	0.11953	0.041412	0.021054	0.0075045	0.0107	0.0015513	0.0013584	-0.0046283	0.0061384	-0.0026127	0.0024113
0.00024705	0.014613	0.058816	0.15718	0.19641	0.1587	0.1565	0.16486	0.17356	0.16762	0.16026	0.16305	0.16752	0.16329	0.17565	0.18333	0.18028	0.17856	0.19608	0.188	0.18534	0.18699	0.18289	0.17558	0.1727	0.15078	0.092338	0.068879	0.011003	0.007059	0.0099192	-0.0030563	-0.0030838	-0.006464	-0.0070569	-0.0086766	-0.002139	0.001495	-0.020725	-0.01109	-0.010255	-0.012547	0.00341	-0.0088359	0.0090871	-0.0096472	-0.0061621	0.0066592	0.013054	-0.0003811	-0.0011993	-0.0011556	0.0084904	-9.979e-05	-0.013174	-0.0090973	0.014221	0.01207	-0.0030568	0.01154	6.6732e-05	0.0039396	0.0017597	-0.0016511	-0.005558	-0.0066129	-0.0050108	-0.0080294	-0.0050183	-0.0097306	-0.018241	-0.0090716	-0.0059774	0.010517	0.07271	0.1974	0.1463	0.14805	0.14394	0.15089	0.15936	0.16392	0.16346	0.1629	0.16685	0.17015	0.17688	0.18522	0.18356	0.17676	0.17282	0.18482	0.18001	0.16542	0.17066	0.16547	0.16051	0.16678	0.15263	0.089076	0.014496	0.020915	0.0051069	-0.0086462	-0.0070366	-0.014643	-0.014523	0.007983	0.0089266	0.0030372	0.0044518	-0.012722	-0.011018	0.0080303	0.0039675	-0.011228	-0.006133	-0.0084102	-0.0029724	-0.011639	-0.0088103	-0.0046869	-0.010949	-0.0051545	-0.00072693	-0.010746	-0.0039065	-0.00061493	0.009368	-0.025621	0.0080556	0.011276	-0.0046965	-0.0096368	-0.011057	-0.010664	-0.012684	-0.019529	-0.015511	-0.01417	-0.014837	-0.0080555	-0.01853	-0.010004	-0.0010184	0.0083	0.10887	0.24816	0.1609	0.15929	0.15918	0.16434	0.16456	0.15621	0.16601	0.16603	0.15962	0.16705	0.16845	0.16698	0.17001	0.18444	0.19244	0.16813	0.18841	0.19548	0.18426	0.18148	0.17455	0.16346	0.15957	0.15811	0.1088	0.045729	0.022074	0.009946	0.024464	0.021231	0.030196	0.020502	0.0085344	0.0023021	0.018861	0.025771	0.020762	0.020165	0.019757	0.020147	0.015245	0.0013917	-0.0015444	0.011937	0.0080486	0.017882	-0.0027332	0.010415	0.004253	0.0053399	0.013393	0.0063532	0.0013472	0.0018318	0.013351	-0.0075233	-0.0042027	0.011632	0.0027705	-0.00049166	-0.0048972	-0.011494	-0.019241	-0.014183	-0.0062289	-0.0058072	-0.0080322	-0.015873	-0.0086661	0.0019443	0.090791	0.22768	0.18261	0.1703	0.17253	0.18094	0.17906	0.17584	0.1877	0.18359	0.18099	0.17929	0.19052	0.18752	0.1951	0.18794	0.1913	0.19289	0.18963	0.19247	0.20488	0.20332	0.19469	0.18768	0.18965	0.18166	0.19034	0.11531	0.047192	0.029952	0.021449	0.019794	0.017406	0.014726	0.021989	0.020826	0.012825	0.016959
-0.0092621	-0.0026763	0.0088289	0.068641	0.15654	0.15849	0.15473	0.16023	0.16374	0.16548	0.16964	0.16655	0.16629	0.17204	0.17602	0.17371	0.16016	0.16247	0.17458	0.16026	0.14533	0.1523	0.1508	0.14845	0.14248	0.12038	0.073841	0.012604	-0.018803	-0.018208	-9.0512e-05	-0.016678	-0.025096	-0.026623	-0.0050544	-0.022222	-0.0016944	-0.014413	-0.020521	-0.010073	-0.008509	-0.01729	-0.010894	0.0036392	-0.0021183	-0.0092025	-0.014935	-0.0093388	0.010836	-0.0018114	-0.013253	-0.017391	-0.012217	-0.021756	-0.0070916	-0.0061354	-0.017053	-0.019168	-0.018192	-0.012856	-0.011959	-0.026529	-0.020875	-0.017492	-0.026166	-0.018901	-0.016887	-0.023828	-0.016328	-0.011716	-0.0068745	-0.014826	-0.019311	0.0016017	0.035032	0.16324	0.16644	0.16154	0.16562	0.16033	0.16729	0.16764	0.17121	0.16753	0.16671	0.17082	0.17211	0.18204	0.16558	0.17716	0.16488	0.16776	0.14755	0.1662	0.17583	0.15608	0.16035	0.15532	0.12455	0.058724	0.021074	0.013257	0.0053063	-0.0043629	0.0050228	0.010841	-0.0059336	-0.010315	-0.0012294	0.0060565	-0.012235	-0.020259	-0.01891	-0.0074325	0.002646	-0.0022467	-0.0046603	0.0010987	0.012823	-0.010626	-0.0068346	0.0041844	0.0077744	-0.0019336	-0.00078725	0.018287	-0.00037025	-0.007752	-0.011601	-0.011769	-0.0030184	-0.0043494	-0.0069598	-0.014654	-0.0051299	0.0049727	0.0012479	-0.016412	-0.020217	-0.0091681	0.0002328	-0.0040128	-0.015319	-0.011558	-0.0081239	0.0078129	0.042313	0.16382	0.1881	0.16698	0.15945	0.15237	0.16112	0.17269	0.17948	0.18726	0.17726	0.18016	0.18142	0.17744	0.18168	0.17917	0.17422	0.1685	0.18549	0.17445	0.18317	0.17215	0.16864	0.16729	0.16134	0.12374	0.063819	0.027956	0.017511	0.014557	0.012993	0.010198	-0.0071559	0.013101	0.025005	0.016998	-0.0010941	0.012201	0.0087589	-0.00070765	0.01126	0.0083277	0.017951	0.0066295	-0.0014168	0.0075649	0.0123	0.020148	0.0055127	-0.0031627	0.0091255	0.0077359	0.0020331	0.016336	0.018045	0.01734	0.009731	0.0001405	-0.0016402	0.00036602	0.0034957	0.011117	0.019137	0.0046553	-0.0078272	-0.0078171	0.023533	0.009076	0.011748	-0.0063437	0.0050282	0.020449	0.037213	0.12714	0.22429	0.155	0.1672	0.16622	0.1666	0.17076	0.1737	0.17688	0.1762	0.17203	0.18517	0.17466	0.17374	0.17815	0.1765	0.16946	0.17364	0.18425	0.18675	0.17319	0.18149	0.18857	0.17381	0.158	0.13983	0.077992	0.03802	0.006401	0.023101	0.031989	0.0065835	0.0075692	-0.0012968	0.0087772	0.012321	0.0051788
0.0008821	0.019719	0.016918	0.016589	0.085083	0.17482	0.17587	0.1698	0.16011	0.14689	0.16225	0.17642	0.18071	0.1673	0.17455	0.17098	0.16745	0.16314	0.17379	0.1795	0.17204	0.15609	0.16213	0.17058	0.14618	0.12783	0.058709	0.038135	0.020634	0.0063412	-0.0053301	-0.0010034	0.0027412	0.0066596	-0.0035176	-0.0041383	0.010009	0.0097434	0.0078595	-0.00050677	0.01047	0.011204	-0.0022978	0.012611	0.0074879	-0.0042988	0.0020143	0.012695	-1.6085e-05	-0.011139	-0.0051869	-0.0016723	0.0014198	-0.0079742	-0.0064648	-0.0077424	-0.014669	-0.023631	0.0060623	-0.019001	-0.016944	0.011078	0.0035292	-0.0067953	-0.0025926	0.0049072	-0.0066875	-0.012731	0.0014008	5.5669e-05	-0.011048	-0.0051507	0.0047309	0.009856	0.015896	0.042408	0.22644	0.16556	0.1604	0.15452	0.16167	0.15305	0.17025	0.17796	0.17985	0.1729	0.10436	0.11733	0.16452	0.18329	0.17971	0.18149	0.17722	0.16327	0.1692	0.15796	0.15112	0.12586	0.070059	0.02792	0.0043047	-0.0077616	-0.0047711	-0.0043321	0.0023991	0.0026696	-0.0071295	0.0065772	-0.02741	-0.016538	-0.0052292	-0.019173	-0.029423	-0.0056301	-0.0066186	-0.010147	-0.017418	-0.008383	-0.0030273	-0.0043103	-0.0041506	-0.00022981	0.01412	0.019577	-0.0055134	-0.002284	0.00013141	0.0026472	-0.018499	0.0033513	-0.0073941	-0.0022031	-0.011171	-0.016535	-0.017181	-0.011815	0.0075047	-0.0046342	-0.0073398	-0.011244	-0.0046741	-0.015543	-0.017484	0.0075058	0.0035853	0.012055	0.020786	0.088951	0.21581	0.17174	0.16878	0.16293	0.15605	0.17141	0.18685	0.18354	0.17384	0.18194	0.16472	0.16788	0.17548	0.1672	0.19462	0.19436	0.18641	0.17442	0.17083	0.17571	0.16454	0.16916	0.15451	0.084652	0.04914	0.018544	0.0011893	0.0043438	0.0098693	0.0048546	0.0047495	0.0099303	0.036547	0.0079885	-0.011315	-0.0023946	-0.0062207	0.0083152	-0.0007661	-0.00096768	0.0061854	0.0067326	0.004787	-0.0018616	-0.005701	-0.0027632	-0.00030152	-0.0054689	-0.017651	-0.0094764	-0.016797	-0.010125	-0.012836	0.0029145	0.0092923	0.00027098	-0.00744	0.007842	0.0046243	0.0079924	-0.0020654	-0.0077509	-0.00036955	0.0079952	0.0016365	0.0060102	0.017547	0.0037707	0.0033971	0.011061	0.015468	0.11041	0.17062	0.16704	0.15921	0.14944	0.14413	0.16828	0.17249	0.17227	0.17838	0.17075	0.1728	0.18116	0.17711	0.16972	0.15815	0.17251	0.17076	0.16181	0.15506	0.15831	0.17055	0.17223	0.15477	0.13917	0.094109	0.039099	0.025009	0.010357	-0.014051	-0.0032688	-0.0053792	-0.0056064	-0.016202	-0.021303	-0.017182	-0.0078956
-0.0086624	-0.0049309	0.0029189	0.011899	0.028992	0.088384	0.19978	0.16739	0.15319	0.15219	0.17409	0.14767	0.15132	0.16773	0.14748	0.15229	0.15676	0.15656	0.16953	0.16697	0.14946	0.1576	0.17271	0.14258	0.1225	0.057063	0.00015982	0.024943	0.011673	-0.00071404	-0.014647	-0.0072389	-0.0039985	0.0012323	-0.0073395	-0.0055703	-0.0030162	-0.01377	-0.02007	-0.005778	0.0072014	0.002679	-0.012451	-0.00055012	0.0014352	-0.0065381	0.001979	-0.0068791	-0.016411	-0.0043202	-0.0062889	-0.0048645	-0.0077089	-0.014608	0.0073267	-0.0081322	-0.016898	-0.017202	-0.01456	-0.0065844	-0.0011762	-0.0029425	-0.00010546	0.0020368	-0.0040479	-0.0033224	-0.010563	-0.019685	-0.0040335	-0.014781	-0.0097631	-0.0093355	-0.0087994	-0.013665	-0.0051677	0.019575	0.11151	0.1841	0.16883	0.14581	0.14382	0.15685	0.15956	0.15571	0.14561	0.16639	0.17487	0.15926	0.16799	0.15119	0.1555	0.15887	0.15151	0.14874	0.15511	0.14845	0.12723	0.10556	0.052942	0.0097564	-0.00014075	-0.012558	0.0024783	0.0056793	-0.0039026	-0.0084417	0.0084965	-0.0032596	-0.026533	-0.010239	0.0012767	-0.014219	-0.0088768	-0.0042989	0.0017972	0.0023232	-0.020367	0.0042926	-0.0011891	0.0037777	-0.011588	0.0063594	0.00018972	0.0082593	0.015277	-0.010457	-0.01224	0.0059393	0.00034236	-0.015398	-0.023628	-0.014017	0.0070355	-0.004413	-0.025307	-0.020404	-0.022792	-0.032302	-0.007096	-0.005137	-0.032696	-0.017106	-0.009269	0.0065678	-0.010011	-0.010323	-0.0018677	0.01691	0.087192	0.16622	0.17176	0.15865	0.14407	0.17119	0.16551	0.1713	0.16098	0.16198	0.16464	0.18178	0.1635	0.15806	0.16713	0.15328	0.16665	0.17351	0.15797	0.14806	0.14643	0.14677	0.11143	0.07038	0.020676	0.017642	-0.0024174	0.0038035	0.010796	0.0078644	-0.00089596	-0.0040141	0.027141	0.0068574	0.0026816	-0.0026622	0.011499	0.0087747	-0.0052221	0.0028979	-0.0049024	0.019124	0.017898	0.0037933	0.0024802	0.0049432	0.012969	0.021337	0.020661	0.0044782	0.01391	0.015789	0.0050323	0.0020187	0.0047662	0.016707	0.022463	0.01785	0.017761	0.010728	0.010219	0.0015405	0.0022769	-0.015479	0.0085896	0.0078377	0.0011435	0.019276	0.0028873	0.006643	0.012403	0.021924	0.096405	0.2154	0.16351	0.16015	0.16344	0.16882	0.17798	0.1732	0.16925	0.17197	0.16187	0.16701	0.17253	0.17512	0.17262	0.19194	0.17378	0.19054	0.18644	0.17022	0.18097	0.17574	0.17044	0.1553	0.081774	0.043025	0.028487	0.025754	0.014294	-0.00074079	0.0045578	0.013908	0.00093598	0.013322	-0.00017722	0.0060485
-0.0080567	-0.0088849	0.0015428	0.018116	0.014918	0.034331	0.038531	0.16533	0.16145	0.15802	0.14975	0.16332	0.16785	0.16094	0.16042	0.15987	0.15672	0.15794	0.1551	0.15825	0.15969	0.15182	0.14686	0.10196	0.047708	0.039311	0.032275	0.010554	0.012019	0.013358	0.013661	0.0037152	-0.0020483	-0.0029012	-0.00074658	0.007426	-0.0055338	-0.0027227	-0.00092974	0.0030824	-0.001079	-0.001236	-0.0027025	0.014712	0.016637	-0.0014698	0.0082806	0.0086392	0.0043986	-0.0044824	-0.0028173	0.02211	0.0036858	0.0086422	0.0060272	0.0020548	-0.0070967	0.0032295	0.0067741	0.005644	0.010164	0.0043754	-0.00030297	-0.01159	-0.0046104	0.011793	0.019754	0.0090259	0.0012747	0.0058239	0.024869	0.012851	-0.0038409	-0.0011021	0.018247	0.016106	0.028308	0.09121	0.19563	0.15702	0.14924	0.16354	0.1614	0.14727	0.15515	0.16694	0.1678	0.15824	0.16151	0.17619	0.1582	0.14804	0.15589	0.14702	0.15648	0.12308	0.082058	0.032112	0.027248	0.0091888	0.0083499	-0.0031252	-0.0061733	-0.0077267	-0.012538	0.0018355	-0.0086513	-0.0041541	-0.0070775	-0.0078043	-0.010176	-0.0048848	0.0053004	0.0099617	-0.0048742	-0.012479	0.0032987	-0.0054418	-0.021259	-0.0039297	0.00080039	0.003617	-0.0082422	0.0031984	-0.0037555	-0.01322	-0.015707	-0.012199	-0.018522	-0.021324	0.0010007	-0.003974	-0.019426	-0.014477	-0.0051633	-0.0092748	-0.02121	-0.016775	-0.016934	-0.017906	-0.011216	-0.017768	-0.0076701	-0.016159	-0.010954	-0.012865	-0.0092143	0.017802	0.022092	0.060354	0.19081	0.15174	0.14398	0.1468	0.1591	0.1674	0.15635	0.15984	0.14955	0.14885	0.14425	0.16561	0.16988	0.16667	0.16096	0.16502	0.15676	0.15977	0.14306	0.11536	0.11199	0.037503	-0.0020037	0.016204	-0.0002943	0.014446	0.0063846	0.0004215	-0.0045228	0.0086765	0.011436	-0.018351	-0.0034073	0.0034363	-0.002235	-0.0044004	-0.0068711	-0.0087369	-0.0030324	-0.00068036	-0.010291	-0.00038465	0.0056809	0.00041173	-0.0047473	0.0022555	-0.0077881	0.0024438	-0.0034539	0.0035798	-0.0065575	0.0016886	-0.0034745	-0.0013522	-0.0045311	-0.0056983	-0.015346	-0.018891	-0.0068472	0.0093002	-0.021334	-0.022225	-0.015779	0.0077268	0.018825	-0.0010133	-0.0078788	0.017898	0.001374	0.015564	0.043704	0.14728	0.17863	0.1685	0.16034	0.1564	0.15806	0.16017	0.15588	0.1607	0.15158	0.16012	0.17355	0.1679	0.17914	0.17261	0.18758	0.17859	0.17152	0.17026	0.16424	0.16779	0.16047	0.10432	0.059	0.012136	-0.0085493	0.0061117	0.0109	0.0020078	0.00098741	-0.0030825	-0.016517	-0.013382	-0.0050167	-0.0064976
-0.002118	-0.0015093	-0.0061681	-0.0055178	0.004142	-0.0024072	0.017254	0.043672	0.14542	0.18033	0.15507	0.12984	0.14437	0.14728	0.15567	0.16431	0.15412	0.14203	0.13131	0.11712	0.111	0.11166	0.099648	0.045137	-0.0058601	-0.018456	0.0058621	0.0086673	0.012133	-0.00036127	-0.0048104	-0.005534	-0.010645	0.0041888	0.00036831	0.0088647	0.0096136	0.0028304	0.0028039	0.0019678	0.0055489	0.016173	0.026208	0.028704	0.022484	0.01527	0.014575	0.016377	0.008388	0.0091958	0.015762	0.02722	-0.0022491	0.013046	0.014521	0.00042814	-0.0029045	-0.0076666	-0.0062375	-0.010171	-0.014975	-0.011002	-0.0064716	-0.013247	-0.014684	-0.0056418	0.0050414	-0.0022199	-0.013589	-0.0028519	-0.020425	-0.011516	-0.0032845	-0.015468	-0.0031717	-0.00040673	0.015911	0.022147	0.07193	0.18417	0.15106	0.15249	0.15963	0.14344	0.14307	0.16355	0.14817	0.14498	0.15087	0.1568	0.15974	0.14907	0.14395	0.14382	0.1197	0.098766	0.052174	0.013176	0.0090336	0.015517	-0.0015628	0.00403	0.0039754	-0.005018	-0.013325	-0.016713	-0.015509	-0.018995	-0.0044247	-0.0071247	-0.016253	-0.014405	-0.0059853	-0.011071	-0.006395	-0.0093318	-0.0061009	-0.010699	0.0015075	-0.0066879	-0.01806	-0.020484	0.0015562	0.0018932	-0.0055854	-0.0043302	-0.00065453	-0.0036881	-0.0060821	-0.0070476	-0.00022793	0.0029808	-0.00062096	-0.011542	-0.0043825	0.012095	0.0034852	0.014388	0.0098527	-0.0023351	-0.0095289	-0.0075226	-0.0081055	-0.0030139	0.001797	-0.0049873	-0.013379	-0.0088561	-0.0037448	0.016424	0.068001	0.20539	0.15766	0.1516	0.16055	0.14799	0.13876	0.15112	0.15861	0.15545	0.14428	0.15481	0.16823	0.16376	0.14922	0.14807	0.16692	0.15868	0.13066	0.092689	0.036332	0.019459	0.0090963	0.017628	0.013767	-0.0065613	-5.4708e-06	-0.0026637	-0.0016481	0.0086281	0.013776	-0.016021	-0.015629	0.0019781	0.010938	0.0039667	0.0057337	0.0011512	-0.0011076	0.00046091	0.00021537	-0.0012641	0.010202	-0.010491	-0.0024026	-0.0017575	-0.00035575	0.0020152	0.0032751	-0.011388	-0.0084338	0.0029985	0.0092608	-0.0044054	-0.003723	-0.011017	0.00086349	0.011047	0.0018823	0.013788	-0.0038517	0.00038368	0.0062934	-0.0021728	-0.0035488	-0.01994	-0.0053583	0.0015621	0.0057129	0.0034807	0.018427	0.047095	0.18978	0.17754	0.16787	0.15087	0.16713	0.1631	0.16319	0.16982	0.1678	0.15981	0.16906	0.18111	0.1613	0.15799	0.15886	0.16043	0.15487	0.15873	0.16819	0.14422	0.11258	0.084278	0.026999	0.0018323	0.0052406	-0.0036087	0.0024014	-0.0079113	-0.011714	-0.011425	-0.011052	-0.0068244	-0.0044192	-0.0082696
-0.0026343	-0.0074221	-0.005346	0.0050962	0.0013989	0.0059945	0.015247	0.0019154	0.025095	0.033743	0.069325	0.12926	0.18189	0.17714	0.15261	0.13089	0.12834	0.13946	0.1491	0.12468	0.082644	0.038513	0.014475	0.024743	0.01922	0.014197	0.0084729	0.009457	-0.0083975	0.015008	-0.0044209	0.0017369	0.015365	0.0014119	-0.00041044	-0.0028085	0.00026583	0.002622	0.0010272	-0.0018073	0.0057834	0.0071973	0.0091902	0.0038975	-0.0028569	0.010084	0.029317	0.013881	0.027317	-0.0046377	-0.0003992	0.0055108	0.01029	0.018729	-0.0017941	0.0047676	-0.0097151	0.011453	0.010964	0.013924	0.017695	0.0098758	0.0069987	-0.002752	0.010261	0.020812	-0.010582	0.0042219	0.0076622	0.017051	0.0070785	-0.0087095	-0.011351	-0.013589	0.0062248	-0.0015328	0.0021207	-0.0016344	0.0072607	0.03836	0.12158	0.18268	0.15777	0.13561	0.13398	0.14375	0.14769	0.1409	0.14328	0.15478	0.1274	0.12884	0.12479	0.11811	0.08374	0.019265	0.01359	-0.01304	-0.0072166	-0.0012237	-0.0072509	-0.0081979	-0.0089556	-0.0095884	-0.0052542	-0.005246	-0.0052673	-0.0048558	-0.004108	0.0024899	-0.0048621	-0.00010235	0.0075463	-0.0030301	0.003958	-0.0083795	-0.0030031	0.011853	0.0093407	-9.9259e-05	-8.1494e-05	-0.010051	-0.0043788	-0.0023762	0.0080153	0.010889	-0.0069706	0.0015658	-0.0070265	0.0072326	0.0048443	-0.00034519	-0.014338	-0.018272	0.001999	0.010659	0.0067063	-0.0058085	-0.013206	-0.01419	-0.011773	-0.0035567	-0.0095012	0.005669	-0.016515	-0.012743	0.010648	0.00035762	-0.0033451	0.0090838	0.018405	0.061057	0.16525	0.16135	0.15247	0.15014	0.14732	0.14729	0.15953	0.15193	0.15096	0.1519	0.15482	0.1671	0.16267	0.15841	0.1357	0.10249	0.080687	0.026085	0.004771	0.016923	0.0045312	0.0055321	0.010103	-0.017815	-0.010079	-0.008334	-0.0066546	-0.0033608	-0.0041418	-0.015894	-0.019303	-0.012608	-0.0021656	-0.0030356	0.00045424	-0.012385	-0.018124	-0.0065814	-0.011287	0.00075108	-0.0090963	-0.024488	0.0057525	-0.00036995	-0.0048951	-0.0016578	0.0010067	-0.0027759	-0.0037801	-0.0032698	0.0063547	-0.0039993	-0.004072	-0.009219	0.0029271	-0.0059737	-0.025738	-0.013858	-0.00084854	-0.017277	-0.014714	-0.014572	-0.015497	-0.012038	-0.014574	-0.01491	-0.014771	-0.010833	0.00093261	0.010866	0.033495	0.16005	0.20473	0.1411	0.13473	0.13276	0.14243	0.14813	0.14815	0.15586	0.15306	0.15271	0.14761	0.14622	0.15711	0.13942	0.15689	0.15474	0.12822	0.090104	0.054138	0.037101	0.024307	0.01113	-0.0025001	0.00056468	-0.0027374	-0.016478	-0.016933	0.0072633	-5.2218e-05	-0.018435	-0.011142	-0.017147
-0.01624	-0.0023293	0.0029714	-0.011056	-0.010701	-0.0078478	-0.0043413	-0.0077814	0.010168	0.01289	0.022069	-0.00081354	0.014049	0.019195	0.035391	0.030544	0.025255	0.015936	0.014901	0.010905	-0.0103	-0.011696	0.009432	0.001573	-0.0068912	-0.020527	-0.015581	-0.007108	-0.010402	-0.0072121	-0.0127	-0.010726	-0.01267	-0.01502	-0.017153	-0.01082	0.0010003	-0.0038543	-0.02733	-0.0095456	-0.0020682	0.004093	0.0014067	-0.011831	-0.015629	-0.016226	-0.02125	-0.010016	0.017559	0.017912	-0.0013846	0.0086896	0.0083614	0.0050334	-0.00333	0.0061041	0.010353	-0.016005	-0.010978	0.0034915	0.0038028	-0.0085401	-0.012598	-0.0020506	0.004636	0.0035034	0.002458	-0.0020175	-0.0087867	-0.0081317	0.019691	-0.0042518	-0.0013844	0.0018406	-0.0010732	0.010861	-0.0061702	0.0045149	0.0063141	0.003766	0.018251	0.031744	0.054917	0.11289	0.14893	0.17038	0.1679	0.16984	0.17794	0.16695	0.16653	0.12017	0.069286	0.043084	0.023993	0.01689	0.011428	0.019177	0.022166	0.0006204	0.0076825	0.0083899	-0.00086381	0.015114	0.015436	0.015505	0.0046298	0.013071	0.012516	0.0027312	-0.0059705	-0.0038892	-0.0096887	0.00024906	0.013843	0.0016606	-0.0060844	-0.014093	-0.0034272	0.0097048	0.0062187	0.0049888	0.0053414	0.01959	0.014885	0.0069393	0.014127	0.019603	0.017627	0.016552	0.010238	0.0080215	0.013711	0.0077052	-0.0043733	0.010017	0.00088698	0.001786	0.0090267	0.0060996	-0.00027846	-0.0062371	-0.0114	-0.0060372	-0.010485	-0.0014723	0.0048374	-0.018089	0.009339	0.00057387	-0.0073806	0.0038507	0.040159	0.1173	0.17866	0.15798	0.15049	0.14718	0.15465	0.15875	0.17037	0.15742	0.14897	0.14799	0.11583	0.12598	0.123	0.076405	0.026033	0.014572	-0.011641	-0.00044049	-0.012583	0.0020362	-0.0098388	0.0015481	0.0065613	0.0011264	-0.0093126	-0.010834	-0.011213	-0.012019	-0.028345	-0.026038	-0.020058	-0.015576	-0.015901	-0.01752	-0.0048808	-0.01862	-0.0062029	-0.0040768	-0.0076572	0.0023689	-0.0056893	-0.025023	-0.014022	0.0069615	-0.0075122	-0.0098169	-0.0087121	8.8128e-05	-0.009459	0.00057144	-0.011089	-0.016688	-0.0039842	-0.0014896	-0.0058927	-0.0051974	0.00090664	-0.0022695	-0.0092693	-0.016113	-0.0002591	-0.0051246	-0.0054829	2.412e-05	-0.003287	-0.0097966	0.0065943	-0.0064397	0.014414	0.031576	0.13602	0.19488	0.16943	0.16512	0.16174	0.16037	0.16388	0.16313	0.17304	0.16557	0.16326	0.14948	0.17613	0.15475	0.14062	0.13089	0.10464	0.08055	0.049211	0.023924	0.01356	0.015171	0.0057675	-0.010428	-0.0085031	0.015273	-0.0085329	-0.0089633	-0.0080583	-0.011378	0.01413	-0.010816
-0.0038836	-0.018556	-0.014485	-0.0095258	-0.011816	-0.010526	-0.0045058	-0.0016282	-0.0090956	-0.013019	-0.012322	0.0096226	0.017952	0.019987	0.008485	0.01083	-0.0019179	0.0058659	0.010698	0.011581	0.0050673	0.0053178	0.0026427	-0.0010196	-0.0033949	-0.020916	-0.019675	-0.014869	-0.010278	-0.011956	-0.017284	-0.018672	-0.024498	-0.025462	-0.025688	-0.019464	-0.016224	-0.0062041	0.0039184	0.0047167	-0.0075143	0.0025036	0.037418	0.0038335	-0.042178	-0.033049	0.0017774	0.01729	0.016672	0.0048678	-0.00027365	0.0010638	0.0059474	0.010812	0.0064198	0.0016631	0.0035584	0.0013149	-0.0090552	0.0037045	0.012572	0.0031248	-0.014053	-0.0041009	0.0038632	-0.00095534	0.0057162	0.010058	-0.0016185	0.0050434	0.0034432	-0.00044821	-0.0022228	0.01048	-0.0029311	0.00563	0.0098303	-0.0046442	-0.0032589	0.00022841	0.010937	-0.0025177	-0.0035776	0.011827	0.028522	0.031984	0.029434	0.051284	0.041684	0.035284	0.037241	0.027754	0.0092932	0.017285	0.018423	0.0048151	0.0032412	0.013581	0.015924	0.0091587	0.007009	0.0035638	-0.0017715	-0.0020736	-0.011287	-0.012224	0.0094677	-0.010083	-0.014279	-0.003363	-0.0042018	-0.0020957	-0.00068829	-0.0068217	0.001181	-0.0024506	-0.0022325	-0.0057088	0.00083107	0.0033934	-0.0029322	-0.010101	-0.0048864	-0.00059794	-0.0067327	-0.0068328	-0.0059304	-0.004224	-0.0062312	-0.012539	-0.010446	0.0049786	-0.00051629	-0.010418	-0.0081067	0.0037378	0.015723	0.013342	0.00058018	-0.009908	-0.011878	0.0015767	-0.025311	0.0012639	-0.01007	-0.014913	-0.019942	-0.0025963	-0.0084672	-0.0065346	-0.010864	-0.0071035	-0.0047272	0.0067554	0.01458	0.043829	0.095508	0.17474	0.17755	0.16439	0.1562	0.15424	0.15287	0.1282	0.091138	0.050762	0.030268	0.017696	0.013418	0.017027	0.011736	-0.0080579	-0.0019872	0.017142	0.0031606	0.01078	-0.016257	-0.017975	0.0074022	0.011771	-0.010552	-0.010427	0.010339	0.00034783	-0.0055512	-0.0085198	-0.012506	-0.00039635	0.0087438	0.0029614	-0.0073639	-0.007316	-0.0013379	0.006546	-0.00023326	-0.005503	0.0025584	-0.0015372	0.0033834	0.011489	-0.0020504	-0.0013323	-0.0024062	0.0022071	-0.0028582	-0.00089899	-0.0018248	-0.011691	-0.018584	-0.0019892	0.01235	0.0016757	0.0052979	-0.002997	-0.010679	-0.0027144	0.0047505	0.007093	-0.0017025	0.0056438	0.011774	-0.0036465	0.010419	0.023637	0.031712	0.081665	0.15147	0.19461	0.15296	0.14645	0.14406	0.14436	0.14009	0.14862	0.1446	0.13452	0.12016	0.11789	0.13286	0.091891	0.014065	-0.00096146	-0.0039053	-0.0096129	-0.022922	-0.0303	-0.013207	-0.015504	-0.029583	-0.031579	-0.018876	-0.032678	-0.038743	-0.031832	-0.017456	-0.025776
-0.013209	-0.02137	-0.014688	-0.019077	-0.0088361	-0.0083844	-0.01751	-0.02155	-0.01665	-0.0026794	0.0039855	0.0035305	0.007386	-0.0073172	-0.010093	-0.0063018	-0.0013003	-0.00018971	-0.013289	-0.010722	-0.018315	-0.013398	-0.014829	-0.010625	-0.011462	-0.015191	-0.020652	-0.018372	-0.0042499	-0.018919	-0.027572	-0.011048	-0.021261	-0.021736	-0.017401	-0.0097925	-0.0085667	-0.0020182	-0.01258	-0.015196	-0.014615	-0.0098543	0.0050046	0.0056518	-0.021701	-0.044201	-0.026038	-0.015563	-0.00088639	0.0051465	0.010203	0.012178	-0.018455	-0.0087795	-0.0027892	0.019612	-0.00014405	-0.0054186	0.0049866	0.00049739	0.00021653	0.00076806	-0.0067141	-0.013608	0.0018808	-0.010384	-0.0084897	-0.0091498	0.00019787	-0.014801	-0.0033463	0.0086772	-0.00068028	0.0022222	0.0040192	0.011992	0.016671	0.0061157	0.0031626	0.012518	0.013134	0.0079542	0.017269	0.0062893	0.0064782	0.005604	0.013683	0.017324	0.017217	0.013744	0.011468	0.026232	0.024419	0.0051651	0.010302	0.010378	0.0045085	-0.0044308	-0.0061526	-0.0033378	-0.0055202	0.0086309	0.0027696	0.0034366	-0.0070207	-0.0016147	-0.0027887	-0.0034773	0.011284	0.005545	0.0095476	-0.007122	-0.0056442	-0.0060939	0.0010013	0.0010957	0.00012207	-0.0059826	-0.017653	-0.011455	-0.0010237	0.0023814	-0.003575	0.0010359	0.0060949	0.0030765	-0.0034733	-0.0060799	-0.00071618	0.010422	-0.004889	-0.0016933	-0.00012283	0.0013251	0.0028818	-0.0086748	-0.0055204	0.012543	0.009162	-0.0019777	-0.00032955	-0.007269	-0.00086161	0.0096919	-0.0028063	0.0064278	0.011346	-0.0080167	0.00015514	0.0041548	-0.002364	-0.0083629	-0.0035283	-0.0087197	0.006936	0.0043739	0.015262	0.03127	0.045101	0.037811	0.038866	0.033648	0.017563	0.028258	0.024853	0.0084243	0.015143	0.014398	0.011847	0.010206	-0.0043439	-0.011613	-0.011111	0.0045574	-0.0064972	-0.017138	0.0083727	0.00037035	-0.00015742	-0.0044501	-0.011584	0.0010892	-0.0059412	-0.0086539	-0.0041042	0.00047491	0.0023483	-0.002493	-0.00048805	-0.0052737	-0.014433	0.0074141	-0.0063164	-0.0067866	-0.0052267	0.0070204	0.0031973	0.013988	0.00036521	-0.00079034	0.011631	0.0094942	0.0007866	-0.0017159	-0.0020343	0.01015	-0.0012023	0.000433	-0.01755	-0.0062796	-0.00783	-0.0027165	-0.0070952	-0.0080691	-0.0057548	-0.000455	-0.0051639	-0.036543	-0.012855	-0.0023071	-0.0031741	-0.015023	-0.0053877	0.018507	0.024188	0.021393	0.024414	0.062842	0.10606	0.16677	0.18743	0.19068	0.1687	0.18006	0.17124	0.13771	0.10177	0.075231	0.04015	0.025678	0.011819	0.016834	0.0054665	0.0022667	-0.0063855	-0.01135	0.00051204	0.015266	-0.0058426	0.0085032	0.0047647	0.0007539	0.0013775	-0.0030719	-0.0097087	-0.0013311
-0.0082809	-0.0059335	-0.00017235	-0.0013085	-0.0034575	0.013217	0.0052661	-0.0089895	0.0036132	0.022239	0.015061	0.0055168	-0.0018041	-8.8844e-05	0.0060546	0.00049028	-0.0067199	0.0095204	-0.0043443	0.0094219	-0.0027169	0.0012716	0.0087814	0.0095141	0.0025943	-0.004834	-0.01178	-0.0049208	-0.01292	-0.0061328	-0.014955	0.0076179	-0.010207	-0.0078885	-0.0023175	0.0013549	0.014379	0.0094891	-0.013865	-0.0037355	-0.0028256	-0.0073685	-0.002539	0.015104	0.015339	0.012268	0.019398	0.0040016	-0.0053446	0.0013394	0.0030516	-0.001708	-0.013096	-0.010953	-0.0054758	-0.0072147	-0.0045705	-0.0015737	-0.012855	-0.020729	-0.0032489	0.0061	0.004979	-0.010592	-0.0060068	-0.0010549	0.0039536	-0.0062233	-0.0024957	0.0047089	-4.812e-05	0.0096095	0.00446	-0.0068334	-0.01622	0.0054299	0.016892	-1.3027e-05	0.0015981	0.011597	-0.003756	-0.0072176	0.0037805	-0.0039583	0.00019455	0.0070954	0.011424	0.010863	0.010767	0.011311	0.007651	0.0094648	0.0066539	0.0015588	0.0055344	-0.00092514	0.0028247	-0.00010626	-0.00090799	-0.0037175	-0.0043607	-0.00035692	-0.019989	-0.020296	-0.0070908	-0.020421	-0.022498	-0.027523	-0.015695	-0.014971	-0.023253	-0.024857	-0.019661	-0.0075687	-0.0061365	-0.017074	-0.017552	0.001891	-0.0084356	-0.012575	-0.014216	-0.0016464	0.012384	-0.0028767	-0.010924	-0.0074472	0.022918	0.0086868	0.0092817	0.016095	0.012233	0.015443	0.013042	-0.0020965	7.1507e-05	-0.0004424	-0.00099505	0.0045121	0.014043	0.0088985	-0.00083414	0.0012564	0.0040697	0.01041	-0.00064596	-0.0025007	0.01378	-0.00020106	-0.015298	-0.022183	-0.0040923	0.0098275	0.0043741	-0.0012447	0.012103	0.013849	0.0057241	0.014035	0.0086866	0.0018809	0.015328	0.014988	0.013085	0.019227	0.02057	0.0029945	0.0050495	0.0034842	0.00057462	-0.015581	0.00026414	0.014348	0.0017338	-0.0046046	-0.0011797	-0.0034295	-0.0018349	-0.011145	0.0032825	-0.0049225	-0.018434	-0.018031	-0.012292	-0.013413	-0.0072477	-0.0070974	0.0026947	-0.0089103	-0.0089791	-0.015894	-0.0057954	-0.01906	-0.022309	-0.009953	-0.0027226	-0.02949	-0.011367	-0.0087965	-0.011487	-0.012104	0.0036004	0.0085773	-0.009658	-0.0095317	0.0015244	0.0064726	0.0064168	0.021317	0.019862	0.017214	0.016604	0.013743	-0.00074883	0.018104	0.012541	0.011169	0.0027447	0.0043319	0.0025438	-0.0051614	0.011081	0.0050292	0.0076876	0.01427	0.007879	0.0092363	0.019659	0.031493	0.039887	0.033277	0.051335	0.045836	0.04589	0.030745	0.036089	0.039578	0.027635	0.0224	0.0093064	0.010114	-0.008749	0.01138	-0.0019513	0.0024178	-0.016044	-0.0049787	-0.011958	-0.016489	-0.0085362	-0.0061256	-0.018793	-0.016044	-0.017179	-0.023997	-0.014656	-0.022029
0.00044868	0.00085119	0.012682	-0.01656	-0.007447	-0.0063766	-0.0057166	-0.0043473	-0.0090076	-0.00089809	-0.0030535	-0.0039157	0.0017631	0.0077525	0.0096053	-0.00062372	-0.010152	0.0031855	0.0035581	-0.0080763	-0.016121	-0.016173	-0.0071264	-0.005749	-0.0042098	0.0030672	-0.010457	0.0027835	-0.0058401	-0.0091457	-0.0057802	-0.0031595	-0.0018552	-0.013056	-0.014607	-0.00059789	0.0081305	-0.0063837	-0.0080531	-0.012988	-0.0204	-0.0093834	0.0037761	0.0087324	-0.0020511	0.0014214	-0.012971	-0.0053228	-0.0031959	-0.0015247	-0.0094392	-0.00023126	-0.0046865	-0.00040539	-0.0010862	0.00054716	0.011974	0.0099169	-0.0080081	0.003369	0.0075424	-0.00027355	0.0055862	0.0072793	-0.0027323	-0.0054608	-9.5772e-05	-0.0029834	0.010631	0.016411	-0.0030176	0.0058388	0.00116	-0.0062283	-0.0025626	-0.0074948	-0.0004343	0.011447	0.0017795	-0.00474	-0.0076581	-0.0057965	-0.0046322	-0.013443	-0.0053265	0.0093493	0.0099266	0.0051647	0.0050809	0.0096399	0.0045969	-0.0065402	-0.010348	-0.0012849	0.0015294	-0.011465	0.0019034	0.0049809	0.0050992	-0.0033347	-0.0024388	0.00085769	0.0093494	-0.015385	-0.015197	-0.00054424	-0.0019428	-0.011398	-0.013321	0.0030012	0.0012113	-0.0031401	0.0060532	0.0060782	-0.01265	-0.0018314	0.008453	0.0069321	-0.010038	-0.012165	0.0057483	0.0045361	3.7456e-05	0.0048285	0.00012186	0.0085849	0.018818	0.0029968	0.003577	0.017123	0.019689	-0.00023375	0.0028148	0.013001	0.0089149	0.0029765	-0.0074285	0.014759	0.006369	0.015923	0.013878	0.0028881	0.0088767	0.010855	0.0034456	0.0088916	0.0082093	0.019961	-0.0011163	0.01998	0.034108	0.012767	0.0047576	0.021038	0.032083	0.011835	0.010392	0.012093	0.014973	0.015475	0.019956	0.017549	0.00092432	0.0065877	0.015087	0.014563	0.021415	0.018913	-0.00088106	0.010696	0.007898	0.0091852	0.0030019	-0.0041757	-0.017953	0.010184	0.0035429	-0.020153	-0.0049464	0.012182	-0.0045778	-0.015046	-0.0054435	-0.00025265	-0.0062566	-0.00972	0.0064324	-0.016217	-0.014342	-0.0033017	-0.0024919	-0.0047472	0.0077959	-0.0020916	0.0014455	0.0015783	0.012991	0.011879	0.003917	-0.0017528	-0.0017449	-0.010973	-0.010057	-0.004074	-0.0031121	-0.015391	-0.002322	-0.018153	-0.01094	-0.0087164	0.0018372	-0.0011983	-0.0083101	-0.0040387	-0.010717	-0.0053389	-0.014799	-0.0027603	-0.0033508	-0.0050994	-0.018005	0.00080745	-0.0082187	-0.0060846	0.0016119	0.0033563	-0.0053084	0.003496	0.012295	0.021233	0.017715	0.016502	0.01239	-0.007037	0.02019	0.011554	0.012396	-0.0076669	-0.010054	-0.0054165	-0.0016934	-0.0011793	-0.0090192	-0.014244	-0.012806	-0.01745	-0.0099358	-0.012687	-0.011386	-0.014872	-0.019541	-0.00029666	-0.0034975	0.0043232	0.0013213	0.0089894
0.0057657	-0.0018687	-0.017482	0.0010904	-0.0064904	-0.0051121	-0.0046397	-0.011592	-0.0044165	-0.0042799	0.00051858	-0.0037232	-0.0069471	-0.00018019	0.00036791	0.0014381	-0.0010979	0.0031676	0.0020402	-0.011568	-0.0086693	-0.0035308	-0.0025662	-0.0045595	-0.0098493	-0.0039954	-0.014808	-0.0036894	0.0043586	-0.0004391	0.0068723	0.0010012	-0.0031084	-0.0097537	-0.0078253	-0.0045726	-0.0043065	-0.0022948	-0.00024912	-0.017347	0.0035233	-0.0059772	0.004178	0.0010117	0.0059915	0.011279	0.011432	0.002266	0.004088	0.0031569	0.0017346	-0.0071846	-0.0093645	0.0024236	-0.0041208	0.0060665	-0.0015773	-0.0075805	-0.0050864	0.0020034	-0.00053303	0.0041311	0.0087236	0.0097225	0.0030541	0.0027201	0.0026122	0.003817	0.014367	0.0088613	0.0083333	0.0019652	0.014848	0.011374	0.0078265	-0.004753	0.00020018	0.0051158	0.013594	0.0031179	-0.0019782	-0.00048765	0.0025525	-0.001095	-0.0063737	0.002677	0.0032231	0.0016104	-0.0014437	0.0052314	-0.0017418	-0.0059011	-0.0045059	0.0055116	0.0023975	-0.0054714	-0.0032579	0.002295	-0.0015247	-0.0072556	-0.0097978	0.0013151	0.002743	0.0027164	0.011572	0.0028552	0.021972	0.016434	0.0044577	0.018453	-0.0062117	0.010767	-0.0054815	-0.0027143	0.0020989	6.8511e-05	-0.0015451	-0.0051301	0.0054572	0.00016475	-0.0023109	0.020422	-0.0070998	0.0046235	0.020363	0.022064	0.016161	0.016336	0.01326	0.012925	0.022801	0.0078786	0.0098615	0.013601	0.0066985	0.024047	0.020233	0.018004	0.011625	0.0088139	0.007793	0.0039593	0.0094893	0.00074145	0.0029457	0.01057	-0.0042672	0.013185	0.015407	0.010014	-0.00066901	-0.00052757	-0.0070833	0.00068172	-0.00048799	0.0003626	-0.0026566	-0.0031217	0.0034089	0.0090439	0.0039271	0.010231	0.0115	0.0082624	0.0029292	-0.016197	-0.029361	-0.01719	-0.012812	-0.0097055	0.0050333	0.015942	-0.013852	-0.023456	0.0047746	0.0091882	-0.019605	-0.025457	-0.014536	-0.0044069	-0.011124	-0.017976	-0.021348	-0.010107	-0.0084949	-0.0036085	-0.0028176	-0.00669	-0.018692	-0.011604	-0.0072093	-0.0069177	-0.020159	-0.010427	0.015113	0.0066167	-0.0087367	-0.0093032	0.0108	0.0035296	-0.008944	-0.0034841	-0.0053496	0.0042675	0.00028878	-0.013478	-0.0023333	0.00077957	0.0092047	-0.0066456	-0.0078441	-0.012805	-0.0068945	-0.0067765	-0.0083136	-0.020307	-0.011542	-0.0056702	-0.0058855	-0.0053249	-0.001083	-0.0063403	-0.0076108	0.0018974	0.016691	-0.0093964	-0.0088552	-0.005517	-0.011386	-0.0055479	0.0041547	0.0067663	0.011121	0.012935	0.013886	0.0092586	0.0090115	0.01128	0.01538	0.018583	0.0059944	0.0034325	-0.0046143	-0.0057597	0.012377	0.0052274	0.0018565	0.0040552	-0.0039188	-0.0072423	-0.0044565	-0.00073357	-0.0040629	-0.0057041	0.0069679	-0.0030845
0.009195	-0.0019631	0.0031216	0.019533	0.013437	-0.003052	-0.008467	-0.0011167	0.0095582	0.00026383	-3.2227e-05	0.00039875	-0.021592	-0.003892	6.8335e-05	-0.0040362	-9.7599e-05	-0.0043775	0.0089095	0.00022183	-0.0063048	-0.0093298	0.0063438	0.0053046	-0.00015948	0.0024089	0.0020311	-0.0058588	-0.0037003	-0.0018792	0.0077292	0.0092297	-0.0090519	-0.0048008	-0.002988	-0.0042786	-0.009896	-0.0079063	-0.0020933	-0.0091118	-0.0016206	-0.0013147	-0.0061827	-0.0081353	-0.0079529	0.0057631	0.0013665	-0.0088071	-0.01093	-0.0047517	0.010479	0.0065377	-0.0010588	0.0017497	0.0065846	-0.00023001	-0.00046407	-0.0071052	-0.012761	0.0027393	0.0068548	0.011437	0.0087619	-0.0077021	-0.0021724	0.0076942	0.001764	0.0079785	0.012534	0.00087864	0.0063516	0.016249	0.0049643	-0.0012943	0.0017158	0.0021168	-0.0035746	0.0067288	-0.00013286	-0.0049428	-0.0010695	4.9925e-05	0.004966	0.0064821	-0.012192	-0.0087665	-0.0082516	-0.0067152	-0.01274	-0.0039482	-0.012852	-0.010033	-0.0034348	0.0075368	-0.0015056	-0.0042488	-0.01319	-0.0051621	-0.01292	-0.015948	-0.021928	-0.014004	-0.017399	-0.012838	-0.013395	-0.0094086	-0.011963	-0.0048599	-0.0055896	-0.00348	-0.012583	-0.0091331	-0.010073	0.010773	0.002487	-0.021255	-0.02343	-0.011521	-0.011386	-0.014418	-0.016882	-0.015579	-0.0025308	0.009556	0.013457	0.011434	0.0087052	0.004141	0.016192	0.01061	0.020574	0.021457	0.0018278	0.0057364	0.0019459	0.00011842	0.017521	0.0044283	-0.0062313	0.022558	0.019168	0.011528	0.011451	0.0010335	-0.00081142	0.0062072	0.007966	0.014847	0.015868	0.0038279	-0.014645	-0.00031022	0.014326	-0.0068294	0.0053946	0.0010112	0.0095943	0.024748	0.013857	-0.0082468	-0.0034584	0.0074889	0.0065423	0.008073	0.0038025	-0.0023167	0.0068196	0.013788	0.0023535	-0.00032231	0.0093019	0.016957	0.0022982	0.018452	-0.0011024	-0.010854	0.00015535	0.018871	0.0091065	0.0010689	-0.0014574	0.0034852	0.0054054	0.009402	0.010657	-0.0057957	-0.0059735	-0.017461	0.0012963	-0.0037904	-0.0084623	-0.0043741	0.0075115	0.011725	0.0052317	-0.0023561	-0.0066537	-0.0048028	-0.00063281	0.012293	0.0095064	0.012454	-0.0010167	0.0043351	0.0017151	-0.001486	-0.0015819	-0.0031465	-0.01233	-0.0073126	-0.003514	6.2447e-05	0.00151	-0.0054132	-0.0070954	-0.005555	-0.0080915	-0.0037248	0.0010314	0.0065168	-0.002118	0.0019883	0.0089589	-0.0064125	0.0010653	-0.0015952	-0.00020216	0.0015865	-0.013732	-0.011779	0.0047019	-0.0049297	-0.0030149	-0.00072899	-0.0073528	0.0004125	0.0036917	-0.00044604	-0.0050099	-0.01501	-0.0032204	0.013074	0.010043	-0.0030158	-0.009415	-0.016915	0.0099267	0.0088846	-0.0099717	-0.0047215	-1.3487e-05	-0.014619	-0.015663	-0.0060399	0.0035476	0.0072152
0.01621	0.0019398	0.0032461	0.0011302	0.0039966	-0.0089818	0.0059606	-0.00028561	0.011299	-0.0097083	0.0036496	0.016794	0.014023	0.0025187	0.0041204	0.0069381	0.0060527	-0.0022244	-0.0018339	-0.0082937	0.010349	0.0012433	0.012061	0.0089353	0.0032638	0.0044646	0.0074508	0.0090074	-0.00067072	0.0059535	0.011506	0.0025744	-0.0049116	-0.00057922	0.019349	-0.00040183	-0.0047659	-0.0043136	-0.0087273	-0.0068758	-0.021413	-0.020455	0.0097395	0.010568	0.011375	0.0049733	0.013019	0.031934	0.041984	0.031471	0.033669	0.033425	0.032026	0.027794	0.016609	0.021121	0.022361	0.015401	0.0089515	0.0065947	0.0086885	-7.2125e-05	-0.0044179	-0.0024415	-0.0067342	-0.011119	-0.020043	-0.022933	-0.021056	-0.0079765	-0.011999	-0.019356	-0.017971	-0.006314	-0.010586	-0.024757	-0.015083	-0.0025163	-0.007659	-0.0059177	-0.00088869	-0.015779	-0.0097466	-0.0056056	-0.017042	-0.011406	-0.00075245	-0.0062125	0.0060382	0.025903	0.010682	0.0052156	0.0077456	0.0038817	0.0010161	-0.012087	-0.012072	0.00091817	0.0023878	-0.017336	-0.02287	-0.0029217	-0.0044073	-0.0085956	0.0045607	-0.0079253	-0.022938	-0.02457	-0.026275	-0.018583	-0.0085864	-0.019923	-0.0056939	-0.016711	-0.010116	-0.010255	-0.016697	-0.010248	-0.003651	0.0084432	0.00063325	-0.0035977	0.012763	0.0037899	-0.024493	-0.01001	0.0048892	0.0098287	0.017229	0.0023168	-0.0017479	0.0066708	0.0027863	0.0057069	-0.0088486	-0.01436	-0.008761	0.0091276	0.013886	0.0187	0.010977	0.0034418	0.011475	0.022324	0.014631	0.0038694	0.0088895	0.015091	-0.0070736	-0.0086635	-0.0056362	0.003709	0.0046223	-0.0185	-0.027141	0.015833	0.0046485	-0.013797	-0.0048903	-0.0044244	-0.002508	0.00064932	-0.0037197	-0.0039579	-0.0029058	0.0012577	0.013894	0.0074397	0.0041026	-0.0063829	-0.017821	-0.015799	-0.0017047	-0.00267	-0.00032613	0.0062492	0.0073425	0.0055511	-0.0048428	-0.02115	-0.016865	-0.020861	-0.012408	-0.020697	-0.0028057	-0.0001416	-0.002985	-0.0239	-0.019136	-0.0098028	-0.011833	-0.017155	-0.0096768	-0.010589	-0.0077625	0.0035171	0.0029877	-0.0077872	0.0054745	-0.0029286	-0.0082645	-0.00028965	-0.008269	-0.0032735	0.0050948	0.012558	0.011343	0.0063407	0.0072555	-0.0059654	-0.00046207	0.0086631	0.008779	0.015016	0.0082098	0.012637	0.012153	0.0029523	0.014908	0.026918	0.010979	-0.0049619	0.0011037	-0.008547	-0.017144	-0.007822	0.0042638	0.0092874	-0.0026415	0.0007743	0.0029813	0.0106	0.018856	0.026278	0.017664	0.013172	0.011323	0.010248	0.0044558	-0.0098821	-0.0046577	-0.019656	-0.013908	0.0021845	0.0076454	-0.017213	-0.0027932	0.010209	0.0020819	0.0081781	0.011932	0.0092311	-0.0052829	0.0076634	0.0028967	-0.015895
-0.003181	0.01848	0.011529	0.020831	0.012873	0.0071847	0.0010896	0.0024437	0.019994	0.014912	-0.0017658	-0.0042018	0.01223	0.025647	0.020162	0.003255	-0.0014809	0.013745	0.0039162	-0.0068529	-0.0059366	0.0058182	0.0031795	0.0067731	-0.0054245	-0.0057577	-0.0055679	-0.0014667	0.0038684	-0.00073182	-0.011538	-0.013833	-0.0073659	0.0049598	-0.02875	-0.011027	-0.016059	-0.02719	-0.01378	-0.0044285	-0.020828	-0.031087	-0.014467	-0.0035204	0.0030288	0.016151	0.054239	0.10768	0.12953	0.13661	0.13955	0.13959	0.083283	0.048116	0.038052	0.011458	-6.5611e-05	0.010244	0.0025073	-0.0002786	0.0053134	-0.012803	-0.021682	-0.0012095	0.014161	0.0022418	-0.012741	-0.012079	-0.0033934	-0.0074489	-0.0047026	0.001777	-0.0069476	0.00037169	0.0062222	0.01859	-0.0024845	-0.0080785	-0.0059038	0.013442	0.0084086	0.0018773	-5.8517e-05	0.0080525	0.0069095	-0.0031665	-0.0011715	-0.0033582	0.0093699	0.0060537	-0.0068511	-0.0088313	-0.0056044	0.00086794	-0.001521	-0.012261	-0.026766	-0.014959	-0.014377	-0.00155	-0.0083442	-0.022386	-0.019758	-0.022942	-0.017316	-0.013064	-0.026809	-0.01881	-0.0081654	-0.016363	-0.036205	-0.02984	-0.02113	-0.013941	-0.02136	-0.024653	-0.0095517	-0.0041472	-0.007963	0.0011661	0.010549	0.010686	0.022534	0.01688	0.0042257	0.019609	0.014269	0.00039518	-0.0031332	-0.0065256	-0.0021063	-0.007848	-0.011613	-0.0036834	0.0029927	0.011289	0.0043571	-0.0073051	0.0042449	-0.014942	-0.014917	-0.0084113	-0.015953	-0.010484	-0.0071838	-0.0031029	0.02749	0.014036	-0.0027349	-0.0081984	-0.0022185	-0.0022879	-0.0089932	-0.0099891	-0.0033927	0.0062934	-0.01166	-0.0083301	-0.0040539	-0.014967	-0.0066596	-0.010532	0.0099861	-0.0043545	-0.0020057	-0.015298	0.004855	0.000565	-0.020693	-0.01228	-0.01009	-0.014806	-0.01631	0.0013141	0.0090867	-0.023961	-0.0063885	0.0082867	-0.011495	-0.02513	-0.018056	-0.0013178	-0.0022043	-0.014909	-0.019273	0.0060012	0.00016223	0.0042598	0.0090736	-0.01177	-0.0053797	0.014179	0.026987	0.025146	0.0034369	0.011332	0.0065861	0.011244	0.0099373	0.0059723	0.015512	0.008152	0.033524	0.008317	0.018601	0.016234	0.015638	0.0027813	0.00077419	0.0043317	0.0029436	0.0047186	0.004139	0.0056791	0.013477	0.012317	0.002769	0.024183	0.018478	-0.00063049	0.0043483	0.0077552	0.0076067	0.011667	0.012251	-0.014409	-0.002474	0.0042927	0.0068679	0.00021547	0.0094766	-0.0029304	0.0022429	0.0020805	-0.0032359	-0.0012254	0.004889	-0.0062973	0.0083312	0.003476	0.0031424	-0.0037856	-0.010098	0.0032365	-0.0028933	0.0094827	0.0026503	-0.00064509	0.0010365	-0.008661	-0.0043797	0.0013731	0.0078215	0.011377	-0.022505	-0.021134
0.016843	0.031219	0.036515	0.010227	0.0085845	0.0072632	0.0098221	0.0075101	0.0028124	0.011429	0.01073	0.018134	0.011099	0.0013673	0.0032116	0.0056055	0.0029005	-0.0058656	0.017791	0.0069362	-0.011901	-0.003511	-0.0012553	-0.0036604	0.0076371	0.0029183	-0.0023184	0.0050242	0.0057806	-0.017895	-0.0095911	-0.0063846	-0.0056552	-0.0092685	-0.00036447	0.0094758	-0.030267	-0.014336	-0.011453	-0.013636	-0.0011309	0.011393	0.026268	0.074495	0.14842	0.17557	0.25515	0.23504	0.16269	0.17077	0.1589	0.15393	0.16858	0.21477	0.17824	0.11943	0.054292	0.030358	0.026617	0.021813	0.017601	0.013755	0.016567	0.01117	-0.006031	0.0061559	0.021072	0.0078911	0.013238	0.0066156	0.0048174	0.016566	-0.00092785	-0.01278	0.0060056	0.014218	0.0091852	0.004088	0.0035425	0.0039868	-0.0047956	0.0031926	0.004826	0.0023795	0.0056501	-0.00015362	0.0079576	0.0039803	0.0091415	-0.0060922	-0.013429	-0.017663	-0.010244	0.00040961	-0.0027315	-0.0088963	-0.00057228	-0.0014395	-0.010309	-0.015742	-0.0070086	-0.0046486	-0.0032387	-0.0071996	-0.0061804	-0.0044181	-0.00051057	-0.0047247	-0.017395	-0.019308	-0.010402	-0.02549	-0.029859	-0.01533	-0.0011642	0.0046855	0.015947	0.030645	0.10622	0.15677	0.17043	0.16565	0.16022	0.14939	0.10701	0.065855	0.045448	0.030467	0.019737	0.017104	0.0012904	0.00036747	0.0081447	0.0030775	0.015943	-0.0035778	-0.011686	0.0031345	-0.0049134	0.01595	-0.0021431	-0.0042662	-0.0040785	-0.0029185	-0.0025586	0.028917	0.046435	0.01691	0.0054955	-0.0051545	0.0031537	0.0051691	0.017323	0.005354	0.00061929	0.005174	0.014593	0.007482	0.0047023	0.0083505	0.013692	0.0072216	0.0086143	0.021724	0.0086342	-0.0035744	-0.0013875	0.0010486	0.012023	0.0080332	-0.0095638	-0.020739	-0.033075	-0.014914	-0.0042688	-0.013556	-0.026246	-0.032998	-0.010678	-0.013442	-0.016669	-0.0098341	-0.0095822	-0.021436	-0.02215	-0.019544	-0.019174	-0.011715	-0.0011563	0.014539	0.014039	-0.0042382	0.010144	0.010775	0.011501	0.012554	0.025511	0.013814	0.0065968	0.00038813	0.0064625	0.0020589	-0.011274	-0.018389	-0.0047036	0.0041266	0.004889	0.0085141	0.000866	-0.013334	-0.0183	-0.01132	-0.0093343	-0.007978	-0.0091972	-0.019301	-0.015006	-0.019437	-0.014936	-0.011382	0.006412	-0.006903	-0.017586	-0.017286	0.0012365	-0.0021374	-0.00021346	-0.0025328	-0.0068212	-0.004965	-0.0088962	-0.010988	0.0095185	-0.0018859	0.000639	0.0065931	0.0054432	-0.0040241	-0.0043157	-0.0086551	-0.0093166	-0.006332	-0.0027807	-0.0052342	-0.0096331	-0.019338	-0.0066263	-0.0075003	-0.026284	-0.0065029	0.0040373	-0.010822	-0.025718	-0.037509	-0.0051337	-0.012367
-0.0014663	0.0054303	0.0010479	0.0040961	0.0094014	0.020018	0.012977	0.0076564	0.013978	0.012744	0.0050982	-0.0058735	-0.0024896	0.0052133	-0.0086515	-0.0089393	0.013046	0.014358	0.0106	-0.0034642	-0.0064235	-0.0032515	-0.01098	-0.014486	-0.018838	-0.0069247	-0.003835	-0.010022	-0.006682	-0.010561	-0.0082161	-0.018838	-0.01487	-0.0038715	-0.0099888	-0.0089913	-0.0099349	-0.011049	-0.013645	-0.0011509	0.019191	0.034984	0.14213	0.19921	0.16874	0.14396	0.13143	0.13739	0.14242	0.14425	0.13976	0.13909	0.1417	0.14649	0.14117	0.13815	0.15942	0.08535	0.03662	0.0023987	0.013944	0.01005	-0.0043123	-0.0033649	0.0091445	-0.006064	-0.017472	-0.0017101	0.0045205	-0.0099561	-0.0066668	-0.0022465	0.0046154	0.0010433	-0.012495	-0.0036974	-0.013336	-0.013378	-0.0049542	-0.00094712	-0.0033754	0.0043636	-0.0043043	-0.011086	0.0021574	-0.002578	-0.015792	-0.0075117	-0.0035429	-0.019159	-0.01001	-0.018137	-0.009915	-0.006599	-0.0056144	-0.025233	-0.021084	-0.0013103	-0.010682	-0.024991	-0.015902	-0.0045418	-0.008433	-0.014234	-0.028392	-0.030879	-0.014079	-0.00043377	-0.0042776	-0.012957	-0.0018076	0.0093216	0.006185	0.0037855	0.027162	0.099798	0.17294	0.22847	0.24342	0.16479	0.15137	0.15882	0.15525	0.15667	0.14987	0.20625	0.22953	0.14125	0.087428	0.037747	0.029663	0.031069	0.014363	0.018959	0.014865	0.01933	0.0060487	0.012797	0.017307	0.016774	0.010303	0.013575	0.012321	0.012131	0.0093347	0.0089153	0.035441	0.037206	0.024859	0.0077853	-0.011107	0.0045844	0.0099794	0.0013447	0.0018469	0.00027499	0.011899	0.0064294	-0.022947	0.0049009	-0.0026243	0.004775	0.006407	0.0011166	-0.00072549	-0.0050396	-0.0085505	-0.005946	-0.0055094	-0.007244	-0.0077868	0.001926	0.013208	-0.015319	-0.010195	-0.012426	-0.0070162	0.0017446	-0.0030302	-0.0094507	-0.0064844	-0.0013702	-0.0090418	0.0016893	0.011315	0.0061048	-0.0056161	0.0024543	0.011804	0.015755	0.05257	0.13681	0.17446	0.17963	0.19717	0.19157	0.17314	0.14675	0.098978	0.031437	0.025328	0.014965	0.0042193	0.0044451	0.00061884	-0.00070271	0.0081611	0.00080267	-0.007872	0.0048466	0.011403	-0.0071388	-0.0046202	0.0076645	0.0060699	-0.000897	-0.013893	-0.0057742	0.020527	0.0096986	-0.0086387	-0.0058123	-0.0016441	0.0061347	0.005513	-0.0057776	-0.004197	-0.00393	0.010183	0.0089419	-0.0057965	0.0030537	0.0017904	0.01742	0.013717	0.0067427	0.0030273	0.00892	0.022516	0.0095325	-0.0062977	0.0048551	0.0076333	-0.0096581	-0.011146	-0.0040172	-0.010567	0.0017693	0.019699	-0.0076922	-0.014442	-0.012741	-0.0019013	-0.0077058	-0.012456	0.0038293
-0.002933	-0.012749	-0.0045979	-0.0036008	-0.0033963	0.001297	0.0060765	0.0093837	0.010887	0.020068	0.0084138	0.017508	0.0076367	-0.00011408	0.015197	0.0041251	-0.0067405	-0.012108	0.015006	0.0075557	-0.0078085	-0.010015	0.00083378	0.0076848	0.004583	-0.011545	-0.0071595	0.001184	0.0077916	0.0028452	-0.0056059	-0.0025966	0.0031435	0.0045548	-0.0046368	-0.014247	-0.0069481	-0.0040018	0.015655	0.024615	0.057827	0.1972	0.23654	0.15846	0.1477	0.15315	0.15621	0.15334	0.15069	0.14936	0.15936	0.18027	0.16674	0.16274	0.1534	0.1597	0.17444	0.15321	0.10205	0.031629	0.020733	0.02523	0.0096399	-0.0081005	-0.006251	-0.0032694	-0.0011261	0.0048956	-0.00062372	-0.013014	0.0024874	0.0077039	0.0037495	0.0023211	0.0019769	0.006855	0.0072147	0.010884	0.0044865	0.0025801	-0.001494	-0.0028775	-0.0029036	-0.0097807	-0.0084438	-0.0095403	-0.0048409	0.010685	-0.0055183	-0.0088795	0.00028179	-0.011738	-0.0042822	-0.0056407	-0.014476	-0.01812	0.0011358	-0.0018444	0.0012639	-0.0035933	0.00079233	0.014286	0.001875	-0.0057039	-0.016887	0.0030801	-0.012558	-0.017454	-0.017109	-0.018329	-0.0044682	0.00086584	0.0059513	0.040521	0.15565	0.25206	0.19785	0.14168	0.13996	0.14519	0.14843	0.15235	0.15736	0.16036	0.15284	0.13628	0.15936	0.1677	0.1669	0.11314	0.06653	0.018082	0.0076388	0.00043531	0.013106	0.0092768	0.0068818	-0.0096179	-0.00045532	8.8457e-05	0.012368	-0.0022773	0.011876	0.018755	0.014711	-0.0052473	-0.001269	0.013895	0.0013911	0.0025345	0.016543	0.0010717	0.0051295	0.0098803	0.0013234	-0.00035642	-0.0079764	0.002007	0.027062	0.002024	-0.0047928	0.01225	0.0052292	-0.0056142	0.01664	0.010418	0.001852	0.019386	0.014885	0.015305	0.00080992	0.0040548	0.012523	0.019671	0.01051	-0.00067064	0.0061249	0.0034356	-0.0013742	-0.0069305	-0.014685	-0.017121	-0.014924	0.0023218	-0.012015	-0.0048401	0.014946	0.03603	0.092857	0.18474	0.1941	0.20007	0.16815	0.14465	0.14673	0.14693	0.14883	0.14249	0.15181	0.18465	0.14127	0.044762	0.020557	0.017166	-0.0028685	-0.0090924	-0.018015	-0.0031983	0.0012513	-0.018306	-0.023865	-0.025986	-0.0087977	-0.0079901	-0.0071459	-0.012946	-0.0039506	0.005219	0.0080673	-0.0048372	0.0017591	0.0060751	-0.0065026	-0.0016591	0.014531	-0.0023406	-0.0055168	0.00057334	0.001653	-0.0059353	-0.0086254	-0.011639	-0.01009	-0.012009	-0.010679	-0.017206	-0.021765	-0.020733	-0.018095	0.0039354	-0.013256	-0.011851	-0.014879	-0.017519	-0.0064481	-0.022773	-0.021084	-0.01203	-0.026411	-0.032282	-0.021579	-0.020565	-0.013814	-0.033166	-0.02902	-0.023977
0.0038512	-0.0020202	0.019698	0.011082	0.013648	0.010154	0.0093477	0.0040488	0.010762	0.02877	0.026217	0.01855	0.019277	-0.0051329	-0.011555	0.0077013	0.0038376	0.0035158	0.0083202	-0.010682	-0.011498	0.0086979	0.017351	-0.0029704	-0.0036643	0.0041335	0.0082046	0.0033563	-0.00029992	-0.012546	-0.015809	-0.0097296	-0.016147	-0.03916	-0.023396	-0.017035	-0.015466	-0.025967	0.0028881	0.082625	0.14998	0.169	0.13813	0.13342	0.13455	0.14317	0.14719	0.13899	0.14841	0.14462	0.14721	0.15357	0.1639	0.14561	0.15951	0.15652	0.1561	0.15991	0.13573	0.079056	0.037677	0.020939	0.017375	-0.0023604	0.0011963	0.014685	0.0084304	0.00036175	0.0020461	0.0062281	0.0072065	0.017015	-0.014192	-0.017839	0.0022769	0.0010463	0.0034072	0.0068459	0.0084807	0.0031236	-0.0073557	-0.016972	-0.011974	-0.019108	-0.014037	-0.003019	0.0092075	-0.0029326	-0.018322	0.0028343	0.0035676	-0.0081563	0.0013585	0.0066752	0.0084976	6.4923e-05	-0.012785	-0.011478	-0.0047676	-0.0030195	-0.0076433	-0.016891	-0.011434	-0.02422	-0.011181	7.3142e-05	-0.00077634	0.0013771	-0.0064289	-0.0017457	-0.007425	0.010859	0.078422	0.23015	0.22429	0.15171	0.14353	0.14996	0.14524	0.14207	0.1559	0.16118	0.1627	0.16454	0.16658	0.15983	0.14531	0.15704	0.16795	0.15233	0.16138	0.077468	0.038508	0.014679	0.010785	0.0044887	0.0022005	0.02816	0.0039133	-0.0030224	-0.0013133	0.0041463	0.0070646	0.0073111	0.00080858	-0.0074116	-0.006134	0.014707	-0.016191	-0.014917	0.002485	-0.013317	-0.011534	0.0036994	0.013386	0.002074	0.0025393	0.00010298	0.0072357	0.0095583	0.010572	0.013359	0.0033477	0.0042525	-0.0045279	0.00067201	0.013545	0.014359	-0.0099386	-0.0086718	0.0012144	-0.0021963	-0.0080397	-0.0022931	0.0011958	-0.0076793	-0.013756	-0.017653	-0.0090022	-0.01246	0.0036053	-0.0053522	-0.0031637	-0.0043834	0.010696	0.036732	0.074641	0.22031	0.23945	0.19999	0.15651	0.14046	0.14182	0.15262	0.14895	0.14335	0.15293	0.15863	0.15669	0.15836	0.16744	0.16239	0.13158	0.042759	0.027515	0.031716	0.0084574	0.0040412	0.015227	0.020294	0.0016605	-0.0071057	-0.00094817	0.0037351	-0.0015334	-0.0071179	-0.0040974	-0.0090203	0.0026332	-0.0043532	0.00104	-0.012329	-0.0061996	-0.0017693	-0.01658	-0.01117	-0.011242	-0.010097	0.0010814	0.013382	0.0010767	-0.015763	-0.012566	-0.023145	0.0036506	-0.00086533	-0.025352	-0.017908	0.0029264	-0.0043391	-0.020467	-0.010093	0.0010267	-0.0077636	-0.0034771	-0.013187	-0.019367	-0.026734	-0.013525	-0.0281	-0.040916	-0.021359	-0.0099658	-0.029353	-0.024876	-0.019018
0.0028226	0.017997	0.010096	-0.0046185	0.0012551	-0.0012942	0.0019203	0.0043311	0.0031077	0.0071162	-0.0084527	-0.014324	0.0036985	0.01054	-0.013053	-0.00082655	0.018619	-0.0034303	0.00023436	-0.007983	-0.014929	-0.012049	-0.0037382	-0.0023023	0.0050981	0.0034672	-0.015846	-0.017887	-0.010618	0.00065924	0.0026773	0.0024626	-0.002476	-0.0059484	-0.011712	-0.0053191	-0.011876	-0.0058408	0.035774	0.18258	0.23165	0.1554	0.14563	0.13963	0.15312	0.15258	0.15726	0.16806	0.16481	0.15066	0.1487	0.16165	0.16759	0.16308	0.15794	0.15159	0.14503	0.14146	0.14486	0.12455	0.080717	0.02218	0.012814	-0.0048623	-0.0048586	0.0030888	0.011941	0.0076059	-0.0014823	0.009603	0.0093618	0.01268	-0.0033268	0.00065097	0.00092742	0.004063	0.0014967	0.00096924	0.029284	0.0027577	0.0021255	0.01433	0.022604	-0.0067029	-0.0097249	0.011864	0.0038754	-0.0022285	-0.0049655	-0.0083741	0.0084196	0.0050134	-0.0060885	-0.011238	5.3812e-05	-0.0052809	0.0012466	0.014113	-0.012486	-0.010534	-0.0071847	-0.0032312	0.00054238	0.001114	0.0012705	-0.00060491	-0.0069991	-0.018038	-0.029369	-0.020904	-0.0086882	0.052822	0.18125	0.15996	0.13551	0.13298	0.14942	0.15503	0.1474	0.15029	0.14099	0.14104	0.1484	0.14483	0.15012	0.15214	0.14619	0.14819	0.16023	0.15081	0.14595	0.13684	0.083272	0.031213	0.0040543	0.010692	0.021094	0.01062	0.00050956	0.013488	0.0094467	-0.0010664	0.0027341	0.016975	0.011477	0.00024231	-0.015336	0.0023943	-0.00011895	-0.0089593	-0.013484	-0.0055673	0.0036735	-0.0042202	-0.0038583	-0.015443	-0.022311	-0.0074141	-0.022058	-0.00032587	-0.018826	-0.010184	-0.0077387	-0.0115	-0.022985	-0.0032794	-0.0028614	-0.012615	-0.015068	-0.017143	-0.0025415	0.0012457	-0.013043	-0.030532	-0.024448	-0.013244	-0.028816	-0.019649	-0.012404	-0.020994	-0.017879	-0.017088	0.014191	0.02583	0.041569	0.097635	0.21557	0.18921	0.13921	0.14787	0.13897	0.14872	0.15058	0.1447	0.14191	0.16118	0.15294	0.13882	0.12514	0.1449	0.15402	0.15103	0.14394	0.14748	0.057297	0.008997	0.0095669	0.0075545	0.0051643	0.005981	0.0078938	0.0035801	0.0012113	0.0050613	0.020241	0.017475	0.005139	0.00018338	0.0033414	0.013197	0.004817	-0.00024445	0.011771	0.026473	0.018722	0.00044098	0.0069871	0.0082005	0.014748	0.0033246	0.0073679	0.017196	0.016301	0.0040966	0.0171	0.0029341	-0.007723	0.0072011	0.0065744	-0.00074679	0.014415	0.011375	0.0057156	0.0062624	0.0037882	0.012878	0.017394	-0.012998	-0.0072085	-0.0046407	0.0056517	-0.014802	-0.0084303	-0.0086839	-0.0083775	-0.014775
0.017382	0.017995	0.021048	0.0079184	0.00059258	-0.0019179	0.023272	0.012798	0.011648	0.0068141	0.0081888	0.00074256	0.0027694	0.014213	0.0061914	0.0023206	0.0052536	0.00042074	0.0023105	0.0072782	0.00016021	0.0032692	0.015018	-0.0011601	-0.0028747	-0.014697	-0.0061467	-0.010598	-0.013944	-0.013233	-0.015439	-0.020259	-0.012544	-0.022258	-0.022723	0.0038338	0.004595	0.023578	0.16584	0.22212	0.17192	0.14824	0.14703	0.16515	0.15526	0.1574	0.15714	0.15123	0.16013	0.1672	0.15182	0.1615	0.17872	0.1787	0.16487	0.16575	0.16545	0.17301	0.15995	0.16303	0.1418	0.098477	0.041625	0.025221	0.014816	0.019807	0.025985	0.025176	0.016272	0.01098	0.016884	0.01053	0.01677	0.019727	0.007561	0.007425	-0.0056807	-0.0054119	0.0097519	0.013918	-0.0012912	-0.01663	0.00027531	-0.0066561	0.0067663	0.0083135	0.0042821	0.0039765	0.0016044	0.01072	-0.0039123	0.0015987	0.0043387	-0.0021449	-0.018259	-0.0023643	-0.000417	-0.012393	-0.040951	-0.020921	-0.023376	-0.025298	-0.021753	-0.028431	-0.024164	-0.016809	-0.01546	-0.010881	-0.017168	-0.0061748	0.03104	0.17218	0.23139	0.15546	0.14174	0.14585	0.15851	0.16272	0.1661	0.15941	0.17635	0.17257	0.16001	0.15593	0.16908	0.16472	0.15495	0.1657	0.16011	0.1425	0.15804	0.16294	0.13394	0.083109	0.024196	0.029045	0.019557	0.01774	0.012136	0.017933	0.001924	0.00040878	0.001796	-0.00087653	0.00046058	0.0031667	-0.0043952	-0.0134	-0.012996	0.00025034	-0.0032982	-0.0014142	-0.0065677	-0.021639	-0.015836	-0.0062273	-0.0031295	-0.011337	-0.011108	-0.0056399	0.0024771	-0.0092693	-0.013363	-0.0035571	-0.0016476	-0.0084853	-0.0070261	-0.0092788	-0.0037698	-0.012179	-0.011069	-0.0010211	-0.012366	-0.010671	-0.013082	-0.02815	-0.015789	-0.012075	-0.0062914	-0.026866	-0.026275	-0.011534	-0.0011554	0.021262	0.09188	0.20751	0.15876	0.14196	0.13702	0.1361	0.1391	0.13831	0.14906	0.16524	0.14876	0.15218	0.15988	0.16168	0.15688	0.14912	0.15623	0.1548	0.15143	0.14645	0.13274	0.051447	0.0088488	0.0092349	-0.006485	0.0047097	0.011767	0.0077279	-0.0071121	-0.0040834	-0.0032292	-0.0023508	0.0033753	0.010986	0.0032969	-0.0003068	-0.00066246	0.020133	0.01548	0.019066	0.0067298	0.0051804	0.01223	0.0084358	0.012822	0.00087444	0.00010661	-0.0068807	0.0047862	0.0015102	-0.025245	-0.025795	-0.015456	-0.0033616	-0.0030677	-0.0097077	-0.0074867	0.0078006	0.00082985	-0.0018698	-0.013282	0.0013475	-0.012177	-0.027614	-0.027657	-0.0008092	0.0077939	-0.010132	-0.014892	-0.011187	-0.011317	0.019428
0.0063639	0.0079436	-0.0036182	-0.0045518	-0.0062997	-0.0016464	-0.0038374	0.0011668	0.004813	0.0046944	0.0010307	0.015911	0.011227	-0.0020758	0.0037231	0.022014	0.0090413	0.010467	0.010231	-0.00033773	0.012992	-0.001227	0.0066889	0.008704	0.010637	0.016327	-0.00755	-0.0095334	-0.016022	-0.0078455	-0.0024305	-0.011258	-0.0041855	-0.012789	-0.010602	-0.0038022	0.015436	0.098894	0.2357	0.20972	0.15555	0.15073	0.16712	0.16666	0.16129	0.165	0.18359	0.16834	0.16078	0.15981	0.16345	0.17194	0.1651	0.1659	0.16834	0.17337	0.18029	0.16318	0.15844	0.17611	0.16325	0.12523	0.057837	0.030019	0.025377	0.017508	-0.00015383	-0.0043018	-0.0038262	0.0062256	0.0049769	7.73e-05	0.0057754	0.0062289	0.0063003	0.0094175	-0.0053855	0.00098348	-0.010878	0.016209	-0.0040441	-0.0021123	0.019572	0.0031227	0.0065594	0.0087797	-0.0010578	-0.01653	-0.014673	-0.0081944	-0.0035997	0.0064984	0.00062172	-0.011457	-0.0042654	-0.006811	-0.017404	-0.013289	-0.016104	-0.0039603	-0.024261	-0.010386	-0.017724	-0.023638	-0.022233	-0.0089772	-0.012518	-0.020273	-0.025094	-0.0013928	0.14214	0.22954	0.17972	0.15028	0.15742	0.16448	0.17563	0.16673	0.16643	0.15797	0.16451	0.16806	0.16123	0.15398	0.16075	0.17647	0.16654	0.16252	0.15632	0.153	0.15876	0.1494	0.1366	0.099829	0.056345	0.015678	0.018354	0.0125	-0.00046354	-0.01128	-0.00054097	-0.0027819	0.004762	0.0024915	-0.0052802	0.00741	0.0052297	-0.0005546	0.014613	0.015286	-0.0014772	-0.0059664	0.0198	0.0043195	0.003286	0.0034807	0.0080361	-0.0016786	0.00018634	-0.0053251	-0.0019878	-0.0059584	-0.0011673	0.0093319	0.0026037	-0.029418	-0.0085222	-0.0060289	0.0027593	-0.016569	-0.0044928	-0.010187	-0.014046	-0.0047066	-0.0098857	-0.019169	-0.029941	-0.02088	-0.019855	-0.024755	-0.02416	-0.013646	-0.004939	0.07151	0.20878	0.1718	0.13899	0.1345	0.13404	0.12788	0.14732	0.15284	0.14298	0.14528	0.16552	0.16596	0.16782	0.17173	0.17009	0.16636	0.17142	0.15402	0.15541	0.16141	0.14666	0.10948	0.055893	0.014273	0.020555	0.02455	0.020892	0.00342	-0.00014869	0.01446	0.023085	0.0098468	0.020444	0.016337	0.014044	0.0088199	-0.010811	0.011328	0.0073164	-0.003001	0.015163	-0.0021005	-0.0016968	0.004295	0.008545	0.0038822	-0.0053391	0.0031551	0.0072428	0.0035359	0.0077522	-0.0095062	-0.0079539	0.0074608	0.012856	0.0054571	0.0021898	-0.018136	-0.0084764	-0.0058064	-0.0072119	-0.019577	-0.017608	0.0014977	0.0033528	-0.0090839	-0.018	-0.013533	-0.0059462	-0.0047073	0.0038433	0.027422
0.0052113	0.0096836	-0.01376	-0.026527	-0.014679	-0.011298	-0.011677	0.0019626	-0.0039344	-0.0046809	0.0038703	0.0063945	-0.0020986	0.0049274	0.0067696	0.0079244	0.013262	0.0030336	-0.011667	-0.011927	-0.0082952	-0.016066	-0.0013716	0.018296	-0.0033794	-0.0021914	0.001633	-0.0036417	-0.0035588	-0.0093298	-0.018447	-0.023591	-0.027139	-0.010149	-0.013098	-0.00069218	0.028296	0.16924	0.19524	0.14375	0.14913	0.14716	0.15077	0.15601	0.15589	0.17791	0.16992	0.16857	0.16907	0.17013	0.17981	0.1867	0.18418	0.18156	0.18457	0.18444	0.17967	0.1611	0.16604	0.16321	0.16199	0.14977	0.10191	0.04835	0.022291	0.019976	0.017552	0.013484	0.009962	0.003774	0.010434	0.020222	-0.0056601	0.012221	0.012725	0.0010136	0.0016981	0.025123	0.032563	0.012515	0.0071456	0.017619	0.025126	0.013064	-0.0010153	-0.0024438	0.00056756	-0.0054677	0.01992	0.021501	0.020319	-0.00065432	0.0051651	0.015804	0.024645	0.017704	-0.0032318	0.0016761	0.012778	0.0093637	-0.0036304	-0.00093966	-0.0054676	-0.0064046	-0.01311	-0.012444	0.0070542	0.002255	-0.012382	0.019637	0.19113	0.18096	0.14022	0.15334	0.16323	0.15047	0.15445	0.16947	0.17272	0.17284	0.16487	0.15993	0.15743	0.1635	0.16758	0.1676	0.16657	0.16983	0.16506	0.166	0.16765	0.14711	0.14848	0.16248	0.094405	0.043967	0.018188	0.01349	0.0027603	0.0058514	0.0074493	-0.016862	0.013708	-0.012359	-0.0082327	0.0020065	0.0041446	0.0047404	-0.0021764	-0.014523	-0.0059487	0.0076318	-0.0037493	-0.0049614	0.0027557	0.0059889	-0.00093536	0.0014083	0.002898	-0.010171	-0.010634	0.0021224	0.0031488	0.0058138	0.0030712	-0.0079194	-0.013695	-0.0018267	0.013411	-0.0066163	0.010765	0.0052174	-0.0079664	-0.013684	0.013938	0.0036182	-0.026218	-0.022891	-0.0095265	-0.0062435	-0.0019637	-0.0039988	0.066701	0.19308	0.14452	0.14959	0.14438	0.1488	0.14144	0.146	0.15164	0.16794	0.16341	0.15522	0.15777	0.16586	0.16132	0.16045	0.15793	0.16204	0.15854	0.14671	0.15374	0.15326	0.1571	0.14564	0.095814	0.036781	0.013036	0.01439	0.002963	0.0082552	0.011965	0.010242	0.0049256	-0.010693	0.011467	0.0060052	0.004409	0.0078774	0.0037136	0.0042398	0.00053274	0.00084555	-0.0020978	-0.006886	-0.0057632	0.00042636	-0.0074903	-0.017718	-0.01493	-0.01206	-0.0067986	-0.0074341	-0.0041888	-0.039275	-0.016855	0.011324	-0.0083842	-0.013074	-0.0078709	-0.007378	-0.0035065	-0.0012582	-0.016724	-0.0083457	-0.012283	-0.024983	-0.027486	-0.0094958	-0.008738	-0.016066	-0.017544	-0.012722	-0.0057569	0.01749
0.020567	0.025693	0.023216	0.02372	0.02034	0.023493	0.013704	0.010526	0.019086	0.023975	0.025746	0.027169	0.024204	0.013233	-0.0012124	0.0096123	0.013296	0.00435	-0.010253	-0.016214	-0.01777	-0.020725	-0.020062	-0.027273	-0.02646	-0.024018	-0.020987	-0.014931	-0.021495	-0.0042397	-0.026562	-0.018754	-0.0054755	-0.0028409	-0.01696	0.00099081	0.079454	0.19297	0.21055	0.15926	0.15016	0.153	0.16151	0.15845	0.15815	0.17757	0.17573	0.17433	0.17919	0.20121	0.1925	0.18557	0.18908	0.1783	0.17637	0.18045	0.16856	0.16815	0.17744	0.17047	0.15249	0.14301	0.11963	0.050402	0.033392	0.014081	-0.0027561	0.0017199	0.012531	0.018259	-0.010272	-0.0084808	-0.006307	-0.0158	-0.0032408	-0.00169	-0.0066917	-0.02346	-0.012389	-0.0052415	0.0073774	-0.0029531	-0.00083665	0.010732	0.007592	-0.0078727	-0.0068874	-0.015226	-0.0075762	-0.0012046	-0.011597	-0.010353	-0.0077378	0.0075632	1.5339e-05	-0.01936	-0.020687	-0.016865	-0.016487	-0.025383	-0.016488	-0.019337	-0.037647	-0.027006	-0.042014	-0.01728	-0.020501	-0.021621	-0.0090255	0.07815	0.17087	0.13633	0.12667	0.12928	0.13372	0.14092	0.15768	0.14978	0.15253	0.14634	0.1458	0.1551	0.15476	0.14194	0.14127	0.1509	0.16989	0.16799	0.15826	0.13982	0.15988	0.16452	0.17181	0.17234	0.13733	0.056077	0.040122	0.026183	0.01805	0.026642	0.038504	0.039016	0.040817	0.032943	0.025919	0.0087681	0.021413	0.012474	0.007899	0.0091171	0.015825	0.02111	-0.0018615	-0.0085791	-0.012237	-0.0087631	-0.0013956	0.0061055	0.0104	0.00074669	-0.01223	-0.0053988	-0.0053104	-0.0086691	-0.014903	-0.0049448	-0.0042436	0.008751	0.0089964	-0.0053488	-0.0018838	-0.0083754	-0.0079476	-0.0061767	-0.0009611	-0.0012133	-0.0038852	0.0035122	0.00085846	0.010632	0.0093786	0.030318	0.13148	0.19865	0.14184	0.15079	0.15731	0.15692	0.14769	0.14915	0.15449	0.17355	0.16964	0.16058	0.16428	0.16261	0.16199	0.16484	0.16162	0.16695	0.16336	0.15652	0.16102	0.15954	0.15204	0.14805	0.12116	0.071612	0.03747	0.033961	0.017968	0.0018399	0.01771	0.033671	0.013713	0.0071475	0.016693	0.005709	0.0096689	0.011875	0.0035529	0.0063472	-0.0059245	-0.0094761	-0.00089765	-0.0036148	-0.00061416	0.0022015	-0.0017283	-0.0057936	-0.0067566	-0.0085882	0.0038456	-0.0024364	-0.0015969	-0.013403	-0.011727	-0.0026033	-0.005542	-0.0097835	-0.015376	-0.0092269	-0.0054494	0.00029789	-0.0030107	0.0098094	-0.0026122	-0.008037	0.0051509	-0.0092478	-0.0047121	-0.017537	-0.00083402	0.00086236	0.0030052	0.094791
0.017262	0.011527	0.0011441	-0.0053754	-0.0033816	-0.0048953	0.021331	-0.001272	0.00089707	0.037244	0.015318	0.01135	0.011839	0.0056213	0.002436	-0.005588	-0.01556	-0.023358	-0.019153	-0.018205	-0.027415	-0.019041	0.0031632	0.001923	-0.0063706	-0.017484	-0.014823	0.0040669	0.0082721	-0.0047802	-0.017556	-0.036013	-0.0034983	-0.00076272	-0.0034143	0.01085	0.10332	0.20796	0.15235	0.14982	0.1547	0.15793	0.15557	0.16354	0.179	0.17218	0.17346	0.16356	0.16728	0.16874	0.18127	0.19044	0.18228	0.1894	0.19968	0.18878	0.18106	0.16963	0.16385	0.16317	0.156	0.14902	0.13382	0.079964	0.031467	0.019745	0.0083987	0.0098228	0.015656	0.0022951	0.0061093	0.0035372	0.0039925	0.0075653	0.0020759	-0.0058596	0.0011782	-0.0012189	-0.00768	-0.012826	0.0041596	0.011714	-0.013212	-0.00024583	0.0049589	0.0027044	0.000225	-0.0042239	-0.00048796	0.0055104	0.0064972	0.0036997	0.013807	0.012993	0.0079262	-0.0034733	0.011051	0.0069666	-0.01441	0.0044652	-0.00064865	-0.0059378	-0.011446	-0.010011	-0.020043	-0.017856	-0.0079664	0.016306	0.03488	0.17249	0.17468	0.13469	0.15264	0.16976	0.15704	0.16129	0.1539	0.16314	0.17336	0.1645	0.15786	0.16537	0.17095	0.1722	0.17743	0.15621	0.16919	0.18521	0.18677	0.17586	0.1736	0.16741	0.16464	0.15796	0.14829	0.083245	0.023148	0.004158	0.019204	0.031748	0.0032892	0.010152	0.019128	0.011682	0.0075746	-0.0030327	-0.009969	-0.0030631	0.012263	0.01309	0.011105	0.0084156	0.0042042	0.015479	0.0074912	0.012787	-0.0019221	-0.0013807	0.011626	-0.010538	-0.013418	-0.0086188	-0.012488	-0.0045677	-0.010866	-0.011477	-0.014973	-0.013762	-0.019992	-0.023537	-0.016679	-0.020767	-0.020512	-0.013075	-0.025461	-0.027722	-0.026957	-0.0172	-0.0012744	-0.0052775	-0.0010451	0.045076	0.17292	0.20448	0.13941	0.15226	0.17049	0.1653	0.1542	0.15255	0.15759	0.17942	0.17613	0.1662	0.17104	0.15962	0.16292	0.1695	0.16557	0.17212	0.16843	0.16659	0.16857	0.16608	0.14724	0.15071	0.14677	0.086711	0.022952	0.019068	0.018448	0.015657	0.016459	0.0064564	0.004634	0.0043562	0.011949	0.013432	0.018102	0.00058481	-0.0075418	-3.4116e-05	-0.012125	-0.019541	0.0005592	-8.7036e-05	0.0047915	0.0042333	0.0042904	0.0063878	0.0016734	-0.0048595	0.014746	0.0028181	0.0012515	0.012726	-0.0063431	-0.016274	-0.0024432	-0.0062366	-0.022625	-0.010819	-0.0097122	-0.016306	-0.0119	-0.0082016	-0.011248	-0.016284	-0.0054379	-0.0034349	-0.028896	-0.02937	-0.021142	-0.02262	0.0082505	0.15343
0.0070801	0.00026672	-0.0088048	0.0093976	0.008485	-0.0059255	-0.00015706	0.0016475	0.00088162	0.006009	0.0054677	-0.00064714	-3.9739e-05	8.4122e-05	-0.0054941	-0.0033832	0.0001781	0.0053064	-0.025543	-0.0116	0.0011873	-0.00018593	-0.00074558	-0.011559	0.00024094	-0.010178	-0.0030052	-0.012935	-0.015565	-0.013675	-0.011293	-0.0014278	-0.013965	0.005681	-0.0031853	0.012311	0.12371	0.1784	0.14164	0.14198	0.1525	0.16283	0.16037	0.16691	0.16045	0.15964	0.16473	0.16597	0.16188	0.15997	0.15802	0.16663	0.17289	0.16919	0.15554	0.15507	0.16314	0.16432	0.17535	0.1649	0.16616	0.15111	0.14111	0.094045	0.033432	0.018948	0.0058219	0.0028411	0.0016036	0.0053691	0.0091511	0.0063323	0.006406	0.0016556	0.006027	0.0088063	0.0073484	0.015372	0.015788	-0.0018561	0.0066088	0.0024428	-0.0027234	0.00076616	0.014036	0.017146	0.01272	0.013051	-0.0029129	0.006926	-0.0053347	-0.0059927	-0.0039715	0.0011889	-0.0092132	-0.01508	-0.0089971	-0.0091643	-0.0086668	0.0027166	0.00036751	-0.012184	-0.010438	-0.013191	-0.00017387	-0.014171	-0.013518	0.011795	0.060557	0.16336	0.19031	0.14314	0.13799	0.14147	0.14888	0.16208	0.16036	0.1553	0.15158	0.16231	0.16357	0.1687	0.16327	0.15961	0.16086	0.16688	0.16585	0.17117	0.16712	0.15707	0.16931	0.1824	0.17861	0.16737	0.14315	0.15657	0.06179	0.023967	0.013227	0.018964	0.011769	0.0071806	0.0054113	0.0011552	-0.0013906	0.016207	-0.013909	-0.0089497	0.0077749	-0.0018937	-0.0068702	0.012409	-0.0023416	-0.014869	-0.0017904	-0.0037242	-0.0043439	-0.015616	-0.014278	-0.013613	-0.00016149	-0.013724	-0.021644	-0.022702	-0.018015	-0.0080354	-0.012133	0.00337	0.0067325	-0.017071	-0.015893	-0.0063629	-0.010722	-0.0124	-0.020593	-0.019139	-0.01088	-0.0078917	-0.019736	0.0095343	0.014899	0.099087	0.18561	0.15285	0.15045	0.14826	0.14983	0.16117	0.16284	0.14934	0.16559	0.16976	0.17262	0.1544	0.16741	0.16622	0.17193	0.16908	0.17609	0.17452	0.1756	0.17074	0.16786	0.17605	0.15992	0.15835	0.16198	0.15131	0.059926	0.01933	0.016453	0.0030493	0.0037641	0.006944	0.0092442	0.017811	0.002655	0.003129	0.013153	0.020034	0.0083007	-0.0019855	-0.0044138	-0.0035934	0.01061	-0.011422	-0.0027742	-0.0040822	-0.0039168	0.0048237	0.011776	0.012044	0.0060299	0.00078588	0.0087486	0.0057436	0.011075	0.0058625	0.0071488	0.00069384	-0.011025	-0.0079491	-0.019583	-0.013858	0.0046622	0.00057676	-0.00089321	-0.0015461	-0.014601	-0.0041507	-0.0036714	0.0018741	-0.0018112	-0.0079408	0.032917	0.19353
0.017825	0.027024	0.022638	0.018702	0.0083032	0.0076234	0.015259	0.023827	0.0013869	-0.0025949	0.0088514	-0.0074233	-0.0074096	-0.018721	-0.014442	-0.0012979	0.0036721	0.010039	-0.024633	-0.0052525	-0.0031492	-0.0056503	0.00070862	0.00053297	-0.0064728	-0.010619	0.0039779	-0.0078464	-0.0056307	-0.0014296	-0.018811	-0.0098855	-0.0036361	-0.0028447	0.0091443	0.038283	0.13337	0.19662	0.15515	0.16004	0.16552	0.17196	0.17968	0.18532	0.19047	0.17257	0.18719	0.19199	0.19551	0.17506	0.17946	0.17909	0.17797	0.18186	0.18499	0.18225	0.18023	0.18094	0.18289	0.17987	0.16995	0.16932	0.16625	0.12304	0.043649	0.016393	0.010505	0.016878	0.014292	-0.011171	0.011179	0.011829	0.012124	0.0047783	0.0039714	0.011144	0.0053472	0.0054093	0.010867	0.01604	0.011789	-0.00022841	0.011462	0.0023208	0.003864	0.016607	0.013197	0.0042903	-0.0043159	0.0082803	0.013412	-0.002436	-0.0065609	-0.0055914	-0.0060122	-0.0086133	-0.0021391	0.0011274	-0.012455	-0.014028	0.0032396	-0.0096416	-0.017112	-0.014596	-0.03305	-0.030655	-0.023966	0.0095772	0.054891	0.19256	0.13282	0.13207	0.14408	0.14349	0.1381	0.14965	0.14999	0.15777	0.15744	0.15501	0.16658	0.15975	0.16783	0.16654	0.16931	0.16758	0.16421	0.16479	0.17556	0.16457	0.17354	0.18234	0.17733	0.16165	0.15353	0.15457	0.077264	0.026246	0.016042	0.021074	0.012883	0.0047923	0.0011455	-0.0013827	-0.0016524	0.0127	-0.0046665	0.011036	0.0027042	-0.008781	-0.019666	-0.0082039	-0.001189	-0.004211	-0.0038621	-0.00068722	0.0058523	-0.010184	-0.013111	0.0035073	-0.012726	-0.0049564	-0.012121	-0.0038952	-0.013455	-0.00038574	-0.017825	-0.012859	-0.0016603	-0.0003661	-0.010313	-0.015637	-0.010227	-0.0001651	0.0021187	-0.0047628	-0.0089573	-0.008778	-0.0074188	0.0050232	0.016892	0.13293	0.19757	0.14584	0.14299	0.1497	0.16824	0.16478	0.13062	0.14672	0.14846	0.14005	0.1438	0.15325	0.15624	0.16872	0.15345	0.14137	0.15123	0.1498	0.14965	0.15234	0.1493	0.13318	0.15301	0.14405	0.13361	0.12305	0.078561	-0.0011203	-0.02072	-0.0081974	-0.0063128	-0.0028419	0.00083035	0.012425	0.0048887	0.0032946	0.012115	0.012076	0.0030731	-0.0053558	-0.0068899	-0.0036496	0.0048614	-0.0082661	-0.0042298	0.00051099	0.00092408	-0.012262	-0.00088806	0.0047006	0.0043102	-0.0047956	-0.0069338	-0.0005264	0.0035586	-0.0041567	-0.027488	-0.022225	-0.018002	-0.014396	-0.01451	-0.031237	-0.03117	-0.0098375	-0.016535	-0.028448	-0.022096	-0.022703	-0.017106	-0.0024492	0.0066909	0.0025268	0.11743	0.17217
-0.00080997	0.0040349	0.0040178	-0.0014949	0.0010153	0.0061444	0.0049808	0.003299	0.0026405	-0.0069218	-0.010891	-0.0024218	0.0010829	-0.021818	0.010143	-0.0025543	-0.010631	-0.0057857	-0.00095527	0.00046648	-0.0097549	-0.0079313	-0.0043206	-0.014987	-0.023642	-0.01538	0.0048591	-0.0026761	-0.0069497	-0.014433	-0.0071269	-0.011091	-0.019297	-0.007417	-0.0056814	0.04692	0.16603	0.23539	0.15863	0.15888	0.15504	0.16347	0.16236	0.17142	0.16757	0.17334	0.16272	0.15947	0.16699	0.17565	0.1608	0.16089	0.16329	0.1616	0.15515	0.16123	0.16737	0.17129	0.15292	0.15698	0.16053	0.16021	0.13944	0.11632	0.033026	0.0090661	0.0072388	0.0044992	-0.0030409	-0.0037317	-0.013989	-0.013176	0.010558	-0.01288	0.0039605	0.01338	0.0041535	0.024432	-0.014772	0.0022214	-0.0023285	0.0018127	0.008997	-0.0015339	-0.0053353	0.0092505	-0.00050248	-0.011989	0.0026738	0.002904	0.0044602	-0.0046957	-0.0060543	0.012145	-0.0091066	-0.012548	-0.0060341	0.0021628	0.0069363	0.00087526	-0.013519	-0.013884	-0.003667	-0.0042046	-0.007837	0.0002578	0.010727	0.018832	0.13379	0.25468	0.16761	0.15014	0.15496	0.16065	0.16866	0.15845	0.16036	0.17432	0.17245	0.16427	0.1653	0.17427	0.17775	0.17429	0.17305	0.17683	0.17743	0.18044	0.18099	0.17098	0.17896	0.18348	0.17725	0.15713	0.16509	0.15376	0.09393	0.029715	0.020048	0.024374	0.015189	0.0035952	-0.0019291	-0.0027294	-0.00072309	0.010384	0.0057672	0.0096527	0.010576	0.017953	0.007123	-0.0012367	0.0016019	-0.0012253	0.0016529	0.010701	-0.0014025	0.0084564	0.0034434	0.0068332	0.010343	0.025286	0.0052222	-0.011689	-0.0094515	0.0084464	0.0010769	-0.001464	0.0017714	-0.00040787	-0.002998	0.003488	0.0015359	0.010362	0.0034381	-0.014141	-0.012135	-0.0060125	-0.017891	-0.012024	0.01926	0.14738	0.17374	0.14015	0.15878	0.15485	0.15615	0.14963	0.16574	0.17625	0.16508	0.15468	0.16346	0.16689	0.17063	0.16995	0.17896	0.17707	0.1753	0.1798	0.17661	0.17202	0.17579	0.16793	0.16009	0.17524	0.15785	0.14108	0.080351	0.031639	0.022436	0.01067	-0.012034	-0.013023	-0.0063924	0.0082311	0.0083135	0.0046513	0.012268	0.0053088	-0.00096338	-0.0075349	-0.0081749	-0.0025146	0.00030409	-0.0039186	-0.0044942	0.0062953	0.0069561	-0.028156	-0.012361	-0.0014518	0.0037817	-0.009186	-0.021425	-0.0056052	-0.0027662	-0.014046	-0.013576	-0.010814	-0.009171	-0.0085623	0.0011923	-0.0019609	-0.0042905	-0.0020793	-0.0022151	-0.011398	-0.0021865	0.0018336	-0.02197	-0.0086116	0.0064626	0.067715	0.15161	0.20186
-0.0051381	0.0083361	0.012142	0.019866	0.0090966	0.0061163	-0.0024264	0.014358	0.0050807	0.017286	0.0089271	0.0038592	0.013533	-0.010468	-0.0024381	-0.0061371	-0.0048629	0.0067808	-0.00022183	-0.0043356	-0.001466	-0.005921	-0.0036312	0.0004009	0.0021812	-0.0050387	-0.017553	-0.012594	-0.012682	-0.0047495	-0.016114	-0.0090804	-0.0048802	-0.0006274	0.007924	0.025546	0.14617	0.16483	0.14543	0.14981	0.16832	0.16429	0.15834	0.16711	0.17162	0.17116	0.16833	0.16253	0.16817	0.17468	0.18153	0.18831	0.17557	0.1621	0.17534	0.19038	0.17535	0.16655	0.1851	0.16947	0.16339	0.17206	0.15337	0.12731	0.077427	0.019186	0.011338	0.0070877	0.023955	0.01313	0.0054389	0.010831	0.010157	0.0012608	-0.0066372	0.0078582	0.011149	0.0078094	0.0065265	0.0069522	0.0011536	-0.015872	-0.011882	0.0086403	0.0074857	-0.016297	-0.0026056	-0.0052324	0.010988	-0.015445	0.0015123	0.0070173	-0.00018875	0.00088357	-0.0022127	-9.5971e-05	-0.010047	-0.0080564	-0.014224	-0.0025332	-0.024069	-0.017406	-0.018929	-0.037554	-0.015038	-0.0034611	-0.0062713	0.0011479	0.09778	0.24042	0.15631	0.15482	0.16292	0.1408	0.15262	0.17172	0.16742	0.15129	0.16282	0.17399	0.16158	0.15708	0.17384	0.17344	0.16971	0.16914	0.17678	0.17816	0.17645	0.16794	0.17598	0.17937	0.17252	0.15772	0.16503	0.15372	0.079085	0.029537	0.022349	0.010612	0.010627	0.020278	0.014842	0.013127	0.0047631	0.005037	0.0095913	0.00688	-0.0023737	0.0018669	0.011711	0.0075348	0.0094927	0.0022662	0.0056703	0.011301	-0.0018628	-0.010385	0.0019031	-0.01148	-0.010483	0.0003815	0.0084645	-0.00094315	-0.018339	-0.0024886	-0.0049667	0.005363	0.0063563	-0.011458	-0.017241	-0.0064177	-0.004392	-0.0022355	-0.017295	-0.013065	-0.0024875	-0.0062928	-0.0077787	-0.001045	0.039585	0.1385	0.19076	0.14206	0.14158	0.16175	0.16301	0.15159	0.16629	0.16287	0.15778	0.15496	0.16429	0.1655	0.16096	0.15871	0.17694	0.17077	0.15912	0.15795	0.16146	0.17561	0.1607	0.17068	0.17122	0.17157	0.17134	0.16681	0.095419	0.050837	0.020761	0.0048964	-0.0062008	-0.009459	-0.012275	-0.0033327	-0.00040069	-0.0010475	0.0055487	0.00075813	0.0061466	0.0035449	-0.0011566	-0.0021095	-0.0052558	-0.0095281	-0.013459	-0.013219	0.0013743	0.023401	0.008807	0.002617	-0.011925	-0.0050959	-0.0035565	-0.0019489	-0.0063303	0.0016127	-0.0053127	-0.013001	-0.013959	-0.0097448	-0.0063786	-0.008592	-0.0043237	-0.0079675	-0.0096061	0.0029061	-0.015881	-0.024322	-0.0042201	-0.020805	0.0010088	0.029638	0.18807	0.18546
-0.00088521	-0.0032758	-0.0093797	0.0046352	0.0050942	0.00076629	0.016984	0.018719	0.011416	-0.0025717	-0.0019706	0.012259	-0.0027321	-0.0081285	-0.005744	0.0022014	0.0066468	0.010054	-1.1428e-05	-0.0070941	0.017521	0.014525	0.0082372	0.00026619	0.021855	-0.0073868	-0.011172	-0.011314	-0.0037781	0.02194	-0.001901	-0.0011958	-0.0016787	0.0058431	0.015769	0.054822	0.20234	0.20615	0.16406	0.16548	0.16608	0.18313	0.17666	0.1712	0.15764	0.18592	0.19355	0.18457	0.173	0.16632	0.17409	0.1892	0.18003	0.18672	0.19037	0.17511	0.17893	0.17709	0.16076	0.17375	0.18575	0.16003	0.1544	0.13611	0.080817	0.044976	0.021201	0.011138	0.015192	0.021575	0.016128	0.0024859	-0.012856	0.0031989	-0.0019821	0.006559	0.013021	0.011836	-0.0097593	-0.0053116	0.0013947	0.0098064	-0.0024706	-0.0052391	-0.0073836	0.0016513	0.042852	0.02183	-0.011364	-0.0067722	-0.0014633	0.00096098	-0.011167	-0.028489	0.0019969	0.0088131	0.0011823	-0.019449	-0.012989	-0.019045	-0.020717	-0.017311	-0.01998	-0.012268	-0.034764	-0.023142	-0.017542	-0.0073376	0.087148	0.25597	0.1503	0.14432	0.15479	0.1641	0.15499	0.16305	0.16378	0.16584	0.1647	0.17518	0.16068	0.16151	0.16793	0.17059	0.16437	0.15945	0.17415	0.1739	0.16991	0.16291	0.171	0.17327	0.16581	0.15632	0.16298	0.15168	0.06225	0.027367	0.016965	-0.0082275	-0.00098562	0.0025302	0.0067855	0.0059911	0.0069701	-9.9883e-05	0.009229	-0.0054516	-0.0033095	-0.00073007	-0.002095	-0.0072961	0.008972	0.013237	0.0083816	0.0036114	0.00025646	0.01079	0.0064827	0.012001	-0.0022157	0.0035031	-0.0061584	-0.010576	-0.0076816	0.01007	0.0037542	0.0010972	0.0039041	-0.0029153	0.00091584	0.0092495	-0.00018187	-0.010403	-0.00027881	-0.0086814	-0.016111	-0.01068	-0.0092416	0.007644	0.042611	0.19633	0.19573	0.14347	0.14158	0.13767	0.14793	0.16312	0.16448	0.14978	0.15689	0.16448	0.15688	0.16692	0.16397	0.15854	0.15611	0.16257	0.1691	0.16646	0.16821	0.16924	0.16958	0.17872	0.16946	0.16656	0.15858	0.16442	0.12229	0.063947	0.022611	0.012774	0.019286	0.0044102	-0.0048027	-0.008002	0.0055234	-0.0072707	-0.0063665	0.00082145	-0.0074329	-0.00038667	-0.016032	-0.02197	-0.0040584	0.0019263	-0.0069946	-0.018149	-0.014202	0.0061691	0.014115	-0.0028491	-0.016884	0.0014849	0.0015671	-0.012033	-0.0052516	0.0059835	-0.0024428	0.0077163	-0.0065577	-0.0098161	-0.0047319	-0.0089574	-0.01595	-0.0070983	-0.010712	0.0038012	0.0054335	-0.0089274	-0.0047376	-0.010232	-0.010752	0.066429	0.16188	0.1852
-0.025276	-0.015464	-0.0097127	-0.027287	-0.019095	0.01713	-0.0071378	-0.0034609	-0.011744	-0.017926	-0.017394	-0.014476	-0.016973	-0.016572	-0.00067209	0.0058323	-0.0075502	-0.014406	-0.0075293	-0.0023254	-0.0062665	-0.003895	-0.022685	-0.0060162	-0.0022823	-0.012374	0.0010425	0.0027844	0.006013	-0.022533	-0.023155	-0.015517	-0.010177	-0.0088495	-0.0041492	0.011376	0.11219	0.16657	0.13956	0.15542	0.14082	0.14914	0.16472	0.1638	0.16662	0.17004	0.17858	0.17781	0.15983	0.16672	0.17474	0.16689	0.16891	0.17569	0.14901	0.16755	0.16398	0.1717	0.17384	0.17422	0.17397	0.15969	0.14816	0.12955	0.07331	0.0097717	0.016281	0.025798	0.01179	-0.0050304	-0.0025794	-0.002128	0.0047781	-0.011927	0.0055609	0.0048601	0.014673	0.0068337	0.001233	0.0058955	0.011679	0.0082429	0.0030381	0.022236	0.013409	0.0076076	0.034573	0.0057248	4.1219e-06	0.011354	0.0095928	0.0061991	0.0049458	0.0049482	-0.0015858	0.0026858	-0.003622	0.0007906	-0.0050237	-0.023398	-0.007177	-0.014277	-0.013029	-0.0090549	0.0022347	-0.016804	-0.0069291	0.0033496	0.10865	0.1849	0.15169	0.15907	0.15763	0.16816	0.16858	0.15578	0.16051	0.16308	0.15635	0.16596	0.16183	0.17367	0.16936	0.16889	0.17231	0.1703	0.15796	0.15594	0.18047	0.18151	0.17053	0.16943	0.17135	0.17317	0.16401	0.14175	0.10192	0.013685	0.025147	0.015847	-0.0017856	0.017927	0.02702	0.00281	0.0042995	0.0030336	-0.0032107	0.0079497	0.0028492	-0.0049253	0.0016609	0.0010807	-0.0013157	0.00050838	0.0092655	-0.008536	-0.0014276	0.00372	0.0015713	0.0016659	0.0048617	0.0085275	0.0080396	0.0046764	8.554e-05	-0.012268	-0.012555	-0.00074659	-0.0046575	-0.016495	-0.0046274	-0.0040125	-0.015186	-0.0081827	-0.0095559	-0.0085577	0.0108	0.0067039	-0.0013687	-0.00090878	0.065867	0.17088	0.1916	0.13779	0.14488	0.14071	0.14987	0.15972	0.15708	0.1505	0.1612	0.16286	0.1619	0.16571	0.16863	0.16499	0.16142	0.16471	0.17326	0.17495	0.16863	0.16552	0.17508	0.17761	0.1709	0.17014	0.16326	0.16051	0.12764	0.058128	0.029953	0.012778	0.012669	0.0030695	-0.0040157	-0.0015227	0.00072565	-0.012463	-0.0019275	0.0036984	-0.0072782	-2.0363e-05	-0.011314	-0.01732	-0.0090002	-0.00091319	-0.0089273	-0.011377	-0.0034853	0.0024336	0.0045098	-0.0018378	-0.0088875	-0.00057259	-3.4623e-05	-0.0081822	-0.012376	-0.0067068	-0.0032338	0.0023205	-0.011992	-0.01225	-0.0074323	-0.013708	-0.018463	-0.0047093	-0.010327	-0.011284	0.0042534	0.0090805	0.0060194	0.021984	0.036089	0.12775	0.18967	0.18144
-0.008348	-0.007422	0.0013788	-0.0058001	-0.0012196	-0.0040833	-0.00085088	0.0015563	0.0021807	0.022186	0.013051	-0.0010182	0.012472	0.011669	-0.00029392	0.007686	-0.0057009	-0.0079848	0.0079528	-0.0070419	-0.0087868	-0.0049585	-0.013338	-0.013532	-0.0057568	-0.0080823	-0.010578	-0.014784	-0.015996	-0.017445	-0.00074029	0.00054854	-0.0061181	-0.011806	-0.0040183	0.025052	0.09644	0.185	0.14863	0.13956	0.15814	0.16279	0.1568	0.16191	0.16398	0.16944	0.17241	0.17029	0.17163	0.18113	0.17238	0.15695	0.16593	0.17439	0.18001	0.16842	0.18094	0.16284	0.17993	0.19058	0.18542	0.16878	0.16957	0.12774	0.046161	0.02913	0.0056173	-0.002245	0.0067623	0.014713	0.021916	0.0032273	-0.0068328	0.0095079	0.0073083	-0.0024219	0.0087668	0.0026633	0.0010475	-0.00011853	0.0095202	0.011486	0.0057043	-0.0018882	-0.012437	-0.00049787	0.011559	0.0068331	0.0085405	0.0087696	0.0097394	0.0030898	-0.0076138	0.0026482	0.010483	0.0027801	0.0033906	0.0015921	-0.0026049	-0.018318	-0.012308	-0.016282	-0.0084243	-0.023728	-0.023058	0.0014358	-0.013115	0.027498	0.081899	0.2135	0.13514	0.13727	0.14639	0.15598	0.16891	0.16699	0.166	0.16955	0.15695	0.16534	0.18077	0.17295	0.17966	0.18366	0.18353	0.18102	0.17793	0.18234	0.17828	0.16601	0.17261	0.18714	0.18263	0.16531	0.14524	0.15808	0.080764	0.030583	0.023067	0.03363	0.014094	0.0058634	0.001241	0.0062869	0.010107	0.0091028	0.0025456	0.002583	0.0098974	0.0054076	-0.01481	-0.0021739	4.5794e-05	-0.0053634	-0.0013118	-0.0034359	0.0062679	0.00084466	0.0098499	-0.0048574	-0.019512	0.0044015	0.018255	-0.0016858	-0.0034987	-0.0021149	-0.0011648	-0.014307	0.0027161	0.0066617	0.00070262	-0.011366	-0.0097061	-0.017405	-0.017668	-0.01568	-0.014743	-0.0099813	-0.0038228	0.0060711	0.061121	0.17657	0.19576	0.13286	0.14894	0.14451	0.15256	0.15707	0.15042	0.15197	0.16626	0.16198	0.16767	0.16524	0.17405	0.17219	0.16747	0.16759	0.17816	0.18418	0.16979	0.16254	0.18133	0.17724	0.17308	0.17446	0.16868	0.15735	0.13374	0.053058	0.038043	0.013529	0.0068008	0.0024768	-0.0024806	0.0057044	-0.0033241	-0.016908	0.0032594	0.0073233	-0.0063756	0.0010939	-0.0058477	-0.011922	-0.013194	-0.0030047	-0.010112	-0.0038563	0.0079792	-0.00055389	-0.0043471	-7.8625e-05	-0.00014311	-0.001882	-0.00088841	-0.0035837	-0.018753	-0.018649	-0.0032769	-0.0023273	-0.016679	-0.013935	-0.0093848	-0.01771	-0.020227	-0.0015723	-0.009193	-0.012302	-0.014953	-0.02379	-0.026091	-0.005935	-0.0036574	0.032162	0.20722	0.14061
0.00511	-0.0019104	-0.0089456	-0.017211	-0.0049468	-0.0065423	-0.0052251	0.00038998	0.0043381	0.002557	-0.0076694	-0.01153	0.00069725	0.0037082	-0.0040112	-0.0027742	-0.0046405	-0.012214	-0.016073	-0.025444	-0.018228	-0.016987	-0.020699	-0.012426	-0.0059973	-0.012393	-0.020582	0.00061936	0.00068376	-0.015284	-0.0044565	-0.0035804	0.005336	0.0087474	0.00058397	-0.0094145	0.058253	0.19144	0.18544	0.15234	0.15653	0.15834	0.1713	0.1517	0.15856	0.16905	0.16394	0.16076	0.15246	0.16357	0.16021	0.16209	0.16882	0.15151	0.18356	0.17412	0.17571	0.1561	0.16019	0.1622	0.15739	0.16013	0.14473	0.092139	0.039488	0.005405	0.0054997	0.0019287	-0.0066506	-0.017636	-0.019767	0.0053914	-0.013637	0.00050028	-0.0069504	-0.00090841	-0.0081684	-0.00096035	0.015024	0.023154	0.0079389	0.02173	0.021869	0.024697	0.019606	0.0073822	0.010691	0.025564	0.022949	0.01829	0.013813	0.012061	0.031346	0.016476	0.0057618	0.010249	0.020252	0.0092005	0.014091	0.0061135	-0.0023208	0.013514	0.013683	-0.0055394	-0.01348	-0.00060346	0.0072322	0.025965	0.065235	0.19793	0.15192	0.15163	0.16697	0.16186	0.15291	0.16562	0.16255	0.17119	0.16267	0.1567	0.18072	0.16459	0.17383	0.16792	0.16148	0.16315	0.15306	0.1559	0.16285	0.16774	0.15879	0.14099	0.16202	0.14776	0.13591	0.11356	0.071035	0.018629	-0.0055278	-0.012848	-0.011968	-0.01841	-0.017368	-0.025059	-0.019923	-0.011803	-0.013398	-0.015004	-0.013662	-0.013194	-0.012158	-0.011864	-0.0018908	-0.00087312	-0.0093307	-0.006171	-0.0089931	-0.017695	0.0038306	0.0071573	0.0020868	-0.004149	0.00036471	-0.00040073	0.0035289	0.0022073	-0.0038576	-0.011576	-0.0017414	-0.0079693	0.0089945	-0.0028374	-0.011648	-0.0046986	-0.00025211	-0.0026862	-0.01071	-0.0030907	-0.0023076	0.0027743	0.031242	0.15331	0.20397	0.15241	0.15416	0.15906	0.15177	0.15312	0.15058	0.15335	0.14961	0.16058	0.15131	0.16952	0.1596	0.16472	0.1745	0.15962	0.15401	0.1471	0.16875	0.16682	0.17264	0.16412	0.16002	0.16831	0.16558	0.15647	0.12806	0.066955	0.02226	0.0030464	0.0054187	-0.001742	-0.0060986	-0.0090998	-0.014096	-0.022245	-0.0060909	-0.0015308	0.010834	0.00012834	0.0040314	0.010178	0.015684	0.018906	0.0078653	0.0098045	0.0064958	0.0038996	0.01086	-0.0069276	-0.0075032	-0.00010865	-0.0043489	0.012993	0.0092227	-0.0038748	-0.0052492	-0.0030103	-0.0027598	-0.0010291	9.8317e-05	0.0025086	0.013152	0.003984	-0.017883	-0.012819	0.0016377	0.008296	0.0024717	0.0038166	0.016398	0.041409	0.21134	0.14625
0.010375	-0.0027946	-0.0038509	-0.0010915	0.0059801	-0.010482	0.0022577	0.006865	0.0036367	0.0054427	0.00061002	0.0014229	-0.0030902	0.0098761	-0.0012672	-0.012462	-0.0063173	0.0050262	-0.0013059	0.00046547	0.0058515	0.0045447	0.0062219	0.0034504	-0.0075437	-0.0084761	-0.010782	-0.010862	0.012129	-0.0071034	-0.019896	-0.018265	-0.015423	-0.0119	-0.018867	-0.016628	0.014363	0.19063	0.20276	0.15045	0.15832	0.16166	0.16088	0.16213	0.16239	0.15771	0.14858	0.14977	0.15923	0.16527	0.15781	0.16583	0.18799	0.17471	0.16963	0.17269	0.17015	0.15917	0.16687	0.17093	0.16269	0.14747	0.14502	0.098591	0.01898	0.025738	0.0079036	-0.00029682	-0.0079257	0.0028969	0.020204	-0.001726	-0.004179	0.00077968	0.014256	0.0077758	0.005365	0.005401	0.002592	0.017305	0.0038005	-0.0093895	0.0036778	0.005836	-0.014014	0.020403	-0.0083904	-0.0009718	-0.0060626	-0.0028156	-0.0006029	-0.0063765	-0.016767	-0.0077907	-0.010242	0.0019734	-0.0068751	-0.0045065	0.0098592	0.0020762	0.0012288	-0.006602	0.0038216	-0.020204	-0.01002	-0.0044964	-0.0022774	-0.001413	0.023666	0.23492	0.20137	0.14167	0.14658	0.14771	0.15494	0.16883	0.15451	0.15317	0.1544	0.16613	0.15981	0.16465	0.16326	0.15768	0.16549	0.17209	0.176	0.17018	0.16605	0.15273	0.17729	0.16754	0.1622	0.16459	0.14872	0.11474	0.059757	0.017726	0.00045707	-0.00053114	0.0020195	-0.0037409	-0.0057751	-0.014918	-0.0078081	0.022918	0.0053159	-0.011439	-0.0099707	-0.0041771	0.015987	0.0025736	-0.01535	0.0023572	0.012643	0.010033	-0.015055	0.0072921	0.012052	0.0013049	-0.0033416	0.0058653	0.011196	0.0037503	-0.008146	-0.0012831	0.0055162	-0.00034084	0.0024289	-0.0015129	-0.0072421	-0.012832	-0.015016	-0.015272	-0.012934	-0.019352	-0.011714	0.0024499	-0.012295	-0.001235	-0.0049544	0.088442	0.212	0.14229	0.13728	0.15185	0.15367	0.1653	0.16369	0.16225	0.15939	0.16056	0.16611	0.17546	0.17184	0.17564	0.15835	0.1584	0.16057	0.16259	0.16725	0.16321	0.16154	0.1629	0.1578	0.1615	0.15859	0.15018	0.12351	0.041647	-0.018746	-0.010481	0.011686	0.0045484	-0.00016574	-0.010235	0.014158	0.0098692	-0.0032689	-0.0008023	0.0016286	-0.007732	0.0012783	-0.0035383	-0.0024589	-0.0077307	-0.0072292	-0.0061672	-0.0052353	-0.00057742	0.0059519	-0.0079803	-0.0091008	-0.013555	-0.0085831	0.0063542	-0.006341	-0.011256	-0.010057	-0.0037859	0.0092024	-0.0068583	0.0056904	-0.003484	-0.0015543	0.00097311	-0.0087084	0.004906	-0.0037983	-0.0035943	0.00035562	0.00047322	0.021893	0.048369	0.21128	0.22567
0.016971	0.010851	0.016366	0.016272	-0.0077338	0.0098894	0.0078774	0.006388	0.022639	0.015839	0.00046996	-0.0088881	0.0058716	0.0016847	-0.0017737	-0.0048417	-0.0013065	-0.00073278	-0.014024	-0.0064053	-0.0075231	-0.0095176	-0.010519	0.0045353	0.014397	0.0030427	-0.011213	-0.008894	-0.012316	-0.003722	0.0029627	0.005162	-0.0096028	-0.01001	-0.017685	-0.0062087	0.0022183	0.097812	0.15828	0.15441	0.14942	0.14912	0.16725	0.16522	0.1564	0.15271	0.1615	0.17578	0.16396	0.17111	0.16817	0.16492	0.17067	0.15725	0.15914	0.17081	0.16801	0.16468	0.17727	0.18038	0.16362	0.15515	0.12493	0.061929	0.018642	0.0035522	0.010525	0.016996	0.015323	-0.0021119	-0.0094441	0.025236	0.0014335	-0.0057092	0.0053542	0.0083238	0.0041013	0.0038308	0.0016103	0.0076632	-0.0089319	0.0037425	0.0083	0.017063	0.010328	0.012854	0.0013635	0.0033405	-0.01343	0.0020468	0.020834	0.020377	-0.0034154	-0.006067	0.0063594	0.0025235	0.004426	-0.0092252	-0.023032	-0.010521	-0.0055271	-0.0064623	-0.01805	-0.018808	-0.00038741	-0.0065591	-0.014973	0.0021009	0.0083831	0.086936	0.17903	0.15417	0.1584	0.14646	0.14772	0.16526	0.16759	0.15998	0.15317	0.1684	0.16815	0.16354	0.1743	0.16151	0.16752	0.18286	0.17667	0.17048	0.15056	0.17288	0.15686	0.1651	0.15604	0.12783	0.1371	0.089049	0.037433	0.012557	0.015573	0.013919	0.0089055	-0.0083746	-0.0067141	-0.0055512	-0.018268	-0.020012	-0.016188	-0.0077971	-0.020046	-0.020952	-0.0085588	-0.024073	-0.026467	-0.0028983	-0.029136	-0.022107	0.00073856	0.0006535	-0.0062648	-0.0027379	0.0078155	0.0059793	-0.0011007	-0.00321	-0.0030561	-0.015048	-0.0003127	-0.015159	-0.013095	0.0041676	-0.018731	0.0078317	-0.007923	-0.010942	-0.011803	-0.011892	-0.012864	-0.017408	-0.016992	-0.016011	0.0026102	0.069792	0.22418	0.17768	0.14778	0.13472	0.14375	0.13331	0.15139	0.14668	0.15721	0.15996	0.15631	0.14975	0.16011	0.16234	0.16709	0.1653	0.16032	0.16561	0.17312	0.17307	0.16103	0.16269	0.16151	0.16257	0.14489	0.14519	0.10492	0.035096	-0.011368	-0.0091257	0.0070836	0.0057459	-0.00053373	-0.01022	0.0074888	0.007651	-0.0046841	0.00040833	-0.0044439	0.001339	0.011214	0.002441	0.0047419	0.010215	0.00039525	0.014394	0.0067092	0.0060289	-0.0005577	-0.0039842	-0.0040229	0.0016916	0.0073315	-0.0065989	-0.0024371	-0.00061544	0.00042812	0.00017975	-0.0081713	-0.013887	-0.01787	-0.006199	-0.0091819	-0.010416	-0.012487	-0.013648	0.001916	0.0011694	-0.0039644	0.0065703	0.0078772	0.033601	0.18945	0.17076
-0.011085	-0.012487	-0.015054	-0.0062198	-0.0064173	-0.0018138	-0.0083827	-0.013345	-0.0063114	-0.028953	-0.0058318	0.00044873	0.0032938	-0.010357	-0.014949	-0.0021943	-0.0032408	-0.0040821	-0.011321	-0.0026405	-0.015462	-0.01296	-0.013408	-0.014775	-0.009534	-0.010783	-0.0049016	-0.0099124	-0.0060771	-0.0059561	-0.010333	-0.0097183	-0.032885	-0.022903	-0.0081226	0.0044542	0.022281	0.023214	0.11117	0.17349	0.15169	0.15143	0.15161	0.16937	0.16852	0.16834	0.16987	0.16151	0.17788	0.18333	0.16134	0.16459	0.1631	0.17111	0.16608	0.15751	0.1627	0.17272	0.17621	0.14992	0.15247	0.14869	0.1161	0.028122	0.015852	0.012562	-0.0072987	-0.013711	0.0053268	0.0075002	0.0081279	-0.01839	-0.019738	-0.0059051	0.002865	0.0042712	0.0045233	-0.00083675	-0.008065	-0.011502	0.00055168	-0.0069457	0.0011569	-0.00087813	-0.0020692	0.003936	0.0045275	-0.00024545	-0.0055036	-0.0025718	-4.4339e-05	-0.0022431	-0.013102	-0.015375	-0.0079385	-0.0056834	-0.023015	-0.0092247	-0.010916	-0.0002847	-0.0087886	-0.010833	-0.008748	-0.0090675	-0.0043825	-0.0090661	0.0050807	-0.015483	-0.0014714	0.031635	0.18826	0.14612	0.13289	0.1555	0.15814	0.15089	0.15612	0.16246	0.17046	0.17108	0.17237	0.1594	0.14937	0.16374	0.17985	0.15957	0.15092	0.15702	0.17311	0.15398	0.16008	0.14645	0.15186	0.16474	0.16317	0.11668	0.042696	0.016275	0.017609	0.0085224	0.0025237	0.0122	-0.0049872	0.0053625	0.014917	-0.0043286	-0.016172	-0.010496	0.0012284	0.0065366	0.014158	0.0025068	0.0085838	0.019419	0.0021349	0.013843	-0.00115	0.0088839	0.0033933	0.012307	0.014088	0.022519	0.024233	0.01316	0.011964	0.0017772	0.001271	0.0068311	0.015638	-0.0086584	-0.0023544	-0.00091181	0.0069595	0.0014847	-0.0066311	0.0033843	0.0082856	0.0046967	0.0040575	0.0097893	0.023542	0.044572	0.25588	0.2219	0.15653	0.16024	0.17055	0.17517	0.18437	0.18796	0.16991	0.17329	0.18248	0.17676	0.18027	0.18078	0.16967	0.1685	0.16454	0.16739	0.16835	0.17043	0.16321	0.15953	0.15698	0.14966	0.14307	0.13627	0.083114	0.025315	-0.0072197	-0.011001	-0.00074847	0.0037135	-0.0041317	-0.013435	-0.0024105	0.0022028	-0.0093292	-0.001611	-0.013746	0.0071801	0.01792	0.0051904	0.0087126	0.013656	0.014865	0.018461	0.0077805	0.003455	0.0051267	0.0078764	0.0082846	-0.0046554	0.0042074	0.025217	0.019682	0.0074576	0.0022765	0.0037012	0.012406	0.006859	-0.0032442	-0.010395	0.015946	0.0052608	-0.0047138	-0.0057713	0.0034276	0.0073455	-0.0060646	-0.01795	-0.0047343	0.01822	0.074067	0.21267
0.0075892	-0.0025368	0.0042141	0.0013433	-0.0117	0.0049274	0.0080355	0.00046796	-0.0022977	0.0032298	0.0025836	-0.012279	-0.010386	-0.00049103	0.002394	-0.010781	-0.0060443	0.0024515	0.0022983	0.015316	-0.0042517	-0.0027328	-0.0054312	-0.0091933	0.0039387	0.0064017	-0.0014768	-0.0068695	-0.0022391	-0.01621	-0.006439	-0.0045041	-0.00087159	0.0096512	-0.004857	0.0034123	0.013714	0.020856	0.05082	0.20462	0.17063	0.14372	0.14908	0.16427	0.17034	0.14131	0.15624	0.16892	0.15586	0.14934	0.14528	0.15507	0.15074	0.16293	0.15866	0.17236	0.16227	0.17115	0.17584	0.15905	0.16255	0.15757	0.091416	0.022517	0.012682	0.015532	0.0041256	0.010034	0.021486	-0.001318	-0.011968	-0.017551	-0.0024236	0.014282	0.0044486	0.013123	0.0040634	-0.0025471	0.00058081	0.0081067	-0.0026776	-0.015572	-0.0048563	-0.00051963	0.00063882	-0.007049	-0.0052396	-0.0025227	-0.0025311	0.0041446	0.00078356	-0.013844	0.00029173	-0.0037718	-0.0036618	0.0049316	-0.012853	-0.0093025	-0.0050142	-0.010838	-0.021177	-0.014236	-0.011229	-0.012036	-0.016973	-0.0094773	-0.0060506	0.0016525	0.0018189	0.032273	0.089176	0.22644	0.14956	0.14709	0.15018	0.16833	0.17125	0.16917	0.17363	0.17721	0.18449	0.18013	0.16946	0.15326	0.18225	0.17435	0.15562	0.15791	0.16468	0.17083	0.17315	0.16818	0.16335	0.14051	0.12453	0.041756	0.027206	0.023217	-0.019288	-0.011422	0.0087524	0.0091249	0.0027723	-0.0049827	0.0093782	0.0062898	0.0023245	0.001983	0.0037573	0.00064926	0.001385	0.0002987	-1.9012e-07	-0.0071901	0.0056863	-0.0018313	-0.00094927	0.0055481	0.0017026	5.7106e-05	0.0029493	-0.016469	0.0065839	0.0030869	0.0034295	0.013993	0.0061139	0.0028218	-0.0047122	-0.00074619	0.00079507	-0.0029171	-0.0037248	-0.014888	-0.0027064	-0.005802	-0.020971	-0.019082	-0.0068624	-0.0071714	0.0063009	0.025448	0.12116	0.19819	0.17879	0.16442	0.16277	0.16952	0.16409	0.15519	0.17447	0.17894	0.17291	0.17412	0.16843	0.16889	0.17792	0.1673	0.16972	0.17013	0.16454	0.16875	0.16635	0.15732	0.15339	0.13771	0.14221	0.1283	0.062257	0.016487	-0.0021176	-0.011922	-0.0076266	0.002635	-0.0067757	-0.015695	-0.011356	-0.0022915	-0.01302	-0.0026764	0.011675	-0.0046401	-0.0038144	-0.0048432	0.0045757	0.0094978	0.0081345	-0.0045422	0.014929	0.0076432	0.014048	0.0070493	0.012937	-0.0064596	-0.012849	-0.0029356	0.012978	0.0019766	0.0069265	0.0038927	-0.00052784	0.016571	0.0058471	0.0033913	0.00037559	0.00028875	-0.007655	-0.010559	-0.0013115	-0.0010552	-0.0061436	0.0063679	-0.010408	0.0060294	0.054256	0.21699
-0.01472	-0.016004	-0.011613	-0.014876	-0.013441	-0.00082397	-0.0027983	-0.0069751	0.0079343	-0.0042063	-0.0070319	0.00063072	0.00038533	-0.00055624	0.0048252	0.013661	0.0019025	0.010973	-0.0034387	0.0029877	0.013453	0.0067454	0.012516	0.022479	0.015907	0.004009	0.0022866	-0.0010736	-0.0082185	-0.021011	-0.016347	-0.007254	-0.015098	-0.0028906	-0.0066527	-0.02015	-0.012175	-0.0061254	0.028456	0.089219	0.19096	0.1739	0.16421	0.16377	0.1664	0.17061	0.17068	0.15965	0.16994	0.17979	0.16863	0.18072	0.17467	0.17866	0.17377	0.16343	0.1764	0.17353	0.166	0.15283	0.1455	0.092326	0.037353	0.018547	0.01068	-0.0027699	-0.001756	-0.00060338	0.00086516	-0.0076902	-0.0062116	-0.018237	-0.00066148	0.0044187	-0.011264	0.007977	-0.011423	-0.018782	-0.023124	-0.011121	-0.0075348	-0.0085193	-0.0075613	-0.012099	-0.0095568	-0.020143	-0.0048638	-0.0062972	0.0057205	0.0056771	0.0058089	0.0054721	0.00099825	-0.00045592	0.015576	0.01911	0.010944	-0.0021697	0.010552	0.0099183	0.009771	0.015298	0.0058973	0.0081948	-0.010145	-0.01336	0.0017783	0.013253	0.0022864	0.013157	0.045588	0.16418	0.20621	0.18108	0.17982	0.18197	0.17297	0.17979	0.18837	0.17242	0.16884	0.17128	0.18565	0.18395	0.17965	0.17718	0.1825	0.15028	0.17477	0.16897	0.15815	0.15346	0.16779	0.13261	0.09033	0.047279	0.031371	-0.0022896	-0.0084534	-0.0085564	0.016683	0.0064762	-0.0028448	0.0051689	-0.0014981	-0.0068434	0.0072822	0.009694	-0.0033918	0.0024856	0.0081303	0.017024	0.007516	-0.0078618	-0.010299	-0.0055054	-0.009622	-0.0088957	0.0058987	-0.0017267	0.0021106	0.0046556	0.0013552	-0.0045542	-0.00035186	0.00043495	-0.0020426	0.0090337	0.012537	0.010966	0.0063008	-0.015924	-0.0070519	0.0057584	-0.0038018	-0.015394	-0.017116	0.01139	0.013638	0.0065486	0.0030482	0.0019929	0.042646	0.19363	0.1933	0.14032	0.16188	0.16761	0.16197	0.16638	0.14961	0.15571	0.16025	0.1649	0.15944	0.15206	0.1522	0.15933	0.16159	0.15915	0.15811	0.15862	0.16811	0.17835	0.1668	0.14396	0.13344	0.12239	0.056477	0.021398	0.017419	0.021934	0.017819	0.020458	0.0021728	-0.005744	0.011317	0.0065768	0.002042	0.014549	0.0061661	-0.0029475	0.0088695	0.0022811	0.014209	0.015141	0.0057221	0.020391	-0.0014549	-0.0079628	0.0046416	-0.0019194	-0.013533	-0.0099819	-0.0029166	-0.0037603	-0.0013442	0.011558	0.010662	-0.015697	-0.023703	-0.0096187	-0.002908	-0.015362	-0.0093415	-0.027466	-0.027218	-0.028596	-0.037323	-0.031429	-0.026454	-0.020988	-0.024453	-0.015407	0.014941	0.10902
-0.0055535	-0.028378	-0.0045891	-0.0038347	-0.016528	-0.016848	-0.00043643	0.0026389	-0.011203	-0.016744	-0.021146	-0.0082364	-0.013255	-0.0070639	-0.001486	-0.007039	-0.025541	-0.022579	0.011027	-0.013305	-0.018957	-0.013217	-0.0080011	-0.00079143	-0.0044967	-0.015605	-0.017991	-0.023997	-0.0044774	-0.011706	-0.023777	-0.0075319	-0.014258	-0.021551	-0.026077	-0.019699	-0.0069221	-0.0056948	-0.00072419	0.021311	0.088653	0.15722	0.14372	0.14006	0.14691	0.14868	0.14921	0.1504	0.15025	0.1585	0.1712	0.18488	0.17266	0.16091	0.15692	0.16006	0.16516	0.16389	0.15215	0.14255	0.093602	0.05644	0.022564	0.022659	0.018644	0.0012033	-0.01628	-0.0001132	-0.01105	0.00085693	-0.001231	-0.0046652	-0.0070704	0.0016821	0.0056348	0.0033443	0.0024872	-0.0075673	0.0010107	-0.00074448	-0.0045553	0.012563	0.0032113	0.01286	0.014023	0.00799	0.0075623	0.0029197	0.0088224	0.0020382	0.0029158	0.0010895	-0.0085171	-0.013419	0.0027026	0.0090646	-0.012829	-0.006634	0.0030933	-0.017583	-0.0084431	-0.0040354	-0.02251	-0.0040109	0.00081618	-0.0088435	-0.016112	-0.015805	0.0079827	0.013055	0.02093	0.052331	0.15509	0.18935	0.15922	0.13874	0.15562	0.16435	0.16977	0.16695	0.16943	0.17504	0.16031	0.15829	0.16677	0.17988	0.17107	0.15847	0.15732	0.15939	0.15709	0.14292	0.13995	0.12021	0.076491	0.028909	0.015281	-0.0025538	-0.0064166	-0.0046763	0.011861	0.024443	-0.0025227	-0.0058964	0.0032084	0.012521	0.010159	-0.013657	-0.022418	0.0025046	-9.9508e-05	-0.0043843	0.0058039	-0.0051378	0.0042243	0.00042696	-0.0077952	0.0077675	0.018704	0.015129	-0.00038231	-0.0017822	0.014445	0.0066987	-0.00055608	0.0026131	0.0013478	-0.0048027	0.0091711	0.0057714	0.0019444	0.010681	0.00071927	-0.0048613	-0.0011704	0.0050337	0.013001	-0.00034183	-0.0079859	-0.0078408	0.0086528	0.0099662	0.023773	0.052269	0.21067	0.17716	0.15695	0.14838	0.18228	0.17859	0.17068	0.18264	0.18616	0.17612	0.17352	0.17916	0.17944	0.18472	0.18678	0.17699	0.17114	0.17396	0.16778	0.16848	0.16183	0.16148	0.15473	0.094585	0.030331	0.011035	-0.00028533	0.0062794	0.0088794	-0.012564	-0.0065562	0.01157	0.0043287	0.0070011	0.00096006	-0.0017339	-0.00033612	0.00034459	-0.0072523	0.0044034	-0.004802	-0.0030746	-0.0032022	0.0051279	-0.0030512	-0.010508	-0.0068266	0.0036422	0.0007811	0.0026746	-0.011819	-0.00051252	0.010283	0.005509	0.0030552	-0.014749	-0.0058036	-0.018309	0.0066541	-0.0062386	-0.008181	-0.0054594	-0.00679	-0.0063111	-0.0099986	-0.0064821	-0.0033193	0.003923	0.001842	0.0020949	0.0093264	0.044226
0.0046012	0.018372	0.019089	0.0018058	0.018649	0.03659	0.016426	-0.018213	0.0010466	0.0089604	0.013843	0.013644	0.020288	-0.0036796	-0.0069327	0.024998	0.023535	0.0056761	0.0014937	0.0032105	-0.00063577	0.0090327	-0.010385	-0.026829	0.0037303	0.01225	-0.0024979	-0.0081563	-0.0095294	-0.0035732	-0.0046787	-0.010949	-0.020448	-0.0086134	-0.0057406	-0.0050122	-0.0049748	-0.010588	-0.0073885	0.011198	0.035781	0.11417	0.1775	0.16955	0.15789	0.15256	0.16024	0.17537	0.17243	0.17473	0.16828	0.17689	0.2008	0.18465	0.18072	0.17918	0.17952	0.16956	0.13842	0.11511	0.080339	0.033597	0.015747	-0.0035404	0.014154	0.0028958	0.00054141	-0.006955	0.008956	0.0092213	-0.00068423	0.0093133	0.0054223	0.0044508	0.0054315	0.0034965	-0.0031703	-0.018551	-0.010772	0.00081661	0.0062381	-0.015276	-0.0087948	0.015331	0.0069304	-0.011754	-0.0017354	0.01015	0.0012453	-0.005535	0.003596	0.0093501	0.00283	-0.0015281	-0.0015613	-0.00016978	-0.0019311	0.0016819	0.0017365	0.002319	0.014049	0.0053413	-0.0030224	0.010776	0.013907	0.010037	-0.017296	-0.020633	0.003243	0.0084955	0.015318	0.018431	0.068455	0.1846	0.19799	0.15264	0.14578	0.15082	0.16563	0.17388	0.16487	0.16104	0.15823	0.15716	0.15878	0.15733	0.16214	0.16386	0.15688	0.15868	0.15052	0.13542	0.11048	0.073903	0.018971	0.013504	0.0052444	-0.0083536	0.0075182	-0.00093339	-0.019488	-0.014348	-0.019477	-0.0083055	-0.0026996	-0.0040824	-0.0039428	0.0015044	0.00092209	-0.0087206	0.0022108	-0.011028	-0.0051226	-0.0049904	-0.005076	-0.0088645	-0.012729	-0.0112	0.0068522	-0.013166	-0.0024035	-0.0051558	-0.008619	-0.0054264	-0.028624	-0.016621	-0.0048678	0.00037896	-0.0092557	-0.015704	-0.018096	-0.02591	-0.011137	-0.0018915	-0.0020628	-0.0087464	-0.018989	-0.016595	-0.0077746	-0.022767	-0.0049025	0.0040664	-0.0085042	0.010695	0.12469	0.18289	0.14831	0.14537	0.15658	0.15537	0.15391	0.15046	0.15434	0.16193	0.17092	0.17326	0.16599	0.15937	0.17096	0.16432	0.18513	0.1576	0.15097	0.15324	0.14583	0.13167	0.10296	0.056694	0.021241	-0.003955	0.0057646	0.02328	0.0058006	0.0038523	0.0021878	0.020166	0.0060552	0.0046565	0.003658	0.017665	0.020593	0.0034034	0.017327	0.019121	-3.6891e-05	-0.004498	0.010333	0.001643	0.0021844	0.013946	-0.0034564	-0.011479	0.013927	0.0027921	-0.005653	0.0030277	0.013321	-0.0072436	-0.0051493	0.0049826	-0.017662	-0.006298	-0.0093866	-0.01212	-0.0002316	-0.0052507	-0.010543	-0.022443	-0.0074326	0.0023576	0.006457	0.0037793	-0.0067235	-0.0071304	0.00088437	0.032445
0.014959	0.012571	0.0033663	0.015948	0.01634	0.0058566	0.0010504	-0.011727	-0.021386	-0.014376	-0.0015298	-0.0025332	-0.01759	-0.040362	-0.012345	-0.017418	-0.017283	-0.013533	-0.0077314	-0.021335	-0.011258	-0.0035193	-0.01664	-0.028122	-0.023782	-0.012829	-0.0047379	-0.0085504	0.0082328	0.011254	0.011869	-0.009168	-0.0072285	0.01522	0.0035024	0.0037624	-0.016618	-0.010104	0.0025972	0.0073789	0.0045379	0.033557	0.086506	0.21516	0.18167	0.16225	0.15583	0.16669	0.15754	0.17507	0.17813	0.1653	0.16091	0.16672	0.1592	0.15151	0.1418	0.13326	0.11955	0.030506	0.0089072	0.017997	0.014264	-0.012536	-0.0089014	-0.011748	-0.0056523	-0.0034991	0.0042548	0.00093825	-0.01491	-0.017657	-0.022258	-0.023929	0.0093881	-0.0029983	-0.0014322	-0.013252	-0.011498	-0.0039918	-5.5606e-05	-0.017305	-0.019467	-0.0070321	0.0012968	-0.016292	-0.022005	-0.011554	-0.0019473	-0.016184	-0.012819	-0.0042766	-0.011564	-0.013095	-0.018927	-0.0067291	0.0037045	0.0039346	-0.015142	-0.01233	-0.0067122	0.0078391	0.0091352	-0.0019926	-0.0015935	-0.012268	-0.016534	-0.019202	0.00087036	0.0030321	0.012603	0.007611	0.0043995	0.047719	0.17618	0.17053	0.13879	0.14945	0.14416	0.15376	0.16128	0.14949	0.15374	0.15231	0.1389	0.14362	0.141	0.13237	0.14704	0.14861	0.12976	0.11189	0.058212	0.022622	0.001703	0.0044055	-0.0035764	-0.015242	0.010425	-0.0073216	-0.01176	-0.0078722	-0.016293	-0.0051232	-0.0039542	-0.0066523	-0.0041963	-0.00061314	0.0020875	-0.0025924	0.0030275	-0.0032784	0.0016151	-0.001068	-0.0033193	-0.0073462	-0.008864	-0.016492	-0.0024965	-0.0096478	-0.0060049	-0.0021912	-0.0064299	-0.0055083	-0.02339	-0.015874	0.00020778	0.0061179	-0.0027305	0.0069137	-0.010647	-0.013916	0.0012847	-0.0044674	-0.0013073	-0.0075429	0.0068451	0.0046733	-0.0002873	0.0018382	-0.0042363	0.006173	0.011407	0.017337	0.032294	0.14544	0.14398	0.16979	0.15736	0.15023	0.15104	0.15301	0.15607	0.15512	0.16337	0.16444	0.15364	0.14434	0.15205	0.15814	0.16556	0.152	0.15366	0.13284	0.12115	0.095776	0.093154	0.037931	0.021434	0.027824	0.022883	0.010693	0.0022156	0.014845	0.013706	0.012671	-0.013436	-0.0094178	0.018165	0.020957	0.010207	0.010685	0.013173	0.0074896	0.020401	0.0023286	-0.00095228	0.0031806	-0.0027775	0.0071718	-0.0023073	0.010254	0.020477	0.02095	0.011785	0.0024432	-0.001203	0.0014695	0.010306	0.002527	0.0067649	0.0053697	0.006584	-0.0082392	-0.0004321	-0.0016616	0.008416	0.0071057	0.0089802	0.0051478	0.013377	0.0023526	0.0028531	0.00074672	0.01062	0.021117
-0.0018907	-0.014081	-0.002864	0.0078832	0.0057652	0.0029288	0.0021102	0.017973	0.0037051	-0.0054217	0.0061749	-6.4956e-05	-0.0096745	-0.020681	-0.0076466	0.0020848	0.0015974	0.0059671	0.016574	-0.0025247	-0.0034097	-0.0015008	0.002538	-0.0070829	-0.0039748	-0.0014259	-0.011084	0.0021874	-0.0015171	-0.0070678	-0.0068441	-0.0046647	-0.011075	-0.0014971	-0.01763	-0.023474	-0.020305	-0.0071365	-0.01032	-0.0094664	-0.020696	-0.015608	0.016081	0.042495	0.077099	0.14946	0.16445	0.13981	0.16457	0.15801	0.1437	0.14966	0.14981	0.15054	0.13858	0.13453	0.13225	0.08128	0.0082638	-0.00066035	0.0048568	0.0050261	0.006745	-0.010824	-0.001817	0.013973	0.0085875	0.010814	0.0075114	-0.0057816	0.00012231	-0.0076397	-0.00998	-0.010661	-0.041466	-0.0026322	-0.025789	-0.018017	0.0012785	-0.0061661	0.0041577	0.005242	0.010451	0.0098323	-0.00082093	-6.7346e-05	0.0082671	-0.0017797	-0.007056	-0.0014857	0.019552	0.016221	0.0030164	0.0026808	0.013992	0.0074897	-0.0031103	0.0082002	0.0017239	0.0089438	0.015142	0.016342	0.0072038	-0.012245	0.0023878	0.012192	-0.0085243	-0.010037	0.001841	-0.00058126	-0.0039295	0.0018583	0.010591	0.019219	0.031427	0.14303	0.18754	0.15856	0.1446	0.14306	0.16157	0.16451	0.15967	0.14882	0.14572	0.15648	0.14656	0.1341	0.13576	0.093885	0.076706	0.05807	0.042991	0.018989	0.00082599	0.0040079	0.0015988	-0.008395	0.0047219	-0.0056626	-0.0046205	-0.001986	-0.0137	-0.0025305	-0.0057984	-0.0098117	-0.0050393	-0.0033202	0.0026634	0.0029461	0.0032546	0.0038815	0.0077632	0.0022649	-0.0021521	-0.0064174	-0.005589	-0.022374	-0.012435	-0.0067189	-0.010196	0.00018395	-0.0048304	-0.0061798	-0.018745	-0.015716	-0.0030375	-0.00044491	0.00080108	-0.016028	-0.02136	-0.0040416	-0.0083068	-0.009013	-0.012085	-0.021597	-0.020013	0.011308	-0.0020622	-0.017773	-0.00683	0.0077851	-0.0012301	0.0032896	0.010481	0.02818	0.13907	0.19363	0.15755	0.1445	0.14758	0.15497	0.15721	0.14771	0.15522	0.15504	0.1407	0.12872	0.13255	0.15137	0.1454	0.1458	0.15576	0.11186	0.095878	0.059296	0.030772	0.024106	-0.0016797	-0.013008	-0.0052315	-0.0037689	0.0084542	0.0066229	-0.0003867	0.010641	-0.0026354	-0.0064378	0.031351	0.019337	-0.0035521	0.020027	0.021424	0.018619	0.0019513	0.011274	0.013763	0.011108	-0.0086442	-0.021449	-0.0065369	-0.0040863	0.0027294	-0.0042041	0.0011437	0.0051097	0.00291	0.0071768	0.01222	0.0061641	-0.0012746	0.0019979	-0.00028716	-0.013194	0.00056719	0.0043675	0.0091426	0.00073284	-0.0068031	0.0039033	-0.013774	-0.0034921	0.0050858	0.0064449	0.0079872	0.0059297
0.013589	-0.0016198	-0.016744	-0.018527	-0.018458	-0.02232	-0.014568	-0.0071387	-0.02285	-0.019574	-0.0081212	-0.018956	-0.02646	0.0012203	0.002666	0.010351	0.00091328	0.0081673	0.0085053	0.0074647	-0.0010831	-0.0044653	-0.0021472	-0.0037175	-0.0059349	-0.01012	0.0019527	-0.0021505	0.0011919	-0.0061328	-0.015198	-0.0078898	-0.012064	-0.01374	-0.0031317	-0.0066654	-0.016087	-0.020169	-0.0089256	-0.0088738	-0.01477	-0.014907	0.0025348	0.012671	0.0055501	0.02571	0.054214	0.092212	0.12607	0.1645	0.16716	0.17019	0.14893	0.13241	0.087113	0.04802	0.025891	0.0091835	0.013272	0.011442	0.01702	0.023855	0.0065052	-0.0027823	-0.001872	-0.011015	-0.012869	-0.014587	0.0064291	-0.010691	-0.0044586	-0.011482	-0.015114	-0.0051076	-0.00093693	0.0064232	0.0047424	-0.001016	0.0042743	0.0074888	0.0036211	0.0089362	0.00053065	-0.015751	-0.0055318	0.0012692	-0.0052378	-0.018391	-0.017122	-0.011539	0.00030396	-0.0011079	-0.01114	0.00014208	-0.007678	-0.0070034	-0.0051001	0.0096976	0.0040086	-0.020307	-0.01124	0.0033605	0.0060201	0.004813	0.00086618	0.0043182	0.01022	-0.0046309	-0.0063475	0.013029	0.016615	0.0027896	0.0087569	0.0028492	0.028961	0.029493	0.053511	0.14308	0.17421	0.18676	0.1509	0.13299	0.16766	0.15676	0.16158	0.14589	0.15612	0.15502	0.17213	0.14706	0.082386	0.045259	0.027789	0.015375	-3.1392e-05	0.00363	0.0067936	-0.0015281	-0.00096124	-0.0039841	0.0025382	0.0039199	-0.011086	8.1849e-05	-0.0076229	-0.012952	-0.0058627	-0.0060077	0.0032589	0.0085043	0.0035013	0.011061	0.013931	0.0056174	-0.00096535	-0.005469	-0.0022943	-0.028236	-0.022353	-0.0037705	-0.014367	0.0025787	-0.0032113	-0.0068316	-0.014081	-0.015538	-0.0062632	-0.0069881	-0.010911	-0.0069909	-8.1048e-05	0.00087996	0.004488	0.0076942	0.013886	-0.016621	-0.013768	-0.0051165	0.0005844	-0.0031632	-0.00033822	0.011162	0.0065024	-0.0013819	0.010733	0.024487	0.045573	0.08223	0.18049	0.16646	0.15043	0.15905	0.15559	0.16453	0.15359	0.16564	0.14957	0.16123	0.16777	0.16445	0.15671	0.15265	0.13693	0.1128	0.058354	0.030265	0.02326	0.015709	0.0083548	0.018068	0.0073458	0.015502	0.005831	0.010191	0.014582	0.0052386	0.01495	0.0032941	-0.023218	-0.01023	0.013216	0.01558	-0.027007	-0.021451	-0.0036133	0.0090657	0.0030498	-0.022465	-0.0077321	0.0013149	-0.0027241	0.0014785	-0.0059515	-0.0065083	0.00065668	0.010179	-0.0020943	-0.0073069	-0.014901	-0.0051586	-0.0030195	0.0042143	-0.0032889	0.0033478	0.0011842	0.0018436	-0.0117	0.002011	-0.0028774	-8.6223e-06	-0.0022143	-0.0078549	-0.0097907	0.011682	0.015496	-0.0040943
-0.0012559	0.0085703	0.0068935	0.0040664	-0.0056637	-0.0010453	-0.0023767	0.0040752	1.5133e-05	0.0039924	0.003363	0.0054634	0.0072313	0.0064535	0.0064452	0.0052659	0.0017238	0.0043733	-0.0058438	-0.011022	-0.011757	-0.0048179	-0.0024819	-0.0070475	-0.010369	-0.0053216	-0.017696	-0.0026002	0.00032363	-0.012128	-0.013094	-0.017587	-0.011686	0.011861	-0.0085816	-0.017662	-0.0099639	-0.019253	-0.021941	-0.013162	-0.012264	-0.011048	-0.015013	-0.014208	-0.016832	0.0016177	0.016014	0.020624	0.019729	0.020518	0.011936	0.010309	0.0099592	0.027457	0.012049	0.0076669	-0.00029685	-0.0080053	-0.004629	-0.0025371	-0.0048294	-0.004517	-0.0077721	-0.011926	-0.018919	-0.015534	-0.0063066	-0.0095148	-0.0073452	-0.029875	0.0051184	-0.001141	-0.0010059	-0.0069112	0.00052598	-0.0060597	-0.01163	-0.012406	-0.0022153	-0.013833	-0.030182	-0.025245	-0.021387	-0.021557	-0.012706	-0.023306	-0.025003	-0.01122	0.0034582	-0.011899	-0.012504	-0.012802	-0.010641	-0.012133	-0.0085592	-0.0021885	-0.012257	0.0081029	0.021155	-0.0067985	-0.0024256	-0.0016839	0.00031871	0.0097905	0.005886	-0.0037371	-0.0015928	0.0034866	-0.005282	-0.0082837	-0.020922	-0.00061188	0.013982	0.032549	0.01207	0.023984	0.025544	0.020163	0.031731	0.047082	0.10202	0.11939	0.12844	0.1341	0.13101	0.096576	0.077588	0.068971	0.030451	0.024914	0.016236	0.011833	0.011296	0.0023527	0.0029094	0.012702	0.013217	0.011141	0.0039161	-0.0047151	0.0050065	0.0034911	0.01464	-0.0097877	-0.0031534	-0.0020239	-0.0027596	0.0010512	-0.0071553	-0.012954	0.00052842	-0.0035627	-0.012643	-0.0049326	0.0023036	-0.017801	-0.014591	-0.018236	-0.0042322	0.023973	0.081725	0.063736	0.021206	0.0055625	-0.0044053	-0.0049404	-0.020113	-0.0019303	-0.0036375	-0.010498	-0.012773	-0.010128	-0.0023838	-0.0069684	-0.0012324	-0.0018398	-0.007065	-0.0025782	-0.0025431	-0.0060015	0.0076784	-0.0088462	-0.0084311	0.002884	0.0032946	0.014691	0.015542	0.017903	0.034305	0.095892	0.15173	0.19747	0.14473	0.14204	0.15437	0.14984	0.15002	0.14823	0.14708	0.14822	0.14676	0.15633	0.07436	0.039729	0.036297	0.032461	0.022533	0.019831	0.0026601	0.017236	0.019673	0.012514	0.010565	0.015597	0.012166	0.0095666	0.015832	-0.0079784	0.0088934	0.0065635	0.0072252	0.016616	0.016433	0.020187	0.022445	0.0053445	0.008106	0.00717	0.0034255	0.0053701	0.014874	0.011143	-0.0059648	-0.0066422	0.010843	0.0068107	0.0079298	0.0054315	-0.0032772	0.015817	0.032205	0.011979	0.014836	0.012223	0.023452	0.015126	0.010774	0.0040372	0.011438	0.011871	0.0061152	0.017118	0.016561	0.034223	0.024224	0.020723
-0.01948	0.00070614	-0.010128	-0.0064173	0.0011984	0.0022661	0.0038358	0.0045958	-0.0078277	-0.0050806	-0.017204	-0.015975	-0.018135	-0.0042077	-0.0072863	-0.0056626	-0.012154	-0.016814	-0.0023682	-0.0098771	-0.00073926	-0.0013041	0.0048651	-0.011187	-0.0016655	-0.0084378	-0.0051246	-0.0063882	-0.013473	-0.007454	-0.0075994	-0.013466	-0.0027525	-0.015006	-0.0045736	0.0027046	-0.011558	-0.01949	-0.0049067	-0.0098813	-0.018188	-0.017266	-0.015739	-0.023725	-0.011392	-0.00072311	0.00074543	0.004642	0.0059283	-0.0030726	-0.0055469	0.0015465	0.0050704	-0.0028853	0.0025738	0.0026973	0.0026953	-0.0090474	-0.0063798	0.0091936	-0.0036619	-0.002905	-0.0096333	-0.019946	-0.00070879	-0.0041414	-0.018249	-0.03611	-0.010294	-0.012796	-0.022568	-0.012652	-0.0067198	-0.015992	-0.02384	-0.00096667	-0.016518	-0.028242	-0.015306	-0.00774	-0.0068258	-0.0092608	-0.0047524	-0.0095683	-0.0022044	-0.011452	0.0056385	0.0038168	-0.0091889	-0.011779	-0.0079614	-0.0082655	0.0048675	0.0061598	0.0014804	-0.011744	-0.01746	0.0037696	0.0038153	0.010865	0.0059957	0.0060033	0.0055102	0.006516	0.0053072	0.00087712	0.010949	-0.0036878	0.0019519	-0.0079709	-0.0040008	0.00012868	0.030921	0.028397	0.00014919	0.0079087	0.011768	0.026742	0.0015315	0.0088853	0.025184	0.012993	0.013961	0.013256	0.01934	0.020955	0.016167	0.016757	0.021447	0.018696	0.00072891	0.010802	0.019268	0.012277	-0.0061903	-0.0047139	0.0080572	0.023693	0.010908	0.014475	0.012609	0.024353	0.0032664	0.00075779	-0.0066811	0.0003138	0.0053439	0.0087214	0.013335	0.009025	-0.0051825	-0.012461	0.002452	0.0071728	0.0051686	-0.00214	0.0035599	0.0076965	0.0018094	0.079236	0.16463	0.13557	0.025557	0.009671	0.022874	0.0014685	-0.0021478	0.0069634	0.014615	0.0068866	-8.311e-05	0.0043444	0.0086115	0.0017379	-0.0076504	0.015444	0.012625	0.0023596	-0.00019044	-0.0066808	0.012557	-1.4062e-05	-0.0012464	0.019085	0.02128	0.0040898	0.0020207	-0.0014697	-0.0028521	0.019075	0.049975	0.050396	0.055192	0.080921	0.11208	0.13673	0.13546	0.11097	0.068304	0.052739	0.031217	0.022343	0.010744	0.0093216	0.012641	0.0046427	0.0014707	0.00893	0.0048705	-0.0032811	-0.0044199	-0.011025	-0.0040356	-0.004826	-0.0084827	-0.0067908	-0.0091442	-0.013943	-0.010487	-0.0040465	0.00020147	0.011086	0.0076932	0.0084545	0.011271	0.0013498	-0.00063064	0.00084379	0.0035303	0.0027334	0.00040959	0.0061121	-0.0041273	-0.0064212	0.0058174	-0.00035446	-0.0021334	0.012576	0.007581	-0.0078177	-0.0060576	-0.013246	-0.01198	0.0062053	-0.013493	-0.0084106	-9.1397e-05	-0.0082854	-0.0053756	-0.00018831	-0.0057306	-0.0046616	-0.011036	-0.018139	-0.013931	-0.0079516
-0.0031666	-0.015607	-0.010352	-0.0040725	-0.014612	-0.0022958	-0.020002	-0.018499	-0.011554	-0.0071534	-0.0106	-0.018775	-0.020323	-0.018249	-0.018018	-0.011747	-0.019496	-0.01988	-0.03471	-0.01247	-0.0044122	0.0035434	0.00053478	-0.015597	-0.0025782	0.0091401	-0.0058948	-0.01248	0.0089784	0.011092	0.0033387	0.010729	0.01624	0.024521	0.01976	-0.00612	0.0018033	-0.001975	-0.0063982	-0.010334	0.005521	0.0058851	0.011638	0.012052	0.0067639	0.0080412	0.010178	0.0053653	-0.0015964	0.0083963	0.013621	0.0036271	0.019773	0.016658	0.017955	0.012528	0.0078798	0.015608	0.01231	0.014421	0.0057972	0.010214	0.0022618	-0.019481	-0.0062531	0.0095362	-0.0037972	-0.012477	-0.0047273	0.0025253	-0.017631	-0.0024792	-0.0077433	-0.011564	-0.0024588	9.8242e-05	-0.0010077	-0.013979	-0.011385	-0.0090904	-0.01395	0.0059923	0.0051871	0.0020465	-0.010582	-0.0056284	-0.0022775	0.0020106	0.01214	-0.002581	-0.0041894	0.0056806	-0.013463	-0.0036372	-0.00044981	-0.0054201	0.0053797	0.010576	-8.2515e-05	-0.0084833	-0.0065658	0.0094688	-0.018249	-0.014146	0.015518	-0.010854	-0.021192	0.0013015	-0.0013399	-0.012185	-0.010672	-0.00095575	0.009888	0.024014	0.0055843	-0.0013845	-0.00162	-0.0018976	0.0050346	0.01261	0.01519	0.0019145	-0.010321	0.0061254	-0.0020099	0.00026823	0.013524	0.0040927	0.011913	0.00080853	-0.0085996	-0.0011265	0.007002	0.0015425	-0.0012906	-0.0054228	-0.017808	-0.021983	-0.0088775	-0.01052	-0.031065	-0.023115	-0.018836	-0.027234	-0.019619	0.016463	0.0030086	-0.005529	-0.0044757	0.012451	0.0055809	0.006674	0.0053878	0.0052296	0.0033124	0.0084261	0.0068926	0.0028177	0.0029059	0.050389	0.12917	0.11814	0.033201	0.0062454	0.0058302	-0.0067527	-0.012478	6.551e-05	7.6512e-06	-0.0012541	-0.017299	-0.010824	-0.0016329	-0.0018668	0.0090511	0.0091813	0.0078224	0.0098889	0.0051307	0.012858	0.023088	0.020071	0.014259	0.015916	0.022648	0.019854	0.012086	0.012876	0.010786	0.0043177	0.0072251	0.011582	0.017411	0.032175	0.0182	0.010682	0.017227	0.022832	0.01599	0.005118	0.0086873	-0.0033579	-0.0065727	-0.0068188	-0.011597	-0.0093857	-0.006595	-0.010367	-0.0090571	0.011073	-0.0055901	-0.0059008	-0.0074983	-0.0075698	-0.022244	-0.019492	0.0035235	0.007856	-0.0087735	-0.015101	-0.0072663	0.0051121	-0.0014912	-0.0037226	-0.00034654	-0.0030891	-0.0098114	-0.0059265	0.0031911	-0.00034742	-0.014499	0.00063672	-0.0027339	-0.0066442	0.00034743	-0.0079637	-0.012641	0.019277	-0.014583	-0.009762	0.011062	-0.013848	-0.0049231	0.0059555	0.0017769	0.0013207	0.0017926	-0.0036244	-0.010788	0.006206	-0.013553	-0.030992	-0.0089628	-0.0022869	-0.011837	-0.023776
-0.006411	-0.0036543	-0.004841	-0.0031643	-0.0097585	-0.0073888	-0.0080175	-0.0014118	-0.0041673	-0.008513	-0.013646	-0.0021427	-0.01495	-0.011745	-0.00010994	0.01162	0.0084584	0.0029939	-0.0021899	0.001684	0.010591	0.01031	0.0008729	0.0012273	-0.0028689	0.001182	0.0055879	0.011644	-0.013873	0.0026608	0.01121	0.0059272	-0.0018021	0.0098059	0.0026453	0.018189	0.019562	0.010196	0.0037763	0.0039982	-0.00031444	-0.014753	-0.0021335	0.0090013	0.0013212	-0.0050959	0.0054008	-0.0064279	-0.0065731	0.013913	0.006634	-0.0032563	0.0010349	0.0037269	0.0050603	0.0038725	-0.0067776	-0.0018726	-0.0017336	0.00042631	0.0033206	-0.0089254	-0.0086888	-0.00024799	-0.011353	-0.011638	0.0034157	-0.012491	-0.011922	0.0045037	0.010467	-0.0032759	0.00043776	0.0086446	0.0049502	-0.0030384	-0.0066721	-0.0061472	0.014868	0.0071846	-0.0045983	0.0055925	-0.0067115	-0.0007671	0.00062128	-0.0068227	-0.017246	-0.01445	0.0023796	0.014553	0.011219	0.0044255	0.0020281	0.0015282	-0.0042538	0.00021081	0.0054876	0.0023093	0.00092959	-0.01	-0.022647	-0.0080261	0.0058365	0.0032283	-0.0095812	-0.019538	-0.0051245	0.006546	0.0079938	-0.0078385	-0.016089	-0.011198	-0.0085045	-0.0087017	-0.0065656	0.0020906	0.0012447	-0.0025118	-0.0066034	-0.013064	-0.014712	-0.00031809	0.0010296	0.0040121	0.00015049	-0.00943	0.0013577	0.016944	-0.0022348	0.0085919	0.0081529	0.011988	-0.0012091	-0.0010424	-0.0067866	-0.015106	-0.00031597	0.0023853	0.0041848	-0.00041467	-0.00040674	0.0037607	0.012393	0.0064653	-0.00271	-0.011015	0.011848	0.01243	-0.0015396	-0.0161	-0.013887	0.0019367	0.0060663	0.0056883	0.010369	0.001803	0.017413	-0.0012903	0.0047732	0.022314	0.094492	0.10148	0.041615	0.0035906	-0.010443	-0.014203	-0.022038	-0.0060616	-0.013829	-0.0086241	-0.033744	-0.025221	-0.011107	-0.0047008	0.0063325	-0.0065224	-0.0018792	0.0057074	0.0097389	0.0063666	0.0061579	0.0006089	-0.004575	0.0064204	-0.00413	0.0057896	0.019991	0.012689	0.01749	0.017586	0.012889	0.018134	0.015672	0.016378	0.030903	0.039451	0.039602	0.038287	0.02932	0.017645	0.017018	0.020243	0.013258	0.0022776	0.0041455	0.0071991	0.001339	-0.0028959	-0.0083189	0.017352	0.011816	-0.0085144	-0.025585	0.014246	0.012263	0.0059443	0.0027804	-0.00079557	-0.01286	-0.015757	0.0067803	0.0036125	-0.01109	-0.016125	-0.016684	-0.011255	-0.018416	-0.02358	-0.0065496	-0.0074877	-0.014389	-0.011814	-0.016222	-0.010192	-0.0059833	0.0051024	0.0065863	0.0093426	0.0039793	-0.0044063	-0.00068948	0.005199	0.0068123	0.0068417	0.0040069	-0.0015807	-0.00032302	-0.003527	-0.0062073	-0.011133	-0.005506	-0.018774	-0.017037	-0.00044483	-0.0098443	-0.020089
-0.0058662	-0.006188	-0.028715	-0.018824	-0.01167	0.0033429	1.1503e-05	-0.013469	0.001257	-0.019462	-0.018145	0.011247	-0.01101	0.0055478	0.013283	0.015476	-0.0020186	-0.0024568	-8.6747e-06	0.00061825	0.0032449	0.00097728	-0.0061648	-0.0018361	-0.0039376	-0.019068	0.0018223	0.009192	-0.015151	-0.0098052	-0.013633	-0.012127	-0.0019771	0.01229	-0.013413	-0.020049	0.0018277	0.00030263	-0.0051312	-0.021117	-0.0025233	-0.0060243	0.0038789	0.010819	0.014992	0.00093469	0.018091	0.021231	0.011763	0.019898	0.020673	0.0093405	0.003376	0.013655	0.020674	0.010816	-0.00055358	0.012242	0.015433	0.012545	-0.0044765	0.0054258	0.012467	-0.014555	0.0041322	-0.00015796	-0.00045834	-0.002105	-0.0032727	-0.0068365	0.001224	0.0085435	0.012016	0.0035156	-0.016186	-0.0058427	0.0068769	-0.0088916	-0.014835	0.0039883	0.010002	0.00088116	0.011615	-0.0046966	-0.00094384	-0.0020314	0.00057168	0.011711	0.016522	0.0038698	-0.0080421	-0.0005012	0.0057028	0.0009869	0.010973	-0.0016857	0.00089625	-0.020861	0.017457	0.021258	0.0035665	0.0040374	0.0071099	0.010493	0.0040298	-0.0050306	-0.0015334	0.0071236	0.0060855	-0.01104	-0.00025233	0.0053453	-0.00068157	0.0061334	0.0044253	0.0052996	0.024626	0.0061751	0.0026751	-0.010494	0.0099772	-0.0056368	0.0099078	-0.0046634	-0.0021089	0.0054203	0.00051962	0.020384	0.0047236	0.0072828	0.0022855	0.0019403	-0.0070685	-0.01543	0.00049901	-0.0037155	-0.0013701	-0.0045782	-0.009558	-0.0036615	-0.012658	-0.020189	-0.0097088	-0.0035419	-0.019205	-0.02953	-0.0043432	-0.0048876	-0.0080963	-0.0014722	-0.0073453	-0.0070582	0.0018236	0.002993	0.0050318	0.0046422	0.0087576	-0.0030278	0.018339	0.0026185	-0.0028793	0.027903	0.01813	0.0042063	0.007173	0.010758	-0.00044499	0.010904	0.0011312	0.0063152	0.0093838	0.001797	0.010638	0.013269	0.0012091	0.0061911	0.0076589	0.017938	0.013146	0.024193	0.0012634	0.0118	0.015558	0.011941	0.0063918	0.0062599	0.0022939	-6.7319e-05	0.018777	0.018118	0.01065	0.0097357	0.017202	-0.0080743	0.001951	0.0092584	-0.016621	-0.014503	0.005865	0.0047354	0.012801	-0.0087328	-0.016008	-0.0072968	-0.0063758	0.00039028	-0.0029836	-0.0041143	-0.011739	-0.0026928	-0.0017342	-0.0071339	-0.020197	-0.020063	-0.010022	-0.010041	-0.010351	-0.0053341	-0.0053012	-0.018349	-0.019988	-0.0054096	-0.0016313	-0.012753	0.003917	-0.0051504	0.005041	0.00036282	-0.026285	-0.010501	0.00052743	0.0063684	-0.0096305	0.00054809	-0.004543	-0.011635	-0.0097618	-0.0069837	-0.017765	-0.0037425	-0.01065	-0.0064857	0.0052892	0.0036768	0.0019958	-0.010066	-0.01265	0.015177	0.014925	-0.00016367	-0.016387	-0.017257	-0.00085246	0.00092916	-0.007144	-0.011712
0.011337	-0.0063187	-0.0041945	-0.0047882	-0.0036607	-0.015268	0.00015257	-0.0058338	0.0039538	0.0046671	0.0025688	-0.0018507	-0.003592	0.0018509	0.01273	0.003391	0.0076224	0.00058163	0.0041092	0.017415	0.0055241	0.0078079	0.0069584	0.005552	0.015184	0.0135	0.012499	0.0078734	0.0085006	-0.0044572	-0.008674	-0.002732	0.0036043	0.0053308	-0.0070492	-0.0099022	-0.0016087	-0.0047724	-0.0027131	-0.016877	-0.0036802	-0.0055774	0.0044368	0.0033557	0.0030074	-0.0036037	0.017412	0.021762	-0.0049366	-0.010679	0.012835	0.024249	0.0082053	-0.0049019	0.0040901	-0.0014827	0.0027293	0.015577	0.014621	0.0061735	0.0024597	0.0065121	0.0030099	0.003119	-0.0028033	0.0012235	-0.0078212	-0.0035953	-0.01231	0.00089534	-0.0046035	-0.0099164	-0.0035336	0.0074986	-0.0068495	-0.02279	-0.02186	-0.015543	-0.018816	-0.015128	-0.016801	-0.0085208	0.0051772	0.0044773	0.002844	-0.0028125	0.0012581	0.0066892	-0.007128	-0.0082647	0.0013389	0.001226	-0.014312	-0.014449	0.0010578	0.0022896	0.0056595	-0.00033847	0.0069967	0.0091904	0.02335	0.018915	0.016079	0.0057238	-0.0062047	-0.0079941	0.00089861	0.0062744	0.022372	0.0050952	-0.0082175	-0.00047452	0.0075027	-0.00011414	-0.019996	-0.012188	-0.0045881	-0.010052	-0.019908	-0.0053423	-0.0018442	-0.0035207	0.0021535	-0.004507	0.013435	0.0069804	0.0065843	-0.0098845	-0.0047086	-0.013055	-0.0038896	-0.0034233	-0.014663	-0.0024119	-0.0060234	-0.0081893	-0.0067599	-0.020134	-0.0082606	-0.004841	-0.013187	-0.0055143	-0.005497	-0.0052878	0.0010073	-0.012039	-0.015845	-0.0050514	0.0026456	-0.0026371	-0.0055511	0.001255	0.0099359	0.0053936	0.0017623	0.016229	0.019593	0.0062589	-0.0028414	0.025717	0.028312	0.0062629	0.014376	0.0062602	0.0059624	0.0086075	0.008221	0.0066597	0.019453	0.011553	0.0048998	-0.0046638	-0.010039	-0.013284	-0.00020174	0.01003	0.0003145	0.0043758	0.00076756	-0.012955	-0.012723	-0.0076217	0.00038249	0.014265	0.007155	-0.012716	0.004722	-0.0067885	0.011422	-0.0047886	-0.0078649	-0.0087045	-0.012108	0.0027839	0.0024786	0.0033621	0.0088392	0.0025146	0.0086727	0.024042	0.016737	0.0073047	0.0049423	0.010114	-0.0050121	-0.00073033	0.0035587	0.010992	0.0055132	-0.0027103	-0.0069527	-0.0063926	-0.0064265	-0.0047032	-0.0031047	-0.0073236	-0.012633	-0.013362	-0.011948	0.0090968	-0.0023806	-0.025586	-0.022083	-0.0088673	-0.026389	-0.02444	-0.000994	-0.0015893	-0.005228	-0.0066231	-0.009697	0.0069306	0.012508	0.0082354	-0.01145	0.0086768	-0.0088253	-0.0025779	-0.00071199	-0.0057941	-0.007061	-0.00060698	-0.010703	0.00026688	-0.0092086	-0.0093392	-0.010305	0.0038236	-0.0076945	-0.0012023	0.0081749	0.016996	0.005165	-0.0012152	-0.0023509	0.0024476
-0.012701	-0.014808	-0.025633	-0.022359	-0.015233	-0.015812	0.0015301	0.0047677	0.0062953	-0.0020929	0.018103	0.030076	0.033855	0.037186	0.012862	0.01764	0.015883	0.0079095	-0.0065707	0.0037606	0.0047467	-0.0016881	-0.0099528	0.0092597	0.0020248	0.0012726	-0.014194	-0.0062958	0.0014271	0.00098875	-0.003617	0.0067605	0.0092836	-0.0015303	-0.00058749	0.00034268	-0.0049474	-0.0097495	-0.0001971	-0.012539	-0.0047392	-0.0050326	0.0050925	-0.0040094	-0.0088797	-0.0080443	0.0095113	0.0085497	0.0026218	0.0036367	-0.0096429	-0.0029774	-0.0038725	-0.015171	-0.020187	-0.0081906	0.0087607	0.0078539	-0.019219	-0.01563	-0.0093369	-0.0040444	-0.0070768	-0.020409	-0.012972	-0.011435	-0.0040985	-0.01457	-0.014965	-0.016081	-0.0070554	-0.018557	-0.0078086	-0.0063125	-0.017451	-0.021146	-0.013639	-0.012083	-0.010723	-0.0091722	0.0080935	0.00070625	0.0041152	0.0079761	0.017131	0.016418	0.017036	0.017891	0.019939	0.022903	0.021439	0.01793	0.0074978	0.01663	0.0099522	0.012764	0.021964	0.0015736	0.016542	0.014628	-0.0037678	0.0042952	0.020639	0.0010461	-0.0012407	0.0039471	0.0066847	0.0031941	0.0066144	0.0062537	0.0031017	0.0013959	-0.005759	-0.01037	-0.000829	0.0055501	0.015178	-0.010656	-0.013999	-0.0047347	0.0046405	0.01109	-0.0028926	0.003665	0.0033925	0.00075803	0.0010357	0.018516	-0.0013859	0.0035426	-0.0024695	0.0029022	0.009068	-1.1803e-05	-0.0066088	-0.0096401	0.00088326	-0.013038	-0.016215	-0.020137	-0.016121	-0.019477	0.0016625	-0.0011464	-0.0063149	-0.0042086	-0.0062396	-0.0094585	0.00045531	-0.0047138	-0.0060792	-0.0032349	0.008862	0.0071193	0.0040348	0.0076392	0.018054	0.0090935	0.0045932	0.021076	0.02302	0.0082869	0.010869	0.010105	0.0065239	0.006503	0.0014759	-0.0059359	0.0089422	0.0032649	-0.0010723	0.0028335	-0.016423	-0.019004	0.013747	0.0228	-0.0058541	0.0030317	-0.0077597	0.0072805	0.0156	0.026522	0.0057936	-0.0017512	0.010493	0.010857	-0.018897	-0.018789	-0.0039429	0.0047913	0.0078063	0.011974	0.016773	0.008962	-0.012019	-0.022008	-0.0056266	0.003058	0.0066709	0.002638	-0.0015396	0.014136	0.019861	0.015938	0.0037962	0.017131	0.013317	0.027452	0.016222	-0.010228	0.00016963	-0.014198	-0.011525	-0.022406	-0.02494	-0.015178	-0.011073	-0.022371	-0.025875	-0.024634	-0.025553	-0.01909	-0.019786	-0.009204	-0.010817	-0.010275	-0.012067	-0.020349	-0.0036601	-0.0022727	-0.0081549	-0.0064363	0.0019881	0.0086146	0.010034	-0.0046809	0.00716	-0.0065486	0.0077478	-0.014324	-0.016008	-0.009174	-0.0063765	-0.0047307	-0.0078899	-0.0085823	-0.0026047	-0.0029544	-0.0040414	-0.009297	0.0037624	-0.010461	-0.006282	0.0018987	0.0065844	0.0073989
-0.01529	-0.0089958	-0.0057576	-0.011664	-0.024655	0.0059536	0.022696	0.0299	0.053095	0.10914	0.15682	0.1955	0.20483	0.21846	0.20843	0.17656	0.15872	0.10085	0.05292	0.039015	0.044688	0.02507	0.018269	0.029795	0.011595	0.0044145	0.0071734	-0.0020407	-0.00053197	0.012368	-0.0070077	-0.011966	-0.013838	-0.0064972	-0.0091603	-0.015535	0.00027086	-0.0073837	-0.0030279	-0.0050364	0.0049929	0.020509	0.010349	0.00362	-0.0047273	0.012499	0.006976	-7.2704e-05	-0.0021563	0.0031552	0.015798	0.00043317	-0.0077018	-0.015469	-6.9499e-05	0.005856	0.012913	-0.018254	-0.012495	-0.0093186	-0.0078601	0.0063831	0.0047775	-0.0025801	-0.0057042	-0.0098293	-0.011039	-0.020497	-0.0024568	-0.0078945	-0.00014692	-0.0012496	-0.0030001	-0.0038271	0.0033511	0.0041124	0.0022936	-0.001603	0.0013226	0.0092331	0.0095198	0.023073	0.026812	0.037176	0.048665	0.072812	0.055466	0.036992	0.039886	0.022536	0.013143	0.012521	0.020495	0.01098	-0.0063212	-0.0055751	-0.0013428	0.018002	0.014543	0.006291	0.0064606	0.012972	0.011999	0.0019314	0.0039526	0.017277	0.0041625	-0.0098993	-0.0044971	-0.0045582	-0.0025209	0.00037192	-0.0094528	-0.0057877	-0.0026586	0.0025861	-0.0048448	-0.00062165	0.0091734	0.010388	-0.0059285	0.0037831	0.015585	0.0084893	-0.00099231	0.014707	0.010603	0.018222	0.0067744	0.001443	-0.0048806	-0.0088769	-0.0015182	-0.0016	-0.0041783	-0.0030798	-0.0035283	0.0061498	-0.0036002	-0.021252	0.0018105	0.0031651	-0.0036435	-0.010463	-0.008359	0.0042074	0.0068123	-0.010419	0.0017111	-0.0033444	-0.0031612	-0.0042786	0.011234	0.012291	0.0097533	0.0024954	0.019961	0.015374	0.015474	0.019882	0.021175	0.013757	0.010808	0.017395	0.010531	0.0078445	-0.0018232	-0.015085	0.0018774	-0.0015772	-0.016946	0.0036306	0.0060293	0.0036976	0.0056007	0.0064288	-0.00036986	-0.0020474	-0.0083373	-0.0056636	0.0017504	-0.013655	-0.016082	-0.0064143	0.0082141	0.0018045	-0.005389	-0.015831	0.010498	-0.014492	-0.0058159	0.0082201	0.0063275	-0.0065081	-0.0084189	0.0041823	-0.022061	-0.0088046	-0.010683	-0.0091729	-0.019596	-0.019283	-0.0066528	-0.013712	-0.019235	-0.011517	-0.0096771	-0.024029	-0.018245	-0.022523	-0.022391	-0.010246	-0.0023371	-0.010787	-0.019768	-0.023936	-0.031441	-0.0074175	-0.029157	-0.018258	-0.026998	-0.010834	8.4684e-06	-0.011118	-0.0055015	-0.00012227	-0.0060864	0.0027665	0.02014	0.018619	0.0080147	0.0035546	-0.0029412	-0.0092552	0.011237	0.011055	0.024988	0.0048402	-0.0056217	0.0048358	0.016709	-0.0089774	-0.011367	0.0073644	0.022139	0.0012013	-0.0021182	-0.0045083	-0.0032439	-0.0080622	-0.012644	-0.014927	0.0022345	-0.012815	0.0023894	0.0077385
0.00092954	0.014825	0.011369	0.0057721	0.017278	0.045416	0.062207	0.1894	0.22973	0.23863	0.20567	0.16442	0.1559	0.15199	0.15065	0.16017	0.16126	0.18783	0.17725	0.11885	0.053759	0.040972	0.01899	0.0095172	0.00099498	0.0069532	0.0039623	-0.0084788	-0.0033022	0.005689	0.00066079	-0.016011	-0.0071095	0.0044768	0.003047	-0.0068416	-0.0019378	-0.0094794	0.0078693	0.013148	-0.00013595	0.0085838	0.016571	-0.012877	-0.0080163	0.0010493	-0.0042088	-0.013929	-0.01035	-0.00046527	0.0037114	0.00082687	0.00040833	0.010217	-0.0058321	-0.0029379	0.011736	-0.0023429	0.0051289	0.0085258	-0.0024197	-0.0037387	-0.0014792	-0.0093897	-0.0050415	-0.0021005	-0.0098916	-0.012407	-0.0035629	-0.0089537	-0.012473	0.0069126	-0.0059707	-0.019883	-0.01218	-0.0078989	-0.01355	-0.0056921	0.012652	0.039165	0.068886	0.10267	0.17396	0.19213	0.22382	0.21312	0.20732	0.20687	0.16784	0.086651	0.062774	0.030895	0.0076508	0.0017178	-0.0091269	0.0021217	-0.0030586	0.010401	0.0070329	-0.0048425	0.0035463	0.013634	0.0059857	-0.003048	-0.0049838	0.0010587	0.0012183	-0.0075741	-0.012122	-0.010981	0.0034132	0.002719	0.0078826	-0.00061416	-0.0043531	0.0035827	-0.0048229	-0.010046	-0.00093363	-0.012179	0.00056057	-0.0071713	-0.026867	-0.0055211	-0.014997	-0.01209	-0.019647	-0.016961	-0.0072945	-0.0041276	-0.0078589	-0.010783	-0.0051834	0.0005218	-0.0057057	-0.0004897	-0.0069579	-0.0018974	-0.003779	-0.01664	-0.0073576	-0.0049734	-0.0077534	-0.0094171	-0.007783	-0.0058908	-0.0088989	-0.013558	-0.00051261	-0.0049019	-0.0019503	0.0038769	0.0081755	0.012387	0.018232	0.020676	0.054668	0.071617	0.053411	0.039888	0.041183	0.039062	0.035882	0.024585	0.024375	0.0059489	0.0060801	0.01627	0.015043	0.0021923	-0.0013285	-0.007913	-0.0073129	0.0021315	-0.0081847	0.0027945	-0.0053746	-0.0010998	-0.014801	-0.018184	-0.0055476	0.0037517	0.0070146	0.017953	-0.0066863	0.0062807	0.0050955	0.00036767	0.0032757	-6.4104e-05	-0.0097471	-0.0045903	0.0011406	0.0039194	0.010592	-0.0021289	6.0078e-06	-0.0010831	0.021093	0.026789	-0.0010526	0.0014292	0.012533	0.012165	-0.013131	-0.0067705	-0.0064515	-0.0038907	-0.0055298	-0.0037683	-0.01514	-0.0081763	-0.016757	-0.0071649	-0.013638	-0.019975	-0.012385	-0.013327	-0.01021	-0.014188	-0.014875	-0.0104	0.0079878	-0.0066544	0.004056	0.0024846	0.015206	-0.00084415	0.015036	0.0069783	0.019358	0.023842	0.01817	0.010261	0.0086855	-0.003149	0.0043315	0.01495	0.009458	0.0045771	-0.0091416	0.002664	0.015018	0.012595	0.0068479	-0.0096964	-0.0046319	-0.019874	-0.0091086	0.010211	0.0059335	0.0011324	-0.002554	-0.0047044	0.01412	0.0040536
-0.0068914	-0.0028315	-0.0013846	0.0051639	0.028435	0.12546	0.21907	0.19433	0.15333	0.16245	0.13285	0.13039	0.14952	0.14564	0.13914	0.1481	0.15516	0.14313	0.14536	0.14	0.1407	0.063565	0.01304	-0.0083025	0.0084455	0.0013557	0.0073915	-0.0055603	0.00074637	-0.011389	-0.014417	-0.004107	-0.0026454	-0.0016309	-0.0054869	-1.5297e-05	-0.019201	-0.012771	-0.0080234	-0.019691	-0.0046516	-0.0028991	0.006361	-0.0025862	-7.7444e-05	0.0027414	0.0054772	0.0040428	0.0004551	-0.0041586	-0.00044054	0.0020757	-0.0019328	0.010401	0.022269	0.02494	0.015513	0.0050588	0.0012385	-0.0021199	-0.0096763	-0.0019525	-0.0017158	-0.0038936	-0.008017	-0.013616	-0.011864	-0.0090374	-0.011026	-0.011919	-0.017722	-0.019476	-0.013832	-0.0050654	-0.00020448	0.010508	0.0095973	0.019566	0.12317	0.19074	0.20092	0.2295	0.14269	0.15185	0.14972	0.14701	0.14402	0.15536	0.15512	0.14503	0.18191	0.1408	0.048604	0.031023	0.0030975	0.0045656	-0.0011165	-0.00087906	-0.0027977	0.00053378	0.0042379	-0.0036768	0.001792	0.01316	0.011795	0.014155	0.0014772	-0.0036036	0.0019217	-0.0047427	0.00026055	0.001795	-0.0092515	-0.0072986	0.0057142	0.0091242	0.00019413	-0.0011493	0.0025617	-0.0097973	-0.026151	-0.0054218	0.002664	0.0029575	-0.010073	-0.0026307	0.004089	0.0059256	0.0084335	-0.0084104	-0.015569	-0.0044832	-0.00060331	0.0075266	-0.0023501	0.0069834	-0.0055045	-0.0050614	0.0009253	-0.0071457	-0.011643	-0.0082288	-0.0069802	-0.0034884	-0.002324	-0.011106	-0.019727	-0.011813	0.0021468	-0.0015764	0.0041437	0.016915	0.059056	0.11838	0.16987	0.21448	0.23747	0.22515	0.21369	0.22269	0.21878	0.15282	0.076459	0.045503	0.026796	0.039025	0.030014	0.014445	0.0061134	0.02477	0.014927	0.0095944	0.014578	0.011535	0.016089	0.0043779	0.012634	0.013013	0.0073915	0.016648	0.016537	-0.0027353	-0.002833	0.0056394	0.020947	-0.0057108	0.010128	0.00064002	0.00015145	0.007897	-0.012659	-0.0010049	-0.0096459	0.0011862	0.0077436	0.0032387	-0.0054623	0.0023306	-0.0040134	-0.0018673	0.00081568	-0.0055134	-0.0029231	-0.0053132	-0.013196	-0.0067046	0.0071441	-0.0085781	-0.0050098	0.010873	-0.016431	-0.0048612	0.0022332	-0.008467	-0.010918	-0.018817	-0.0031982	-0.013532	-0.026832	-0.010905	-0.0037676	0.00029958	-0.014289	-0.01645	-0.0039287	0.0028457	0.010271	0.0055955	0.041686	0.057067	0.073761	0.062628	0.059435	0.035041	0.025835	0.026417	0.0088049	0.010306	0.0036854	0.0068984	0.010329	0.012095	0.009013	-0.0010048	-0.0021405	-0.0059154	-0.0092772	-0.0047643	0.0061876	-0.00015117	-0.0052804	0.0039855	0.010467	-0.0019057	0.0041061	0.003497
-0.021332	-0.010199	-0.00089946	0.03506	0.14665	0.23655	0.16835	0.12819	0.12836	0.1447	0.13656	0.13905	0.14377	0.14325	0.14563	0.1433	0.14737	0.13873	0.12819	0.13563	0.14404	0.1503	0.10711	0.038734	0.0086052	0.0093874	0.0057378	0.011415	0.017547	0.003318	0.010112	-0.0061493	-0.016112	-0.025598	-0.0028158	-0.00031517	-0.0024503	-0.010385	-0.0046975	-0.0040305	-0.019693	-0.020874	-0.010616	-0.0096386	-0.0038743	-0.02499	-0.021315	-0.013612	-0.01909	-0.0091894	-0.0042379	-0.0018232	-0.0090021	-0.004248	-0.015112	-0.011825	-0.010936	-0.0071712	-0.0010477	-0.0023569	-0.0080521	-0.019981	-0.021459	-0.026289	-0.028848	-0.023997	-0.02744	-0.024045	-0.020591	-0.0049452	-0.016546	-0.021774	-0.02728	-0.033401	-0.022038	-0.012044	0.0072254	0.10715	0.19567	0.16677	0.10909	0.10975	0.12421	0.12873	0.13109	0.13451	0.1238	0.12716	0.13031	0.14329	0.13757	0.13831	0.17115	0.094989	0.022114	0.019479	-0.0047703	6.5164e-05	0.026477	0.02406	-0.0060518	0.013434	0.0028369	0.0064313	0.011159	0.010178	0.0065694	0.016689	0.018337	0.012797	0.0053829	0.0062423	0.010193	-0.013847	-0.012626	0.018313	-0.0079403	-8.6036e-05	0.0087739	-0.00094592	0.00060026	-0.0010946	-0.0062389	-0.0031245	-0.0085866	-0.0082953	-0.0039477	-0.020773	-0.015675	0.0091216	-0.0025977	-0.01238	-0.014279	-0.013919	-0.0089548	-0.0026786	0.0036478	-0.0053673	-0.0066145	-0.0049184	-0.013502	-0.0096099	0.0022021	-0.0086186	-0.021661	-0.0030037	-0.0016317	0.0068179	0.028224	0.032707	0.11798	0.17956	0.21132	0.22593	0.16001	0.15002	0.15098	0.14105	0.15902	0.15508	0.15399	0.13098	0.19482	0.19861	0.15779	0.086624	0.047506	0.019704	0.01336	0.016892	0.019553	0.020597	0.020087	0.017581	0.0060232	0.018903	0.014813	0.01598	0.010079	0.018064	0.014916	0.0012789	-0.01437	-0.0040901	0.0058541	0.0073272	0.010063	0.0092102	0.01631	0.0092146	-0.0021952	-0.0082852	-0.012923	-0.004918	0.0026853	-0.0009171	-0.0073074	0.001923	-0.0060449	0.0032894	0.0066262	0.0044874	-0.00077487	-0.0062605	-0.0099085	-0.0061945	0.0030824	-0.0066391	-0.008356	-0.001743	-0.014572	-0.0068297	-0.0051892	-0.010458	-0.0032557	0.016	0.031414	0.01673	0.01685	0.0085464	0.012463	0.015903	0.015539	0.030712	0.037111	0.082257	0.15515	0.21206	0.21936	0.17436	0.15567	0.1303	0.13328	0.13094	0.1265	0.10217	0.044656	0.034176	0.026689	0.022326	0.014577	-0.0016142	0.0067899	0.01714	0.014357	0.013212	0.015737	0.015693	0.026633	0.01746	0.014261	0.011716	-0.0084486	0.0021104	0.0050958	0.01869
0.0060226	0.017563	0.080346	0.12466	0.18188	0.17198	0.15885	0.15052	0.1544	0.15306	0.15927	0.16609	0.15986	0.17798	0.16963	0.16291	0.16317	0.15555	0.14956	0.14306	0.1591	0.15157	0.15113	0.10267	0.032511	0.0044364	0.014954	0.019224	0.013065	0.0073317	0.0036393	0.0065448	0.018604	0.012253	0.01828	0.046872	0.018119	-0.0018253	-0.013321	0.010992	0.0077826	0.0029922	-0.0048378	0.0043154	0.00055436	0.0028818	0.0018911	0.0074802	0.014556	0.015269	0.0076977	0.003526	-0.0033726	0.00099036	0.0074712	0.0028575	-0.0041993	-0.0028205	0.00070397	0.015696	-0.0041347	-0.0081769	-0.010687	0.0068486	0.0019608	-0.0066966	-0.017839	-0.0061537	0.00021598	-0.0011457	0.0011188	0.0027856	-0.0066107	0.0048222	0.013521	0.048866	0.21084	0.24874	0.15962	0.1562	0.1468	0.14845	0.14999	0.15652	0.15399	0.15647	0.15918	0.16288	0.16843	0.1798	0.15824	0.16323	0.1671	0.15911	0.11625	0.045691	0.022897	0.023748	0.036614	0.015299	0.011579	0.024404	0.012594	0.0057784	0.002188	0.0099956	0.0052982	-0.024319	0.016676	0.013598	0.0026234	0.0039671	-0.0038132	0.0082796	0.018994	0.012361	0.0063979	0.0087409	0.0010807	0.0091746	0.0090078	0.0094723	0.013569	0.0058993	-0.0074252	0.0078335	0.012563	0.0091914	-0.0071713	-0.00682	-0.0061465	-0.011195	0.00075925	-0.014568	-0.025563	-0.002204	0.0042638	-0.017265	-0.012364	-0.0020266	-0.0047615	-0.015876	-0.022129	-0.011008	-0.016461	-0.020268	-0.02303	0.0059649	0.018395	0.11262	0.19068	0.17136	0.1315	0.145	0.1336	0.13386	0.14173	0.12669	0.12616	0.13259	0.13356	0.13631	0.14562	0.14189	0.12631	0.12887	0.098933	0.025996	0.014623	-0.0044377	-0.0085443	-0.009086	-0.0027244	-0.0051902	-0.0065536	-0.0059322	-0.005377	0.011694	0.0013079	-0.021661	0.0091713	0.0023903	-0.0097631	-0.012822	-0.0023071	-0.0086467	-0.0077063	-0.012039	-0.012477	-0.00069342	-0.013685	-0.018193	-0.018827	-0.01365	-0.005001	-0.0077009	-0.011781	-0.0011126	-0.010704	0.0058181	0.0098087	0.01186	-0.0012546	-0.0098357	-0.0092486	-0.0083123	-0.0036072	-0.007328	-0.01433	-0.016987	-0.015341	-0.011426	-0.01524	-0.015076	-0.0099644	-0.02327	-0.022192	-0.0062973	-0.0034398	-0.002656	0.00036645	0.019991	0.039549	0.098363	0.17722	0.21585	0.1832	0.14871	0.13623	0.13218	0.14746	0.15224	0.14591	0.14729	0.11755	0.10271	0.08303	0.076363	0.040042	0.0051313	-0.0058844	0.0072902	0.0070527	-0.021255	-0.004079	-0.0065207	-0.0036966	-0.011755	-0.010992	-0.0045525	-0.0070541	-0.0092347	-0.010682	-0.005172	-0.011154	-0.015257
0.016651	0.051589	0.14695	0.22486	0.18844	0.16148	0.16678	0.16573	0.1709	0.16512	0.16486	0.16923	0.17249	0.16526	0.16813	0.17812	0.17618	0.17883	0.17979	0.17678	0.16368	0.16798	0.16404	0.13466	0.088278	0.039918	0.024441	0.029828	0.001858	0.0036122	0.0096135	0.014334	-0.0039286	0.010612	0.021243	0.0077892	-0.015494	0.010478	0.015564	-0.012308	-0.010608	0.011188	0.015351	-0.010579	-0.013184	-0.0067057	0.012681	0.0081724	-0.0058478	0.0085049	-0.0050726	-0.0055175	0.0040505	-0.0056132	-0.018622	0.012035	-0.0097911	-0.0087866	-5.7159e-05	0.0044582	-0.00029119	0.00048459	-0.01803	0.0021098	-0.015424	-0.016129	-0.0024274	-0.020112	-0.0030427	-0.0035087	-0.007892	-0.0027337	-0.0090446	0.0017021	0.033787	0.11942	0.20521	0.15741	0.14223	0.15419	0.15404	0.14253	0.14841	0.15941	0.15361	0.15756	0.15949	0.16131	0.14719	0.14935	0.15056	0.15654	0.1569	0.12446	0.12671	0.11575	0.053452	0.0052687	0.012055	0.01424	0.0046369	0.0032599	0.0056103	-0.0019969	0.0061365	-0.0021812	-0.0086813	-0.0010528	-0.010954	-0.005109	-0.0029773	0.012832	-0.00054731	0.0049219	-0.010946	0.003792	0.0099249	0.0062056	0.0015522	-0.00039331	-0.00016648	-0.0080223	-0.018063	-0.011007	0.0013351	-0.011166	-0.011616	-0.0078883	-0.016573	-0.010543	-0.010319	-0.0012485	-0.00043834	-0.0028125	-0.00021893	-0.0091247	-0.038094	-0.022195	-0.025501	-0.0095901	-0.031254	-0.028728	-0.019604	-0.0042613	-0.008392	-0.014743	-0.01574	0.018404	0.083162	0.16794	0.16554	0.14804	0.13205	0.15148	0.13554	0.13561	0.14171	0.15277	0.15435	0.14662	0.15149	0.16705	0.16067	0.14008	0.14319	0.1531	0.14562	0.096543	0.045758	0.021339	0.021489	0.001685	0.00077873	0.0057786	-0.00041285	0.0019444	0.002567	0.0061438	-0.0058552	0.0057701	-0.0038042	0.0039822	-0.014131	-0.0093723	0.019982	0.024577	-0.0070322	0.020219	0.0095635	0.0062945	0.0030134	0.0068459	0.010188	-0.0024375	-0.0080952	0.0098804	-0.0041312	0.014866	0.018354	-0.0016	0.0013417	-0.010513	-0.016189	0.0071479	0.008536	0.00022666	-0.0089082	-0.024008	-0.020651	-0.023514	-0.016415	-0.0054085	-0.0088123	-0.0075148	-0.0090432	-0.02841	-0.01151	-0.006328	-0.0042071	-0.0075564	-0.00072891	0.08158	0.14095	0.20543	0.1715	0.14805	0.14822	0.15935	0.15845	0.15701	0.15869	0.16511	0.16479	0.1595	0.15516	0.16622	0.17125	0.14313	0.10988	0.073208	0.046004	0.022058	0.022551	0.017505	0.012526	0.0047372	0.022971	0.027077	0.024252	0.014312	-0.00022459	0.011303	0.01219	0.018681	0.0085675	0.0093755
0.0068486	0.095811	0.20667	0.13673	0.14799	0.14351	0.14144	0.14225	0.13668	0.15173	0.14883	0.14049	0.14872	0.15861	0.16122	0.15947	0.16422	0.1622	0.16217	0.15962	0.15669	0.14734	0.14471	0.1327	0.11075	0.056059	0.018481	-0.0087946	-0.017293	-0.017713	-0.023403	-0.012131	0.0028925	0.0079874	-0.0025498	-0.0074248	-0.0037734	-0.0035653	-0.00043204	-0.020358	-0.023384	-0.0021681	-0.016408	-0.0032394	0.0027937	-0.0074078	-0.018799	-0.019954	-0.0042898	-0.011629	-0.010438	-0.016211	-0.025878	-0.023654	-0.020621	-0.018257	-0.015297	-0.0065007	-0.00039101	-0.011515	-0.027415	-0.011147	0.0017035	-0.0092465	-0.025108	-0.031257	-0.02307	-0.032825	-0.015379	-0.032599	-0.03526	-0.025971	-0.0051253	0.019146	0.13149	0.17551	0.14023	0.13524	0.1333	0.13138	0.14577	0.15966	0.16468	0.15351	0.14543	0.15031	0.15792	0.17699	0.14487	0.15091	0.15272	0.14498	0.15716	0.15557	0.15126	0.13781	0.10701	0.032335	0.012807	0.0022696	0.00021741	0.0035432	0.016135	0.0049011	0.0014549	0.0051259	0.005766	0.0046583	0.0048333	0.0097313	0.017742	0.024545	0.023991	0.01577	0.013521	0.030287	0.0042874	0.011485	-0.0017207	-0.0062683	0.0075497	0.016024	0.012398	0.0095633	0.011936	-0.002301	-0.008144	-0.0021972	-0.013238	-0.0008389	-0.018127	-0.024105	-0.0040186	-0.007485	-0.027301	-0.028127	0.0017737	-0.011202	-0.023949	-0.018974	-0.031048	-0.028285	-0.019284	0.030805	0.024043	-0.0027615	0.0060873	0.1389	0.22043	0.13424	0.1263	0.13482	0.13978	0.14205	0.15226	0.17229	0.15246	0.1478	0.15846	0.15637	0.14819	0.14628	0.1542	0.16	0.1542	0.1433	0.1449	0.1292	0.10216	0.019341	0.017146	-0.0038941	-0.0017127	-0.0022209	0.0074175	-0.0070905	-0.014706	-0.0021671	-0.00048878	-0.0070067	-0.002354	-0.0071798	-0.01332	-0.00071944	0.0069542	-0.0099539	-0.015557	0.014089	0.0004287	0.018259	0.028352	0.015168	0.011881	0.013841	0.012597	0.013317	0.01375	0.004062	-0.0044231	-0.00055129	0.0022323	0.01406	0.01299	0.0084822	-0.0042724	0.0080081	0.001876	-0.001777	0.00025798	0.014127	0.025282	-0.00087307	-0.012437	-0.0012509	-0.00086179	-0.012169	-0.0075892	0.0011653	0.003892	0.012459	0.054273	0.19758	0.20609	0.15971	0.14974	0.14249	0.16043	0.16916	0.16176	0.15638	0.16382	0.16377	0.16232	0.14441	0.14114	0.14483	0.15432	0.16215	0.15645	0.1048	0.049086	0.030702	0.01616	0.01657	0.013952	-0.0039018	0.0025564	-0.0070383	-0.0010142	-0.0070195	-0.010261	0.0098872	0.0077988	-0.0027533	-0.0018675	0.013403
0.013738	0.13032	0.15751	0.13829	0.13943	0.14338	0.13154	0.12953	0.14234	0.13447	0.13555	0.13628	0.13697	0.14115	0.14173	0.13972	0.14635	0.15401	0.15002	0.14517	0.15847	0.16877	0.14736	0.14752	0.152	0.096641	0.036832	0.015065	0.0064227	0.0012471	0.010311	-0.0078196	0.0072004	0.0086856	0.0059963	-0.00073067	-0.0035878	-0.010656	0.0034516	0.010609	0.015593	0.0038829	0.0072462	-0.0043711	0.006518	0.019601	0.013259	-0.002142	-0.0052879	0.0043055	0.0026105	-0.0054596	-0.0039257	-0.01774	-0.0086228	0.0073677	-0.0095284	-0.0078469	-0.0047491	-0.014207	-0.015071	-0.005081	-0.0017475	-0.014128	-0.018835	-0.019486	-0.0031152	-0.016539	-0.021435	-0.021752	-0.016708	-0.0045986	0.011981	0.10147	0.20528	0.15189	0.15156	0.1587	0.13228	0.13246	0.14014	0.15084	0.15569	0.16035	0.15385	0.15049	0.16169	0.15336	0.13902	0.14421	0.15952	0.15185	0.16184	0.15331	0.12877	0.13594	0.12877	0.077965	0.020698	0.0012602	0.0013045	0.0023271	0.0024527	-0.011622	-0.0020287	0.0063748	0.0021976	0.0022838	-0.017116	-0.0047339	-0.0019439	-0.0010584	0.00094238	0.012527	0.0043882	-0.007041	0.0088886	-0.0018315	-0.010112	-0.00093107	0.0061412	-0.0059353	0.0056686	0.0030387	-0.008419	-0.0088052	-0.011166	0.0035929	0.0055533	-0.0096253	-0.0071381	-0.0095446	-0.007659	0.016736	-0.011804	-0.018579	-0.0073416	-0.0048252	-0.02037	-0.013339	-0.0039777	-0.01131	0.00011529	0.031573	0.041634	0.013952	0.1193	0.18881	0.185	0.1252	0.14568	0.15081	0.14843	0.14371	0.13544	0.1449	0.15419	0.13932	0.16392	0.16152	0.15566	0.1481	0.15518	0.17554	0.16265	0.15347	0.15937	0.15404	0.12253	0.074233	0.020724	0.013795	0.0056668	0.0030777	0.0056929	0.0077164	0.0070387	-0.0067907	-0.0019964	0.011896	-0.0084284	-0.0012314	0.0025531	-0.0051088	0.0011332	-0.017906	-0.0082886	0.011379	-0.0080743	-0.008826	0.0035648	0.0035487	0.0058293	0.0018519	-0.014616	-0.0047371	0.0095916	0.00038751	-0.0074102	0.016286	0.015429	0.00028452	-0.0048489	0.0068867	0.0013138	-0.0092807	-0.017477	-0.0052731	-0.0039978	-0.015843	-0.011418	-0.009043	-0.023985	-0.01743	-0.012796	-0.026464	-0.019009	0.0021367	0.0022021	0.024349	0.14142	0.21138	0.145	0.13343	0.14413	0.15294	0.14271	0.13948	0.15042	0.1488	0.15825	0.1479	0.1416	0.14952	0.15529	0.14995	0.15078	0.14485	0.13968	0.14305	0.11427	0.050305	0.010096	0.005701	-0.010004	-0.0021449	-0.0039132	-0.0014407	0.0076819	-0.0028512	-0.013392	-0.010338	-0.0064499	0.0049765	0.005605	0.0018345
0.078825	0.21495	0.15459	0.14473	0.14116	0.14525	0.15017	0.14144	0.14378	0.14853	0.15741	0.15718	0.14593	0.16495	0.1684	0.15272	0.14524	0.15631	0.14471	0.1471	0.15348	0.15788	0.14974	0.14447	0.14092	0.15292	0.086965	0.034813	0.015587	0.012354	0.0013348	0.011729	0.0090133	0.0012303	0.0064876	0.010074	0.0031242	-0.006919	-0.00060803	0.0032125	0.00083059	0.0044525	0.0057762	0.0109	0.0041719	0.011477	-0.0035306	-0.010581	0.0026588	0.010526	0.0040932	0.0056708	0.0021053	0.0064395	0.0058357	0.0085983	0.0054311	-0.012399	0.0041534	0.0028338	-0.0098802	-0.0068898	-0.012308	-0.0171	-0.0073346	-0.0064749	-0.01489	-0.0057654	-0.024672	-0.011382	-0.020372	-0.011286	0.015484	0.1527	0.21171	0.13978	0.13682	0.14732	0.1507	0.14781	0.13963	0.1542	0.16176	0.15772	0.15098	0.1524	0.15326	0.16606	0.15652	0.16441	0.16113	0.15636	0.15112	0.16487	0.16272	0.13673	0.13531	0.11633	0.055583	0.0088127	0.0011261	-0.0055834	-0.010703	-0.0057708	-0.0079048	-0.017612	-0.018939	-0.010906	-0.00044157	-0.010172	-0.019603	-0.016735	-0.017286	-0.012924	-0.012984	-0.0068992	0.0019615	0.0042861	-0.0048192	0.0058572	0.0039287	0.00048629	-0.0011001	0.0044907	-0.0043483	0.0079504	0.014574	0.013704	0.013376	0.0049503	-0.015095	-0.014127	-0.0052649	-0.0015825	0.0028582	0.0045123	-0.0026775	-0.0082557	-0.004534	-0.0036792	-0.010112	-0.016091	-0.012601	0.018184	0.077695	0.078746	0.16178	0.25369	0.1497	0.14449	0.16169	0.15642	0.15033	0.15332	0.1508	0.16432	0.15614	0.14824	0.15252	0.14884	0.15997	0.15803	0.15258	0.1623	0.15917	0.14658	0.1645	0.15233	0.15168	0.12371	0.067304	0.017097	-0.002572	-0.0032552	0.0093517	0.013251	0.00032698	-0.0044952	-0.0022436	-0.0045341	-0.0018429	-0.00017145	-0.0023649	-0.0048398	-0.0019833	-0.0032332	-0.019457	-0.018768	-0.0075634	0.0042075	-0.0018602	-0.027688	-0.0125	-0.00064999	-0.00058082	-0.015621	-0.0064713	-0.0085226	-0.0060724	-0.0068239	-0.019333	-0.014825	-0.0011543	0.0046337	0.0062472	-0.011576	-0.016725	0.0057355	0.0013428	-0.0091713	-0.018838	-0.002722	-0.017846	-0.0071702	-0.024207	-0.0066835	-0.0030856	-0.024831	0.0068527	0.17562	0.2635	0.14366	0.15748	0.15213	0.14167	0.14616	0.16687	0.15483	0.17129	0.1652	0.16725	0.16714	0.16905	0.1717	0.17293	0.16726	0.15726	0.15392	0.15199	0.16265	0.14691	0.11	0.070413	0.019552	0.0039169	0.018359	3.5674e-05	0.00033552	0.0050463	0.012071	0.012466	0.012264	0.011416	0.0021157	-0.00083728	0.018161
0.15857	0.25418	0.14578	0.14955	0.15527	0.15588	0.17166	0.15587	0.15811	0.16092	0.1523	0.159	0.16095	0.17008	0.17978	0.16735	0.16923	0.17369	0.16978	0.1585	0.17557	0.17106	0.1639	0.17372	0.1672	0.14749	0.1047	0.049438	0.012584	0.012875	-0.011909	0.010796	0.0087192	0.003744	-0.0062012	0.0030884	-0.0048686	-0.0052089	-0.0058747	-0.0083027	-0.0068651	0.0046625	-0.00014329	0.0032712	0.0031224	-0.0018129	0.0045121	-0.021799	0.014142	0.0098368	0.0012689	0.016826	0.0017851	0.002484	0.01366	0.010565	-0.014943	0.0047987	-0.0022274	-0.015345	-0.018066	-0.015785	-0.0079672	-0.010021	-0.024664	-0.027873	-0.013816	-0.017095	-0.015999	-0.03033	-0.015699	0.0007161	0.096917	0.19013	0.14782	0.13467	0.14309	0.13714	0.13253	0.14167	0.15435	0.15128	0.16938	0.14389	0.15167	0.15984	0.16569	0.15805	0.15997	0.15705	0.15434	0.15679	0.15131	0.15804	0.16231	0.14957	0.14671	0.13541	0.068299	0.026157	0.013723	0.0027386	-0.0018271	-0.010725	-0.0023164	-0.0053579	-0.012485	-0.004385	0.0027457	-0.0014595	-0.010206	-0.014314	-0.0093235	-0.0099048	-0.0070244	0.0053898	0.0047027	0.017863	0.018268	0.015109	-0.0025454	-0.0013415	0.0061814	-0.005434	-0.00030263	0.0017256	-0.0016124	0.010471	0.0069813	-0.0017038	0.00083497	0.0031402	-0.0015217	-0.0079475	-0.0079672	-0.0082348	-0.020536	-0.021591	-0.023123	-0.027319	-0.028867	-0.011097	-0.0034699	-0.0047148	0.008861	0.073665	0.23677	0.15022	0.14063	0.136	0.14243	0.15233	0.15707	0.14893	0.15185	0.1497	0.15454	0.16068	0.16341	0.15831	0.16716	0.16962	0.16916	0.16661	0.15815	0.16278	0.15637	0.149	0.13672	0.14363	0.11003	0.026992	0.016381	-0.0026568	-0.010139	0.011641	0.013948	0.0036959	0.0053893	0.013227	0.0053151	-0.0029665	0.012151	0.015584	0.0054738	0.018406	0.020699	0.011276	0.0032723	0.021475	0.01234	0.019506	0.0011612	0.0075121	0.017487	0.0078691	0.002468	0.010752	0.012396	-0.0036434	0.0013319	0.0030329	-0.0050016	0.0031619	0.0021039	-0.011745	-0.0091875	-0.0070479	-0.024114	-0.016651	-0.01809	-0.014168	-0.017171	-0.017842	-0.023154	-0.018728	-0.017997	-0.0043455	0.096989	0.20889	0.11137	0.12409	0.15132	0.1495	0.13397	0.14109	0.14698	0.15978	0.15548	0.14995	0.16658	0.17392	0.16811	0.1787	0.17056	0.17103	0.17198	0.16958	0.16483	0.16674	0.15366	0.14292	0.10853	0.051441	0.018796	0.016494	0.013524	0.01988	0.025105	0.024139	0.025344	0.01446	0.017556	0.027952	0.022401	0.01768
0.1403	0.19971	0.12992	0.14424	0.14965	0.13975	0.13812	0.15234	0.15442	0.16437	0.15931	0.15963	0.15493	0.15556	0.16114	0.16601	0.15755	0.15777	0.15626	0.15547	0.16392	0.16251	0.16306	0.15665	0.15771	0.16165	0.142	0.043906	0.019039	0.0021933	-0.00458	-0.0027231	-0.00087816	-0.0015379	0.0070404	0.016383	0.0096227	0.0031931	0.0063229	0.0071958	0.00017263	0.0040726	-0.0026816	-0.0048791	0.006037	-0.0022983	-0.011194	-0.0019477	0.011275	0.0057185	0.0013642	-0.0068762	-0.011401	-0.0031614	-0.0030043	-0.0090029	-0.0092679	-0.0069122	-0.0025172	-0.0071642	-0.017838	-4.8125e-05	-0.00031751	-0.0082191	-0.015475	-0.016879	-0.011322	-0.018517	-0.0081127	-0.0069112	0.0048371	0.014138	0.099223	0.18181	0.14611	0.13452	0.14678	0.14262	0.14932	0.13981	0.15906	0.16349	0.14144	0.15644	0.15957	0.16465	0.1536	0.16054	0.16134	0.14761	0.14545	0.15514	0.14941	0.14913	0.15981	0.16032	0.15602	0.15241	0.078929	0.041416	0.024235	0.0089748	0.0049633	-0.017764	0.0011862	0.0048108	-0.0081173	5.0509e-05	0.0038472	0.0051669	-0.0028958	-0.013978	-0.0034469	-0.0089715	-0.0031503	0.00010575	0.014766	-0.006454	0.002905	0.019081	0.0052787	-0.012343	-0.0069643	0.015115	0.015397	-0.0072366	-0.002425	0.0033151	0.0025124	0.0033865	0.0077128	-0.023036	-0.013869	-0.0079691	-0.021829	5.9753e-05	-0.0034989	-0.0034406	-0.018393	0.0016725	-0.015057	-0.01658	-0.0020445	0.017225	0.021622	0.13066	0.21282	0.14999	0.15633	0.16961	0.16431	0.1609	0.16706	0.16653	0.17007	0.1567	0.17084	0.18034	0.16545	0.17544	0.1903	0.16292	0.18557	0.18585	0.1669	0.16402	0.16858	0.17133	0.16122	0.16303	0.15108	0.087761	0.038784	0.023851	0.016893	0.0064282	0.012166	0.01347	0.012427	0.016768	0.017089	0.0089572	-0.0057079	-0.0014315	0.0010381	-0.00055853	0.022176	0.0061801	0.002132	0.013366	-0.0032309	0.0087139	0.013197	0.0038593	0.0075389	-0.0062873	-0.010156	0.0035774	0.012624	0.0022272	-0.0027046	-0.014555	-0.013667	-0.018723	-0.014471	-0.010446	-0.0070373	0.0033683	-0.0019895	-0.018942	-0.0078538	-0.0060047	-0.022001	-0.016322	-0.0099318	-0.0040531	-0.0033436	0.013822	0.19994	0.1724	0.13658	0.14784	0.14433	0.16785	0.16583	0.15918	0.16632	0.16446	0.1566	0.16179	0.16815	0.16564	0.16676	0.14153	0.14875	0.16628	0.17272	0.14948	0.15786	0.15862	0.15596	0.15297	0.14242	0.036836	0.0062083	0.01498	0.0055553	-0.0047062	-0.0075802	-0.0086599	-0.00076312	-0.0033116	0.00044647	0.011179	0.0077895	0.011736
0.21309	0.14372	0.12821	0.13044	0.14433	0.13745	0.14412	0.14619	0.15173	0.16603	0.17364	0.15489	0.15563	0.15786	0.16666	0.15988	0.15554	0.16852	0.17522	0.16246	0.15468	0.16455	0.16073	0.15884	0.15294	0.1506	0.13454	0.07259	0.034009	0.01206	0.00438	-0.0087321	0.0036469	0.002974	0.0016756	0.0037977	0.0017619	0.0031779	0.0030289	0.0081932	0.0065893	0.0061968	0.021558	-0.0085809	-0.0049389	0.025138	-0.0072244	0.0027958	0.010717	0.0052818	0.00087917	-0.0094764	0.00079743	-0.0066628	-0.016184	-0.0044572	0.0039611	-0.0095177	0.0087544	0.012748	-0.0020526	-0.019901	0.0026097	-0.0059225	-0.011821	0.0019944	-0.028976	-0.019383	-0.0029405	-0.008284	0.003288	0.025968	0.1383	0.15983	0.14455	0.13268	0.13146	0.14331	0.14563	0.15471	0.15204	0.15525	0.16031	0.15685	0.15493	0.15628	0.15062	0.15731	0.16699	0.1615	0.15399	0.15648	0.15613	0.17016	0.16108	0.15779	0.15155	0.14805	0.14081	0.049992	0.013264	0.0088106	0.007497	0.00034145	0.012521	0.0017433	0.012546	-0.006605	-0.010246	-0.0035547	0.0035047	0.0090851	-0.0015117	-0.0029883	-0.015058	-0.008468	-0.0033863	-0.012293	0.0038544	0.015617	0.0089255	-0.00094603	0.00082888	-0.020392	-0.002975	-0.005015	-0.0015881	-0.0099964	-0.022569	-0.028453	-0.019705	-0.0041411	-0.0030311	-0.012262	-0.0086827	-0.015597	-0.019116	-0.021054	-0.01637	-0.0060367	-0.002599	-0.010431	0.0031107	0.01397	0.086765	0.2085	0.18241	0.1412	0.14467	0.15308	0.17301	0.18059	0.17648	0.17086	0.16763	0.16726	0.16635	0.17125	0.17005	0.16297	0.17141	0.17972	0.17553	0.16839	0.17874	0.1739	0.17314	0.1785	0.16587	0.15747	0.16335	0.11593	0.032985	0.013724	0.010846	0.0035547	-0.00092787	0.014691	0.0053588	0.0071391	0.0099741	-0.0015182	-0.0051411	-0.017504	-0.0099914	0.0014915	-0.0022658	0.012324	-0.0011759	0.0053687	-0.0046897	-0.0027823	0.0081568	-0.0029759	0.0077622	0.0050939	0.00045322	-0.012088	-0.010159	-0.0066751	0.01004	0.0071748	-0.011352	-0.0020213	0.014348	-0.015494	-0.014608	-0.0043865	-0.0056088	0.0060115	-0.0013306	-0.0041305	-5.7972e-05	0.0069344	0.0010884	-0.011455	0.032938	0.071671	0.20523	0.16155	0.14087	0.14531	0.14623	0.16277	0.15836	0.15649	0.16405	0.16299	0.15422	0.15828	0.16318	0.16255	0.16418	0.14303	0.14775	0.16096	0.16296	0.1687	0.16509	0.15738	0.16068	0.1516	0.14127	0.091052	0.014581	0.0066257	0.00055302	0.0013188	-0.011819	-0.0081718	-0.0067004	0.00032505	-0.0013342	-0.0087542	-0.0096247	0.0046079
0.21683	0.13724	0.13687	0.13575	0.13956	0.14757	0.15164	0.14419	0.13831	0.1418	0.14635	0.1551	0.14291	0.16625	0.16703	0.16605	0.16191	0.16022	0.1682	0.16767	0.16558	0.16226	0.1662	0.16218	0.16427	0.15398	0.13361	0.073355	0.042967	0.0083024	0.013722	0.0070377	0.013463	0.0088275	0.0050096	0.0027044	0.012085	0.0090185	0.0015513	0.003557	0.0014783	-0.0036962	0.0037884	0.0028541	-0.0016404	0.0029615	0.0084138	0.013473	0.0073513	-0.0031227	-0.0078431	0.0059642	0.0074544	-0.0072964	-0.0011438	0.0050083	-0.0084187	-0.01104	0.0013262	0.0096913	-0.024576	-0.013131	0.0008511	-0.0097065	-0.019277	-0.019708	0.0096685	-0.0052318	-0.0091906	0.0019372	0.0029989	0.064802	0.19434	0.18479	0.16698	0.16251	0.15392	0.15716	0.14702	0.14413	0.16575	0.16071	0.15756	0.1411	0.15564	0.15484	0.15366	0.16735	0.16217	0.15955	0.16766	0.17031	0.16619	0.1592	0.1603	0.16132	0.1519	0.14796	0.13505	0.065948	0.020771	0.020985	0.019564	-0.0016937	-0.011601	-0.0036627	0.0034775	-0.0019393	-0.0045719	0.003024	0.00066012	0.0028338	-0.014776	0.0070193	0.019587	0.0037393	-0.0001071	0.014136	0.011077	0.01032	0.002832	0.0006899	-0.00022202	-0.017731	-0.005628	-0.012563	-0.0016844	-0.0063436	-0.020804	-0.02028	-0.013622	-0.0030109	-0.0075228	-0.0060671	-0.00076456	-0.0076165	-0.012338	-0.024706	-0.020586	0.0025194	0.013674	0.0082975	0.019857	0.033552	0.11781	0.23777	0.15245	0.14586	0.16088	0.17049	0.16959	0.15853	0.16805	0.16629	0.17629	0.17456	0.17205	0.17651	0.16695	0.17114	0.18391	0.18493	0.18176	0.17619	0.17865	0.18209	0.18207	0.17143	0.15685	0.16217	0.16834	0.13053	0.054628	0.025141	0.020682	0.011017	0.012011	0.0059088	0.0073674	0.0093889	-0.0087398	-0.011597	0.0085285	0.0049863	-0.0023654	-0.0080752	-0.019509	-0.00095269	0.00088555	-0.0080015	-0.01365	-0.0076772	-0.021662	-0.013218	0.011185	-0.0030891	-0.012757	-0.0097759	0.0012195	0.0086257	-0.0092782	-0.0057969	0.00070629	-0.0068116	-0.014825	-0.01293	-0.0065069	-0.0099081	-0.0022396	-0.015176	-0.014385	-0.010775	-0.025242	-0.012443	-0.012458	-0.023435	0.017578	0.1241	0.2171	0.15727	0.15174	0.14935	0.1547	0.16426	0.15746	0.16037	0.16836	0.16809	0.15842	0.16134	0.16477	0.16603	0.16818	0.15111	0.15332	0.1622	0.16519	0.17159	0.16963	0.16811	0.16468	0.15366	0.14873	0.12127	0.033272	0.013028	0.0077178	0.0039376	0.0073266	-0.0017633	-0.019742	-0.005522	0.0039556	-0.002047	-0.0023881	0.02146
0.19608	0.13645	0.14124	0.14417	0.14973	0.15764	0.15447	0.15289	0.15216	0.17008	0.16819	0.18338	0.18146	0.16734	0.17318	0.17428	0.16906	0.18844	0.17972	0.17659	0.17781	0.17577	0.17362	0.17415	0.17144	0.15651	0.16409	0.078268	0.041456	0.021883	0.022907	0.0048708	0.0024538	0.004876	0.013639	0.019715	0.019193	0.010018	0.0044525	0.010856	0.012007	0.010753	0.0076151	0.010579	0.011436	-0.00092749	0.0059101	0.008793	0.015383	-0.01226	0.00248	0.0045413	0.0051582	0.0023467	-0.0064911	-0.0052472	-0.0028434	-0.0086554	0.0022083	0.0038172	-0.0099696	-0.0038933	-0.011779	-0.0039821	-3.454e-06	-0.00033825	-0.0074012	-0.00039332	-0.0074645	0.0032306	0.0058466	0.053376	0.15244	0.14902	0.14851	0.15652	0.1581	0.15635	0.15975	0.16961	0.16254	0.15829	0.1575	0.16116	0.16282	0.18167	0.16865	0.15794	0.17124	0.1702	0.17051	0.16213	0.16025	0.1692	0.17539	0.17121	0.17365	0.16768	0.1597	0.11356	0.032022	0.025993	0.01364	-0.0025744	-0.0018897	-0.0076055	-0.0020921	-0.00503	-0.0056628	0.0049163	0.0035177	0.014192	0.007622	0.0023544	0.0037647	0.012691	-0.008997	-0.010118	-0.010259	-0.00508	-0.011868	-0.006281	-0.0098797	-0.023676	-0.016888	-0.028717	-0.010388	-0.011298	-0.027646	-0.020713	-0.016147	-0.010488	-0.020621	-0.0084788	-0.0014532	-0.0082433	-0.014168	-0.036966	-0.033409	-0.026203	-0.030696	-0.035972	-0.02282	0.0013216	0.15994	0.21579	0.12824	0.12879	0.14054	0.14587	0.15027	0.15563	0.16237	0.15524	0.16239	0.16189	0.17017	0.16979	0.16408	0.15969	0.17489	0.18446	0.18443	0.17316	0.17054	0.17599	0.1776	0.17155	0.17075	0.15956	0.14103	0.10697	0.023387	0.01759	-0.0030414	-0.0032913	0.0026749	-0.0047353	-0.018865	0.0064964	0.0013211	0.0055248	-0.0029789	0.010864	0.0077338	0.010268	-0.009734	-0.0067184	-0.00069804	-0.00031206	0.00082686	0.0061775	-0.0035783	-0.0012123	0.00098748	0.0053573	-0.0071145	0.0093729	0.013968	0.0013697	-0.0012363	0.0029362	-0.0028304	-0.0093986	-0.0019263	0.0045649	0.011981	0.0025753	-0.010195	-0.0094756	-0.02165	-0.027528	-0.004962	0.00081285	-0.0025215	-0.0087195	0.014106	0.13517	0.1819	0.14438	0.154	0.14478	0.15456	0.15715	0.14795	0.15564	0.16405	0.16458	0.15401	0.15579	0.15776	0.16091	0.16356	0.15058	0.15029	0.15484	0.15882	0.16587	0.16556	0.17023	0.16007	0.14712	0.14758	0.14287	0.06426	0.031449	-0.00015735	-0.016186	-0.016726	-0.0023589	-0.012904	-0.015665	-0.0025324	0.0031761	0.0020227	-0.0049041
0.21146	0.17729	0.15132	0.14343	0.16038	0.16871	0.16563	0.17223	0.16405	0.15484	0.16548	0.16928	0.16818	0.16936	0.16665	0.16704	0.17464	0.18043	0.17842	0.17553	0.17847	0.19098	0.18843	0.18975	0.17597	0.15633	0.16696	0.10972	0.025516	0.012719	0.002933	0.0012686	0.0027832	0.0028978	-0.020911	0.024603	0.013236	-0.010186	-0.0067586	0.0065921	0.015031	0.02162	0.014317	0.017701	0.0098115	0.012885	0.021214	0.0046205	0.0025494	0.0014502	0.009427	0.015203	0.0077642	0.00036658	-0.00022198	0.002433	0.0040379	-0.010431	-0.0093816	0.00044441	-0.0025643	-0.011017	0.0022644	0.0009254	-0.0039508	-0.0044749	-0.00053139	-0.0096664	-0.0035899	0.022204	0.019373	0.11028	0.22691	0.1707	0.1794	0.17278	0.1675	0.16686	0.17968	0.1882	0.18811	0.19203	0.18327	0.18739	0.19333	0.1913	0.1857	0.18332	0.19317	0.18724	0.17745	0.17154	0.1753	0.17319	0.1923	0.17886	0.17811	0.1629	0.16973	0.11134	0.02999	0.022435	0.0089098	0.002789	0.0058603	0.0035932	0.0075261	0.010159	0.0072329	3.6681e-05	-0.0016267	0.008056	0.0026546	-0.0049619	-0.0044389	0.0069756	-0.0097609	-0.011983	0.0059205	-0.0021035	-0.0013254	-0.0053132	-0.0083719	-0.01199	-0.008773	-0.012447	-0.0016824	-0.006257	-0.011251	-0.012475	-0.007106	-0.0065157	0.0016643	-0.001848	-0.024887	-0.030262	-0.03571	-0.031304	-0.019436	-0.022577	-0.01813	-0.026245	-0.00050019	0.013529	0.11177	0.21964	0.14785	0.15702	0.15967	0.15071	0.16074	0.17232	0.15508	0.14959	0.15389	0.15462	0.17369	0.16847	0.16661	0.15364	0.17127	0.1894	0.19251	0.17553	0.16782	0.17529	0.17853	0.17707	0.19004	0.18543	0.17181	0.16368	0.071171	0.039774	0.027109	0.012807	0.0093357	0.00153	-0.0018434	0.015306	0.010869	0.0031684	2.0997e-05	0.0045435	0.012693	0.0092696	0.0027199	0.010615	0.0012167	-0.0048814	-0.0084767	-0.003085	-0.00055908	0.0013115	0.0066843	0.0076496	0.0055154	-0.012165	-0.014066	-0.0077721	-8.2733e-05	0.00015408	0.00053752	-0.0097405	-0.0018187	-0.0076577	-0.011261	-0.022556	-0.0065238	-0.017268	-0.013262	-0.0069207	-0.00059882	-0.0050015	-0.01142	-0.017969	0.035841	0.2077	0.13085	0.13518	0.13789	0.1246	0.12977	0.15207	0.15015	0.15021	0.14909	0.15527	0.15513	0.1462	0.15226	0.15956	0.16068	0.16069	0.1587	0.1682	0.16278	0.16695	0.17322	0.16539	0.16156	0.16466	0.15319	0.15589	0.10172	0.043092	0.00052641	-0.00029893	0.0017801	0.014276	-0.023417	-0.012938	-0.0098459	-0.0049552	0.00079594	0.022896
0.14465	0.14568	0.13723	0.13904	0.13139	0.13967	0.1369	0.14303	0.13131	0.15126	0.13826	0.12973	0.14231	0.1614	0.14398	0.15499	0.16155	0.16215	0.14446	0.14564	0.14605	0.16077	0.15338	0.15633	0.15406	0.13614	0.13948	0.11289	0.019495	-0.005661	-0.010553	-0.0094365	-0.0020429	-0.013421	-0.014414	-0.018986	-0.012607	-0.01236	-0.019382	-0.010739	-0.010986	-0.025418	-0.016067	-0.027643	-0.001586	-0.011513	-0.012305	-0.007864	-0.024037	-0.014761	-0.01058	-0.020199	-0.013865	0.0026497	0.0024614	-0.012456	-0.0032115	0.0028855	0.0065559	-0.011346	-0.01838	-0.014735	0.0070957	-0.00055375	-0.0053745	-0.0054481	-0.012386	-0.011389	-0.017022	-0.022781	-0.0038962	0.047918	0.25055	0.1495	0.15287	0.15988	0.17293	0.17776	0.17373	0.17081	0.15622	0.16042	0.17408	0.16748	0.16195	0.16305	0.17195	0.1776	0.17782	0.18692	0.18109	0.17363	0.18442	0.17766	0.17899	0.16963	0.17982	0.17943	0.17216	0.082898	0.046753	0.027372	0.020987	0.012953	0.013581	0.02463	0.013902	0.0010038	0.022709	0.01214	0.015065	0.01304	0.007232	-0.003116	-0.012401	-0.0079819	-0.013848	-0.0089545	0.0024572	0.0083789	-0.011245	0.010068	-0.0068661	-0.021442	0.0056036	-0.0065301	-0.010569	-0.010169	-0.0091169	-0.0044867	-0.0115	-0.010232	-0.0077552	-0.0091203	-0.015917	-0.017094	-0.01219	-0.01177	-0.010625	-0.0071877	-0.0091095	-7.7389e-05	-0.0066875	0.011831	0.20198	0.18204	0.15627	0.1407	0.16642	0.16267	0.16979	0.16436	0.1664	0.16888	0.17869	0.17755	0.17131	0.16819	0.17747	0.18203	0.16976	0.17234	0.18661	0.18096	0.1703	0.16789	0.18295	0.18382	0.18492	0.16465	0.16511	0.15683	0.075422	0.031329	0.027833	0.017475	0.022932	0.014544	0.01473	0.0077651	0.0042898	0.011171	0.0068476	0.0036177	0.0017908	-0.00054089	0.0052585	0.004426	0.00643	0.0017789	-0.00023943	-0.003768	0.012521	0.0012044	-0.014078	0.0015158	0.0057334	-0.0025648	-0.00051604	0.0065865	-0.0016067	0.0048066	0.014529	0.0077654	-0.0013207	-0.0029295	-0.0040411	0.0012135	-0.0027461	-0.0085021	-0.012278	-0.018232	-0.019382	-0.011122	0.0032607	0.0062526	0.044353	0.15926	0.17721	0.15695	0.15692	0.16142	0.16506	0.17369	0.17387	0.17105	0.17382	0.18377	0.18686	0.17639	0.16896	0.17001	0.17174	0.17617	0.18264	0.17947	0.19059	0.19632	0.18872	0.17947	0.17841	0.17913	0.1716	0.15015	0.13346	0.05381	0.020399	0.0053232	-0.0081492	0.010932	0.0047128	0.013474	0.015172	0.0031228	0.00304	0.00067625
0.23553	0.16082	0.15461	0.15991	0.15523	0.16642	0.16982	0.17239	0.17123	0.17523	0.17376	0.17249	0.18569	0.18167	0.17541	0.16455	0.17069	0.17984	0.1694	0.17173	0.1843	0.1674	0.17006	0.17425	0.17053	0.16178	0.16055	0.099441	0.039037	0.00080282	-0.0018367	-0.0022329	-0.017631	-0.023284	-0.014223	-0.0038993	-0.0034886	-0.0060751	-0.010853	-0.0071511	-0.011293	-0.0075563	0.00088475	0.0070427	0.0021237	-0.0021769	-0.0081662	0.021592	-0.0087147	0.0063331	-0.00017074	-0.0034536	-0.010639	-0.019718	-0.0018266	-0.0036519	-0.017662	-0.019728	-0.013983	-0.015229	-0.015652	-0.0074971	-0.0060875	-0.007865	-0.0024169	-0.0017678	-0.010243	0.0013615	0.004592	-0.0010567	0.0087454	0.066634	0.24241	0.19765	0.16923	0.17376	0.17367	0.16225	0.17036	0.18496	0.18303	0.19159	0.18115	0.17203	0.16991	0.17734	0.18217	0.18919	0.17436	0.1826	0.17832	0.18208	0.20296	0.18637	0.19277	0.17707	0.16939	0.1643	0.17619	0.089669	0.028058	0.014427	0.016205	0.010944	0.0010749	-0.0097613	0.0043585	0.0086046	0.0030957	-0.014171	-0.016261	0.0037635	0.0039563	0.0035424	-0.01415	-0.02158	-0.0071062	-0.0048604	-0.0045799	0.00074089	0.0058288	-0.0010083	-0.00023533	0.0069265	0.0070074	0.0016761	0.0043082	0.011616	0.014665	0.024436	0.0038183	0.0022773	0.0011691	-0.010316	-0.013211	-0.0035005	-0.00057001	-0.013317	-0.017335	-0.0077028	-0.0070272	-0.0081425	-0.022701	0.022587	0.17401	0.18328	0.152	0.16151	0.16405	0.16369	0.16522	0.17286	0.1683	0.1685	0.1714	0.17232	0.17089	0.16043	0.16682	0.18087	0.17411	0.17159	0.18339	0.18236	0.17223	0.17204	0.18186	0.18466	0.18665	0.16774	0.17197	0.17242	0.078612	0.029338	0.013385	0.019559	0.0066498	0.0085651	0.0047935	0.010961	0.0071346	0.020518	0.020507	0.0062239	0.0050384	0.0071805	0.0025272	0.0074626	-0.00091732	0.008428	0.0091233	-0.0064977	-0.0052128	0.0098491	-0.015539	-0.0030548	-0.0091459	0.0038002	-0.01288	-0.00081259	-0.0027465	-8.572e-05	0.0042614	0.0060666	-0.0073669	-0.0052846	0.0025219	0.0032175	0.0024235	-0.0057819	-0.011193	-0.016732	-0.01331	-0.0040072	0.0040421	-0.0055579	0.047339	0.2205	0.17201	0.1641	0.16185	0.18077	0.1794	0.17165	0.16767	0.16762	0.17135	0.1885	0.19436	0.1797	0.17313	0.17717	0.17491	0.17634	0.17694	0.17976	0.18468	0.19065	0.18542	0.18744	0.18378	0.18415	0.17913	0.16945	0.14426	0.059129	0.026311	0.0063336	-0.0055339	0.00093409	0.0063398	0.0079817	-0.00072245	-0.0018147	0.00095012	-0.0031564
0.13516	0.15864	0.1419	0.14481	0.15392	0.15697	0.14905	0.1578	0.16372	0.1708	0.16977	0.16224	0.16179	0.18217	0.17903	0.16707	0.17609	0.19054	0.17921	0.17323	0.18031	0.18243	0.16706	0.16013	0.16063	0.16464	0.15413	0.059857	0.022696	-0.013599	-0.0028513	0.0034816	-0.01326	-0.0099841	-0.011049	-0.0024046	0.0012151	-0.010058	-0.020096	-0.014105	-0.025701	-0.026676	-0.01935	-0.019312	-0.022948	-0.020631	-0.020899	-0.037935	-0.015534	-0.0050705	-0.0064997	0.0073756	0.011937	0.0082256	-0.0013117	-0.0078974	0.0082597	0.0023738	-0.0014253	-0.0011817	-0.0030195	-0.0064901	-0.022147	-0.020194	-0.002357	-0.026416	-0.044324	-0.030808	-0.035683	-0.026074	-0.025927	0.0066391	0.18011	0.2167	0.16277	0.16638	0.16911	0.16892	0.17139	0.17764	0.17552	0.17314	0.18004	0.17575	0.16967	0.17317	0.17757	0.18043	0.1768	0.18109	0.17688	0.18039	0.19594	0.18679	0.17989	0.181	0.16243	0.1633	0.17111	0.13685	0.031008	0.021067	0.014189	0.016227	-0.0054459	-0.0072729	-0.018576	-0.014648	-0.008987	-0.0020335	0.0080303	-0.024992	-0.0015538	0.009635	0.012633	-0.0055406	-0.0059395	0.0017427	-0.0014053	0.0057187	-0.0034708	-0.0081476	-0.012184	-0.0072932	0.0022788	0.0028872	-0.004858	0.001905	0.0047763	0.0060196	-7.2373e-05	-0.00076547	-0.0078278	-0.019267	-0.016712	-0.013308	-0.0057541	-0.0088522	-0.010853	-0.012043	-0.010921	-0.010563	-0.019217	0.0139	0.14502	0.18433	0.14191	0.14961	0.16121	0.17782	0.17478	0.15501	0.17856	0.17489	0.16881	0.17177	0.17516	0.15735	0.16086	0.1844	0.18315	0.17553	0.18485	0.18844	0.17884	0.18088	0.18546	0.19018	0.19307	0.17552	0.18352	0.19269	0.086489	0.032035	0.032494	0.010811	0.024995	0.024374	0.017016	0.0034303	-0.00062338	0.00074667	0.0090969	0.0025942	-0.0025714	0.0029735	0.0083224	0.0030685	0.0045522	0.0054286	7.0595e-05	0.014896	0.011896	0.0035877	-0.0022616	0.0067429	0.012801	-0.0010764	-0.013838	-0.0035236	0.00080182	-0.00028996	-0.0013183	0.0090558	-0.008725	-0.0029516	0.013773	0.0099096	0.012281	0.0016264	-0.0054201	-0.010544	-0.0025501	0.0077958	0.0095115	0.0011468	0.044186	0.17227	0.16634	0.17957	0.17477	0.17533	0.17589	0.17511	0.17663	0.18697	0.18347	0.1807	0.17742	0.17995	0.18356	0.18902	0.18277	0.18119	0.17593	0.18474	0.18347	0.18967	0.1868	0.2001	0.19385	0.19385	0.19136	0.19342	0.15976	0.069137	0.036911	0.012032	0.0017696	-0.0043761	0.012655	0.0071779	-0.011929	-0.0020642	0.0035483	-0.0023009
0.09609	0.22717	0.16839	0.17401	0.18294	0.19517	0.18394	0.18302	0.18344	0.19677	0.19231	0.18385	0.18724	0.18233	0.18675	0.18754	0.17891	0.17433	0.18291	0.18932	0.20927	0.19568	0.17601	0.17478	0.18844	0.17815	0.15164	0.08259	0.017689	0.004935	0.010741	0.01107	-0.0064436	-0.0027354	-0.0037025	0.008192	0.0038893	0.0072624	-0.0038756	-0.0025883	-0.0011554	-0.00023697	-0.0015272	-0.0015335	0.0061198	0.014492	0.0075197	0.0074539	0.004915	0.0026641	0.0026842	0.012346	0.0080472	0.0065068	-0.00048421	0.0017772	0.0034399	0.003466	0.0008226	0.00036532	0.0011952	-0.00080093	-0.0076125	0.01843	0.0019507	0.010785	0.00053124	0.0046584	-0.00078178	0.00060763	0.013755	0.037138	0.17205	0.23332	0.15388	0.15656	0.16212	0.17316	0.16999	0.16789	0.16557	0.15226	0.17649	0.17704	0.167	0.16656	0.17053	0.16923	0.17681	0.17716	0.17301	0.17627	0.18647	0.18479	0.18488	0.18319	0.17593	0.16129	0.1721	0.074457	0.011512	0.0075495	0.012109	-0.00076069	-0.014711	-0.0028508	-0.006781	-0.013223	-0.024586	-0.0078724	-0.015477	-0.016266	-0.0080429	-0.012719	-0.024076	-0.0052085	0.00074534	-0.023662	0.0035368	-0.016117	-0.015203	-0.01772	-0.026564	-0.023946	-0.0048826	0.0016656	-0.016457	-0.010239	-0.0075447	-0.014829	-0.0063957	-0.0062409	-0.019257	-0.03065	-0.022646	-0.025549	-0.013371	-0.0068203	-0.0068038	-0.018816	-0.017248	-0.015417	-0.018166	0.0027801	0.085264	0.19945	0.13599	0.16282	0.16313	0.16621	0.15916	0.16736	0.17532	0.17112	0.16691	0.17529	0.18199	0.17218	0.16802	0.17493	0.17904	0.19345	0.1757	0.17849	0.17655	0.17302	0.17396	0.17704	0.17463	0.17563	0.15939	0.13685	0.068008	0.018639	0.015813	0.0065836	-0.012743	0.0020957	0.004202	0.0043672	0.016431	-0.0010733	-0.013226	-0.0014299	0.018755	0.002857	0.0010362	-0.0079357	0.0098587	0.0074568	0.0024332	0.0031555	0.008833	0.0036895	0.015252	0.020116	0.0068884	0.021007	0.023264	0.0091651	0.0066894	0.004732	-0.016085	-0.014226	0.0029602	-0.0034708	-0.011587	-0.015623	-0.0074818	-0.008444	-0.0075838	-0.021236	-0.023838	-0.020549	-0.019678	0.0039499	0.01697	0.15071	0.15012	0.16081	0.15862	0.15819	0.16104	0.1686	0.16559	0.15702	0.16506	0.16847	0.17799	0.17541	0.17022	0.17432	0.17853	0.17932	0.17577	0.17604	0.18694	0.17085	0.18196	0.18006	0.17208	0.18666	0.18415	0.17917	0.14621	0.053241	0.027167	0.0090969	0.0094154	0.0053821	-0.0024741	-0.0038122	0.0075546	-0.010514	-0.018347	0.0017825
0.04078	0.21603	0.17434	0.15651	0.16601	0.1658	0.16895	0.17739	0.17842	0.17278	0.16667	0.17736	0.18202	0.18751	0.1741	0.17253	0.1838	0.18209	0.19144	0.17191	0.1824	0.19192	0.17461	0.1701	0.16762	0.15657	0.10033	0.040039	0.02136	0.011053	0.010985	0.0063939	0.0087509	0.0036814	0.001017	0.00049336	0.010632	0.014394	0.012493	0.0053277	0.013175	0.028419	0.014473	0.013284	0.022975	0.0092933	0.017207	0.014358	0.0011327	-0.013993	-0.0092526	0.0032215	0.0085379	0.0032298	-0.0017677	0.0068395	0.0085967	0.0071087	0.00042421	-0.026109	-0.032963	-0.010891	0.0037783	-0.018434	-0.021168	-0.010667	-0.014688	-0.0086464	-0.002902	-0.0094436	-0.010319	-0.010004	0.081052	0.184	0.14825	0.14784	0.15501	0.15842	0.16983	0.18427	0.18344	0.1792	0.18769	0.19081	0.18698	0.18572	0.18291	0.17622	0.18871	0.19865	0.18488	0.18696	0.19431	0.19023	0.18587	0.17853	0.17305	0.16285	0.15784	0.071024	0.02468	0.015226	0.0096177	0.011171	0.0058746	-0.013451	-0.02488	-0.0024317	0.0013151	-0.011562	-0.0064474	-0.0061701	-0.0058075	-0.0086993	-0.0042786	-0.0071928	-0.0060874	-0.0047257	-0.017488	-0.014276	-0.00077051	-0.011718	0.0018043	0.017546	0.0086777	-0.006154	-0.011882	-0.017657	0.00010609	-0.0093411	-0.021447	-0.023367	-0.030542	-0.014751	-0.005023	-0.024332	-0.021091	-0.02622	-0.015342	-0.021921	-0.025804	-0.011683	-0.00257	0.0085274	0.062977	0.25144	0.18232	0.14485	0.15696	0.13399	0.13641	0.16129	0.17207	0.17415	0.16111	0.15935	0.15887	0.1631	0.16807	0.17807	0.16497	0.15987	0.17052	0.17971	0.18277	0.17785	0.18072	0.18263	0.18275	0.17226	0.1596	0.13941	0.051201	0.0066442	0.00066562	-0.0051032	0.0022194	-0.0019113	-0.0060313	-0.011988	-0.0063717	0.00095597	0.0081549	-0.012777	-0.019824	0.013859	0.028236	0.0069032	0.0040173	0.020445	0.024834	0.012935	0.0033112	-0.0059819	-0.0016047	0.0065639	-0.020568	-0.0069598	-0.0016166	0.0048675	-0.011625	-0.009709	-0.01374	-0.0152	-0.00025506	-0.019394	-0.01547	-0.026319	-0.020404	-0.014	-0.010106	-0.0073245	-0.0028849	-0.0017447	-0.016137	-0.010435	0.0097453	0.12117	0.17989	0.16608	0.16251	0.16595	0.18205	0.17506	0.17362	0.1821	0.18558	0.17884	0.1783	0.17441	0.17295	0.17387	0.17826	0.18013	0.17341	0.18037	0.19138	0.17791	0.18932	0.18827	0.18173	0.18645	0.18521	0.17684	0.154	0.064211	0.034441	0.017264	0.02038	0.017097	0.013152	0.014066	0.022022	0.0093259	0.0029576	0.011229
0.023987	0.10153	0.24174	0.18053	0.17866	0.1764	0.18373	0.17955	0.18057	0.17111	0.18934	0.18609	0.18094	0.18716	0.17923	0.18537	0.18716	0.17755	0.1718	0.18719	0.18329	0.18254	0.16891	0.15433	0.16045	0.14958	0.098424	0.030934	0.017932	0.014894	0.013007	-0.019417	-0.019807	0.010185	-0.00050943	-0.0045014	-0.00023787	0.0037074	-0.0011004	-0.0065155	-0.0081668	-0.010293	-0.011558	0.002887	0.00056288	-0.0077031	-0.01498	-0.013879	-0.014595	-0.015759	-0.0094012	-0.011399	-0.015631	-0.019215	-0.005062	-0.00064376	-0.020438	-0.020796	-0.010519	-0.0067282	-0.0084518	-0.0086404	-0.0098884	-0.015187	-0.015075	-0.015096	-0.037272	-0.021944	-0.025824	-0.030929	-0.021859	-0.0087942	0.024428	0.19582	0.1705	0.16497	0.16087	0.18125	0.18653	0.1938	0.19447	0.19931	0.19205	0.19773	0.20013	0.19805	0.18846	0.17638	0.19378	0.21331	0.18992	0.19082	0.19531	0.18883	0.18002	0.16951	0.16431	0.16217	0.11022	0.066178	0.02121	-0.00074525	-0.017227	0.0062616	0.0050882	0.0028651	0.0057411	0.0072466	0.010803	0.0045923	0.021236	0.014726	0.015301	0.0065954	0.018676	0.011133	0.014452	0.011792	0.0097171	0.010035	0.0087294	0.012409	0.010749	0.0094851	0.006072	0.010326	0.02306	0.028377	0.017304	-0.0012556	0.0019054	0.0061041	0.0047601	-0.0044899	-0.0079568	-0.0025314	-0.011029	-0.018277	-0.012604	-0.0048733	0.011611	0.0096758	-0.0023726	0.0041012	0.021803	0.16667	0.22257	0.15604	0.17929	0.18356	0.17694	0.16754	0.17633	0.17858	0.17381	0.17205	0.18653	0.19431	0.17271	0.16485	0.17369	0.16644	0.17834	0.18596	0.19117	0.19605	0.17817	0.19231	0.19598	0.18267	0.17926	0.13842	0.067803	0.028278	0.023709	0.025233	0.0054605	0.0089859	0.015189	0.015984	0.0016209	0.0041421	-0.00046817	-0.0006629	0.00070491	-0.0033449	-0.0043806	-0.013929	-0.014087	-0.0020203	0.0030082	-0.0018413	-0.0016957	-0.0052159	-0.0060872	-0.010611	-0.013882	-0.018482	-0.0061949	-0.0087904	-0.011994	-0.0074073	-0.0084352	-0.0066703	-0.0022435	-0.0080195	-0.0042574	-0.011353	-0.019825	-0.018883	-0.01527	-0.014112	-0.023428	-0.02408	-0.0047851	-0.004885	0.0017226	0.049291	0.20784	0.14938	0.15533	0.15055	0.14633	0.16191	0.1688	0.17347	0.17727	0.18236	0.17176	0.16658	0.16884	0.16658	0.17114	0.1741	0.16421	0.17787	0.18897	0.17812	0.18984	0.18965	0.18455	0.1794	0.17943	0.16768	0.15496	0.068342	0.034877	0.018594	0.024507	0.021974	0.02194	0.025106	0.029652	0.022328	0.017424	0.013839
0.015779	0.066457	0.17036	0.19017	0.1743	0.16441	0.17019	0.17044	0.17715	0.17856	0.17676	0.17366	0.18413	0.18656	0.17175	0.17113	0.17258	0.18716	0.18032	0.18118	0.18322	0.17877	0.17772	0.15883	0.17794	0.15533	0.078361	0.016456	-0.0076226	-0.016698	-0.0062478	0.00028833	-0.013808	-0.0077749	-0.017781	-0.018248	-0.010078	-0.0010299	-0.0080446	0.00247	-0.0089833	-0.0095084	-0.012549	-0.012772	-0.0085672	-0.017725	-0.019987	-0.013672	0.0071778	-0.0082563	-0.0064704	-0.0068208	-0.010955	-0.0077451	-0.0013656	-0.0082592	0.00076597	-0.0036626	-0.004348	0.0010544	0.0054948	-0.0024963	-0.00015771	0.0027618	-0.007433	0.0010543	-0.0064684	-0.007241	-0.0078607	-0.014975	-0.0074444	-0.0016478	0.0097988	0.11395	0.17831	0.16521	0.16303	0.17448	0.17274	0.16926	0.18217	0.17023	0.18135	0.18457	0.17356	0.18017	0.17816	0.17789	0.18893	0.18534	0.18028	0.18225	0.191	0.19061	0.18356	0.17599	0.17365	0.16973	0.11958	0.038649	0.026699	0.019086	0.019121	0.019983	0.0084228	0.0072518	0.015555	0.019766	0.014502	0.0058466	0.015785	0.019261	0.013817	-0.013893	0.0003509	0.017545	0.012426	0.010605	0.0085166	0.0096933	0.016749	-0.0010922	-0.0089238	-0.0022602	0.014693	0.0069948	-0.0018387	-0.0021595	-0.00078352	0.0022647	-0.0028266	-0.00059925	0.00842	-0.0042167	0.0076749	0.00997	0.009531	0.012094	0.0015946	-0.0023594	-0.0030006	0.0018827	-0.00021966	0.011881	0.012595	0.072404	0.23169	0.17435	0.15059	0.16321	0.16708	0.16686	0.17012	0.17712	0.18176	0.17128	0.16525	0.18873	0.19552	0.1902	0.20002	0.19148	0.19519	0.19169	0.19777	0.19342	0.19921	0.20042	0.19069	0.18347	0.17716	0.10671	0.050653	0.016212	0.0026589	0.014381	0.0102	0.0064074	0.0058591	-0.0069168	-0.0068751	-0.0040309	0.021782	0.0082923	0.00053718	-0.0094624	-0.0104	0.0033962	-0.0055462	-0.0042558	-0.0054648	0.0026246	0.00051389	-0.0008993	0.0086811	0.0040547	0.0020518	0.0055146	-0.0068632	0.00021341	-0.0015096	-0.0091981	-0.0057064	-0.0071922	-0.0095676	-0.0066205	-0.015417	-0.0099506	-0.003107	-0.014557	-0.0074469	-0.0012282	-0.0053531	-0.0071248	-0.0021994	-0.0072484	0.0074434	0.050842	0.1862	0.18102	0.15467	0.16349	0.16601	0.1771	0.17744	0.19128	0.1805	0.18779	0.19264	0.17989	0.19081	0.19058	0.18484	0.18175	0.18443	0.19264	0.20152	0.19414	0.19113	0.18447	0.20203	0.20101	0.17045	0.16496	0.12962	0.05634	0.024141	0.010149	0.010944	0.018478	0.027215	0.022815	0.015058	-0.0096642	-0.0014245	0.02424
0.0090114	0.026206	0.087815	0.19024	0.19261	0.16759	0.16478	0.17453	0.17951	0.193	0.18025	0.18194	0.18107	0.16963	0.1872	0.1817	0.19019	0.20487	0.19705	0.18672	0.19472	0.19319	0.18606	0.17894	0.16588	0.092538	0.047742	0.011367	-0.011174	0.012525	-0.0075648	-0.006619	-0.012506	-0.0083175	-0.0073596	-0.015322	-0.021375	-0.022111	-0.02074	-0.018068	-0.019988	-0.0094631	-0.017867	-0.037723	-0.020677	-0.018833	-0.0031289	-0.026054	-0.024322	-0.0082399	-0.0072956	-0.011942	-0.026249	-0.0091297	0.0012219	-0.01448	-0.0043909	-0.0014647	-0.0020218	-0.01142	-0.0052272	-0.0075034	-0.0037668	-0.0015361	-0.01105	-0.01467	-0.006016	-0.010515	-0.013232	-0.011611	0.0014747	-0.0095012	-0.0063348	0.038222	0.21354	0.15638	0.14956	0.15904	0.1594	0.16874	0.17186	0.17117	0.17956	0.18074	0.17619	0.16543	0.18161	0.18393	0.19733	0.18453	0.17874	0.18346	0.17162	0.18429	0.18262	0.16257	0.16602	0.15465	0.067383	0.034071	0.022044	0.00080018	0.0032918	0.012313	-0.0041278	0.0047564	0.0030892	0.00081736	-0.0091604	-0.0084533	0.0045615	-0.0077498	0.0034641	0.00039079	0.0059233	0.011194	0.019579	0.0065134	0.008302	0.020776	0.025132	0.014183	0.020634	0.021786	0.0025798	0.0027076	0.037823	0.016372	-0.0033777	-0.014179	0.0009996	0.014477	0.0046011	-0.0023297	-0.0008659	0.00072707	-0.018476	-0.010765	-0.015695	-0.026551	0.0026812	-0.0028913	-0.002281	-0.0008674	0.00036421	0.061731	0.14534	0.1936	0.15941	0.16649	0.14609	0.16543	0.15909	0.16067	0.16143	0.17797	0.18741	0.18111	0.18734	0.19172	0.20791	0.19264	0.19965	0.19312	0.18564	0.18369	0.1849	0.17609	0.18398	0.17251	0.14004	0.086613	0.03913	0.031045	0.006062	0.012943	0.0093228	0.01343	0.008988	0.012859	0.012361	0.0015401	-0.00062326	0.014908	0.010015	0.0010529	-0.011848	0.029931	-0.0042345	-0.004919	0.0052881	0.0015991	0.012321	0.0028519	-0.0014998	0.0091189	0.014353	0.0079138	0.0018258	-0.0076646	-0.0084959	0.0031861	0.0068536	-0.0049651	-0.018572	-0.019956	-0.0061265	0.00046205	-0.0090984	-0.0056596	-0.017389	0.00014076	-0.0068379	-0.013299	-0.015755	0.0018414	0.0086009	0.040175	0.1596	0.2468	0.18044	0.17234	0.17915	0.18616	0.19318	0.19314	0.17617	0.18019	0.19905	0.19353	0.17516	0.17551	0.20089	0.19082	0.18546	0.17539	0.19271	0.19144	0.1887	0.17035	0.18053	0.16809	0.16436	0.14841	0.073433	0.014238	0.025177	0.0067852	-0.0031396	-0.0035216	0.010335	-0.015115	-0.011469	-0.0022191	-0.0080238	0.0044798
-0.0047745	-0.0050112	0.012821	0.083009	0.21454	0.15621	0.1672	0.16228	0.16444	0.1912	0.1857	0.17524	0.18503	0.17201	0.1711	0.17284	0.18099	0.16813	0.16602	0.16768	0.17841	0.18497	0.15959	0.15471	0.11579	0.048491	0.014248	0.0036695	-0.012463	-0.014169	-0.011095	-0.009933	-0.005818	-0.013856	-0.021922	-0.03047	-0.024622	-0.026545	-0.023018	-0.016075	-0.01761	-0.019536	-0.0071668	-0.0064998	-0.0040451	-0.013557	-0.02534	-0.0090116	-0.0077901	-0.008467	-0.017035	-0.02249	-0.029395	-0.0099009	-0.011637	-0.018519	-0.011075	-0.020438	-0.013484	-0.020036	-0.010217	-0.0066271	-0.010308	-0.017182	-0.012034	-0.010349	-0.01475	-0.014645	-0.0054436	-0.0099579	-0.0132	-0.014311	0.0013656	0.023201	0.078459	0.20654	0.16525	0.16764	0.17013	0.16219	0.17352	0.16996	0.17349	0.17691	0.1718	0.18146	0.18686	0.17129	0.16513	0.17322	0.17154	0.16879	0.16819	0.17411	0.15942	0.15926	0.17522	0.10442	0.039786	0.0055431	0.0012022	-0.0018116	-0.0053759	0.0035517	-0.0028665	0.012297	0.0028664	-0.00076247	0.01228	0.0041812	-0.0011339	-0.0064762	-0.0018377	0.0059564	0.0069879	0.0048065	-0.0048688	0.0047903	0.0089704	0.0074012	0.0038171	0.017714	0.010414	0.005327	-0.010875	-0.0016302	-0.0081853	-0.0057875	-0.0011045	-0.0020863	-0.0073172	-0.0043952	-0.0053712	-0.0025626	-0.0024605	0.0080572	-3.3763e-05	0.0031244	0.0030152	-0.0096968	0.0033783	0.0084414	0.0016892	-0.00032024	-0.0011471	0.022482	0.11164	0.1862	0.19352	0.1794	0.18512	0.18203	0.1916	0.1915	0.18795	0.1943	0.20002	0.20431	0.19784	0.18744	0.19104	0.20418	0.1975	0.18887	0.18771	0.18232	0.167	0.18	0.15968	0.13744	0.10502	0.055216	0.0079307	-0.012069	0.0022274	-0.0055577	-0.0070164	0.010362	-0.0052349	0.00080417	0.0042444	-0.0021407	-0.00010858	-0.00097192	-0.0063533	-0.0017899	-0.0088016	-0.0010883	0.0045885	0.0060101	0.013581	0.022383	0.010606	-0.0017728	0.016973	0.012217	0.0024283	0.015497	0.012524	0.0136	0.020134	0.024382	0.0062583	0.0016644	0.012698	0.017201	0.0059591	0.0029401	-0.002542	-0.010551	-0.010766	-0.012611	0.0070201	0.004036	-0.0032186	-0.011603	0.006483	0.023925	0.07811	0.20296	0.19292	0.16981	0.18463	0.18647	0.18488	0.19675	0.18488	0.17416	0.18417	0.18309	0.17398	0.17389	0.18699	0.18461	0.17954	0.17047	0.183	0.18449	0.1845	0.16517	0.16555	0.16913	0.16014	0.12615	0.057074	0.011473	0.031759	0.0068097	0.012716	0.02411	0.01719	-0.010985	0.0049252	0.0037752	0.00075845	0.0014313
-0.0039411	0.0032475	-0.0047776	0.015867	0.1104	0.21342	0.16847	0.16752	0.15489	0.16078	0.16869	0.15928	0.15681	0.16311	0.16535	0.16922	0.1684	0.16957	0.16666	0.16582	0.14798	0.16699	0.13747	0.10848	0.063506	0.016714	0.0049389	-0.0031123	-0.0039772	0.0027256	-0.0020647	-0.021372	-0.0050086	-0.013964	-0.012421	-0.016102	-0.0053509	-0.003679	-0.0076196	-0.010864	0.012554	-0.0067583	-0.014524	-0.0097019	-0.012453	-0.012738	-0.0082935	-0.0051946	0.0027245	-0.00044715	-0.015466	-0.016071	-0.014092	-0.020873	0.0023726	-0.0057176	-0.0082735	0.0014517	-0.010118	-0.01194	-0.0055737	-0.016631	-0.014894	-0.0011794	-0.012149	-0.029942	-0.011116	0.0066765	0.014459	0.0044627	-0.0051964	0.0026253	0.0022853	0.0032724	0.021111	0.11233	0.17321	0.17524	0.17204	0.17404	0.17498	0.18315	0.1732	0.16834	0.17705	0.18203	0.18637	0.17929	0.1795	0.1778	0.16039	0.16612	0.16928	0.16792	0.16908	0.16603	0.13177	0.058375	0.035139	-0.0021832	-0.0012685	-0.0054487	4.0036e-05	-0.0072387	-0.0050448	-0.0026902	0.006849	0.010309	0.0039792	0.0084685	-0.00037947	0.0056211	-0.0031942	-0.0080602	0.0016849	0.0030465	0.012365	0.0049847	0.0043993	-0.0036448	0.0050115	0.0020513	0.0079966	0.015435	-0.010419	-0.012307	0.0055548	0.0051014	-0.0015619	0.013094	-0.0024654	-0.0013358	0.0014079	0.0012491	0.0008566	0.0087215	0.011136	0.020866	0.019579	0.0011929	-0.0099902	0.00016244	0.025465	0.023497	0.020664	0.022253	0.056002	0.13632	0.16596	0.18044	0.17636	0.18601	0.18511	0.18472	0.1769	0.1833	0.17926	0.17794	0.18364	0.18505	0.18494	0.18353	0.17096	0.16954	0.16363	0.16681	0.16843	0.15587	0.13812	0.12667	0.074285	0.017328	0.002603	0.0086887	0.0019996	-0.011545	-0.010338	-0.0090985	0.0063069	-0.0017397	-0.0023801	-0.0034656	-0.0004533	-0.013631	0.00049239	0.0046954	-0.0067434	-0.002728	0.0076788	0.0040079	0.0044574	0.0014288	0.001189	-0.003046	0.0049848	-0.00034344	0.00057242	0.015297	0.0073007	-0.00219	-0.0026368	0.0093275	-0.0027531	-0.0053784	-0.0017669	0.0049691	0.00024916	-0.010796	-0.0092263	-0.011389	-0.01192	-0.010022	-0.013313	-0.015826	-0.021117	-0.00046104	-0.0028853	-0.0047704	0.016902	0.13734	0.18317	0.17059	0.1596	0.1658	0.1708	0.16647	0.18421	0.17446	0.17561	0.17897	0.17911	0.17858	0.17942	0.18471	0.17994	0.17188	0.17961	0.18386	0.18663	0.16631	0.15689	0.17649	0.16224	0.085713	0.029963	0.009752	0.0056794	0.0098085	0.0062926	0.0090512	-0.0068924	-0.0098716	-0.001716	-0.011896	-0.0090175	-0.01653
0.0051382	0.0032524	-0.0017297	0.0040556	0.030055	0.099801	0.20847	0.1866	0.16464	0.17512	0.18551	0.17511	0.16731	0.18354	0.18508	0.18368	0.1838	0.18005	0.17529	0.17695	0.18081	0.15836	0.13748	0.074801	0.03499	0.017934	0.014854	0.013726	-0.00024601	0.0024785	0.012752	0.00228	0.0015183	-0.002654	0.0010993	0.0030553	-0.0020098	0.012273	-0.012449	-0.019797	-0.0090284	0.0056009	-0.0045833	-0.012207	-0.015043	0.0039176	0.0049804	-0.00025628	0.008175	0.007316	0.011196	0.009269	-0.015816	-0.013728	3.9883e-05	0.0058232	0.0070979	-0.0010246	0.0076602	-0.010983	-0.016303	-0.010359	-0.007596	-0.013745	-0.015286	-0.015572	-0.018693	-0.0054229	0.0026156	-0.005237	-0.01689	-0.00077109	-0.001656	-0.011105	-0.004324	0.030979	0.11028	0.19716	0.16494	0.16375	0.17581	0.17871	0.16227	0.15804	0.16094	0.16676	0.18464	0.18533	0.16668	0.16655	0.17983	0.18037	0.16747	0.16207	0.15769	0.1388	0.090349	0.048431	0.014158	0.011972	-0.0034044	-0.0026687	0.0070864	0.002009	0.011775	0.015336	0.0054005	0.00404	0.0094645	0.0063049	0.0096334	0.013405	0.0087622	0.0010695	0.017449	0.01112	0.0056623	0.012475	0.00098548	-0.006715	0.0012962	0.0082846	0.0029073	-0.0070361	0.0015366	-0.00293	-0.0059034	0.0090846	0.01084	-0.0061064	-0.0014865	0.0042121	-0.0021406	-0.0089838	-0.0040403	-0.00038399	0.014825	-0.00012136	-0.0086078	-0.00029296	0.0013434	-0.0012832	-0.0030642	0.0023408	-0.00036581	0.018785	0.02102	0.041924	0.18393	0.20071	0.18232	0.16972	0.18051	0.19572	0.18263	0.18091	0.18266	0.19022	0.20015	0.18281	0.18346	0.18938	0.18318	0.19156	0.20195	0.19329	0.18309	0.17427	0.14623	0.10504	0.03961	0.026175	0.016499	0.0057304	0.0077228	0.012976	0.0029397	-0.012625	-0.0060756	-0.010027	-0.00095951	-0.0047295	-0.022588	-0.0071656	-0.0050807	-0.012502	-0.0161	-0.028149	-0.0099868	-0.0080474	-0.0042488	-0.019108	-0.0078104	-0.0039015	-0.006586	-0.012486	-0.00086587	0.015515	0.0024952	-0.017562	-0.02499	-0.0053092	-0.011347	-0.012004	-0.015814	-0.0068453	-0.0050431	-0.024115	-0.015493	-0.011809	-0.012655	-0.011667	-0.014608	-0.014057	0.011934	-0.0053942	-0.014951	0.010652	0.0043944	0.035317	0.16105	0.1676	0.16185	0.15798	0.15761	0.16478	0.1817	0.18258	0.16724	0.16866	0.18361	0.18745	0.17457	0.17648	0.18045	0.18957	0.19012	0.18415	0.18177	0.1773	0.17266	0.14861	0.11715	0.066218	0.026498	0.0088712	0.0070159	0.0050539	0.0070637	0.011605	0.012632	0.016931	0.018628	0.0086279	0.011206	0.012165
0.0029718	0.0021506	0.0049418	0.0045327	0.021406	0.025733	0.059638	0.15627	0.16653	0.16278	0.17832	0.17823	0.19125	0.1911	0.182	0.1668	0.17225	0.18347	0.16686	0.14271	0.10843	0.10997	0.075825	0.0227	0.0054638	0.0020732	0.00079291	-0.0030423	-0.0090403	-0.0063034	-0.0015415	-0.0065961	-0.001461	-0.0049009	0.0017553	0.0039949	-0.018007	-0.011741	0.008074	0.0047247	0.00358	0.0034047	-0.008698	-0.0036052	-0.00042945	0.011493	0.002177	-0.0048274	0.014461	0.0086303	0.0052025	0.0019424	0.018563	0.0058936	0.0078541	0.0073363	0.010548	0.0070975	0.0016661	0.013609	0.013829	0.0034298	-0.0099158	0.0017031	0.0063108	0.0021245	0.0069755	0.0062409	-0.0046093	0.01339	0.0073251	-0.003945	0.0042699	0.010559	0.019507	0.02183	0.032079	0.14538	0.20332	0.16555	0.16664	0.18415	0.18126	0.17666	0.17768	0.16874	0.18168	0.18712	0.18244	0.17919	0.18882	0.19057	0.18589	0.15157	0.1364	0.11646	0.065138	0.024328	0.017215	0.011376	0.0018785	0.011771	0.0072642	0.0096148	0.010694	-0.00077633	-0.013465	0.00048482	0.0038008	0.0084807	0.0030661	-0.010158	-0.0055351	-0.0051889	-0.0066538	0.0071167	0.0087432	-0.0095752	-0.0047113	-0.0019471	-0.0074933	0.0018802	0.013586	-6.0343e-05	-0.011621	-0.009196	0.0029537	-0.0017353	-0.009866	0.0042534	-0.00023282	-0.013045	-0.01427	-0.0043015	-0.0041767	-0.0053084	0.0092342	-0.0052218	-0.017562	-0.018781	-0.01893	-0.015385	-0.010726	-0.016283	-0.0012613	0.00082803	0.011873	0.011211	0.0445	0.15231	0.2106	0.15975	0.1634	0.16936	0.16177	0.16546	0.17787	0.15648	0.18696	0.17978	0.17758	0.16835	0.17985	0.18575	0.18133	0.16183	0.15696	0.13196	0.10355	0.041701	-0.00074086	0.0085894	-0.0046106	-0.0042318	-0.0023116	-0.0044119	0.0037651	-0.012494	-0.022645	-0.0059917	-0.0028356	-0.002592	-0.0039903	0.00050202	-0.0053832	-0.019244	-0.011721	-0.0047501	-0.010384	-0.011698	0.0043545	0.015677	0.0037746	0.0087731	-0.0065347	0.0023037	0.0081408	0.011049	0.0056123	0.0064402	0.011045	0.011764	0.0061733	0.0044464	0.0064803	0.01023	0.0074311	-0.0021651	0.0049307	-0.0028092	-0.0064503	-0.0099018	0.0065589	-0.010587	-0.010686	-0.0014909	-0.010346	-0.010422	-0.011926	0.0062009	0.05626	0.19717	0.18353	0.16758	0.1564	0.17139	0.17328	0.17326	0.17363	0.17234	0.1721	0.16471	0.16476	0.17264	0.17507	0.16764	0.17191	0.16477	0.16649	0.16848	0.14631	0.12427	0.070717	0.016328	-0.0038549	-0.005951	-0.0095086	-0.0054656	-0.010061	-0.014591	-0.0143	-0.022277	-0.015522	-0.027491	-0.033296	-0.0053272
0.0010573	0.0091219	0.0084993	0.0038991	0.016888	0.017899	0.02249	0.046895	0.067013	0.12368	0.22992	0.18445	0.15727	0.16277	0.17326	0.14891	0.15078	0.15613	0.16381	0.1358	0.067002	0.035842	0.022401	0.016642	0.011539	0.016889	0.005987	-0.0013385	0.0021177	0.00086752	-0.0094511	-0.0074543	0.0022886	-0.0039891	0.0022442	-0.0030826	-0.0055146	0.0020992	0.0030946	0.017443	0.017028	0.019707	-0.007089	-0.012118	-0.012637	-0.00455	-0.011746	-0.025551	-0.017146	-0.020114	-0.017406	-0.011129	-0.0045373	0.010456	0.00090692	-0.0060249	0.012077	0.0022679	-0.0056064	-0.0015676	-0.011285	-0.0047587	-0.0012058	0.00049549	-0.016894	0.0046357	-0.017949	-0.02161	-0.015241	0.00096045	-0.0041163	-0.0037644	-0.0021256	-0.00089209	0.00079684	0.013453	0.031911	0.059038	0.085291	0.19027	0.2013	0.16546	0.16616	0.18493	0.19299	0.19495	0.19592	0.19163	0.19396	0.18548	0.17057	0.14503	0.14617	0.14845	0.11048	0.048893	0.014784	0.012366	-0.0011701	0.0038484	0.011803	0.00086342	-0.0012223	-0.0054026	-0.0068539	-0.0064149	-0.010673	-0.012382	-0.0049991	-0.0014189	-0.0027482	-0.00031434	-0.0027278	-0.013623	-0.010346	-0.0094081	-0.0015173	0.0025725	-0.0044432	-0.0056709	0.0041021	0.012435	-0.00095161	-0.0067516	-0.0030605	-0.011521	-0.00090499	-0.005233	-0.0035377	0.012908	0.0067952	0.010925	0.0080943	-0.0059864	-0.017967	0.023715	0.020246	0.0021729	0.0046432	0.0072854	0.010676	0.013619	0.0020325	0.013186	0.0067403	0.0062299	0.011269	0.02934	0.034323	0.083753	0.15205	0.22505	0.18581	0.18463	0.18079	0.18204	0.18576	0.1772	0.16605	0.17662	0.18269	0.18056	0.17271	0.173	0.18838	0.15524	0.13316	0.11613	0.040697	-0.0013059	-0.0033979	-0.0011727	0.002169	-0.01218	-0.01093	0.0025808	0.0088402	0.0012128	0.00048532	0.0063576	0.0020236	0.027147	0.011232	0.02398	0.014922	0.0010132	0.020944	0.0059567	0.0097095	0.029554	0.016356	0.019044	0.014334	0.0011891	0.0014784	0.014777	0.014467	-0.0061697	-0.0033097	-0.0010674	0.0018586	0.0033857	0.00040831	-0.014602	-0.01467	-0.001989	-0.0059134	-0.004657	-0.010321	-0.0080756	-0.0015861	-0.017206	0.0029549	-0.012727	-0.010853	0.0027133	-0.0097583	-0.0042085	-0.0077917	-0.0040983	0.037943	0.086691	0.23124	0.19262	0.18476	0.17909	0.17102	0.18489	0.18103	0.17967	0.17808	0.18722	0.18152	0.18013	0.1879	0.18733	0.17135	0.17207	0.17808	0.14823	0.12995	0.05738	0.020252	0.017059	0.0054886	0.012669	0.0046586	-0.0058766	-0.012073	0.0090288	0.00094972	-0.013059	-0.010844	-0.010979	-0.0006784	-0.016627
-0.0099941	0.013016	0.013105	0.013241	0.0098256	0.0099519	0.021151	0.021758	0.012352	0.034309	0.056475	0.063496	0.092871	0.12641	0.13192	0.11071	0.085225	0.066336	0.047561	0.017669	0.012312	0.015357	1.0052e-05	-0.010639	0.0016817	0.0054732	-0.016204	-0.016317	-0.016225	-0.021973	-0.0092207	-0.0069199	-0.0089105	-0.015982	-0.0096273	-0.0084142	-0.0088763	-0.0085552	-0.017806	-0.015558	-0.012157	-0.02175	-0.025174	-0.023112	-0.019729	-0.013795	-0.017572	-0.010978	-0.031898	-0.0236	-0.0099381	-0.019536	-0.018897	0.0021759	-0.010121	-0.031713	-0.017533	-0.0073855	-0.023535	-0.012473	-0.01818	-0.03127	-0.0065319	-0.022417	-0.031172	-0.024343	-0.022065	-0.013394	-0.027861	-0.031783	-0.01813	-0.0058694	-0.0077527	0.0069299	-0.0022641	-0.00094788	-0.00097065	-0.0065267	0.0045849	0.038327	0.061852	0.12155	0.17455	0.1877	0.14576	0.12809	0.12883	0.127	0.1254	0.14348	0.16118	0.16966	0.088991	0.016747	0.0049518	0.01333	0.0075111	-0.0015681	0.0015503	-0.0081317	0.00088055	0.0077283	-0.0064935	-0.0098559	-0.0011611	0.014258	0.010844	-0.013907	-0.019794	-0.003429	-0.0096896	-0.0088119	-0.0063895	-0.017045	-0.00091578	-0.00019453	-0.013324	-0.0091548	-0.0052342	-0.0048029	-0.0025595	0.007075	0.010395	0.0018549	-0.02153	-0.0085027	-0.0078647	-0.0019504	-0.0017739	-0.0070932	-0.023828	-0.015921	-0.0042926	-0.00059107	-0.0087615	-0.0014964	-0.018453	0.0072389	0.003617	-0.014718	-0.0092091	-0.012106	-0.016467	-0.0095854	0.010141	-0.0070201	-0.0089925	-0.0012464	0.013907	0.016567	0.027106	0.073521	0.20602	0.18866	0.15322	0.15287	0.17357	0.20128	0.19493	0.19079	0.19301	0.19492	0.1698	0.15763	0.1518	0.14346	0.10382	0.0446	0.022445	0.018682	0.018165	0.020856	-0.00063392	0.016799	-0.006887	0.0020722	-0.0045521	-0.0044315	-0.0019154	0.010292	0.0090361	0.009969	0.010583	0.0030926	0.0029256	0.014057	0.014917	-0.010282	0.001857	0.0080696	-0.013863	0.0095039	0.016854	0.013562	0.0023956	0.0039206	0.018701	0.019122	0.0081717	0.00069583	0.0092336	0.01149	0.016532	0.024382	0.0058928	-0.0024121	0.011427	0.024755	0.018475	0.012154	0.00083074	0.00015426	0.0089512	0.011058	0.0061005	0.0077507	-0.00072505	0.0069556	0.010934	-0.0024439	0.018495	0.0074481	0.050866	0.20883	0.18894	0.1684	0.17283	0.17601	0.18272	0.17941	0.17978	0.18066	0.17524	0.17936	0.17386	0.17529	0.18135	0.16415	0.14853	0.12508	0.06018	0.027392	0.017395	0.016985	0.0074688	0.0016693	-0.0080113	0.0093904	0.007101	0.0046231	0.012022	0.021507	0.0060757	-0.011856	-0.00011973	0.014528
