# Channel: Aux3 In
# Width: 25.00 µm
# Height: 25.00 µm
# Value units: V
2.7073	2.74	2.7553	2.7386	2.7552	2.743	2.7494	2.7657	2.7705	2.732	2.7279	2.7551	2.7333	2.7225	2.754	2.7524	2.7611	2.769	2.7247	2.7414	2.7342	2.7497	2.7446	2.7582	2.7151	2.7123	2.7424	2.754	2.7545	2.7428	2.7703	2.7636	2.78	2.7446	2.7468	2.7715	2.7651	2.7568	2.7567	2.7517	2.7043	2.7482	2.7729	2.7712	2.9743	2.9458	2.8124	3.0197	3.1833	3.2663	3.2386	3.2899	3.2446	3.2843	3.2711	3.2313	3.25	3.2645	3.1936	3.0258	2.7175	2.5752	2.8879	2.755	2.7214	2.7123	2.725	2.7136	2.7134	2.7276	2.7489	2.7402	2.7366	2.7296	2.7419	2.7891	2.7689	2.7635	2.7587	2.7533	2.7388	2.8233	2.8656	2.7273	2.6595	2.6012	2.7791	2.7694	2.7335	2.7931	2.7643	2.7406	2.7372	2.7502	2.7452	2.814	2.3966	1.3692	2.2116	2.7336	2.7638	2.7766	2.7741	2.7685	2.7666	2.7916	2.7871	2.7761	2.7664	2.777	2.7664	2.7545	2.7448	2.7576	2.7498	2.8025	3.1121	2.743	3.08	3.2778	3.3067	3.281	3.2645	3.2655	3.2533	3.2721	3.2634	3.255	3.2603	3.3043	3.2777	3.2634	3.2162	2.932	2.4749	2.8248	2.7493	2.7414	2.7405	2.7346	2.7199	2.7325	2.7497	2.7489	2.7612	2.757	2.7641	2.7839	2.7458	2.7449	2.756	2.7499	2.7566	2.7756	2.7545	2.7526	2.7725	2.756	2.7342	2.7407	2.7762	2.8144	2.7575	2.7802	2.7946	2.7963	2.7862	2.7847	2.76	2.787	2.7572	2.7754	2.7948	2.7981	2.7679	2.7818	2.8168	2.7867	2.8223	2.7591	2.7871	2.7867	2.7979	2.7961	2.7746	2.7653	2.7646	2.9208	3.1873	3.1136	3.2265	3.354	3.3046	3.3095	3.2987	3.3025	3.3143	3.2768	3.2579	3.3009	3.2647	3.2706	3.3104	3.2968	3.2701	3.2779	3.1646	2.6521	2.708	2.8068	2.7472	2.7692	2.7329	2.7322	2.7329	2.7565	2.7899	2.792	2.791	2.7862	2.77	2.76	2.8089	2.7682	2.7448	2.7656	2.7738	2.7719	2.7923	2.8238	2.8333	2.842	2.8066	2.8366	2.8554	2.4896	2.0799	1.971	2.3744	2.7433	2.839	2.7879	2.8308	2.8097	2.8342	2.7795	2.7361	2.7968	2.8239	2.8451	2.8344	2.8231	2.8237	2.8172	2.8213	2.831
2.7167	2.7549	2.7511	2.7348	2.7174	2.7308	2.775	2.7764	2.7343	2.7685	2.7679	2.7775	2.7708	2.7664	2.7743	2.7626	2.7805	2.7681	2.746	2.6831	2.7065	2.739	2.7569	2.7678	2.7558	2.7783	2.7805	2.8065	2.7747	2.7493	2.77	2.7493	2.7917	2.7663	2.7873	2.775	2.7505	2.7456	2.7506	2.7356	2.7554	2.7624	2.7585	2.7535	2.7042	2.835	3.1135	2.9368	2.6901	2.861	2.9901	3.0573	3.0817	3.0965	3.0325	2.9465	2.8241	2.6772	2.4506	2.6512	2.9328	2.8132	2.7461	2.7035	2.6406	2.7575	2.7481	2.7298	2.7246	2.7117	2.7119	2.7222	2.7357	2.7358	2.7398	2.7531	2.7695	2.7721	2.7891	2.7797	2.8074	2.7552	2.6919	2.41	2.2623	2.3973	2.6398	2.7688	2.6535	2.3111	2.5173	2.683	2.7617	2.7511	2.7645	2.7465	2.5261	2.4479	2.6291	2.7765	2.801	2.764	2.7234	2.7361	2.7561	2.7552	2.7515	2.7714	2.8193	2.8106	2.7912	2.7972	2.7737	2.6983	2.6823	2.7497	2.7626	3.076	2.9834	2.8982	3.1145	3.2118	3.2771	3.2857	3.2875	3.2923	3.2732	3.268	3.2402	3.238	3.1608	2.9879	2.7571	2.4034	2.8435	2.7424	2.7493	2.7585	2.7462	2.737	2.7614	2.8064	2.7818	2.7588	2.7746	2.7779	2.768	2.7629	2.7691	2.777	2.763	2.8089	2.8153	2.7485	2.7525	2.7423	2.7619	2.7685	2.7853	2.7851	2.7975	2.7999	2.7622	2.796	2.7916	2.7777	2.7733	2.8027	2.8139	2.804	2.7769	2.7879	2.7965	2.8294	2.7974	2.7841	2.7871	2.7824	2.8167	2.8128	2.7716	2.7881	2.8017	2.7837	2.7654	2.7822	2.7955	2.7647	2.9282	3.1813	3.0325	3.2437	3.2899	3.3068	3.3051	3.301	3.3312	3.3229	3.3136	3.3034	3.3117	3.3121	3.3081	3.2953	3.2494	3.103	2.6871	2.7055	2.7878	2.7371	2.7339	2.771	2.7837	2.7791	2.7957	2.7954	2.7907	2.7823	2.737	2.7558	2.7481	2.7705	2.7339	2.8027	2.7901	2.7662	2.7773	2.8014	2.7726	2.7668	2.7676	2.7556	2.7857	2.8279	2.8629	2.6416	2.4798	2.451	2.7166	2.7923	2.8254	2.7832	2.8183	2.8045	2.765	2.825	2.8167	2.7928	2.8174	2.8392	2.8018	2.7934	2.8392	2.8071	2.8215	2.8295
2.7299	2.7236	2.7438	2.7711	2.7513	2.7066	2.7407	2.7486	2.7376	2.7394	2.7315	2.7172	2.7011	2.7292	2.7706	2.76	2.7349	2.7249	2.7394	2.7636	2.7634	2.7561	2.7793	2.7059	2.7091	2.795	2.7638	2.7698	2.7952	2.7941	2.78	2.728	2.749	2.7833	2.7539	2.7442	2.7162	2.7233	2.7338	2.7789	2.7732	2.7552	2.7507	2.7433	2.7619	2.7439	2.7173	2.7914	3.0316	3.2207	3.1564	2.5695	2.44	2.4155	2.5718	2.9462	3.2469	3.1131	2.9872	2.7914	2.7122	2.7331	2.736	2.7322	2.6884	2.7421	2.745	2.7297	2.7297	2.7224	2.7325	2.7546	2.7803	2.7635	2.7471	2.7475	2.7456	2.7532	2.743	2.7286	2.7585	2.6994	2.5169	2.2586	2.1599	2.1963	2.4618	2.6585	2.6989	1.9901	1.7975	2.4236	2.7362	2.7731	2.7701	2.7803	2.7573	2.7638	2.7398	2.7437	2.7677	2.7648	2.7516	2.754	2.7606	2.7643	2.7704	2.7487	2.7803	2.8008	2.7895	2.7748	2.7891	2.7537	2.7255	2.7182	2.7116	2.7424	2.899	3.2141	3.0333	2.5998	2.848	2.9894	3.0168	3.0521	3.0299	3.01	2.9134	2.6873	2.5146	2.5909	2.6228	2.3096	2.5714	2.7372	2.7607	2.7769	2.7731	2.7966	2.8064	2.8096	2.7961	2.7781	2.7794	2.7348	2.7538	2.785	2.8053	2.7638	2.7776	2.7694	2.7686	2.7511	2.7834	2.7679	2.7841	2.7775	2.7848	2.7679	2.8048	2.8122	2.8031	2.7749	2.8166	2.8278	2.8274	2.7454	2.7687	2.8004	2.7918	2.8155	2.8105	2.7618	2.7699	2.8133	2.8312	2.8068	2.8029	2.7821	2.8237	2.8404	2.8077	2.788	2.8211	2.7837	2.7881	2.7865	2.7976	3.0199	3.2439	2.8542	2.8495	3.1842	3.2643	3.3068	3.3121	3.3169	3.2961	3.3371	3.2895	3.2718	3.2467	3.1093	2.8095	2.52	2.9378	2.8724	2.7523	2.7373	2.7946	2.7961	2.783	2.8203	2.798	2.7971	2.7998	2.7757	2.7942	2.7814	2.8463	2.8147	2.838	2.8161	2.7788	2.8097	2.8191	2.7711	2.826	2.8656	2.8772	2.8076	2.8522	2.8281	2.8401	2.839	2.7426	2.8862	2.8318	2.8085	2.8215	2.8322	2.8055	2.804	2.8167	2.8508	2.8617	2.8272	2.8308	2.8441	2.8246	2.8194	2.8344	2.8359	2.8302	2.8309
2.7708	2.7539	2.7722	2.7734	2.7245	2.7189	2.7609	2.7899	2.7398	2.7398	2.7821	2.8061	2.7542	2.779	2.765	2.7587	2.7963	2.777	2.7515	2.7476	2.7517	2.745	2.7468	2.7945	2.7995	2.7703	2.7462	2.7694	2.7616	2.7499	2.7763	2.7577	2.7588	2.7789	2.7687	2.7746	2.7775	2.776	2.8152	2.7912	2.7734	2.773	2.7635	2.7631	2.7388	2.7272	2.7392	2.719	2.7098	2.7302	2.7537	2.8318	2.8462	2.8642	2.8239	2.8075	2.761	2.7533	2.7225	2.7263	2.7478	2.7383	2.6967	2.718	2.7462	2.7689	2.7462	2.7646	2.7425	2.7495	2.7442	2.7832	2.7613	2.777	2.752	2.7824	2.758	2.7649	2.7495	2.7921	2.7709	2.7762	2.4912	2.4419	2.3145	2.4232	2.5683	2.7355	2.7102	2.2628	1.8597	2.5829	2.7691	2.8029	2.7926	2.7498	2.7375	2.7754	2.7839	2.7511	2.7885	2.796	2.7839	2.7733	2.7649	2.7988	2.7884	2.7767	2.7468	2.7445	2.7655	2.7585	2.7753	2.7996	2.769	2.7589	2.761	2.7384	2.7602	2.767	2.8559	3.0735	3.2671	3.3897	2.9079	2.6807	2.8209	2.8605	2.9477	3.2413	2.962	2.8244	2.8258	2.8113	2.7614	2.7428	2.7703	2.7318	2.7346	2.741	2.7856	2.7997	2.7249	2.7306	2.7445	2.8129	2.7358	2.7601	2.7561	2.7806	2.7916	2.7855	2.7726	2.8175	2.7539	2.8073	2.826	2.8144	2.7639	2.7514	2.7511	2.7912	2.8127	2.8173	2.7938	2.7625	2.7641	2.7722	2.7991	2.7804	2.7767	2.7607	2.7846	2.8233	2.8037	2.811	2.8082	2.7687	2.781	2.811	2.7928	2.7849	2.7777	2.8039	2.7788	2.7673	2.7773	2.7815	2.7633	2.7903	2.8151	3.1037	3.2931	2.7537	2.7552	2.8931	2.9725	3.0723	3.0524	2.9698	2.8884	2.7815	2.5299	2.5401	2.9703	3.0311	2.7741	2.7351	2.7707	2.7478	2.7893	2.7778	2.7551	2.8112	2.7826	2.7795	2.768	2.825	2.8109	2.8063	2.8051	2.8323	2.7877	2.8356	2.8343	2.7999	2.78	2.7631	2.7571	2.7316	2.5742	2.7677	2.8192	2.8002	2.7817	2.8212	2.8116	2.834	2.7941	2.79	2.8267	2.8277	2.8149	2.8174	2.7895	2.834	2.8138	2.7925	2.8017	2.8354	2.8443	2.8298	2.8109	2.795	2.7721	2.8148
2.7819	2.7778	2.7723	2.7603	2.7505	2.7636	2.7613	2.7705	2.7763	2.7951	2.7504	2.7245	2.6952	2.7392	2.7469	2.7499	2.7411	2.7627	2.7505	2.7581	2.7611	2.7788	2.7647	2.7733	2.7691	2.7796	2.7825	2.7779	2.7709	2.7594	2.7924	2.7567	2.7427	2.7692	2.7434	2.7584	2.7726	2.7818	2.7887	2.7732	2.7528	2.7515	2.7691	2.7731	2.7723	2.7334	2.7181	2.7402	2.7384	2.7072	2.7185	2.6986	2.671	2.7222	2.73	2.718	2.7221	2.7334	2.7353	2.7126	2.7073	2.7549	2.7627	2.7448	2.7719	2.7464	2.7437	2.7541	2.7513	2.7713	2.7646	2.7626	2.7145	2.7533	2.7858	2.7872	2.7438	2.7287	2.7569	2.7631	2.7331	2.7423	2.7461	2.7457	2.5221	2.7118	2.7792	2.7675	2.7806	2.8228	2.715	2.7291	2.763	2.7652	2.7709	2.7845	2.7581	2.7275	2.7922	2.798	2.8024	2.7713	2.7682	2.7391	2.7637	2.7429	2.7171	2.7875	2.829	2.7721	2.7473	2.804	2.7923	2.7562	2.7686	2.7939	2.7701	2.7792	2.7361	2.77	2.7614	2.7648	2.7594	2.7899	2.8361	2.8741	2.8264	2.8254	2.803	2.7699	2.7727	2.7596	2.7407	2.7345	2.732	2.7397	2.7284	2.7452	2.7312	2.7347	2.7703	2.7866	2.7568	2.7728	2.7737	2.7554	2.7814	2.7712	2.7806	2.7826	2.7793	2.7994	2.7834	2.769	2.8053	2.8019	2.7843	2.7988	2.811	2.7882	2.7904	2.8047	2.7807	2.7852	2.7872	2.8076	2.8183	2.7728	2.7792	2.7806	2.7841	2.8299	2.7973	2.7925	2.7748	2.777	2.798	2.8182	2.8043	2.7942	2.7891	2.7894	2.8044	2.8064	2.7726	2.7575	2.7678	2.8032	2.808	2.7732	2.7681	2.7377	2.7734	2.8907	3.0662	3.2663	3.3882	3.2702	3.2179	3.3664	3.3344	3.2302	3.0356	2.8959	2.8219	2.7572	2.7542	2.7956	2.7509	2.7604	2.7749	2.7889	2.7848	2.7375	2.7813	2.8053	2.8101	2.7931	2.7822	2.8005	2.8258	2.8061	2.8132	2.7832	2.7696	2.7659	2.7999	2.818	2.8195	2.8421	2.6334	2.5011	2.7649	2.8073	2.7807	2.7909	2.8071	2.7997	2.8348	2.8165	2.8036	2.8389	2.7862	2.821	2.8272	2.8019	2.8061	2.8388	2.8422	2.8291	2.838	2.8467	2.8498	2.8156	2.8497	2.8494
2.7751	2.748	2.7214	2.7334	2.7916	2.7648	2.7759	2.7504	2.7523	2.7598	2.7651	2.7823	2.7315	2.7519	2.7985	2.7571	2.7622	2.772	2.7405	2.7583	2.7541	2.7463	2.766	2.7759	2.7862	2.7455	2.7709	2.8008	2.7904	2.7865	2.7862	2.7954	2.7968	2.7634	2.7912	2.7868	2.7292	2.7698	2.7817	2.7661	2.765	2.744	2.7768	2.7664	2.7304	2.7262	2.761	2.7365	2.7438	2.7113	2.7419	2.7527	2.7193	2.7548	2.7219	2.7248	2.7499	2.7292	2.732	2.6995	2.7345	2.7435	2.7738	2.7298	2.7053	2.6798	2.7131	2.756	2.7788	2.7505	2.799	2.7348	2.7476	2.7847	2.7963	2.7602	2.7566	2.7591	2.7732	2.8018	2.7563	2.7871	2.8067	2.8051	2.7969	2.759	2.7591	2.7534	2.7725	2.8052	2.7934	2.8094	2.774	2.7369	2.7667	2.7421	2.7538	2.7694	2.6435	2.72	2.7589	2.806	2.7666	2.7994	2.7961	2.7754	2.7727	2.8052	2.7644	2.8281	2.8068	2.7965	2.7864	2.7303	2.7494	2.7702	2.779	2.7754	2.7725	2.7172	2.7758	2.7478	2.7987	2.7296	2.7539	2.7379	2.7534	2.7788	2.759	2.7606	2.7358	2.7279	2.7443	2.7395	2.7904	2.7924	2.6512	2.758	2.7599	2.7531	2.7739	2.7838	2.7758	2.7958	2.7739	2.7455	2.7797	2.7569	2.7626	2.7898	2.7922	2.7521	2.7678	2.8015	2.8498	2.7155	2.8274	2.8049	2.8288	2.8264	2.806	2.8063	2.8144	2.8312	2.84	2.812	2.8262	2.778	2.7309	2.7391	2.7902	2.8088	2.7686	2.7734	2.8027	2.8131	2.8113	2.7981	2.8124	2.7929	2.7742	2.8094	2.82	2.7751	2.832	2.8083	2.7907	2.7877	2.7542	2.7675	2.7634	2.7734	2.7829	2.7229	2.775	2.791	2.8091	2.8042	2.8095	2.7905	2.7559	2.8163	2.7876	2.7855	2.7811	2.7751	2.779	2.7874	2.7939	2.7638	2.7652	2.7599	2.7551	2.7879	2.7561	2.7535	2.7927	2.8007	2.7769	2.7515	2.7674	2.8032	2.7731	2.7968	2.8275	2.7924	2.8151	2.8024	2.8128	2.8025	2.8559	2.8344	2.7659	2.8277	2.8293	2.8172	2.8209	2.8026	2.8111	2.798	2.7984	2.8021	2.8226	2.8039	2.7996	2.7894	2.8121	2.8539	2.8481	2.8279	2.8044	2.7806	2.826	2.8236	2.8199	2.8022
2.7313	2.763	2.7608	2.7607	2.7629	2.7461	2.7271	2.7501	2.7734	2.7734	2.7653	2.774	2.7716	2.7329	2.713	2.7036	2.7157	2.7343	2.7541	2.7308	2.7644	2.7408	2.7286	2.7753	2.7669	2.714	2.7343	2.7425	2.7418	2.745	2.765	2.7544	2.7705	2.8006	2.786	2.7845	2.7584	2.761	2.7715	2.7662	2.7304	2.7113	2.7958	2.765	2.7705	2.7588	2.7902	2.7738	2.7431	2.7664	2.7624	2.7639	2.7566	2.7485	2.7348	2.7554	2.7434	2.7628	2.7808	2.7458	2.7083	2.6917	2.7577	2.7525	2.7573	2.7744	2.7481	2.7418	2.7855	2.7908	2.7684	2.7862	2.7723	2.7883	2.7312	2.7712	2.7971	2.7999	2.778	2.692	2.6788	2.7752	2.7759	2.7973	2.807	2.8821	3.0546	2.9321	2.7973	2.7894	2.7642	2.7592	2.7601	2.7782	2.7627	2.7528	2.7892	2.7918	2.4511	2.2842	2.7753	2.7948	2.771	2.7742	2.7889	2.7515	2.792	2.7992	2.8021	2.804	2.7922	2.7751	2.7602	2.7604	2.7524	2.7707	2.7392	2.7603	2.7504	2.7447	2.762	2.7523	2.746	2.7514	2.7361	2.7286	2.7416	2.7518	2.7796	2.7326	2.7453	2.7412	2.7588	2.7211	2.7484	2.7299	2.7738	2.7758	2.7692	2.7713	2.7714	2.7832	2.7675	2.7385	2.7389	2.789	2.8179	2.7965	2.8337	2.7708	2.7449	2.7827	2.7672	2.7688	2.7822	2.7796	2.7782	2.7741	2.8148	2.7877	2.781	2.788	2.7966	2.8068	2.7968	2.7935	2.79	2.7888	2.7866	2.7924	2.7874	2.8009	2.8036	2.7963	2.8104	2.7786	2.8352	2.801	2.8127	2.837	2.8226	2.8181	2.766	2.8172	2.7997	2.7929	2.8084	2.801	2.7869	2.8121	2.795	2.7872	2.7743	2.7632	2.7612	2.7642	2.7603	2.7822	2.7522	2.7801	2.7728	2.7705	2.7698	2.7796	2.7878	2.8138	2.8004	2.8133	2.7614	2.7749	2.7991	2.7799	2.7832	2.785	2.7848	2.807	2.8144	2.7954	2.8464	2.7968	2.8227	2.7755	2.7894	2.7856	2.774	2.8036	2.7888	2.8171	2.8379	2.8339	2.781	2.7738	2.7881	2.837	2.8151	2.7805	2.795	2.8077	2.8236	2.8231	2.7704	2.816	2.8433	2.8128	2.8238	2.8227	2.8196	2.8029	2.8287	2.8248	2.8457	2.8593	2.836	2.8537	2.8315	2.8482
2.7519	2.7403	2.7441	2.7664	2.7606	2.7089	2.7406	2.7563	2.7623	2.7502	2.7125	2.72	2.7175	2.755	2.7407	2.776	2.7308	2.7156	2.7631	2.7981	2.7702	2.7673	2.7795	2.7708	2.779	2.7713	2.759	2.7433	2.7536	2.765	2.7792	2.7692	2.7005	2.7738	2.7943	2.7894	2.7746	2.7819	2.7716	2.8015	2.7866	2.78	2.769	2.7589	2.7609	2.795	2.7446	2.7135	2.7397	2.7506	2.7392	2.7595	2.7589	2.7393	2.7098	2.7128	2.6919	2.7276	2.6031	2.3755	2.7396	2.7477	2.7542	2.7621	2.7345	2.7389	2.7523	2.7019	2.7317	2.7905	2.7701	2.8004	2.7995	2.7618	2.743	2.7971	2.7786	2.7894	2.752	2.7547	2.7709	2.7733	2.7529	2.762	2.8476	2.494	2.1859	2.4737	2.5959	2.7727	2.7703	2.7755	2.7694	2.7659	2.7809	2.7543	2.7794	2.789	2.7972	2.8043	2.728	2.7323	2.7688	2.7328	2.7451	2.7435	2.7708	2.7776	2.7956	2.7736	2.7793	2.7773	2.7928	2.7924	2.7677	2.7959	2.7857	2.7435	2.7819	2.7531	2.7493	2.744	2.7776	2.7649	2.7553	2.7648	2.7421	2.7575	2.7782	2.7428	2.7278	2.7322	2.759	2.7615	2.7713	2.7663	2.7606	2.7519	2.7744	2.7934	2.773	2.7726	2.7905	2.78	2.7482	2.697	2.7502	2.7948	2.8137	2.822	2.7889	2.8262	2.7832	2.775	2.7821	2.7898	2.7362	2.7893	2.8045	2.7824	2.7816	2.7577	2.796	2.8203	2.7746	2.8074	2.8225	2.788	2.7837	2.7966	2.7721	2.7793	2.8046	2.7906	2.808	2.7915	2.7868	2.7859	2.7935	2.7959	2.8062	2.8062	2.7874	2.7862	2.8156	2.8059	2.7814	2.7925	2.8138	2.7959	2.8097	2.7952	2.8036	2.8043	2.7871	2.7628	2.7472	2.7344	2.7562	2.7685	2.7843	2.7714	2.7711	2.7512	2.755	2.7635	2.8046	2.8121	2.8027	2.8054	2.7673	2.8204	2.7869	2.7797	2.7823	2.8178	2.7971	2.7867	2.8124	2.7975	2.8145	2.8074	2.806	2.7879	2.8082	2.837	2.8024	2.8092	2.8213	2.723	2.8722	2.8288	2.7573	2.7536	2.7842	2.8064	2.805	2.8104	2.8249	2.8164	2.799	2.763	2.7876	2.7984	2.8102	2.8032	2.8077	2.8329	2.8259	2.7878	2.8613	2.8152	2.8402	2.8577	2.847	2.8553
2.7254	2.7335	2.7667	2.7504	2.7809	2.7578	2.7702	2.7664	2.7301	2.7192	2.8231	2.7703	2.7637	2.7392	2.7442	2.7565	2.734	2.7598	2.7933	2.7449	2.7543	2.7628	2.7756	2.7667	2.7677	2.7641	2.7627	2.7696	2.7538	2.7544	2.8124	2.8074	2.7493	2.8012	2.8003	2.7714	2.7498	2.8201	2.776	2.7893	2.7729	2.7968	2.7839	2.7786	2.7857	2.7593	2.7717	2.7789	2.7791	2.765	2.7577	2.79	2.7592	2.7586	2.7589	2.7472	2.7157	2.757	2.7839	2.7554	2.7737	2.7296	2.7292	2.7301	2.7376	2.7588	2.7891	2.7752	2.7756	2.7632	2.7645	2.7574	2.7824	2.7835	2.7863	2.7973	2.7675	2.7643	2.7572	2.7808	2.7577	2.7424	2.7633	2.7903	2.8377	2.6728	2.2729	2.1709	2.572	2.7411	2.7891	2.7712	2.7726	2.7699	2.8008	2.7595	2.7647	2.7423	2.7492	2.7881	2.7791	2.7514	2.7829	2.7899	2.7672	2.7495	2.799	2.7986	2.7864	2.7749	2.8006	2.7775	2.7561	2.7747	2.8016	2.7464	2.7456	2.7782	2.7783	2.8017	2.7713	2.7717	2.7479	2.785	2.7786	2.7658	2.7717	2.7813	2.7631	2.7706	2.7806	2.7675	2.7489	2.7779	2.7717	2.7503	2.7579	2.7569	2.8248	2.7758	2.7858	2.7762	2.7393	2.7571	2.767	2.7839	2.7792	2.7923	2.774	2.7777	2.7953	2.8215	2.7638	2.7833	2.7492	2.7676	2.7886	2.8073	2.7868	2.7613	2.7475	2.7858	2.7864	2.7939	2.7936	2.7795	2.7919	2.7905	2.7781	2.7763	2.7739	2.8082	2.7732	2.7964	2.8149	2.8296	2.817	2.8032	2.8051	2.7914	2.8067	2.8135	2.7921	2.7775	2.7891	2.7929	2.7789	2.7773	2.7624	2.7789	2.7785	2.7529	2.7663	2.7911	2.7747	2.7659	2.7764	2.7789	2.7354	2.7664	2.7814	2.7836	2.768	2.7672	2.774	2.7602	2.7712	2.7899	2.7897	2.7648	2.75	2.7773	2.7765	2.7456	2.7547	2.7653	2.8104	2.837	2.7499	2.7719	2.7763	2.7847	2.7724	2.7677	2.7563	2.7756	2.7465	2.771	2.789	2.8223	2.7973	2.8066	2.8077	2.813	2.7539	2.7627	2.8011	2.841	2.8057	2.793	2.794	2.8084	2.797	2.7662	2.8276	2.8069	2.8078	2.8018	2.811	2.814	2.629	2.7617	2.7987	2.7994	2.7828	2.8001
2.7709	2.7732	2.7829	2.7669	2.771	2.7314	2.7521	2.7157	2.7416	2.7759	2.7974	2.7449	2.7337	2.7383	2.7256	2.7579	2.7647	2.722	2.7191	2.7227	2.7301	2.7277	2.7261	2.7459	2.7347	2.7169	2.7197	2.7883	2.806	2.8097	2.7644	2.7872	2.7517	2.7629	2.7688	2.7758	2.7829	2.7565	2.7682	2.7576	2.7648	2.7807	2.7431	2.7361	2.7299	2.7596	2.7824	2.7362	2.743	2.8086	2.7679	2.7548	2.7199	2.7132	2.7441	2.7142	2.7409	2.7588	2.7654	2.7303	2.7525	2.7516	2.7622	2.7542	2.7359	2.759	2.7258	2.7387	2.7824	2.7856	2.773	2.7541	2.7512	2.7487	2.7799	2.7651	2.7707	2.7485	2.7646	2.7752	2.7647	2.7693	2.7822	2.7587	2.7305	2.6999	2.4365	2.4837	2.6993	2.7661	2.753	2.7413	2.7656	2.7642	2.7509	2.769	2.7712	2.7545	2.7811	2.7706	2.7979	2.8217	2.8112	2.7652	2.7759	2.7793	2.8191	2.8108	2.7579	2.7754	2.7952	2.77	2.8329	2.7953	2.7719	2.7314	2.7688	2.7973	2.7803	2.7857	2.7573	2.7645	2.7817	2.785	2.7473	2.7965	2.7788	2.7665	2.7348	2.7692	2.7686	2.7636	2.7588	2.7542	2.7883	2.7865	2.7626	2.7328	2.7913	2.7445	2.7508	2.7795	2.7752	2.7601	2.7666	2.8219	2.7691	2.7864	2.7757	2.7487	2.759	2.7707	2.7581	2.7675	2.7875	2.7972	2.7582	2.7667	2.8182	2.802	2.7709	2.7826	2.74	2.7619	2.799	2.8134	2.7969	2.7982	2.7966	2.7543	2.759	2.7941	2.7802	2.7653	2.7684	2.7977	2.7918	2.7876	2.7907	2.756	2.8216	2.7711	2.7748	2.772	2.7702	2.7847	2.7964	2.8032	2.7773	2.7796	2.7691	2.7993	2.781	2.787	2.7865	2.7852	2.7828	2.7668	2.7588	2.793	2.7408	2.7943	2.8333	2.827	2.7789	2.7813	2.7746	2.7715	2.756	2.7948	2.8075	2.8012	2.7857	2.7879	2.7964	2.8209	2.7691	2.7354	2.7798	2.8192	2.7641	2.7922	2.7882	2.8082	2.8224	2.8191	2.8656	2.7958	2.8201	2.806	2.8554	2.8156	2.7949	2.8201	2.8279	2.7875	2.7824	2.811	2.8109	2.7716	2.6286	1.6547	1.8693	2.7357	2.8588	2.8274	2.8088	2.7145	2.7935	2.8312	2.844	2.814	2.8196	2.8382	2.8438	2.8249
2.7252	2.7307	2.7593	2.7817	2.7862	2.7532	2.7797	2.7762	2.7677	2.7498	2.7602	2.8051	2.8818	2.9304	3.1036	3.1448	3.1085	3.0174	2.8645	2.8148	2.7899	2.7364	2.7697	2.7964	2.7553	2.7511	2.7663	2.7574	2.738	2.7405	2.7502	2.7511	2.7697	2.7987	2.787	2.7917	2.7723	2.7609	2.7679	2.7646	2.7995	2.7975	2.759	2.7874	2.7739	2.7964	2.8441	2.7715	2.7825	2.7495	2.7589	2.7633	2.7735	2.776	2.7475	2.7548	2.7462	2.7383	2.7625	2.7683	2.7664	2.771	2.7904	2.756	2.7626	2.7945	2.7653	2.7436	2.7497	2.7732	2.7664	2.7757	2.756	2.7794	2.7746	2.7307	2.7794	2.7413	2.829	2.8008	2.7776	2.7454	2.7433	2.7476	2.7845	2.8162	2.889	2.7725	2.8186	2.8375	2.7686	2.7563	2.7432	2.7663	2.7696	2.7701	2.7744	2.7545	2.7312	2.707	2.7717	2.7819	2.7901	2.8159	2.7518	2.7856	2.7496	2.7554	2.7907	2.7891	2.7927	2.8068	2.7603	2.748	2.7904	2.7438	2.7621	2.7738	2.7524	2.7573	2.7788	2.7808	2.7855	2.7445	2.7398	2.7609	2.7285	2.7424	2.7296	2.7712	2.7586	2.7723	2.7759	2.8002	2.7838	2.757	2.7939	2.7928	2.795	2.7806	2.7827	2.767	2.762	2.7946	2.8001	2.7589	2.8084	2.7552	2.7681	2.7837	2.7762	2.7624	2.733	2.7729	2.7764	2.7541	2.7362	2.7391	2.7704	2.7611	2.7711	2.7588	2.7842	2.7706	2.7643	2.7289	2.8004	2.7883	2.7663	2.7762	2.7884	2.8072	2.7579	2.8062	2.805	2.8068	2.8344	2.8147	2.778	2.7663	2.7515	2.8016	2.7602	2.7691	2.7645	2.7742	2.8214	2.7915	2.7574	2.7711	2.8247	2.7576	2.7532	2.7618	2.7486	2.7875	2.7451	2.7622	2.7684	2.7579	2.7679	2.7699	2.7486	2.7259	2.7669	2.7708	2.7682	2.769	2.7528	2.7665	2.7928	2.7974	2.7891	2.6954	2.7966	2.7703	2.768	2.8301	2.818	2.7937	2.7908	2.8132	2.7991	2.7956	2.7677	2.7815	2.8028	2.7766	2.7907	2.7572	2.7588	2.7697	2.7996	2.8165	2.7859	2.8219	2.7855	2.8091	2.7642	2.7586	2.5296	1.7621	1.4529	2.3723	2.8018	2.7846	2.8077	2.8005	2.8138	2.8327	2.788	2.8067	2.7848	2.7888	2.7719	2.794
2.7605	2.7411	2.7468	2.7847	2.7627	2.7127	2.748	2.7886	2.7528	2.863	3.0606	3.3907	3.3807	3.2959	3.6951	3.4947	3.2691	3.2992	3.1967	3.4673	3.1773	2.9009	2.7975	2.7367	2.7284	2.7293	2.7457	2.7108	2.7178	2.7416	2.7553	2.7503	2.7583	2.7563	2.7782	2.7598	2.7289	2.7382	2.7559	2.7475	2.7428	2.7663	2.7556	2.7617	2.6164	2.0435	2.2473	2.7239	2.7183	2.7422	2.6806	2.7311	2.7654	2.759	2.7189	2.7359	2.7036	2.7109	2.7337	2.7534	2.7629	2.7501	2.7118	2.7206	2.7353	2.754	2.7738	2.7382	2.7628	2.8092	2.76	2.7857	2.7743	2.7813	2.7381	2.7578	2.7674	2.7161	2.7216	2.7841	2.7331	2.7493	2.7575	2.7728	2.9776	3.1741	3.3363	3.3138	3.3112	3.2462	3.0353	2.8966	2.8042	2.7682	2.7741	2.7586	2.7782	2.7618	2.7932	2.7721	2.7395	2.7407	2.7497	2.7844	2.7968	2.7668	2.7706	2.7483	2.7522	2.7826	2.7853	2.7675	2.7895	2.7832	2.7876	2.7497	2.7682	2.7689	2.7473	2.722	2.7293	2.7318	2.7696	2.7488	2.733	2.7666	2.7537	2.7791	2.7418	2.7315	2.7685	2.7515	2.7481	2.7656	2.7205	2.7653	2.7747	2.7569	2.7672	2.7609	2.7495	2.7774	2.7622	2.7862	2.7868	2.7933	2.8047	2.8147	2.7811	2.7706	2.7948	2.7754	2.7844	2.7391	2.7627	2.7664	2.7743	2.7585	2.7562	2.7798	2.8017	2.8031	2.8035	2.7984	2.7677	2.7799	2.7712	2.7087	2.7455	2.7729	2.7456	2.7368	2.7796	2.7418	2.7777	2.8457	2.84	2.7964	2.7948	2.7723	2.7727	2.7906	2.8146	2.7966	2.7765	2.7662	2.7819	2.7642	2.789	2.8217	2.7863	2.7764	2.795	2.7637	2.755	2.7456	2.7625	2.7723	2.7789	2.7431	2.7236	2.7488	2.7703	2.7976	2.7853	2.7818	2.7837	2.794	2.7989	2.8011	2.7546	2.766	2.7821	2.7723	2.7627	2.7759	2.7952	2.8148	2.803	2.7903	2.7941	2.8128	2.7896	2.783	2.7946	2.8115	2.8141	2.7451	2.7925	2.7874	2.8054	2.7568	2.7673	2.7762	2.7837	2.7877	2.781	2.777	2.7875	2.7978	2.7697	2.3922	1.8856	2.6725	2.8	2.8453	2.8116	2.8204	2.8318	2.7937	2.793	2.814	2.802	2.7951	2.7982	2.8217
2.7383	2.7451	2.7261	2.7135	2.7628	2.7264	2.7154	2.875	3.112	3.2986	3.4457	3.0414	3.0284	3.1397	3.2154	3.1792	3.1663	3.1652	3.0821	2.9782	2.7509	3.0113	3.1341	2.9095	2.737	2.7374	2.746	2.7212	2.7181	2.7544	2.7646	2.7575	2.7303	2.7081	2.6688	2.7168	2.7264	2.7448	2.7448	2.7146	2.7284	2.7581	2.6746	2.7176	2.7853	1.9595	1.3746	2.4302	2.7231	2.6956	2.7349	2.7636	2.7652	2.7394	2.6986	2.6923	2.7456	2.7492	2.7192	2.762	2.752	2.7633	2.7773	2.722	2.6972	2.7106	2.7205	2.7437	2.7583	2.7546	2.7616	2.7448	2.7351	2.7023	2.7709	2.7603	2.7616	2.7348	2.7274	2.6996	2.7768	2.8915	3.16	3.3721	3.4202	3.6799	2.8016	2.8639	2.8722	2.7999	3.0212	3.1612	3.2202	3.0798	2.8539	2.7947	2.7731	2.7276	2.73	2.7609	2.7506	2.7489	2.764	2.7613	2.737	2.7206	2.749	2.7777	2.7614	2.7634	2.7499	2.786	2.7897	2.7622	2.7405	2.7445	2.7781	2.7432	2.7633	2.7631	2.744	2.7789	2.7694	2.7704	2.7627	2.776	2.7532	2.7226	2.7439	2.7514	2.7751	2.7963	2.7815	2.7116	2.7732	2.7874	2.7662	2.7617	2.7689	2.7948	2.7861	2.7724	2.7284	2.7434	2.7785	2.7566	2.7989	2.7365	2.7879	2.7697	2.7655	2.7441	2.7315	2.7633	2.7952	2.8312	2.946	3.2596	3.3967	3.3665	3.3939	3.3059	3.1962	3.0177	2.8601	2.8107	2.7882	2.7814	2.7607	2.7491	2.7498	2.7706	2.7661	2.7734	2.741	2.0582	2.4654	2.762	2.7666	2.7738	2.7967	2.7662	2.7578	2.7564	2.7686	2.7427	2.7476	2.7713	2.7986	2.7692	2.8043	2.8121	2.7629	2.7648	2.77	2.7771	2.7883	2.7541	2.7461	2.7554	2.766	2.7513	2.7385	2.7756	2.7746	2.7632	2.7704	2.798	2.8063	2.7522	2.7686	2.7532	2.7802	2.7897	2.7725	2.7828	2.792	2.7684	2.7635	2.7433	2.7959	2.7661	2.7196	2.7947	2.8039	2.7762	2.7817	2.7875	2.7937	2.7836	2.7879	2.8277	2.8111	2.8223	2.8003	2.8079	2.8322	2.8209	2.7943	2.784	2.7873	2.7902	2.7747	2.7686	2.7766	2.776	2.7683	2.7774	2.7651	2.8158	2.7837	2.7551	2.7701	2.785	2.792	2.7974
2.7356	2.7453	2.7244	2.7474	2.7279	2.6851	2.8572	3.2015	3.2778	2.9563	3.1396	3.2071	3.274	3.2984	3.2745	3.2735	3.2819	3.3136	3.2362	3.2776	3.2415	3.1007	2.8341	2.928	2.9794	2.7384	2.7536	2.7502	2.7202	2.6764	2.6744	2.6905	2.6914	2.7276	2.7554	2.7454	2.7426	2.688	2.7081	2.7434	2.7675	2.7331	2.7158	2.7561	2.7031	2.5291	2.3086	2.5815	2.7201	2.7487	2.7336	2.7099	2.7206	2.7071	2.7355	2.7494	2.7519	2.7463	2.7198	2.7057	2.7051	2.7211	2.7327	2.713	2.6827	2.7369	2.7344	2.7092	2.725	2.7102	2.7269	2.7412	2.7487	2.7662	2.7447	2.7153	2.7356	2.7261	2.7483	2.9101	3.267	3.3797	3.471	3.0367	3.102	3.2237	3.2185	3.2294	3.2696	3.244	3.2314	3.1456	2.9265	2.9026	3.1646	3.0869	2.8496	2.7116	2.6936	2.6749	2.7519	2.7733	2.7487	2.7238	2.7194	2.7391	2.7523	2.7639	2.7557	2.7715	2.7321	2.7342	2.755	2.743	2.7293	2.7792	2.7249	2.7174	2.7399	2.7573	2.7385	2.7671	2.7638	2.7602	2.7764	2.7292	2.7203	2.7692	2.7362	2.7251	2.7374	2.7586	2.7195	2.6939	2.7371	2.7547	2.7735	2.7609	2.7678	2.7385	2.7344	2.7677	2.7778	2.7853	2.7643	2.6716	2.7545	2.7413	2.7458	2.7699	2.5758	2.6389	2.7281	2.8971	3.1958	3.3951	3.4764	3.5036	2.8306	2.8522	2.8829	2.838	2.8034	2.9224	3.3322	3.3043	3.0277	2.7926	2.7638	2.7588	2.749	2.7771	2.7694	2.7738	2.8098	2.5118	2.5725	2.726	2.7611	2.7692	2.7349	2.7537	2.7351	2.7632	2.7518	2.7318	2.7338	2.7372	2.7254	2.7551	2.778	2.7904	2.7642	2.7579	2.7518	2.751	2.748	2.7333	2.7803	2.7652	2.7725	2.7638	2.7429	2.7728	2.7777	2.7927	2.7666	2.7938	2.7666	2.7854	2.7756	2.7804	2.7902	2.7854	2.7537	2.7839	2.7521	2.8094	2.7955	2.8049	2.8109	2.826	2.7822	2.7996	2.775	2.8068	2.7897	2.8016	2.8582	3.1292	3.3966	3.4808	3.4823	3.4982	3.4657	3.3912	3.1367	2.9723	2.8266	2.8075	2.7823	2.7752	2.7537	2.7808	2.7679	2.7637	2.7505	2.7891	2.7974	2.7875	2.7672	2.7717	2.7793	2.7893	2.8231	2.7717
2.7595	2.7439	2.7554	2.7038	2.6926	2.8612	3.2527	3.1506	3.1361	3.2464	3.2598	3.2513	3.273	3.2786	3.2573	3.2829	3.3195	3.1703	3.2569	3.2696	3.2627	3.257	3.2375	3.0406	2.7421	2.8592	2.7678	2.6967	2.6426	2.6707	2.7063	2.7336	2.7442	2.7147	2.7246	2.7246	2.7153	2.734	2.7232	2.7447	2.7192	2.7	2.7273	2.7279	2.696	2.6972	2.7286	2.7377	2.7252	2.7187	2.6942	2.7224	2.7122	2.7506	2.7447	2.7258	2.7438	2.7268	2.7166	2.7264	2.734	2.7045	2.7137	2.7377	2.7347	2.7841	2.7223	2.6816	2.7349	2.7764	2.7242	2.7651	2.7484	2.7361	2.7476	2.7644	2.7432	2.7623	2.8976	3.1957	3.3402	3.0795	3.1722	3.2836	3.2847	3.2407	3.3199	3.293	3.2847	3.2721	3.2611	3.2545	3.2849	3.2423	3.0714	2.8527	2.9688	2.8861	2.7491	2.7372	2.7344	2.6671	2.7212	2.778	2.7526	2.7537	2.7514	2.7667	2.7547	2.7443	2.7367	2.763	2.7447	2.7374	2.6876	2.732	2.752	2.7345	2.7073	2.6275	2.7161	2.7237	2.732	2.7198	2.7377	2.7279	2.7219	2.742	2.7347	2.7474	2.7363	2.7477	2.7137	2.7668	2.7515	2.7387	2.7461	2.7572	2.768	2.7809	2.7351	2.731	2.7597	2.7721	2.7523	2.7667	2.7832	2.7621	2.7196	2.748	2.7281	2.7582	3.0104	3.3989	3.2955	3.0354	3.0566	3.1673	3.2254	3.2289	3.2929	3.2937	3.2205	3.2332	3.0859	2.8654	2.8117	3.2201	2.9749	2.8121	2.732	2.767	2.7396	2.7206	2.7536	2.7584	2.7715	2.7428	2.7025	2.7293	2.7672	2.747	2.7903	2.8155	2.7703	2.7792	2.7743	2.7561	2.7604	2.7792	2.7777	2.7764	2.761	2.7823	2.7308	2.7246	2.7484	2.7547	2.7506	2.755	2.7711	2.7628	2.7491	2.7545	2.7473	2.745	2.7517	2.7972	2.7379	2.797	2.7928	2.7735	2.7867	2.7822	2.803	2.7903	2.7906	2.7987	2.7496	2.734	2.7463	2.7807	2.7502	2.6973	2.7381	2.8208	2.9626	3.3815	3.489	3.4072	3.2357	2.9732	3.0035	3.0061	2.9833	2.8751	2.8218	3.1023	3.3443	3.1135	2.8922	2.7678	2.748	2.7737	2.768	2.7858	2.7898	2.7746	2.7485	2.7912	2.7434	2.7746	2.7788	2.7822	2.7913	2.8011
2.7612	2.7353	2.7232	2.7315	2.884	3.1391	3.1247	3.0927	3.2082	3.2601	3.2911	3.3056	3.275	3.2673	3.2111	3.2349	3.2045	3.2427	3.3212	3.298	3.2555	3.2568	3.2434	3.2107	3.1412	2.6673	2.6587	2.6825	2.6796	2.6759	2.7226	2.7367	2.7072	2.7262	2.7252	2.7163	2.7504	2.734	2.6976	2.6935	2.7039	2.735	2.7087	2.7239	2.7285	2.7108	2.7016	2.7245	2.7373	2.7453	2.7436	2.7181	2.7257	2.6969	2.7742	2.7351	2.7285	2.6941	2.7467	2.7435	2.6519	2.7385	2.7139	2.7512	2.7466	2.7513	2.736	2.7352	2.7235	2.7544	2.735	2.7763	2.7389	2.7529	2.7289	2.6777	2.7092	2.919	3.2833	3.3403	3.1217	3.2952	3.2997	3.3136	3.2838	3.2967	3.2462	3.2541	3.2374	3.2685	3.2752	3.2908	3.2651	3.2119	3.2706	3.1776	2.7012	2.924	2.8061	2.7008	2.7029	2.7044	2.7238	2.7249	2.741	2.7334	2.7114	2.7248	2.7488	2.7302	2.7036	2.7193	2.7405	2.7345	2.7896	2.7317	2.734	2.7299	2.754	2.7501	2.7475	2.7674	2.6898	2.6833	2.7029	2.7282	2.7569	2.7219	2.7328	2.7319	2.7257	2.7396	2.7591	2.7316	2.7143	2.7636	2.7637	2.7635	2.7315	2.725	2.7448	2.707	2.7267	2.7473	2.7525	2.763	2.7556	2.7472	2.7453	2.7345	2.8043	3.1241	3.2786	3.1539	3.1437	3.2724	3.3368	3.3061	3.2649	3.2844	3.295	3.3084	3.2835	3.2597	3.1931	3.2714	3.1512	2.9292	2.7718	3.0386	2.7874	2.7491	2.7441	2.7237	2.7452	2.7469	2.7492	2.7819	2.7835	2.7778	2.7242	2.7767	2.7724	2.7294	2.7514	2.7501	2.7315	2.7341	2.7703	2.7777	2.7275	2.7327	2.7478	2.7509	2.7462	2.7434	2.739	2.7404	2.748	2.7554	2.7714	2.7617	2.7461	2.727	2.756	2.7729	2.7567	2.7547	2.7698	2.7846	2.7572	2.7647	2.766	2.7876	2.7946	2.7777	2.7318	2.7301	2.7527	2.7847	2.8049	2.8034	2.782	2.7964	3.0022	3.2667	3.4258	3.2071	3.1033	3.239	3.2977	3.2984	3.2827	3.2478	3.2723	3.2712	3.2584	3.1897	2.9619	2.876	3.0315	2.9869	2.7969	2.774	2.7749	2.7352	2.796	2.8086	2.7164	2.7451	2.7433	2.7893	2.7495	2.7619	2.7728	2.7754
2.7639	2.712	2.7171	2.819	2.9983	3.0999	3.1823	3.2872	3.2701	3.2665	3.2594	3.2118	3.2416	3.2483	3.274	3.202	3.2176	3.2276	3.238	3.233	3.2334	3.2292	3.24	3.2381	3.2905	3.1938	2.7498	2.84	2.7072	2.6844	2.7489	2.6943	2.7246	2.71	2.7007	2.7091	2.7169	2.6961	2.7011	2.7189	2.696	2.7167	2.7063	2.7242	2.7167	2.727	2.719	2.6892	2.7089	2.7304	2.7201	2.6738	2.7126	2.7192	2.7504	2.754	2.6965	2.6939	2.6303	2.7165	2.733	2.7306	2.7326	2.738	2.7145	2.7504	2.7476	2.7405	2.7601	2.7349	2.7149	2.7191	2.7367	2.7201	2.7391	2.684	2.8215	3.1244	3.1216	3.0889	3.1854	3.2956	3.2557	3.2426	3.2128	3.2297	3.2849	3.2455	3.254	3.2579	3.2717	3.2727	3.2681	3.2536	3.311	3.2962	3.2005	2.8628	2.7301	2.8286	2.7406	2.752	2.724	2.7576	2.7293	2.7424	2.7458	2.7804	2.7362	2.73	2.7309	2.7535	2.749	2.7613	2.7596	2.7247	2.7059	2.7057	2.7288	2.7553	2.7281	2.7609	2.7724	2.7401	2.7562	2.7271	2.7012	2.4873	2.749	2.7244	2.7125	2.7204	2.6896	2.6862	2.7589	2.7309	2.7527	2.7713	2.8177	2.7688	2.781	2.7805	2.7792	2.7664	2.7479	2.7526	2.7367	2.7368	2.7416	2.7463	3.1675	3.2788	3.0842	3.2598	3.3022	3.2368	3.2756	3.2614	3.2857	3.2864	3.2539	3.3078	3.3185	3.327	3.2958	3.2707	3.3133	3.2892	3.0887	2.7599	2.9218	2.8357	2.717	2.7352	2.7417	2.7471	2.7431	2.7303	2.7712	2.757	2.7494	2.7494	2.752	2.7575	2.7883	2.7564	2.7892	2.754	2.767	2.726	2.7144	2.7395	2.7359	2.7291	2.74	2.7639	2.7606	2.7683	2.7717	2.7556	2.7375	2.741	2.7609	2.7506	2.7209	2.7501	2.7496	2.7962	2.776	2.7753	2.7637	2.7837	2.7861	2.7791	2.7607	2.749	2.7751	2.7721	2.7305	2.7832	2.7706	2.7854	2.7793	2.9714	3.3353	3.2327	3.1348	3.2438	3.2803	3.2755	3.2925	3.3029	3.2563	3.3099	3.3565	3.3252	3.3033	3.3137	3.257	3.2509	2.9183	2.7583	3.0481	2.812	2.7826	2.7515	2.7736	2.7946	2.8145	2.7741	2.7572	2.8072	2.759	2.7614	2.7866	2.7585
2.7299	2.7426	2.7341	2.9275	3.0757	3.1315	3.2552	3.2628	3.2586	3.2442	3.2544	3.2508	3.2235	3.2025	3.2383	3.2475	3.2283	3.2466	3.2221	3.1922	3.2262	3.2164	3.1936	3.2644	3.2977	3.2086	3.0579	2.7818	2.801	2.7167	2.7212	2.7037	2.7101	2.6949	2.6728	2.6538	2.6976	2.7076	2.6993	2.7024	2.7498	2.7428	2.7137	2.72	2.7359	2.7392	2.6666	2.7069	2.6991	2.7056	2.7163	2.6903	2.6805	2.7237	2.7322	2.7213	2.6925	2.7007	2.7354	2.7108	2.7372	2.7417	2.7313	2.7303	2.726	2.6945	2.7223	2.7936	2.7669	2.6985	2.7462	2.7398	2.7112	2.6875	2.7381	2.7506	3.0749	3.3242	3.0887	3.2421	3.2588	3.2713	3.2253	3.2491	3.2738	3.2351	3.2376	3.2601	3.2377	3.2438	3.2674	3.2006	3.2517	3.1961	3.1984	3.2799	3.2235	3.2005	2.8094	2.6795	2.796	2.7162	2.7214	2.7338	2.7372	2.7354	2.7343	2.7457	2.7418	2.7578	2.7645	2.7407	2.7288	2.7223	2.7356	2.7312	2.7123	2.7286	2.7381	2.6991	2.7022	2.7292	2.7209	2.7129	2.7258	2.7288	2.7786	2.8172	2.7371	2.729	2.73	2.7276	2.7307	2.7289	2.749	2.739	2.7564	2.7584	2.7445	2.7618	2.747	2.7529	2.6862	2.7753	2.796	2.717	2.7138	2.6962	2.8622	3.0619	3.2666	3.1697	3.2687	3.2763	3.2782	3.2678	3.2691	3.2854	3.2642	3.2403	3.2704	3.2858	3.2335	3.3117	3.2561	3.3046	3.2732	3.2896	3.2795	3.1556	2.8312	2.7539	2.8631	2.7558	2.7344	2.7318	2.7641	2.7305	2.7194	2.782	2.7628	2.7362	2.7702	2.7542	2.7318	2.7571	2.7408	2.7532	2.7554	2.756	2.7021	2.7402	2.7479	2.7453	2.7276	2.7358	2.7343	2.7452	2.7139	2.7444	2.7292	2.7383	2.7591	2.7425	2.763	2.7541	2.7563	2.7831	2.7961	2.7529	2.7732	2.8074	2.8167	2.8094	2.7717	2.7951	2.8068	2.7786	2.7568	2.7465	2.7636	2.7609	2.9012	3.2743	3.2693	3.2189	3.277	3.3179	3.3404	3.3172	3.3044	3.3337	3.3264	3.3412	3.2888	3.2692	3.325	3.3203	3.3224	3.2776	3.242	3.1139	2.6741	3.0254	2.8048	2.7443	2.7584	2.7865	2.7648	2.7778	2.778	2.7409	2.7398	2.7757	2.7946	2.807
2.6953	2.7027	2.7715	3.058	3.231	3.2479	3.266	3.245	3.2577	3.287	3.2789	3.181	3.1751	3.2217	3.2331	3.2398	3.2405	3.2563	3.2045	3.1595	3.2036	3.1926	3.2569	3.2397	3.2262	3.2247	3.2271	2.9934	2.5304	2.7582	2.6793	2.6554	2.6758	2.6945	2.7002	2.6716	2.647	2.6975	2.721	2.7042	2.6726	2.6941	2.7366	2.7241	2.7426	2.7189	2.7079	2.7399	2.6928	2.7226	2.7464	2.6949	2.7447	2.7014	2.7136	2.7342	2.6884	2.6843	2.6943	2.7187	2.6974	2.7194	2.7168	2.7153	2.7256	2.7369	2.708	2.7533	2.7394	2.7078	2.7429	2.7382	2.6973	2.6872	2.7199	2.8373	3.2086	3.2179	3.195	3.2604	3.2731	3.2582	3.29	3.2213	3.2766	3.2345	3.2545	3.2571	3.2366	3.2681	3.2423	3.2225	3.2412	3.263	3.2183	3.2225	3.2346	3.2667	3.1958	2.7363	2.9013	2.755	2.7644	2.733	2.704	2.7201	2.7039	2.6903	2.6959	2.7138	2.7256	2.7021	2.7077	2.737	2.752	2.7308	2.7434	2.7581	2.7475	2.7294	2.7218	2.7494	2.7653	2.7319	2.7383	2.7001	2.7803	2.7768	2.6656	2.6452	2.7421	2.7307	2.7407	2.7199	2.7164	2.725	2.7388	2.7607	2.7658	2.7452	2.7434	2.7616	2.7498	2.7636	2.7737	2.7668	2.7678	2.7827	2.939	3.2494	3.2207	3.231	3.2709	3.2866	3.2475	3.2255	3.2862	3.2757	3.2748	3.2719	3.2707	3.301	3.2867	3.275	3.2747	3.2943	3.2892	3.2804	3.2926	3.2719	3.0808	2.8726	2.9504	2.759	2.7406	2.7508	2.7349	2.7425	2.7444	2.7481	2.7568	2.7845	2.7397	2.7349	2.707	2.6851	2.7551	2.7501	2.741	2.726	2.7462	2.742	2.7534	2.7632	2.7568	2.7726	2.7683	2.7504	2.7532	2.7436	2.7532	2.7501	2.7593	2.7491	2.7133	2.7257	2.7783	2.7631	2.7509	2.7905	2.7623	2.8026	2.7952	2.7638	2.7526	2.7859	2.7673	2.7627	2.7589	2.7447	2.7405	2.8365	3.2477	3.1219	3.2207	3.2734	3.268	3.2333	3.2582	3.2696	3.2868	3.2977	3.2438	3.2436	3.3116	3.301	3.2631	3.2983	3.3013	3.2621	3.3131	3.2582	3.1615	2.8335	3.0385	2.785	2.7596	2.7654	2.7859	2.7542	2.748	2.7802	2.7728	2.7587	2.7693	2.7756
2.7419	2.7199	2.8524	2.9977	3.139	3.2875	3.2532	3.2584	3.2276	3.236	3.2293	3.2061	3.2436	3.2339	3.2021	3.2453	3.2502	3.2336	3.2189	3.2267	3.1902	3.2169	3.2341	3.1762	3.2235	3.2281	3.2495	3.1413	2.6514	2.7913	2.6937	2.6936	2.7168	2.6904	2.7043	2.6919	2.4249	2.4746	2.6529	2.6976	2.7005	2.7099	2.7369	2.7161	2.6795	2.6911	2.7141	2.7347	2.713	2.7143	2.7428	2.727	2.7286	2.7078	2.7004	2.7231	2.7134	2.7302	2.7252	2.7325	2.7127	2.7251	2.6739	2.736	2.7237	2.7376	2.7291	2.7478	2.7688	2.749	2.7382	2.7377	2.77	2.8018	2.802	2.9882	3.175	3.224	3.2294	3.2647	3.2584	3.3167	3.2668	3.2507	3.2912	3.2603	3.2764	3.2766	3.2576	3.1395	3.0976	3.1719	3.1784	3.2007	3.2446	3.2513	3.2243	3.2989	2.8554	2.7423	2.3649	2.726	2.7152	2.7079	2.7422	2.7292	2.7342	2.7449	2.7072	2.7048	2.7244	2.7197	2.7477	2.7347	2.7356	2.7654	2.7146	2.7278	2.6862	2.7292	2.7381	2.7468	2.7364	2.736	2.734	2.7188	2.7397	2.7229	2.7569	2.7464	2.7194	2.7175	2.726	2.7317	2.7337	2.7793	2.7682	2.7594	2.7608	2.763	2.7769	2.7574	2.7456	2.7467	2.7347	2.7208	2.7179	2.7967	3.238	3.2698	3.2739	3.3088	3.3208	3.2769	3.2292	3.2816	3.2771	3.2842	3.2973	3.2765	3.2595	3.2879	3.2402	3.2366	3.2616	3.2564	3.2707	3.2705	3.26	3.2733	3.3011	2.9771	2.6102	2.8675	2.7399	2.7374	2.7126	2.724	2.7237	2.7028	2.7307	2.7297	2.7167	2.7325	2.7655	2.7586	2.7523	2.7211	2.7723	2.7636	2.7521	2.764	2.7535	2.7418	2.7387	2.721	2.7558	2.7827	2.7543	2.7649	2.7366	2.6999	2.7557	2.7442	2.7569	2.7658	2.7378	2.7289	2.7397	2.7596	2.7509	2.7758	2.7768	2.7568	2.7364	2.7351	2.7425	2.7536	2.7494	2.7514	2.7905	3.1092	3.3407	3.2158	3.2128	3.3077	3.3485	3.3329	3.1985	3.2934	3.3014	3.3138	3.3015	3.2953	3.3236	3.3144	3.2674	3.2709	3.3051	3.2645	3.2981	3.2808	3.2659	3.0769	2.7692	2.9294	2.7603	2.744	2.761	2.7298	2.7378	2.7437	2.7604	2.7715	2.7401	2.7374
2.7119	2.7105	2.8718	3.1847	3.1512	3.2547	3.2491	3.2454	3.261	3.2703	3.2383	3.2684	3.2325	3.2053	3.2497	3.2051	3.197	3.162	3.2335	3.2259	3.2736	3.2523	3.1818	3.203	3.2037	3.1949	3.2564	3.2371	2.7998	2.7736	2.7239	2.7052	2.6467	2.691	2.6723	2.6961	2.6981	2.72	2.711	2.7054	2.6845	2.6795	2.7061	2.6813	2.75	2.7386	2.7033	2.7212	2.7547	2.7472	2.7245	2.7341	2.7159	2.7007	2.7305	2.7254	2.7331	2.6916	2.6959	2.7077	2.7204	2.7131	2.7155	2.7289	2.6996	2.7211	2.7408	2.7599	2.7702	2.7374	2.738	2.7316	2.7218	2.6994	2.7807	3.042	3.3325	3.2346	3.2578	3.2848	3.2895	3.2507	3.2684	3.2499	3.2637	3.264	3.2755	3.2373	3.2276	3.2347	3.2262	3.2182	3.2101	3.2407	3.2316	3.247	3.2116	3.2757	2.3603	2.0485	2.3536	2.7773	2.7254	2.6938	2.7036	2.6894	2.7121	2.7555	2.723	2.736	2.738	2.7235	2.7372	2.7456	2.6976	2.7079	2.7311	2.7381	2.7459	2.7437	2.7211	2.7294	2.7133	2.6927	2.732	2.7215	2.7143	2.7247	2.74	2.7416	2.7503	2.7418	2.7335	2.7085	2.7088	2.7351	2.7651	2.7326	2.7136	2.776	2.7776	2.7761	2.7961	2.7663	2.7552	2.7192	2.6876	2.9532	3.1346	3.2135	3.2442	3.2788	3.2803	3.2949	3.2608	3.2944	3.2714	3.2872	3.2602	3.2837	3.27	3.2881	3.2732	3.2432	3.2592	3.2342	3.2239	3.2483	3.2722	3.2594	3.2484	3.2593	3.0301	2.7355	2.7249	2.7178	2.7005	2.7166	2.7334	2.7137	2.725	2.7506	2.7552	2.745	2.7499	2.7273	2.7397	2.7185	2.7128	2.7267	2.7518	2.7634	2.768	2.7423	2.7247	2.745	2.7583	2.7568	2.7464	2.7568	2.7428	2.7532	2.7534	2.7355	2.7628	2.7799	2.7586	2.7654	2.7624	2.7703	2.7482	2.7489	2.7666	2.7877	2.791	2.7838	2.7451	2.7622	2.735	2.7762	2.9089	3.2381	3.1011	3.3179	3.2938	3.2645	3.2666	3.2914	3.303	3.3103	3.26	3.2942	3.2848	3.2979	3.325	3.2967	3.3375	3.2759	3.3133	3.2973	3.2771	3.2397	3.298	3.275	3.05	2.6743	2.8136	2.7544	2.7525	2.6817	2.7258	2.7226	2.7626	2.7658	2.7726	2.7716
2.7211	2.7399	3.0358	3.2678	3.2569	3.2674	3.2236	3.2253	3.2202	3.2563	3.2352	3.2472	3.2389	3.2667	3.2168	3.2175	3.2422	3.2283	3.259	3.184	3.1974	3.2132	3.2221	3.231	3.2002	3.2031	3.2137	3.2097	2.9813	2.6918	2.6654	2.6844	2.7284	2.6963	2.6835	2.7365	2.6509	2.6993	2.677	2.6833	2.7126	2.7079	2.6887	2.6975	2.7102	2.7088	2.6851	2.7054	2.6941	2.6972	2.6765	2.7097	2.7171	2.7126	2.7456	2.689	2.7092	2.7219	2.6995	2.6895	2.7284	2.7357	2.7255	2.7083	2.733	2.7423	2.7082	2.7211	2.7566	2.7311	2.7221	2.7325	2.7049	2.7337	2.9388	3.0596	3.1955	3.2338	3.2522	3.252	3.2831	3.305	3.2954	3.2387	3.2779	3.2773	3.2509	3.2275	3.183	3.2266	3.2223	3.2101	3.1975	3.2022	3.2124	3.2651	3.2348	3.2387	3.3221	2.7427	2.8775	2.6508	2.7625	2.7437	2.7192	2.6892	2.7338	2.7403	2.7346	2.7284	2.7285	2.6942	2.7011	2.7328	2.7409	2.7367	2.6831	2.6987	2.7038	2.7183	2.7292	2.7327	2.7413	2.753	2.7556	2.7378	2.7145	2.7154	2.7057	2.7436	2.7409	2.7489	2.8005	2.6988	2.7196	2.7157	2.7332	2.7613	2.7517	2.7354	2.7558	2.759	2.7723	2.7585	2.7343	2.6752	2.7639	2.9944	3.2077	3.2367	3.3021	3.2629	3.2439	3.2981	3.2997	3.304	3.266	3.2657	3.2166	3.2162	3.284	3.2807	3.2415	3.2423	3.2414	3.2523	3.2404	3.2631	3.2735	3.2797	3.2525	3.2605	2.8726	2.6902	2.8274	2.7615	2.736	2.7291	2.7135	2.7225	2.7699	2.7668	2.7477	2.7131	2.7133	2.7189	2.744	2.7358	2.7496	2.7087	2.6978	2.7145	2.7251	2.7293	2.7562	2.7481	2.7568	2.7437	2.7597	2.7902	2.7635	2.7755	2.7496	2.7674	2.7288	2.7746	2.763	2.7559	2.7616	2.7613	2.7609	2.7634	2.7514	2.7467	2.7765	2.7076	2.7791	2.7353	2.7984	2.7543	3.0778	3.2704	3.2903	3.3026	3.2994	3.3251	3.309	3.3179	3.327	3.3053	3.3164	3.2818	3.2403	3.2357	3.2378	3.3223	3.2909	3.2572	3.2437	3.2837	3.2971	3.2782	3.2942	3.3267	3.2529	2.8414	2.8295	2.804	2.7621	2.7512	2.7528	2.7428	2.7899	2.7973	2.7589	2.7779
2.7042	2.7583	2.9629	3.2063	3.2706	3.256	3.232	3.2522	3.2665	3.2021	3.2057	3.2264	3.223	3.2439	3.2661	3.2529	3.2115	3.2138	3.2162	3.2197	3.2093	3.1889	3.2066	3.188	3.166	3.2306	3.2459	3.2117	3.0401	2.4558	2.7399	2.6828	2.7157	2.7223	2.7135	2.7033	2.7121	2.6957	2.686	2.6894	2.6963	2.6672	2.7472	2.7517	2.7195	2.7016	2.6973	2.6862	2.69	2.7246	2.7253	2.7252	2.6784	2.7151	2.6958	2.7281	2.719	2.7057	2.6814	2.7206	2.7446	2.7274	2.747	2.7397	2.713	2.7462	2.7367	2.7212	2.7418	2.7529	2.7531	2.7666	2.7251	2.6856	2.8776	3.115	3.1957	3.2763	3.2823	3.2582	3.2875	3.2561	3.2966	3.2506	3.2637	3.2879	3.2518	3.2151	3.2246	3.2403	3.2558	3.2325	3.2214	3.241	3.2087	3.2399	3.2566	3.2492	3.2013	3.2994	3.1903	2.5324	2.7978	2.6693	2.6869	2.7194	2.7352	2.6884	2.6887	2.6895	2.7302	2.7498	2.7452	2.6982	2.7273	2.7115	2.6948	2.7191	2.7388	2.7349	2.7454	2.7336	2.7285	2.7327	2.7221	2.723	2.7299	2.7389	2.7178	2.724	2.7406	2.7406	2.7341	2.7418	2.7101	2.7534	2.7543	2.7114	2.6503	2.7095	2.7578	2.7293	2.7323	2.7432	2.763	2.7308	2.7946	3.3124	3.3125	3.3092	3.2896	3.29	3.2788	3.2333	3.2556	3.2775	3.2902	3.2909	3.2607	3.2456	3.2765	3.2821	3.2738	3.2389	3.2567	3.2284	3.2607	3.2922	3.2267	3.2302	3.2763	3.2534	3.1757	2.878	2.5664	2.722	2.707	2.7406	2.7373	2.7256	2.7225	2.7335	2.746	2.7505	2.7583	2.7156	2.7204	2.7336	2.7318	2.7282	2.7201	2.6797	2.7542	2.7537	2.7579	2.7481	2.7465	2.7204	2.7362	2.7718	2.7386	2.7483	2.7515	2.7546	2.7469	2.7292	2.7545	2.7807	2.776	2.7798	2.7427	2.7376	2.7326	2.7621	2.7393	2.7486	2.7562	2.7506	2.745	2.7866	3.1192	3.2458	3.3062	3.281	3.2705	3.2779	3.2876	3.2809	3.2881	3.2564	3.2904	3.1799	3.2454	3.2755	3.2772	3.2876	3.2301	3.2678	3.2495	3.2621	3.2796	3.2536	3.2408	3.2958	3.29	3.0439	2.7342	2.7554	2.7365	2.7351	2.7591	2.7274	2.7581	2.7771	2.7699	2.7716
2.6939	2.7619	3.1437	3.2177	3.2109	3.2427	3.2883	3.2644	3.2633	3.2216	3.1824	3.1941	3.2355	3.2217	3.2055	3.2224	3.2381	3.2235	3.2267	3.2293	3.1969	3.2103	3.1916	3.177	3.2106	3.1989	3.2225	3.1882	3.1554	2.6972	2.7356	2.6751	2.6742	2.7109	2.724	2.707	2.6886	2.7064	2.7028	2.6651	2.6872	2.72	2.7234	2.7231	2.7168	2.6802	2.7062	2.6789	2.6983	2.7045	2.7163	2.7102	2.7252	2.7253	2.7177	2.6694	2.6824	2.7236	2.7255	2.7011	2.7191	2.7098	2.7026	2.7229	2.745	2.7521	2.7222	2.708	2.7268	2.7064	2.7292	2.7443	2.71	2.7618	3.1373	3.2895	3.2457	3.2601	3.2247	3.2737	3.2686	3.2519	3.2742	3.2286	3.2649	3.242	3.2198	3.2438	3.2427	3.2158	3.1902	3.1997	3.24	3.2302	3.237	3.2474	3.2016	3.2615	3.201	3.2417	3.1391	2.8472	2.6773	2.6977	2.6905	2.7107	2.7176	2.731	2.737	2.7335	2.7016	2.6943	2.7355	2.7393	2.7453	2.7539	2.7436	2.7355	2.719	2.7204	2.7065	2.7299	2.7206	2.7007	2.7389	2.7378	2.7359	2.7441	2.7308	2.7321	2.6654	2.6673	2.7156	2.7212	2.718	2.7287	2.7221	2.7341	2.7337	2.7364	2.7428	2.7295	2.7404	2.7648	2.7581	2.7358	2.8643	3.3608	3.3138	3.2973	3.2664	3.2191	3.2735	3.2817	3.2523	3.2669	3.2964	3.2507	3.2962	3.3191	3.3078	3.3033	3.2863	3.2258	3.2496	3.2219	3.2273	3.2462	3.2503	3.2856	3.2788	3.3073	3.3111	2.8343	2.6151	2.7647	2.7465	2.714	2.7188	2.704	2.7069	2.7461	2.6827	2.6945	2.7226	2.7108	2.7338	2.7564	2.7387	2.7628	2.7348	2.7153	2.7409	2.7016	2.7382	2.7376	2.7727	2.7383	2.7949	2.8371	2.7662	2.7493	2.752	2.7341	2.7403	2.7617	2.7854	2.7746	2.7467	2.7624	2.765	2.7729	2.7751	2.7393	2.7494	2.785	2.7505	2.7522	2.7441	2.9724	3.3826	3.2081	3.2749	3.3011	3.2284	3.23	3.3054	3.298	3.3189	3.3037	3.2933	3.279	3.318	3.3095	3.2876	3.2903	3.2519	3.2779	3.2588	3.259	3.2786	3.2646	3.2736	3.2309	3.2508	3.1335	2.7505	2.6203	2.7043	2.7503	2.7481	2.7586	2.7378	2.7648	2.7279	2.7395
2.691	2.7734	3.0492	3.1175	3.207	3.2609	3.2697	3.2695	3.2227	3.1943	3.2468	3.2095	3.1908	3.2333	3.2877	3.2566	3.1665	3.1974	3.2178	3.1967	3.2201	3.2178	3.212	3.1827	3.2014	3.2477	3.2513	3.2349	3.1644	2.7287	2.5009	2.7249	2.6929	2.6786	2.6708	2.7071	2.7431	2.6756	2.7016	2.6961	2.6766	2.6883	2.7177	2.7055	2.685	2.69	2.7064	2.7068	2.6732	2.7095	2.6944	2.6933	2.6962	2.6614	2.672	2.7266	2.7111	2.6504	2.72	2.7244	2.7283	2.7184	2.7303	2.7242	2.7235	2.7313	2.7341	2.7348	2.741	2.7208	2.7057	2.7391	2.7275	2.783	3.0161	3.1791	3.2259	3.2155	3.2275	3.2772	3.2505	3.2343	3.2147	3.2016	3.223	3.2151	3.1722	3.2091	3.2198	3.1632	3.2088	3.2466	3.23	3.2484	3.2662	3.2612	3.2597	3.2304	3.2339	3.2901	3.2406	2.812	2.4866	2.7138	2.6935	2.7114	2.706	2.7638	2.7666	2.6994	2.6889	2.6905	2.7054	2.7257	2.6987	2.7148	2.7324	2.7007	2.7449	2.706	2.7176	2.7315	2.7108	2.7352	2.7234	2.6978	2.6747	2.6927	2.7608	2.7724	2.7455	2.7221	2.7203	2.7154	2.7154	2.7175	2.7312	2.7549	2.7382	2.7674	2.7522	2.7435	2.7323	2.7436	2.7694	2.7743	2.9146	3.1529	3.2392	3.2746	3.2572	3.2896	3.2932	3.2742	3.2623	3.2527	3.2267	3.2409	3.2729	3.2545	3.2323	3.2658	3.295	3.247	3.2605	3.2668	3.1844	3.2567	3.2313	3.1801	3.242	3.2571	3.2097	2.9309	2.7376	2.7315	2.6935	2.7053	2.6876	2.7232	2.7394	2.7737	2.7601	2.6934	2.6984	2.7585	2.7451	2.7351	2.735	2.7621	2.7504	2.7496	2.7537	2.7855	2.7835	2.7698	2.7319	2.7658	2.7635	2.753	2.7606	2.7685	2.7529	2.7731	2.7683	2.7589	2.7511	2.7572	2.7593	2.7302	2.7734	2.7585	2.7798	2.7578	2.7191	2.7369	2.779	2.7287	2.7645	3.0807	3.2044	3.265	3.2936	3.3341	3.355	3.338	3.338	3.2857	3.293	3.3288	3.3358	3.312	3.259	3.215	3.2287	3.2471	3.2605	3.2726	3.2649	3.2633	3.2655	3.2546	3.2683	3.2728	3.2514	3.1841	2.7247	2.463	2.748	2.7623	2.7584	2.7693	2.7451	2.7476	2.7703	2.7858
2.6658	2.6905	3.0861	3.1648	3.2416	3.2664	3.2626	3.2582	3.2682	3.2768	3.2593	3.2505	3.2521	3.249	3.2437	3.2531	3.2225	3.2012	3.2246	3.2043	3.1754	3.213	3.2437	3.1935	3.2221	3.1936	3.2329	3.2735	3.1855	2.5448	2.4628	2.7271	2.6974	2.6744	2.7089	2.7402	2.694	2.6959	2.6828	2.7143	2.6969	2.7189	2.704	2.6823	2.6828	2.7021	2.7063	2.7166	2.7117	2.7122	2.6866	2.6738	2.7506	2.722	2.7175	2.6744	2.7073	2.691	2.7189	2.7134	2.7005	2.6988	2.7093	2.7239	2.6946	2.7327	2.7343	2.7334	2.7239	2.7796	2.7583	2.7361	2.7115	2.6973	2.9769	3.1504	3.2536	3.2616	3.3084	3.2599	3.2641	3.2539	3.2383	3.2642	3.27	3.2636	3.2529	3.2375	3.2117	3.2173	3.248	3.208	3.2119	3.2428	3.1983	3.1808	3.2272	3.2279	3.2266	3.2434	3.2204	2.8211	2.6473	2.7202	2.7002	2.6884	2.6932	2.6779	2.6645	2.7171	2.6909	2.6815	2.6674	2.6996	2.7062	2.7225	2.7508	2.7205	2.7179	2.6996	2.6982	2.7232	2.7082	2.7395	2.7421	2.7097	2.7247	2.7042	2.7237	2.7183	2.7137	2.7309	2.7639	2.7412	2.7145	2.7271	2.7144	2.7221	2.7503	2.7288	2.713	2.7251	2.7376	2.7285	2.7112	2.6896	2.9164	3.2629	3.2642	3.2927	3.2788	3.3149	3.2464	3.2735	3.2829	3.2584	3.2546	3.2247	3.2516	3.296	3.2837	3.2729	3.2556	3.2155	3.2112	3.2592	3.2411	3.2739	3.2785	3.2586	3.2625	3.2637	3.2574	3.1446	2.6422	2.6328	2.6936	2.6996	2.6838	2.7437	2.7233	2.7039	2.7017	2.7147	2.7356	2.759	2.7596	2.7228	2.7664	2.7691	2.7609	2.7365	2.7181	2.7402	2.7206	2.7452	2.7447	2.7426	2.7549	2.7497	2.7617	2.7333	2.6931	2.7648	2.7672	2.7418	2.7507	2.7929	2.7634	2.7715	2.7811	2.7696	2.7438	2.7164	2.7323	2.781	2.7511	2.7529	2.794	3.124	3.114	3.3352	3.306	3.3073	3.2833	3.3153	3.3186	3.2903	3.3043	3.31	3.2784	3.213	3.3	3.3003	3.2772	3.2884	3.2365	3.2714	3.2398	3.2288	3.1994	3.2712	3.2899	3.3066	3.2886	3.3014	3.0422	2.5355	2.6776	2.7428	2.7243	2.7423	2.7264	2.7352	2.7234	2.7527
2.7282	2.6947	2.8774	3.1717	3.2722	3.2424	3.2798	3.247	3.2245	3.2144	3.2092	3.2211	3.248	3.2693	3.243	3.2424	3.2287	3.2333	3.2028	3.2059	3.2204	3.1936	3.1597	3.2183	3.215	3.2272	3.2253	3.1901	3.1149	2.6616	2.7052	2.6892	2.6479	2.6598	2.6246	2.7026	2.7157	2.7002	2.6867	2.6729	2.6684	2.6816	2.6992	2.6743	2.7023	2.7085	2.6888	2.7178	2.7095	2.7042	2.6885	2.7137	2.6696	2.7069	2.7046	2.694	2.6907	2.7203	2.6959	2.7192	2.7202	2.6878	2.7465	2.715	2.7078	2.7306	2.7259	2.7249	2.7018	2.7591	2.7493	2.7641	2.7117	2.7102	2.9843	3.2121	3.2457	3.2928	3.3029	3.2885	3.2665	3.2469	3.2582	3.2595	3.2159	3.2293	3.2384	3.2722	3.2354	3.2291	3.2539	3.1285	3.1842	3.3096	3.2522	3.2178	3.2045	3.2498	3.1878	3.2231	2.7802	2.3493	2.499	2.7264	2.7097	2.7422	2.7074	2.6899	2.6573	2.6885	2.6996	2.7116	2.6728	2.7245	2.7077	2.7258	2.7323	2.7331	2.7272	2.7268	2.7148	2.6828	2.709	2.7263	2.7256	2.7551	2.738	2.7038	2.6775	2.7508	2.7344	2.7151	2.7291	2.7364	2.7716	2.712	2.7368	2.7488	2.7539	2.7256	2.716	2.715	2.7095	2.6966	2.7453	2.7461	3.0157	3.2066	3.2592	3.2556	3.2594	3.2809	3.2777	3.2437	3.2778	3.251	3.2475	3.2398	3.2378	3.2793	3.2206	3.2127	3.2541	3.2582	3.2442	3.2173	3.2386	3.257	3.2264	3.2797	3.2844	3.2926	3.241	3.1387	2.7414	2.6435	2.706	2.7293	2.7306	2.7139	2.7265	2.7518	2.7575	2.7092	2.7711	2.7501	2.7912	2.7332	2.7744	2.7305	2.7305	2.7561	2.7339	2.7422	2.7507	2.7783	2.7694	2.7529	2.726	2.7276	2.7376	2.7703	2.7516	2.7106	2.7122	2.7649	2.7394	2.7628	2.7536	2.7578	2.7619	2.7521	2.7629	2.7632	2.737	2.7475	2.7457	2.7871	2.7962	2.9872	3.2252	3.2946	3.3474	3.3469	3.3424	3.2987	3.2896	3.3147	3.3357	3.3047	3.2775	3.3114	3.3223	3.2595	3.2326	3.2619	3.2602	3.2811	3.228	3.2122	3.2144	3.229	3.2986	3.288	3.2895	3.2474	3.0001	2.7439	2.7389	2.7916	2.8097	2.7158	2.7419	2.7492	2.7651	2.8173
2.7353	2.7079	3.0338	3.1822	3.1895	3.2432	3.2814	3.2618	3.2378	3.2608	3.25	3.2437	3.2483	3.2326	3.2722	3.2395	3.1959	3.2444	3.2232	3.1269	3.1669	3.1838	3.1596	3.1648	3.1926	3.2074	3.2111	3.2228	3.1622	2.5065	2.7035	2.6594	2.707	2.6906	2.6946	2.6663	2.687	2.7043	2.6806	2.6832	2.6948	2.68	2.6629	2.6762	2.6952	2.6576	2.6912	2.7452	2.7345	2.6851	2.7048	2.6896	2.6599	2.6971	2.6669	2.6771	2.7079	2.749	2.7239	2.7608	2.6955	2.7263	2.7018	2.7075	2.7207	2.7372	2.7547	2.7451	2.7598	2.7595	2.7146	2.7281	2.7178	2.7132	2.9714	3.1292	3.2708	3.2977	3.2436	3.2479	3.2751	3.263	3.2374	3.2441	3.248	3.2093	3.2085	3.2131	3.2227	3.2136	3.2519	3.2232	3.2509	3.2025	3.2367	3.2493	3.2317	3.2504	3.2563	3.2146	3.1857	2.776	2.638	2.7393	2.7023	2.6808	2.6973	2.6776	2.6938	2.7293	2.7435	2.7131	2.7106	2.6933	2.6939	2.6791	2.7171	2.7268	2.7352	2.7487	2.7304	2.7166	2.6782	2.6898	2.7348	2.7605	2.749	2.7439	2.7223	2.7343	2.7223	2.7189	2.702	2.733	2.7408	2.7212	2.7388	2.7613	2.7502	2.7468	2.722	2.7339	2.7232	2.7694	2.7586	2.7195	2.8042	3.15	3.2406	3.3153	3.3133	3.3006	3.2737	3.2657	3.2351	3.245	3.2673	3.2405	3.2111	3.2402	3.2454	3.2706	3.2526	3.1973	3.2109	3.2239	3.2517	3.245	3.2541	3.2678	3.2314	3.2668	3.2921	3.2342	2.487	2.6822	2.7387	2.7131	2.7028	2.7233	2.7804	2.7003	2.7034	2.7334	2.6834	2.7391	2.7181	2.7047	2.7224	2.71	2.754	2.7692	2.7245	2.7223	2.7601	2.7563	2.7377	2.7172	2.7385	2.7404	2.7469	2.766	2.7447	2.7438	2.7508	2.7662	2.7623	2.7636	2.7519	2.759	2.7685	2.7779	2.7893	2.7633	2.7722	2.752	2.7372	2.7599	2.7467	3.0618	3.2914	3.2613	3.2879	3.3008	3.3233	3.2371	3.233	3.3259	3.3102	3.2703	3.2878	3.2861	3.2135	3.2485	3.2726	3.2304	3.2577	3.2582	3.2536	3.279	3.2246	3.2635	3.3115	3.2577	3.2634	3.2272	2.9093	2.5009	2.7469	2.722	2.7454	2.7305	2.7078	2.7167	2.7481	2.7652
2.75	2.7116	2.7816	3.2367	3.1507	3.2443	3.2496	3.2895	3.2525	3.234	3.2103	3.2325	3.2234	3.2311	3.2396	3.2296	3.2077	3.1887	3.1976	3.2079	3.2204	3.1913	3.2166	3.1634	3.2225	3.2253	3.241	3.2231	3.0828	2.4927	2.5854	2.6941	2.6652	2.7004	2.6914	2.6972	2.7179	2.7158	2.7006	2.7011	2.6937	2.7067	2.7	2.6977	2.7384	2.7304	2.705	2.737	2.731	2.7112	2.6868	2.7093	2.7344	2.751	2.7113	2.7156	2.716	2.7227	2.6982	2.7263	2.7439	2.7213	2.6896	2.7077	2.7106	2.704	2.7452	2.7209	2.7007	2.7128	2.7438	2.723	2.7451	2.7165	3.0996	3.1096	3.2387	3.2862	3.299	3.2525	3.2598	3.2808	3.2379	3.2643	3.1944	3.2223	3.2371	3.233	3.2719	3.2602	3.2409	3.1935	3.2024	3.2043	3.1761	3.1984	3.1984	3.2202	3.2063	3.2523	3.2029	2.7166	2.6723	2.6744	2.7083	2.6851	2.687	2.7211	2.6945	2.7078	2.7076	2.6935	2.6854	2.6701	2.6868	2.7087	2.7014	2.6845	2.679	2.7427	2.743	2.7256	2.711	2.7194	2.77	2.7238	2.7366	2.7328	2.7463	2.7325	2.7341	2.719	2.7132	2.6992	2.7575	2.7376	2.7172	2.7214	2.7306	2.8062	2.7788	2.7237	2.7748	2.7286	2.7345	2.7357	2.7717	3.1856	3.185	3.2629	3.2668	3.2738	3.2628	3.2547	3.2371	3.2598	3.273	3.2584	3.2613	3.2585	3.2147	3.2502	3.2396	3.2369	3.2524	3.2084	3.2345	3.2438	3.2407	3.1945	3.176	3.2733	3.2842	3.1727	2.6387	2.7528	2.7324	2.7134	2.6869	2.6903	2.6731	2.6576	2.7173	2.7465	2.7192	2.7148	2.709	2.7344	2.7564	2.7557	2.7574	2.7522	2.7506	2.7486	2.7616	2.7183	2.7659	2.7771	2.7588	2.717	2.7423	2.7519	2.7183	2.7326	2.782	2.7286	2.7237	2.7298	2.7228	2.7541	2.772	2.7676	2.7882	2.7896	2.7854	2.7701	2.7671	2.7423	2.7249	3.0169	3.1473	3.2307	3.2539	3.3247	3.3396	3.3014	3.2854	3.2805	3.3368	3.2801	3.2713	3.2747	3.2185	3.244	3.2945	3.2545	3.2407	3.2756	3.3065	3.2413	3.2326	3.2644	3.2585	3.3009	3.3007	3.2862	2.9737	2.6739	2.6636	2.7165	2.7242	2.7608	2.7472	2.7393	2.7557	2.7595
2.7341	2.662	2.7013	3.0257	3.0871	3.2446	3.25	3.2449	3.3089	3.2248	3.2292	3.253	3.2376	3.2271	3.2064	3.2555	3.2655	3.2253	3.213	3.218	3.2152	3.2388	3.1875	3.2278	3.2313	3.2079	3.2009	3.1247	2.7767	2.3827	2.7309	2.6946	2.6924	2.666	2.6612	2.6816	2.701	2.6802	2.6976	2.6722	2.6787	2.6938	2.6776	2.7233	2.7089	2.7087	2.7033	2.7024	2.6944	2.6811	2.6768	2.6841	2.6883	2.7038	2.6968	2.6964	2.706	2.7447	2.7603	2.7442	2.7468	2.734	2.7402	2.7206	2.722	2.6547	2.6977	2.7477	2.7319	2.732	2.7496	2.7092	2.7079	2.6822	2.7578	3.0822	3.201	3.2552	3.2533	3.2445	3.2801	3.2611	3.2737	3.2643	3.2506	3.262	3.2173	3.2598	3.2448	3.2416	3.213	3.2157	3.2305	3.2094	3.2208	3.2412	3.2414	3.2397	3.2307	3.2494	3.1616	2.4775	2.6841	2.6934	2.6982	2.7163	2.696	2.698	2.7046	2.7022	2.7019	2.7167	2.7264	2.7192	2.7514	2.7186	2.7327	2.7332	2.7104	2.7232	2.7469	2.7435	2.7215	2.7294	2.7361	2.7329	2.7441	2.7174	2.6754	2.7205	2.7436	2.7419	2.7251	2.7222	2.7288	2.7213	2.7766	2.7966	2.771	2.7583	2.7546	2.7513	2.7303	2.7519	2.7392	2.7322	2.8177	2.9724	3.1271	3.255	3.2521	3.2294	3.2806	3.2474	3.2754	3.2408	3.2516	3.2823	3.2539	3.2472	3.2973	3.2837	3.2567	3.2614	3.2651	3.2558	3.2523	3.237	3.2195	3.2125	3.2433	3.2541	3.2075	3.1229	2.6354	2.6586	2.6551	2.6817	2.695	2.7234	2.7445	2.7127	2.6959	2.7509	2.7224	2.7254	2.7278	2.7508	2.7154	2.7221	2.7339	2.7189	2.7123	2.7376	2.7511	2.7255	2.7439	2.7651	2.746	2.7528	2.7922	2.7786	2.7389	2.7245	2.7708	2.758	2.752	2.7841	2.7631	2.7695	2.7707	2.7807	2.7823	2.7788	2.7636	2.788	2.7717	2.7582	2.7679	2.9102	3.1713	3.2692	3.3264	3.3099	3.3021	3.3019	3.2931	3.3097	3.2956	3.2879	3.254	3.2776	3.2395	3.2895	3.2246	3.2546	3.1724	3.2281	3.2309	3.2659	3.3122	3.2846	3.2545	3.2594	3.2397	3.2677	2.9979	2.4525	2.6423	2.761	2.7012	2.7209	2.7801	2.7609	2.7665	2.7221
2.6901	2.7096	2.7345	2.9138	3.3044	3.2051	3.2941	3.2574	3.2629	3.2506	3.2152	3.2412	3.2591	3.2464	3.264	3.2803	3.1977	3.2123	3.2073	3.2234	3.1969	3.2121	3.2154	3.2385	3.2329	3.2071	3.2069	3.101	2.6285	2.4119	2.6831	2.6899	2.6974	2.6838	2.67	2.6688	2.6866	2.7006	2.6887	2.6791	2.7289	2.7214	2.7199	2.7106	2.6911	2.7088	2.7455	2.7242	2.7273	2.7329	2.7224	2.7056	2.6906	2.6771	2.7027	2.7185	2.734	2.7688	2.7263	2.7351	2.7328	2.7257	2.7294	2.7377	2.7353	2.7256	2.752	2.73	2.7393	2.7202	2.7224	2.7093	2.6968	2.6973	2.73	2.9563	3.2382	3.246	3.2847	3.3057	3.2941	3.2618	3.2823	3.2944	3.2653	3.2054	3.2544	3.2476	3.2363	3.2478	3.2252	3.2181	3.1943	3.1319	3.1692	3.2044	3.2117	3.2091	3.2218	3.2306	3.1032	2.5615	2.7258	2.6847	2.6699	2.7126	2.7182	2.7484	2.7424	2.6988	2.7522	2.7273	2.7277	2.7076	2.7383	2.7008	2.7183	2.7311	2.685	2.744	2.7532	2.7379	2.7182	2.7197	2.7351	2.7505	2.7456	2.7127	2.7176	2.7269	2.719	2.7638	2.7576	2.7446	2.7385	2.7696	2.7742	2.7803	2.7676	2.7355	2.7836	2.7559	2.7628	2.745	2.7601	2.7578	2.7049	2.8942	3.1439	3.1678	3.2406	3.2549	3.269	3.2934	3.3067	3.2961	3.2915	3.2688	3.2723	3.2674	3.2373	3.2169	3.2397	3.2475	3.2486	3.22	3.2465	3.2749	3.2611	3.187	3.2769	3.3175	3.1995	3.0248	2.3907	2.6714	2.6978	2.7182	2.7101	2.7083	2.7371	2.7357	2.7197	2.6993	2.7198	2.6974	2.6803	2.7124	2.728	2.7453	2.773	2.7538	2.7337	2.7494	2.7469	2.7477	2.7436	2.745	2.7351	2.7526	2.7576	2.7611	2.7235	2.7424	2.7416	2.7503	2.7751	2.7473	2.7542	2.7552	2.7855	2.8079	2.7899	2.7473	2.7436	2.7588	2.7759	2.7672	2.7601	2.907	3.353	3.2446	3.3227	3.296	3.2941	3.3007	3.2837	3.262	3.2969	3.2953	3.317	3.3301	3.3018	3.2896	3.2541	3.2257	3.2587	3.2315	3.2709	3.2801	3.2516	3.2799	3.2502	3.2183	3.2755	3.2761	2.9357	2.6819	2.7727	2.7423	2.7494	2.7629	2.731	2.6472	2.7075	2.7547
2.7331	2.749	2.7233	2.7282	2.9945	3.0103	3.2469	3.2753	3.2679	3.2692	3.2147	3.2324	3.2551	3.2639	3.2209	3.2312	3.2528	3.2559	3.2504	3.227	3.1871	3.2142	3.2029	3.2193	3.2587	3.2133	3.1533	2.936	2.5011	2.6417	2.7177	2.7095	2.6642	2.7066	2.6977	2.7124	2.71	2.6867	2.6736	2.6843	2.713	2.7016	2.694	2.7333	2.6719	2.6828	2.7108	2.7061	2.7509	2.716	2.7426	2.7277	2.7192	2.7163	2.707	2.6885	2.6892	2.677	2.7265	2.7301	2.7017	2.7268	2.7011	2.7002	2.7561	2.7651	2.7505	2.7488	2.7289	2.7827	2.7479	2.7055	2.6942	2.7003	2.6638	2.8297	3.084	3.2276	3.2786	3.2563	3.2575	3.2719	3.2776	3.2102	3.304	3.2736	3.1873	3.2545	3.2703	3.2664	3.2608	3.2522	3.2392	3.2448	3.219	3.2433	3.2518	3.2139	3.2086	3.2088	2.653	2.6733	2.7098	2.7207	2.6976	2.6807	2.6779	2.7131	2.7231	2.7131	2.7194	2.719	2.7216	2.7039	2.7088	2.7128	2.7396	2.7279	2.6976	2.6982	2.7056	2.7002	2.7307	2.7367	2.7135	2.735	2.7282	2.7467	2.748	2.7342	2.7387	2.7217	2.7419	2.7388	2.736	2.748	2.7827	2.7658	2.7702	2.7725	2.765	2.7326	2.7178	2.7669	2.7518	2.7307	2.737	2.9817	3.1429	3.1189	3.2682	3.3216	3.2951	3.2675	3.2574	3.2791	3.2914	3.2539	3.2536	3.241	3.2326	3.2389	3.2442	3.2089	3.2135	3.2202	3.2425	3.2465	3.2675	3.2627	3.2433	3.2634	3.1653	2.7535	2.7052	2.7588	2.7173	2.7122	2.7445	2.7562	2.7667	2.7923	2.7638	2.7359	2.7185	2.7276	2.7549	2.7539	2.741	2.7462	2.7581	2.7704	2.7678	2.7305	2.7362	2.774	2.7313	2.7569	2.7625	2.7644	2.7499	2.7406	2.7483	2.7584	2.7903	2.7835	2.7892	2.8006	2.7869	2.7706	2.7827	2.8073	2.7807	2.7672	2.7557	2.7599	2.7742	2.7556	2.7568	2.7594	3.1806	3.2686	3.2808	3.3066	3.315	3.286	3.3279	3.3269	3.2787	3.2972	3.2748	3.3061	3.3158	3.2277	3.2551	3.2714	3.2219	3.2357	3.2674	3.2978	3.3041	3.2533	3.2793	3.2582	3.235	3.1469	2.8877	2.5459	2.7267	2.764	2.7761	2.7632	2.7677	2.7502	2.7565	2.7508
2.7062	2.7523	2.8381	2.766	2.9265	3.2485	3.0216	3.23	3.2597	3.2506	3.2311	3.2057	3.2138	3.2205	3.2422	3.2366	3.2892	3.2429	3.2372	3.1617	3.2282	3.2279	3.1938	3.2351	3.2471	3.1935	2.9989	2.7097	2.4715	2.7526	2.7071	2.6711	2.6645	2.7079	2.7099	2.6996	2.7003	2.7098	2.7228	2.7159	2.6966	2.7145	2.7396	2.7521	2.7319	2.7192	2.6843	2.7343	2.736	2.7224	2.7122	2.7355	2.7254	2.721	2.7354	2.7418	2.728	2.7336	2.7071	2.7563	2.7404	2.727	2.7418	2.752	2.7569	2.7133	2.7158	2.7485	2.743	2.7052	2.7127	2.7578	2.7414	2.7621	2.7411	2.7414	2.9278	3.1849	3.1932	3.2324	3.2571	3.2382	3.234	3.1988	3.2427	3.2577	3.2506	3.2148	3.2262	3.2139	3.2518	3.2227	3.2301	3.235	3.2374	3.2012	3.2425	3.2529	3.2544	3.1074	2.5918	2.643	2.7104	2.7174	2.7227	2.7096	2.6825	2.6615	2.6782	2.7175	2.7014	2.7095	2.7155	2.7274	2.755	2.7229	2.6954	2.7234	2.7355	2.7356	2.7435	2.787	2.7802	2.7492	2.7455	2.6989	2.7421	2.7493	2.7276	2.7037	2.6856	2.7274	2.7078	2.7214	2.7228	2.7372	2.7074	2.7306	2.7255	2.7225	2.7645	2.7479	2.7594	2.77	2.7634	2.7124	2.7118	2.7475	3.0475	3.1683	3.2215	3.2886	3.308	3.3111	3.2945	3.2864	3.2849	3.2773	3.2619	3.2611	3.2473	3.2642	3.2659	3.2129	3.2033	3.2223	3.2446	3.2421	3.1423	3.2659	3.287	3.2646	3.1167	2.5306	2.7795	2.6896	2.7003	2.7411	2.7409	2.7384	2.7364	2.7848	2.7735	2.728	2.7543	2.7239	2.7433	2.7919	2.7503	2.7454	2.7486	2.6985	2.681	2.7616	2.7369	2.7448	2.7535	2.7703	2.7645	2.7638	2.7867	2.7683	2.7267	2.7633	2.7937	2.8103	2.8149	2.8007	2.782	2.7736	2.7653	2.7848	2.7831	2.7808	2.797	2.8068	2.7364	2.7719	2.75	2.7696	3.0315	3.4283	3.2643	3.3117	3.3051	3.3106	3.295	3.2837	3.2789	3.2716	3.3145	3.302	3.2827	3.2809	3.2832	3.2701	3.2224	3.2686	3.2679	3.2594	3.2834	3.2874	3.2609	3.2975	3.2847	3.1881	2.6849	2.755	2.7411	2.679	2.713	2.7455	2.7222	2.7612	2.7793	2.773
2.7548	2.7771	2.5924	2.1779	2.7432	2.9245	3.0251	3.1014	3.205	3.2826	3.3196	3.2269	3.2876	3.2813	3.2479	3.2428	3.2085	3.2047	3.2271	3.2072	3.2332	3.2354	3.2255	3.218	3.236	3.159	2.801	2.5541	2.665	2.7133	2.7115	2.7248	2.7187	2.7073	2.6946	2.7453	2.7484	2.6999	2.7041	2.7178	2.7495	2.7225	2.7076	2.721	2.7358	2.7496	2.7349	2.7129	2.7326	2.7067	2.7215	2.712	2.7381	2.7334	2.7154	2.7627	2.7166	2.7269	2.7535	2.7616	2.7408	2.7432	2.76	2.7687	2.7716	2.7389	2.7276	2.7298	2.7511	2.7593	2.7278	2.7053	2.7201	2.7217	2.6965	2.7015	2.8233	3.1442	3.1461	3.2222	3.2147	3.2912	3.2564	3.2085	3.2107	3.2238	3.2126	3.2298	3.2399	3.2602	3.2402	3.2229	3.183	3.2072	3.227	3.2236	3.2313	3.2432	3.1246	2.689	2.4389	2.7296	2.6897	2.6804	2.6918	2.6883	2.6841	2.6651	2.6726	2.7206	2.7213	2.7428	2.7454	2.7196	2.6944	2.7567	2.7371	2.7061	2.7416	2.7345	2.7169	2.671	2.7005	2.7466	2.7384	2.7324	2.7539	2.7495	2.7629	2.7441	2.77	2.7416	2.7663	2.7711	2.7867	2.7714	2.7491	2.7727	2.7518	2.7489	2.7425	2.7551	2.7745	2.7893	2.7737	2.74	2.7036	2.6947	2.8288	3.2215	3.1805	3.2148	3.2657	3.2668	3.2884	3.2564	3.2568	3.2893	3.2531	3.206	3.2036	3.2654	3.1717	3.1745	3.2035	3.2635	3.283	3.2343	3.246	3.2202	3.2399	3.2106	2.6774	2.5951	2.7517	2.7287	2.7303	2.7573	2.731	2.723	2.7646	2.7343	2.7686	2.7316	2.7484	2.7059	2.7578	2.7433	2.7092	2.7563	2.724	2.7412	2.7337	2.766	2.7841	2.7388	2.7444	2.757	2.7743	2.8017	2.8295	2.7769	2.7802	2.8138	2.7838	2.7775	2.7682	2.7683	2.7713	2.7757	2.763	2.7847	2.7947	2.7638	2.7875	2.7417	2.7691	2.7682	2.7685	2.7928	2.8413	3.1162	3.2316	3.3127	3.3098	3.3019	3.3251	3.332	3.292	3.2853	3.2517	3.2641	3.3137	3.2715	3.2463	3.3082	3.2852	3.2991	3.2891	3.3054	3.2714	3.2587	3.271	3.2708	3.3141	2.8723	2.4638	2.6852	2.7597	2.7537	2.7186	2.7666	2.7165	2.7602	2.7762	2.7771
2.7566	2.7519	2.757	2.751	2.7336	2.7117	2.8963	3.2036	3.0798	3.2801	3.2417	3.2828	3.2453	3.2775	3.2626	3.2636	3.229	3.2267	3.2256	3.2077	3.2349	3.2356	3.2517	3.2275	3.136	2.632	2.5957	2.7078	2.679	2.6817	2.6986	2.6932	2.6989	2.7041	2.7314	2.6776	2.7025	2.7269	2.7111	2.7293	2.7308	2.7501	2.7502	2.7486	2.7345	2.7276	2.7375	2.7213	2.7393	2.739	2.7439	2.7559	2.6908	2.7145	2.7741	2.7895	2.7503	2.7371	2.7414	2.7081	2.768	2.7289	2.7722	2.7464	2.7784	2.7488	2.7457	2.7231	2.768	2.7444	2.7361	2.7225	2.7621	2.7534	2.7338	2.737	2.7247	2.8985	3.0351	3.1023	3.2194	3.28	3.262	3.2696	3.2975	3.2941	3.2597	3.2243	3.256	3.2204	3.2232	3.219	3.2337	3.2686	3.2766	3.2757	3.2586	3.198	2.9436	2.6134	2.6661	2.7289	2.7108	2.6885	2.688	2.7114	2.7186	2.7299	2.7347	2.7586	2.6903	2.7349	2.7726	2.7378	2.7218	2.7096	2.7461	2.7496	2.7336	2.7347	2.7499	2.7517	2.6939	2.7202	2.7596	2.7258	2.7142	2.7706	2.7486	2.771	2.7773	2.7211	2.7482	2.7607	2.7624	2.7347	2.7166	2.734	2.7506	2.7414	2.7295	2.7308	2.777	2.7733	2.7777	2.7888	2.7719	2.7247	2.7086	2.917	3.2832	3.1353	3.2423	3.2982	3.3103	3.3256	3.2911	3.2816	3.304	3.2811	3.2516	3.2528	3.2121	3.248	3.2529	3.2063	3.2253	3.2673	3.2263	3.24	3.2265	3.0447	2.6147	2.6685	2.7451	2.7021	2.6856	2.7147	2.7346	2.7326	2.7508	2.7733	2.7799	2.7668	2.7714	2.704	2.74	2.7127	2.7622	2.7674	2.7718	2.765	2.7605	2.7741	2.7558	2.7501	2.7591	2.7402	2.7603	2.7675	2.7666	2.7917	2.7854	2.7711	2.7715	2.7719	2.7885	2.7917	2.7895	2.8032	2.7711	2.7814	2.785	2.7732	2.7863	2.786	2.7181	2.7811	2.7811	2.7702	2.7557	2.9753	3.0221	3.2235	3.2946	3.2822	3.3166	3.2784	3.3277	3.2742	3.2739	3.3028	3.2626	3.2851	3.2947	3.2654	3.2805	3.2774	3.2451	3.2568	3.1637	3.2565	3.2672	3.2523	3.0736	2.7646	2.519	2.7054	2.7298	2.6992	2.6961	2.7224	2.7569	2.7367	2.7428	2.7629
2.7486	2.7263	2.743	2.7371	2.7918	2.731	2.7402	2.9426	3.0107	2.9495	3.123	3.2098	3.28	3.2901	3.2446	3.2272	3.2356	3.2358	3.2144	3.231	3.2872	3.2708	3.2208	3.0573	2.6856	2.7633	2.7731	2.7478	2.7026	2.699	2.6927	2.7209	2.6818	2.6965	2.7188	2.7807	2.6646	2.7495	2.7527	2.766	2.7557	2.7416	2.7423	2.7405	2.6845	2.7126	2.7376	2.7065	2.6832	2.7368	2.7198	2.7387	2.7645	2.736	2.7226	2.7256	2.7596	2.7417	2.7537	2.7601	2.7545	2.7444	2.752	2.7526	2.7204	2.7713	2.7738	2.786	2.746	2.7294	2.7273	2.7606	2.7447	2.7376	2.7074	2.6843	2.7039	2.7322	2.9539	3.0292	3.0826	3.2442	3.2888	3.307	3.3021	3.2747	3.2737	3.2436	3.2327	3.2782	3.2562	3.2096	3.2662	3.2808	3.2445	3.2194	3.128	2.8776	2.5395	2.8005	2.7553	2.6801	2.7254	2.7128	2.716	2.7362	2.719	2.7131	2.7281	2.7361	2.7369	2.7614	2.7306	2.719	2.7565	2.7694	2.7136	2.765	2.7402	2.7287	2.7279	2.75	2.7582	2.7292	2.7178	2.6959	2.7368	2.74	2.737	2.7601	2.71	2.7488	2.7082	2.7157	2.7526	2.7772	2.7084	2.7433	2.781	2.7726	2.7796	2.7788	2.7541	2.7624	2.7601	2.7559	2.7452	2.7404	2.7503	2.7076	3.102	3.2797	3.0822	3.2685	3.3031	3.3069	3.2743	3.2669	3.2603	3.2777	3.2727	3.2304	3.2038	3.2761	3.2646	3.2648	3.2558	3.2925	3.2985	3.2837	3.149	2.5914	2.7184	2.733	2.7248	2.729	2.7267	2.7602	2.7419	2.7525	2.7444	2.6914	2.6013	2.7711	2.7774	2.7803	2.7638	2.753	2.7677	2.8005	2.7882	2.7249	2.758	2.7466	2.7826	2.7584	2.7523	2.7763	2.7693	2.7705	2.7609	2.7624	2.7715	2.7685	2.7791	2.7703	2.8048	2.8317	2.7745	2.7713	2.7849	2.8018	2.8162	2.8034	2.7778	2.8018	2.7913	2.7887	2.8034	2.7261	2.7534	2.8236	3.295	2.9901	3.1826	3.3157	3.2819	3.2968	3.3047	3.3054	3.3153	3.3104	3.286	3.2788	3.3143	3.3038	3.2769	3.291	3.2877	3.2977	3.2724	3.2542	3.2733	3.2188	2.7571	2.6333	2.7213	2.7609	2.7424	2.7428	2.7506	2.7967	2.7548	2.7663	2.7147	2.7472
2.7536	2.7804	2.7081	2.7268	2.7678	2.7519	2.7641	2.7215	2.8515	3.0678	2.8395	2.9262	3.1751	3.2309	3.2692	3.2669	3.2766	3.2645	3.2415	3.2015	3.1148	2.9581	2.7915	2.5154	2.7689	2.8118	2.7169	2.6765	2.693	2.7098	2.6961	2.6968	2.712	2.718	2.7456	2.7326	2.7259	2.7303	2.7516	2.7333	2.722	2.7103	2.7349	2.7528	2.7596	2.7666	2.6958	2.7433	2.7458	2.7178	2.7185	2.7352	2.7337	2.7207	2.7207	2.7567	2.724	2.7059	2.7591	2.7616	2.7422	2.7416	2.7584	2.7528	2.7208	2.6927	2.7105	2.7506	2.7481	2.7554	2.7692	2.7777	2.7254	2.7286	2.7405	2.73	2.7104	2.7138	2.7375	2.9819	3.0317	2.9554	3.0727	3.2111	3.2472	3.2765	3.2493	3.2639	3.23	3.2083	3.2641	3.2444	3.246	3.2114	3.1639	3.0618	2.7661	2.7883	2.8605	2.7425	2.7074	2.7262	2.7136	2.7142	2.6687	2.7059	2.7366	2.7743	2.7597	2.7454	2.7398	2.7357	2.7469	2.7437	2.7186	2.7137	2.7254	2.7564	2.7268	2.7333	2.748	2.7207	2.7378	2.7483	2.732	2.7879	2.7671	2.7471	2.7378	2.7266	2.7495	2.6664	2.6986	2.722	2.7277	2.7806	2.793	2.7652	2.736	2.7419	2.7899	2.7821	2.7815	2.7888	2.7484	2.7503	2.7648	2.7406	2.7274	2.7201	2.7427	3.0162	3.1987	3.0363	3.1893	3.2647	3.298	3.2687	3.2679	3.2673	3.2755	3.2759	3.2627	3.2166	3.2644	3.2808	3.2688	3.2851	3.2545	3.0306	2.5204	2.6903	2.7725	2.738	2.7302	2.7547	2.7418	2.7347	2.7451	2.7638	2.7375	2.7413	2.7337	2.7367	2.7325	2.7693	2.7668	2.7396	2.7655	2.7864	2.7973	2.7803	2.7759	2.7787	2.7599	2.7664	2.7668	2.7901	2.7999	2.8033	2.7598	2.7734	2.7948	2.7806	2.7902	2.7755	2.7786	2.7975	2.8168	2.7812	2.7787	2.7825	2.8003	2.794	2.7882	2.8395	2.8067	2.7541	2.7771	2.7957	2.7514	2.7619	2.7885	3.0368	2.9361	3.2264	3.2987	3.3102	3.2954	3.2835	3.3247	3.2901	3.2792	3.2886	3.2977	3.3008	3.2992	3.2894	3.2943	3.3061	3.2385	3.2624	3.228	2.9142	2.4856	2.8188	2.8134	2.776	2.7609	2.7453	2.7647	2.7876	2.7782	2.7584	2.7857	2.7872
2.7484	2.7389	2.7297	2.7595	2.7255	2.7302	2.7095	2.7089	2.7218	2.75	2.961	3.3362	2.5635	2.7124	2.851	2.9094	2.9404	2.9522	2.9173	2.7327	2.4808	2.4007	3.1973	2.9668	2.763	2.7178	2.6941	2.7089	2.6946	2.7058	2.6907	2.6963	2.7288	2.7167	2.6943	2.717	2.7559	2.699	2.7384	2.7083	2.7362	2.731	2.7273	2.7191	2.7364	2.7507	2.7608	2.737	2.7192	2.739	2.7636	2.7451	2.7364	2.7524	2.7609	2.7573	2.7525	2.7757	2.7694	2.7624	2.8034	2.7494	2.7523	2.7394	2.7623	2.7539	2.7319	2.7547	2.7505	2.7588	2.7533	2.7485	2.7599	2.7599	2.7667	2.7755	2.7752	2.7283	2.7534	2.7196	2.9307	3.187	2.9741	2.8625	3.042	3.1638	3.1883	3.2381	3.2906	3.239	3.2148	3.1806	3.1192	3.01	2.7974	2.476	2.7597	2.9021	2.772	2.7108	2.7381	2.7178	2.7189	2.7127	2.7457	2.7527	2.7344	2.7114	2.7198	2.7307	2.7592	2.7549	2.7555	2.7547	2.7766	2.7373	2.7624	2.7487	2.7885	2.802	2.7282	2.6785	2.7257	2.7757	2.7849	2.7743	2.7844	2.8043	2.7674	2.7501	2.7599	2.7627	2.771	2.7764	2.7849	2.8024	2.7871	2.7784	2.7908	2.7888	2.785	2.8043	2.754	2.7684	2.7885	2.8	2.801	2.7868	2.7505	2.7397	2.7374	2.7666	2.9765	2.887	2.8977	3.1114	3.2445	3.2932	3.3081	3.2834	3.3166	3.283	3.2697	3.2493	3.3155	3.2318	3.2742	3.1811	2.9605	2.6303	2.6616	2.794	2.7394	2.7381	2.7842	2.7627	2.7504	2.7086	2.7779	2.7437	2.7432	2.7386	2.7592	2.754	2.7614	2.7777	2.7405	2.7453	2.7747	2.7767	2.775	2.7421	2.7675	2.7722	2.773	2.7937	2.7686	2.7716	2.7665	2.7663	2.7681	2.7799	2.7786	2.7804	2.7758	2.8104	2.8016	2.772	2.767	2.7916	2.7865	2.7909	2.7913	2.7747	2.7856	2.7714	2.7909	2.7985	2.7907	2.7779	2.7912	2.8192	2.7721	2.7922	3.1583	2.9527	3.1961	3.303	3.3186	3.339	3.3309	3.2812	3.3027	3.322	3.3283	3.3117	3.2818	3.3192	3.2961	3.3012	3.2601	3.2611	2.9155	2.4414	2.8814	2.7879	2.7217	2.729	2.7149	2.7641	2.7571	2.7816	2.7738	2.7527	2.7201	2.7681
2.7736	2.7641	2.77	2.7407	2.7357	2.7653	2.7634	2.7443	2.7417	2.7277	2.6955	2.7827	2.9096	3.1215	3.1999	3.3984	3.3499	3.2662	3.2758	3.2351	3.0265	2.8426	2.7131	2.7232	2.7139	2.6948	2.6893	2.7324	2.6923	2.7195	2.7436	2.6965	2.7676	2.7273	2.7097	2.6647	2.6983	2.7514	2.7553	2.7448	2.729	2.7323	2.76	2.7688	2.7702	2.7984	2.7747	2.7522	2.7298	2.7383	2.7312	2.7389	2.7294	2.7522	2.7509	2.8031	2.8032	2.8051	2.7763	2.7348	2.7494	2.7733	2.7616	2.7473	2.7596	2.7413	2.7843	2.7687	2.7434	2.7502	2.7625	2.7666	2.7796	2.789	2.7567	2.7999	2.7444	2.7295	2.7519	2.7494	2.7164	2.7601	2.9767	3.2531	2.9329	2.7201	2.7868	2.8158	2.8681	2.8305	2.7696	2.7017	2.4973	2.7455	3.1953	3.0629	2.8688	2.8391	2.801	2.7504	2.7663	2.7596	2.727	2.7827	2.7695	2.7304	2.7479	2.7478	2.7588	2.759	2.7581	2.7651	2.7549	2.7604	2.741	2.74	2.7405	2.7573	2.7745	2.7914	2.82	2.8111	2.767	2.7549	2.7693	2.736	2.7691	2.7826	2.7621	2.7804	2.7971	2.7504	2.7498	2.7564	2.7278	2.7694	2.8017	2.8367	2.7771	2.7685	2.7789	2.7708	2.8542	2.8006	2.808	2.7706	2.7538	2.7947	2.7868	2.7412	2.7467	2.7119	2.7107	2.847	3.1888	2.7007	2.7111	2.9453	3.0895	3.1658	3.1756	3.1581	3.1676	3.1796	3.1118	2.9888	2.8069	2.6093	2.5325	3.0232	2.8112	2.7352	2.765	2.7627	2.6981	2.733	2.7857	2.78	2.7338	2.7376	2.7796	2.7787	2.7582	2.7328	2.8362	2.7717	2.7628	2.7258	2.7511	2.7708	2.7812	2.7669	2.7654	2.7962	2.8028	2.7918	2.7955	2.7863	2.7823	2.8049	2.7849	2.775	2.7852	2.7726	2.7964	2.8052	2.7713	2.7864	2.801	2.7988	2.7928	2.7782	2.7654	2.7797	2.7795	2.82	2.8104	2.7729	2.7832	2.7785	2.7503	2.7549	2.7571	2.7177	2.774	3.2766	2.9089	2.9423	3.2031	3.2775	3.2695	3.2902	3.3087	3.2846	3.2705	3.2589	3.2837	3.2967	3.2568	3.2246	3.0957	2.7293	2.6996	2.8408	2.7736	2.7638	2.7835	2.7743	2.7785	2.784	2.7766	2.7594	2.7657	2.8005	2.7889	2.7489
2.7836	2.7849	2.8003	2.7463	2.7657	2.7866	2.7661	2.758	2.7161	2.7123	2.7166	2.7008	2.7225	2.7299	2.7397	2.7412	2.7836	2.7382	2.7485	2.7475	2.7576	2.7422	2.7413	2.7389	2.7248	2.6967	2.7663	2.7579	2.7591	2.7482	2.7215	2.7285	2.7453	2.7544	2.753	2.7701	2.7557	2.7281	2.7457	2.7358	2.7664	2.7479	2.7617	2.7601	2.7736	2.7397	2.762	2.7534	2.7668	2.7622	2.7609	2.765	2.7727	2.7636	2.7656	2.7426	2.7368	2.7708	2.7771	2.7776	2.7428	2.7674	2.7655	2.8065	2.7743	2.7072	2.7457	2.7476	2.7727	2.812	2.8035	2.7887	2.768	2.759	2.7967	2.7964	2.7393	2.7392	2.7373	2.7637	2.7697	2.7434	2.7378	2.7326	2.8231	3.0257	3.1865	3.3309	3.4434	3.3733	3.3043	3.1168	2.9816	2.8202	2.7733	2.7308	2.7382	2.8088	2.7924	2.7079	2.715	2.7713	2.7405	2.7456	2.7363	2.7443	2.766	2.7271	2.7303	2.7191	2.7833	2.7853	2.8043	2.7699	2.7492	2.74	2.7931	2.7729	2.7306	2.7595	2.7611	2.7513	2.7589	2.7917	2.7563	2.7746	2.7677	2.757	2.7871	2.7733	2.7205	2.7344	2.7753	2.7598	2.7715	2.7813	2.7518	2.8067	2.7783	2.8068	2.7607	2.7613	2.7723	2.788	2.7599	2.773	2.7665	2.7479	2.7764	2.7792	2.7509	2.7542	2.7164	2.7199	2.7409	2.8767	3.2414	3.2283	2.8498	2.5559	2.6411	2.6585	2.6693	2.5798	2.4706	2.6007	3.0945	3.1403	2.8567	2.7303	2.7331	2.7206	2.7673	2.7362	2.7403	2.754	2.7466	2.7258	2.693	2.7329	2.7694	2.7906	2.7845	2.7813	2.7943	2.7796	2.7555	2.7841	2.774	2.7677	2.7405	2.7309	2.7723	2.805	2.7629	2.7255	2.6383	2.7662	2.7667	2.8071	2.8027	2.7776	2.7957	2.8047	2.7677	2.7743	2.7731	2.7661	2.7602	2.7754	2.811	2.7974	2.7955	2.7573	2.8129	2.789	2.7807	2.792	2.8005	2.8139	2.7987	2.8194	2.7831	2.7673	2.7305	2.7619	3.0867	3.2532	2.9649	2.8327	2.9782	3.0314	3.1487	3.2451	3.2762	3.2591	3.1871	3.1031	2.9154	2.7202	2.4825	2.9393	2.9516	2.8125	2.7639	2.756	2.7973	2.7877	2.7828	2.7714	2.7484	2.7488	2.7805	2.7877	2.8096	2.8057
2.7827	2.7848	2.7448	2.7712	2.7965	2.8151	2.7871	2.7564	2.7765	2.7806	2.7642	2.7181	2.6956	2.7211	2.6858	2.7327	2.7531	2.706	2.7267	2.7375	2.7536	2.7632	2.7523	2.7485	2.737	2.7583	2.755	2.7481	2.7461	2.7319	2.7469	2.7413	2.7494	2.7578	2.8094	2.7535	2.7468	2.7568	2.7793	2.7779	2.7517	2.7165	2.7308	2.7165	2.7626	2.768	2.7515	2.7511	2.7353	2.7442	2.7589	2.7223	2.766	2.7681	2.7524	2.7333	2.7595	2.7209	2.751	2.7748	2.7687	2.7898	2.7769	2.784	2.7891	2.7733	2.7882	2.8074	2.7611	2.7499	2.7365	2.7641	2.7519	2.7646	2.7815	2.7962	2.7869	2.7723	2.757	2.7361	2.7426	2.7501	2.7381	2.7495	2.7681	2.7594	2.772	2.7553	2.7556	2.7443	2.7521	2.737	2.732	2.7208	2.7466	2.7344	2.7396	2.7613	2.7846	2.7478	2.7741	2.7565	2.7302	2.7216	2.7522	2.772	2.7815	2.7472	2.7481	2.7778	2.7837	2.7439	2.722	2.7353	2.7652	2.8027	2.7603	2.7468	2.7726	2.7826	2.7613	2.7414	2.7754	2.7445	2.7486	2.7399	2.78	2.7806	2.7712	2.7559	2.7501	2.7402	2.7736	2.747	2.8127	2.7851	2.7713	2.7845	2.7759	2.7741	2.772	2.766	2.7745	2.7811	2.7929	2.7805	2.8194	2.7976	2.7758	2.7776	2.8042	2.7574	2.7436	2.7634	2.7401	2.7619	2.7902	2.8139	2.8517	2.9604	3.0392	3.0681	3.0859	3.0484	2.9584	2.8239	2.7893	2.789	2.7846	2.7322	2.7365	2.7296	2.7437	2.7545	2.7904	2.7872	2.7743	2.7566	2.7452	2.7511	2.7586	2.7557	2.7506	2.779	2.7581	2.7326	2.7911	2.7639	2.7462	2.7665	2.7578	2.7819	2.805	2.7891	2.7822	2.7821	2.7752	2.7557	2.8032	2.7865	2.7888	2.7707	2.79	2.7969	2.776	2.8031	2.7823	2.8232	2.8079	2.8064	2.8027	2.7807	2.8015	2.7817	2.7818	2.8129	2.8164	2.8384	2.8187	2.821	2.8198	2.8078	2.8095	2.7924	2.7898	2.7951	2.8208	2.8737	3.0385	3.1496	3.3654	2.5828	2.5319	2.6547	2.6387	2.6289	2.5101	2.5172	3.0056	3.2876	3.0044	2.8303	2.7758	2.7402	2.7439	2.7594	2.7788	2.7681	2.7416	2.7691	2.7702	2.7645	2.7901	2.78	2.7997	2.8691
2.7879	2.7685	2.7325	2.753	2.7493	2.777	2.7678	2.7384	2.7409	2.7697	2.7508	2.7403	2.735	2.7176	2.7453	2.7275	2.7436	2.7382	2.7612	2.7342	2.7035	2.7301	2.707	2.7289	2.7629	2.7333	2.7286	2.778	2.7335	2.7334	2.7493	2.7618	2.7357	2.7479	2.7574	2.7665	2.7676	2.7569	2.735	2.7848	2.7458	2.7595	2.7141	2.7282	2.762	2.7658	2.775	2.7733	2.769	2.768	2.7363	2.7465	2.7519	2.7508	2.7628	2.7746	2.7768	2.7952	2.7992	2.7443	2.7563	2.762	2.7804	2.7712	2.7761	2.7272	2.7691	2.7724	2.7439	2.7943	2.8086	2.7876	2.7448	2.7754	2.7833	2.7794	2.7978	2.7759	2.7363	2.7768	2.7888	2.8085	2.7696	2.7601	2.7475	2.7137	2.7257	2.7416	2.7284	2.7388	2.7883	2.7138	2.7463	2.7355	2.742	2.7421	2.7425	2.7405	2.7332	2.7318	2.7171	2.7149	2.7378	2.7446	2.7461	2.7586	2.7263	2.7695	2.7755	2.7613	2.7621	2.7678	2.7819	2.787	2.7569	2.7706	2.7689	2.7518	2.7766	2.7883	2.7644	2.7477	2.7627	2.7584	2.7671	2.7569	2.7643	2.7832	2.7838	2.7483	2.7447	2.7606	2.7841	2.7794	2.8069	2.754	2.801	2.8032	2.7976	2.7997	2.7995	2.8028	2.7481	2.7685	2.7663	2.7377	2.782	2.8027	2.8041	2.7614	2.7819	2.7378	2.7485	2.7901	2.7364	2.7655	2.7351	2.7425	2.7413	2.7514	2.7461	2.7423	2.7378	2.7623	2.773	2.7137	2.7294	2.7521	2.7911	2.7715	2.7386	2.7357	2.7174	2.7642	2.7247	2.7311	2.7538	2.783	2.7804	2.7757	2.7667	2.771	2.7722	2.774	2.792	2.7889	2.7761	2.7849	2.8128	2.8356	2.7828	2.7862	2.7955	2.697	2.5706	2.7707	2.8046	2.8117	2.803	2.7627	2.7965	2.8092	2.8072	2.783	2.7865	2.7878	2.7797	2.7848	2.7946	2.827	2.8177	2.8126	2.8135	2.8278	2.8419	2.8118	2.796	2.8134	2.833	2.7872	2.7703	2.8257	2.8151	2.8103	2.8499	2.7772	2.7609	2.7613	2.7542	2.7699	2.8121	2.8415	2.874	2.998	3.0318	3.0414	2.9383	2.8755	2.8093	2.7125	2.6026	2.716	2.7325	2.7301	2.7577	2.8184	2.7911	2.7918	2.7542	2.7948	2.7854	2.7647	2.7979	2.816	2.7957	2.8012
2.7825	2.7757	2.7565	2.7863	2.7699	2.7506	2.7639	2.7838	2.7484	2.742	2.7602	2.7748	2.7258	2.7239	2.7662	2.7371	2.7687	2.771	2.7312	2.6826	2.7574	2.7718	2.7304	2.7256	2.7277	2.7355	2.7293	2.7361	2.7392	2.7538	2.7477	2.7124	2.7299	2.7878	2.7572	2.6949	2.795	2.7487	2.7786	2.7776	2.7781	2.7662	2.7769	2.7562	2.7551	2.7708	2.7853	2.7637	2.7515	2.7675	2.7111	2.7634	2.7737	2.7378	2.7545	2.7678	2.7775	2.769	2.7573	2.7599	2.7307	2.7582	2.7802	2.7756	2.7977	2.7635	2.7414	2.7552	2.7687	2.7725	2.7771	2.7638	2.7748	2.7767	2.7715	2.7432	2.7312	2.7696	2.7735	2.7851	2.7793	2.7592	2.7396	2.7388	2.7524	2.7665	2.7448	2.7472	2.7662	2.7494	2.7638	2.7487	2.737	2.7267	2.7359	2.7249	2.7466	2.7218	2.7544	2.7421	2.7452	2.7688	2.7537	2.7247	2.7758	2.7277	2.7313	2.763	2.7705	2.7782	2.7702	2.7928	2.7807	2.7815	2.7801	2.6984	2.7489	2.7806	2.7514	2.7249	2.7368	2.7943	2.736	2.7553	2.7671	2.7704	2.7801	2.7738	2.7715	2.758	2.7684	2.7904	2.7984	2.78	2.7443	2.7849	2.7567	2.8082	2.785	2.7961	2.7857	2.7787	2.772	2.7705	2.8451	2.7465	2.7747	2.7868	2.78	2.754	2.7956	2.7924	2.7708	2.7323	2.7222	2.7282	2.7437	2.7493	2.7411	2.7382	2.7346	2.7548	2.7416	2.758	2.7408	2.7279	2.7077	2.7077	2.735	2.7384	2.7514	2.7705	2.7426	2.7515	2.7194	2.7581	2.7841	2.7681	2.7895	2.7766	2.7832	2.8115	2.7895	2.8108	2.7989	2.807	2.8174	2.7814	2.7943	2.7959	2.783	2.7862	2.7876	2.7956	2.7815	2.7728	2.8011	2.7933	2.8244	2.8106	2.7986	2.8282	2.824	2.7973	2.8007	2.7978	2.795	2.8059	2.7826	2.8289	2.7877	2.8162	2.7799	2.8007	2.8215	2.7991	2.8053	2.7915	2.8117	2.8255	2.8229	2.7752	2.7914	2.798	2.7845	2.7966	2.7978	2.7308	2.7323	2.7777	2.7801	2.7691	2.7378	2.7585	2.762	2.7562	2.7949	2.7897	2.7325	2.7282	2.757	2.7592	2.7651	2.7617	2.7387	2.7469	2.7785	2.7898	2.7868	2.7875	2.7413	2.7709	2.8024	2.8054	2.7993	2.7853
2.7634	2.7547	2.7742	2.7632	2.754	2.7808	2.7613	2.7372	2.723	2.707	2.7404	2.706	2.7156	2.7695	2.7522	2.745	2.7233	2.7426	2.7362	2.7635	2.719	2.6965	2.7046	2.6672	2.741	2.7443	2.7353	2.7509	2.7437	2.7542	2.7557	2.7529	2.7367	2.7482	2.7683	2.7954	2.7377	2.7428	2.7623	2.779	2.747	2.7525	2.7608	2.7752	2.7891	2.7795	2.7702	2.7754	2.771	2.7665	2.7607	2.7676	2.7526	2.757	2.7439	2.7544	2.7866	2.7908	2.7683	2.7358	2.7285	2.7615	2.8186	2.774	2.773	2.7457	2.7717	2.778	2.8014	2.7678	2.7747	2.7185	2.7747	2.7506	2.7794	2.7548	2.735	2.7949	2.7949	2.7833	2.7696	2.7259	2.7184	2.6991	2.7446	2.7393	2.6986	2.744	2.7698	2.7527	2.7476	2.7379	2.7355	2.7436	2.7454	2.7503	2.7224	2.7349	2.7303	2.7454	2.7547	2.7363	2.7381	2.762	2.7688	2.7351	2.7442	2.7673	2.7565	2.7352	2.7569	2.7943	2.7758	2.799	2.7613	2.7798	2.8114	2.7609	2.7819	2.7763	2.7966	2.7845	2.809	2.8039	2.7972	2.7729	2.797	2.7589	2.7577	2.7539	2.7591	2.764	2.7751	2.7754	2.7587	2.7705	2.7578	2.7782	2.7985	2.7395	2.7571	2.7919	2.7929	2.7962	2.7634	2.7732	2.73	2.7943	2.7568	2.7671	2.7872	2.7807	2.7638	2.7785	2.7851	2.772	2.7625	2.7694	2.7499	2.7255	2.7351	2.7457	2.7603	2.7637	2.748	2.6821	2.7276	2.7564	2.7602	2.7503	2.7753	2.7587	2.7728	2.775	2.7423	2.7621	2.8092	2.7916	2.7918	2.7919	2.8056	2.7734	2.8043	2.8321	2.7799	2.7906	2.7828	2.7768	2.7607	2.7867	2.7677	2.773	2.7703	2.7821	2.7731	2.8169	2.7866	2.7845	2.7858	2.7777	2.7717	2.7719	2.7642	2.777	2.8242	2.8154	2.8031	2.8097	2.7801	2.7738	2.8005	2.8011	2.7959	2.8263	2.8122	2.8367	2.8433	2.8109	2.7989	2.7854	2.8013	2.8054	2.8515	2.7938	2.839	2.7838	2.8262	2.7856	2.7786	2.7612	2.7662	2.7276	2.7625	2.7597	2.7201	2.7771	2.7761	2.7718	2.758	2.7529	2.7768	2.7425	2.7511	2.777	2.7641	2.7598	2.7762	2.7765	2.7406	2.7383	2.7702	2.7887	2.7798	2.8037	2.8211	2.7855
2.7874	2.7718	2.788	2.7589	2.7522	2.7694	2.7319	2.7516	2.74	2.8022	2.7475	2.7024	2.7591	2.7277	2.7522	2.7173	2.7203	2.7172	2.7345	2.7445	2.7347	2.7447	2.7039	2.7372	2.7601	2.7079	2.7543	2.738	2.7533	2.7924	2.7512	2.7555	2.7561	2.7705	2.7435	2.7478	2.7751	2.743	2.7787	2.7767	2.784	2.7629	2.7642	2.7512	2.7571	2.7342	2.7609	2.7554	2.7609	2.7643	2.7874	2.7947	2.7729	2.7708	2.7458	2.7337	2.7328	2.733	2.7332	2.7431	2.7646	2.7554	2.7439	2.745	2.8059	2.7553	2.7573	2.7593	2.7744	2.776	2.7661	2.781	2.7722	2.7844	2.7905	2.7898	2.7887	2.7525	2.7539	2.7161	2.7601	2.7671	2.7605	2.7823	2.7565	2.7302	2.7256	2.7447	2.7272	2.7226	2.7252	2.7343	2.7614	2.7482	2.7111	2.7123	2.6893	2.7101	2.7106	2.7375	2.7408	2.7429	2.7438	2.7373	2.7549	2.757	2.7474	2.7777	2.7983	2.781	2.7572	2.7734	2.7762	2.8006	2.7679	2.7866	2.7643	2.7776	2.7788	2.7265	2.7483	2.7442	2.7621	2.7759	2.7874	2.7708	2.7649	2.7685	2.7593	2.7917	2.7435	2.796	2.801	2.7658	2.7358	2.793	2.7459	2.7334	2.7652	2.7927	2.8156	2.8066	2.7834	2.73	2.7783	2.7464	2.7427	2.7756	2.7616	2.7931	2.7793	2.7632	2.7748	2.7748	2.7778	2.7409	2.7585	2.7761	2.7486	2.7405	2.7881	2.7668	2.7674	2.7653	2.7578	2.7771	2.7401	2.7362	2.7601	2.7521	2.7483	2.7463	2.7451	2.7505	2.7612	2.7674	2.7403	2.7156	2.7505	2.7323	2.7372	2.7309	2.7688	2.7965	2.818	2.736	2.7896	2.7708	2.791	2.7985	2.8207	2.7744	2.8159	2.8083	2.769	2.7358	2.7628	2.7888	2.7931	2.7675	2.7515	2.7979	2.8077	2.7629	2.771	2.7815	2.7874	2.8062	2.8096	2.8107	2.775	2.7846	2.8063	2.8448	2.8329	2.8051	2.7843	2.7875	2.8189	2.8086	2.7947	2.7794	2.7957	2.8244	2.8365	2.805	2.8353	2.7897	2.8088	2.7947	2.8143	2.7711	2.7412	2.7543	2.7662	2.7522	2.7532	2.7664	2.7278	2.7598	2.767	2.805	2.7731	2.7752	2.784	2.7655	2.7851	2.7987	2.8059	2.7475	2.7947	2.82	2.7972	2.7811	2.8281	2.7864
2.7833	2.7385	2.7199	2.7363	2.7423	2.7509	2.7782	2.7636	2.7275	2.733	2.7611	2.7503	2.7563	2.7442	2.7582	2.7834	2.7227	2.7395	2.7258	2.7228	2.7414	2.7289	2.7071	2.7135	2.7167	2.7317	2.7405	2.7361	2.7626	2.7675	2.7494	2.7587	2.7465	2.7258	2.7464	2.7086	2.7815	2.7901	2.7505	2.7289	2.7508	2.7809	2.7656	2.7489	2.7304	2.7838	2.8018	2.7374	2.7832	2.7688	2.7355	2.7698	2.7708	2.7578	2.7581	2.7561	2.7496	2.7653	2.7746	2.7614	2.7697	2.7025	2.731	2.7743	2.7754	2.7328	2.7784	2.7643	2.7362	2.7666	2.7394	2.7546	2.7454	2.7492	2.7297	2.7487	2.7688	2.7773	2.7607	2.7197	2.7881	2.7918	2.7676	2.7483	2.8021	2.7713	2.7656	2.7427	2.7288	2.7326	2.7561	2.7263	2.7265	2.748	2.7298	2.718	2.7332	2.7635	2.7438	2.7275	2.7517	2.7568	2.727	2.7212	2.7445	2.7619	2.7088	2.7356	2.7634	2.7566	2.7124	2.7645	2.7713	2.7621	2.751	2.7508	2.7814	2.7676	2.7779	2.7814	2.7809	2.7501	2.7662	2.7519	2.728	2.7617	2.7478	2.7685	2.7327	2.7279	2.7411	2.7899	2.791	2.7881	2.7787	2.7552	2.8053	2.7915	2.7641	2.7807	2.7697	2.7816	2.7893	2.7747	2.7933	2.8296	2.7866	2.7702	2.7695	2.7647	2.7972	2.7624	2.7611	2.7785	2.7889	2.7898	2.8121	2.7973	2.7549	2.7669	2.7486	2.7746	2.7469	2.7316	2.7208	2.7453	2.749	2.7226	2.7368	2.7656	2.7625	2.7706	2.7793	2.7718	2.7797	2.7849	2.7735	2.7623	2.7759	2.7287	2.7152	2.7714	2.7747	2.7675	2.7616	2.756	2.7741	2.8039	2.7923	2.8188	2.7951	2.7821	2.7839	2.7914	2.7522	2.7809	2.8175	2.8002	2.7986	2.7829	2.7945	2.8067	2.8079	2.7914	2.7589	2.7561	2.7608	2.7845	2.8252	2.8103	2.8109	2.8083	2.7984	2.822	2.8295	2.8121	2.8215	2.8089	2.8121	2.8084	2.805	2.7916	2.816	2.7693	2.7864	2.7732	2.7494	2.7582	2.7721	2.78	2.7646	2.7495	2.7937	2.7699	2.7648	2.769	2.7926	2.7411	2.7684	2.7845	2.783	2.7663	2.777	2.7777	2.7698	2.7631	2.7889	2.8023	2.7874	2.7693	2.7911	2.7975	2.7912	2.8261	2.8351	2.8295
2.7487	2.7329	2.7484	2.7519	2.7897	2.8065	2.7371	2.7327	2.7564	2.7527	2.7817	2.7849	2.7457	2.7741	2.7324	2.7566	2.757	2.7645	2.7589	2.7813	2.7259	2.7232	2.7442	2.7632	2.7753	2.7458	2.7406	2.7497	2.7355	2.7548	2.7757	2.7726	2.7763	2.7549	2.7764	2.7783	2.7695	2.7568	2.7798	2.7839	2.7576	2.7451	2.7424	2.7606	2.7349	2.7036	2.729	2.7351	2.7768	2.8215	2.8117	2.8181	2.8335	2.8236	2.7717	2.7405	2.73	2.7345	2.7186	2.7322	2.7514	2.7522	2.7542	2.7389	2.7728	2.792	2.7472	2.7773	2.7666	2.7438	2.7546	2.7248	2.718	2.7518	2.7862	2.7702	2.7499	2.7765	2.7479	2.7335	2.7877	2.8055	2.7917	2.7757	2.7945	2.774	2.7614	2.7352	2.7187	2.6718	2.7321	2.7697	2.7646	2.737	2.7426	2.7044	2.7763	2.7836	2.7417	2.7755	2.739	2.6918	2.7498	2.7896	2.7707	2.7842	2.7654	2.7773	2.7585	2.7709	2.7671	2.7561	2.747	2.7838	2.7837	2.7559	2.7788	2.7471	2.7692	2.7808	2.7385	2.7554	2.7545	2.749	2.7844	2.7898	2.761	2.721	2.7476	2.7732	2.7323	2.7648	2.758	2.7826	2.7438	2.7663	2.7794	2.7664	2.7798	2.7807	2.778	2.7742	2.7978	2.8108	2.7752	2.7458	2.7898	2.7675	2.7525	2.7635	2.7364	2.7656	2.7798	2.7819	2.7643	2.8219	2.7802	2.7514	2.7408	2.752	2.7692	2.7762	2.7842	2.7607	2.7741	2.7831	2.7597	2.781	2.7537	2.757	2.7354	2.7506	2.7611	2.7981	2.7513	2.7837	2.7648	2.7617	2.763	2.7765	2.8009	2.7891	2.7773	2.7797	2.7749	2.7415	2.7593	2.7639	2.7669	2.7875	2.7725	2.7778	2.7804	2.7567	2.7423	2.7567	2.7799	2.7767	2.7776	2.7682	2.7888	2.7977	2.7869	2.8238	2.7876	2.7735	2.8062	2.8165	2.8058	2.7905	2.8162	2.7832	2.8056	2.8117	2.8175	2.7996	2.7993	2.8158	2.8414	2.8288	2.7803	2.8236	2.8406	2.8098	2.7308	2.8004	2.7665	2.8351	2.8402	2.7673	2.791	2.7985	2.7653	2.769	2.7857	2.7584	2.7623	2.7573	2.76	2.7542	2.7582	2.7901	2.7863	2.7592	2.7751	2.7678	2.8287	2.8005	2.7715	2.7816	2.7889	2.8076	2.8052	2.7851	2.8038	2.8092
2.7525	2.7574	2.7796	2.7737	2.7692	2.7396	2.7281	2.7591	2.7619	2.7787	2.7795	2.7242	2.7742	2.7255	2.7378	2.7752	2.7477	2.7784	2.7753	2.7476	2.7263	2.7051	2.7265	2.7306	2.7305	2.7448	2.7266	2.7129	2.7216	2.7476	2.7305	2.6644	2.7649	2.7433	2.7432	2.7498	2.7394	2.7138	2.704	2.7133	2.7465	2.7446	2.7206	2.7628	2.7351	2.7488	2.8553	3.0122	3.4653	3.5283	3.6644	3.6955	3.6573	3.5364	3.3587	3.0119	2.8528	2.7441	2.7148	2.7432	2.7204	2.702	2.7557	2.7005	2.7555	2.7161	2.7476	2.7536	2.7826	2.7673	2.769	2.7528	2.7465	2.7706	2.7704	2.7505	2.7747	2.783	2.7697	2.75	2.7665	2.8075	2.7982	2.7724	2.749	2.7297	2.7364	2.7396	2.7395	2.733	2.7687	2.7387	2.7177	2.7623	2.7444	2.7459	2.7286	2.7473	2.7501	2.7625	2.7028	2.7079	2.74	2.7675	2.762	2.7654	2.7551	2.7485	2.7534	2.7596	2.76	2.7742	2.7819	2.7838	2.7854	2.7845	2.7711	2.7982	2.7552	2.7496	2.8395	2.828	2.8547	2.8859	2.8594	2.8322	2.8411	2.7812	2.748	2.7477	2.7313	2.7347	2.7423	2.7487	2.7587	2.759	2.7574	2.7865	2.7327	2.7496	2.7536	2.7491	2.7791	2.7833	2.7738	2.7654	2.7845	2.7698	2.7806	2.7743	2.784	2.7701	2.7848	2.7838	2.7476	2.7421	2.5742	2.7255	2.7948	2.78	2.7372	2.7586	2.7749	2.7893	2.7829	2.7973	2.7313	2.7035	2.7596	2.772	2.8112	2.7721	2.7429	2.8047	2.7989	2.7987	2.7784	2.788	2.7581	2.7645	2.785	2.7889	2.7433	2.7541	2.7923	2.7862	2.7833	2.783	2.7828	2.7955	2.7835	2.7945	2.7788	2.7843	2.7789	2.7837	2.75	2.778	2.7822	2.7962	2.784	2.7891	2.818	2.8061	2.7833	2.7788	2.8059	2.7895	2.7892	2.7762	2.7705	2.7918	2.7865	2.8164	2.7954	2.8175	2.8116	2.7374	2.8067	2.8153	2.8426	2.819	2.8154	2.8316	2.8014	2.778	2.7732	2.799	2.8054	2.7645	2.7708	2.7925	2.7905	2.8073	2.8016	2.7838	2.7889	2.6948	2.7582	2.7763	2.7615	2.768	2.7824	2.7471	2.7382	2.7761	2.7995	2.817	2.804	2.8189	2.8299	2.7804	2.8007	2.8202	2.8184	2.7899
2.7572	2.7422	2.7611	2.7387	2.7543	2.7566	2.7432	2.7382	2.7393	2.7044	2.7246	2.7251	2.7376	2.732	2.6976	2.7445	2.7441	2.7181	2.7577	2.7703	2.7625	2.7199	2.7361	2.7447	2.7366	2.7592	2.7403	2.7599	2.7582	2.7505	2.7423	2.7674	2.7539	2.7727	2.7292	2.7923	2.7938	2.7453	2.7625	2.7588	2.7867	2.7832	2.7593	2.7833	2.9625	3.2852	3.4578	3.4658	3.2186	3.0117	3.0718	3.1046	3.0667	3.0241	2.8777	2.746	3.1123	3.098	2.8779	2.7591	2.7392	2.7455	2.747	2.7443	2.7253	2.74	2.7644	2.7725	2.777	2.7975	2.7778	2.7642	2.789	2.7597	2.7512	2.76	2.764	2.7641	2.7317	2.7399	2.7511	2.7744	2.7699	2.7663	2.7634	2.7522	2.7607	2.7254	2.7715	2.8872	2.4088	2.6777	2.8092	2.7779	2.7619	2.7672	2.7488	2.7567	2.7286	2.7443	2.7282	2.7468	2.7002	2.7406	2.7505	2.7613	2.7163	2.7024	2.7695	2.7857	2.7419	2.7764	2.7751	2.7549	2.7526	2.7453	2.739	2.784	2.9113	3.1792	3.452	3.5997	3.4808	3.4052	3.3529	3.3093	3.3266	3.1438	2.9458	2.7994	2.797	2.7789	2.742	2.7406	2.7652	2.7485	2.7458	2.7763	2.756	2.7478	2.7811	2.7789	2.7866	2.766	2.825	2.7671	2.7392	2.7746	2.7964	2.8027	2.754	2.7536	2.7505	2.7678	2.7544	2.7602	2.7594	2.7482	2.7394	2.7798	2.7367	2.6965	2.7551	2.7537	2.7761	2.7628	2.772	2.7785	2.7282	2.7111	2.7906	2.7656	2.7678	2.7792	2.7641	2.7957	2.7445	2.75	2.8035	2.7921	2.7843	2.7418	2.7483	2.7517	2.7703	2.7846	2.7786	2.7656	2.7813	2.7852	2.7768	2.7778	2.7881	2.8188	2.8838	2.9447	2.9599	2.9676	2.8579	2.8504	2.9645	2.842	2.7856	2.7684	2.766	2.7795	2.769	2.7542	2.752	2.7671	2.7912	2.7994	2.7824	2.8159	2.7889	2.7794	2.8005	2.7966	2.7721	2.7581	2.7852	2.7719	2.757	2.7844	2.7916	2.7806	2.7634	2.7598	2.7626	2.7374	2.7813	2.8046	2.7809	2.8075	2.8037	2.7858	2.7924	2.7841	2.7825	2.7749	2.767	2.8023	2.8065	2.75	2.7397	2.7721	2.8021	2.7748	2.7699	2.7841	2.8045	2.7911	2.7696	2.7763	2.7876	2.8208
2.7496	2.7516	2.7514	2.7639	2.727	2.7546	2.7666	2.7545	2.7591	2.7199	2.7342	2.7543	2.7307	2.7265	2.7031	2.7434	2.7318	2.7444	2.7257	2.7196	2.7168	2.7284	2.7439	2.7548	2.7638	2.737	2.748	2.6931	2.7401	2.7734	2.7827	2.7526	2.7623	2.7586	2.7539	2.7638	2.765	2.7386	2.7229	2.7645	2.7481	2.77	2.8604	3.3238	3.4016	3.2313	3.0099	3.1818	3.2156	3.2725	3.294	3.3165	3.3314	3.332	3.3	3.1767	3.0277	2.921	3.1409	3.0055	2.779	2.7615	2.7408	2.7427	2.7428	2.7354	2.7646	2.7746	2.7805	2.7495	2.7412	2.7428	2.7693	2.7375	2.7569	2.7645	2.768	2.7294	2.7514	2.7756	2.7555	2.7054	2.7401	2.7785	2.775	2.7668	2.7391	2.7241	2.8132	2.7031	2.1236	1.9793	2.3286	2.7098	2.7314	2.7624	2.7329	2.7165	2.7095	2.7158	2.7512	2.7222	2.711	2.7427	2.7243	2.7767	2.7965	2.765	2.7269	2.6515	2.7557	2.7282	2.7364	2.7164	2.6947	2.7564	3.0838	3.4319	3.4929	3.414	3.0992	3.03	3.0929	3.133	3.1508	3.0913	2.9672	2.8388	3.2364	3.4681	3.0194	2.8907	2.77	2.7471	2.7713	2.7823	2.7824	2.7518	2.741	2.7555	2.7678	2.7588	2.7491	2.768	2.7981	2.7623	2.7226	2.7928	2.7575	2.7552	2.7374	2.7398	2.7749	2.7774	2.7641	2.7501	2.737	2.7702	2.7698	2.7811	2.7461	2.7171	2.7606	2.7504	2.7458	2.7635	2.7687	2.7616	2.7745	2.722	2.7425	2.7571	2.7369	2.77	2.7393	2.6984	2.7843	2.7863	2.7787	2.7915	2.7808	2.788	2.8061	2.7971	2.7797	2.7844	2.7735	2.7714	2.757	2.7922	2.9047	3.1075	3.4156	3.4964	3.5356	3.1488	3.3171	3.1254	3.0339	2.2304	2.3566	2.7145	2.838	2.8663	2.7662	2.7457	2.7348	2.7544	2.7885	2.78	2.8095	2.8029	2.7717	2.7795	2.7735	2.7699	2.7674	2.7547	2.7753	2.764	2.7993	2.7595	2.8165	2.7738	2.7723	2.7778	2.8003	2.8038	2.784	2.7603	2.7559	2.7846	2.7629	2.8165	2.7475	2.7741	2.8121	2.8021	2.7417	2.7662	2.7768	2.7587	2.7567	2.7558	2.7431	2.7463	2.7614	2.7705	2.7809	2.8484	2.7786	2.7967	2.7808	2.8115	2.7939	2.7948
2.78	2.7697	2.7516	2.7494	2.77	2.7485	2.7454	2.7547	2.7705	2.7509	2.7193	2.7429	2.7633	2.7465	2.7623	2.7154	2.7081	2.7192	2.7679	2.7625	2.7409	2.7251	2.7636	2.7728	2.7976	2.7587	2.7553	2.736	2.7608	2.7722	2.7618	2.7451	2.7634	2.7122	2.7051	2.7569	2.747	2.7412	2.7382	2.7338	2.7256	2.871	3.3832	3.3051	3.1879	3.2035	3.2558	3.2766	3.2877	3.284	3.3146	3.2931	3.2742	3.2956	3.2619	3.2794	3.2432	3.193	3.0311	2.882	2.9136	2.8856	2.7471	2.7324	2.7355	2.7197	2.7478	2.7274	2.7507	2.732	2.7555	2.752	2.7532	2.7556	2.7601	2.7631	2.7789	2.7309	2.7166	2.7429	2.74	2.6913	2.7141	2.7473	2.7541	2.7476	2.7281	2.7549	2.6844	2.8069	2.2092	1.9804	2.4435	2.757	2.7842	2.7575	2.7393	2.7417	2.7429	2.754	2.7662	2.774	2.7965	2.765	2.7599	2.7488	2.7547	2.7795	2.7843	2.7675	2.7453	2.7267	2.7188	2.7642	2.7737	3.264	3.4969	3.3771	3.1253	3.2366	3.2644	3.2692	3.2536	3.2741	3.2901	3.2398	3.2616	3.2504	3.1295	2.9538	2.9116	3.093	2.8468	2.7584	2.758	2.7619	2.8023	2.7431	2.7854	2.7636	2.7656	2.7738	2.7718	2.7625	2.7595	2.7679	2.7949	2.7952	2.7559	2.7635	2.7606	2.7884	2.8072	2.7925	2.7655	2.7414	2.8013	2.7684	2.7324	2.6287	2.7323	2.7182	2.7635	2.7294	2.7166	2.7649	2.7795	2.773	2.7495	2.7682	2.7722	2.7469	2.7693	2.7348	2.7873	2.7585	2.7672	2.767	2.7786	2.7842	2.8115	2.768	2.7925	2.5389	2.6983	2.7375	2.7427	2.7724	2.9072	3.2507	3.4146	3.4044	3.1861	2.9805	3.1118	3.1782	3.1911	3.184	3.1835	3.1557	2.9443	2.5952	2.4084	2.652	2.917	2.8092	2.7488	2.7122	2.7774	2.7737	2.7739	2.752	2.7498	2.7747	2.7811	2.7587	2.7507	2.743	2.7384	2.7399	2.7587	2.7411	2.7472	2.7534	2.7462	2.7387	2.7445	2.7409	2.7563	2.768	2.7725	2.7529	2.7343	2.7392	2.743	2.7626	2.746	2.7288	2.7909	2.7895	2.7843	2.7785	2.7618	2.7805	2.756	2.7406	2.7881	2.7801	2.7763	2.7951	2.8022	2.7762	2.779	2.7829	2.7834	2.787
2.7272	2.7131	2.7155	2.7345	2.7449	2.7445	2.738	2.7435	2.7424	2.7467	2.7199	2.718	2.7401	2.7279	2.727	2.7339	2.7345	2.704	2.7276	2.7502	2.7441	2.7165	2.7254	2.7044	2.7423	2.7202	2.7172	2.7318	2.7533	2.7674	2.7348	2.7973	2.7945	2.7484	2.7344	2.7393	2.744	2.7243	2.7275	2.7351	2.831	3.4151	3.1687	3.1692	3.2811	3.2735	3.2367	3.272	3.2862	3.2833	3.2802	3.2921	3.2787	3.2747	3.2478	3.275	3.2829	3.2714	3.2111	3.2375	2.8302	2.9884	2.8196	2.771	2.7427	2.7206	2.7189	2.7431	2.7372	2.7353	2.7409	2.7577	2.7571	2.743	2.7413	2.7398	2.7434	2.772	2.7177	2.7597	2.71	2.7458	2.7262	2.74	2.7224	2.7423	2.7417	2.7272	2.7232	2.7406	2.9686	2.8591	2.7774	2.7555	2.7552	2.6717	2.6971	2.7684	2.7704	2.7621	2.7454	2.7325	2.7293	2.7073	2.7674	2.7599	2.7676	2.7658	2.7949	2.6903	2.7805	2.7457	2.7336	2.8671	3.2839	3.2617	3.1743	3.2665	3.2674	3.253	3.2973	3.3012	3.3053	3.2544	3.2691	3.2726	3.2672	3.2561	3.2339	3.2812	3.1342	2.9188	2.7927	2.9015	2.7667	2.7403	2.7465	2.7345	2.7406	2.7271	2.7335	2.723	2.7416	2.7497	2.6965	2.7567	2.7492	2.7776	2.7585	2.71	2.7635	2.7724	2.7361	2.7414	2.7526	2.7506	2.7074	2.7522	2.7546	2.7224	2.7373	2.7334	2.7262	2.7312	2.741	2.7281	2.7398	2.7635	2.7557	2.764	2.7395	2.7376	2.7329	2.758	2.7053	2.7224	2.7727	2.7742	2.7635	2.7151	2.7614	2.7959	2.7644	2.7345	2.7662	2.7691	2.78	3.0102	3.3526	3.435	3.111	3.1863	3.2642	3.3203	3.3168	3.3258	3.2775	3.2722	3.2969	3.2913	3.2855	3.2451	2.9994	2.8955	2.8202	2.7966	2.8023	2.7376	2.7636	2.7655	2.7635	2.7834	2.7703	2.7752	2.7625	2.7517	2.7918	2.7364	2.7879	2.8065	2.7379	2.7752	2.7943	2.813	2.7869	2.7995	2.7836	2.7671	2.746	2.7746	2.7736	2.7982	2.8066	2.7484	2.7278	2.7628	2.7802	2.7699	2.7737	2.7492	2.7657	2.7905	2.7935	2.782	2.7652	2.7773	2.7824	2.7627	2.7699	2.7661	2.789	2.8066	2.7822	2.8013	2.8041	2.794
2.7491	2.721	2.716	2.6792	2.6724	2.7153	2.7452	2.7069	2.7537	2.7551	2.7445	2.7635	2.7799	2.7389	2.7339	2.723	2.7323	2.72	2.7273	2.7236	2.7263	2.7405	2.7421	2.7398	2.7438	2.7073	2.7297	2.7485	2.7353	2.7319	2.7515	2.7319	2.7635	2.7335	2.7427	2.723	2.757	2.7415	2.7408	2.8448	3.1458	3.1365	3.2371	3.2725	3.2974	3.2586	3.2802	3.2617	3.3036	3.2892	3.2615	3.2564	3.2352	3.2764	3.2749	3.2622	3.2749	3.2551	3.2655	3.2653	3.181	2.7441	2.9123	2.828	2.7309	2.7394	2.7581	2.742	2.7183	2.7018	2.7035	2.7414	2.7544	2.7533	2.7324	2.7362	2.7755	2.7495	2.7665	2.7445	2.7318	2.7594	2.7399	2.7469	2.744	2.7637	2.7486	2.7331	2.7444	2.7477	2.6714	2.7099	2.739	2.7138	2.6959	2.7339	2.7435	2.7465	2.7626	2.7602	2.7322	2.759	2.7448	2.7483	2.7507	2.7923	2.7593	2.7477	2.7785	2.7855	2.7592	2.7558	2.7851	3.101	3.3233	3.2311	3.2104	3.2507	3.2987	3.3141	3.3225	3.2594	3.2929	3.3075	3.3066	3.2924	3.2737	3.3011	3.286	3.2566	3.2327	3.2155	2.9452	2.6351	2.9108	2.7778	2.7742	2.718	2.7289	2.7766	2.765	2.7318	2.7344	2.6895	2.6951	2.7543	2.764	2.7324	2.7135	2.7251	2.7566	2.6987	2.764	2.756	2.7709	2.7441	2.7473	2.7398	2.7521	2.7551	2.7094	2.7081	2.7223	2.7378	2.7239	2.7428	2.7375	2.7143	2.7072	2.7491	2.7487	2.7587	2.7259	2.714	2.753	2.7599	2.752	2.7827	2.7696	2.7581	2.743	2.7569	2.7834	2.741	2.7417	2.7693	2.9478	3.3864	3.2732	3.1917	3.2648	3.3251	3.2867	3.2679	3.2681	3.2633	3.277	3.3045	3.3112	3.2916	3.2553	3.277	3.2391	3.2318	2.9734	2.7913	2.5645	2.7791	2.7823	2.7798	2.7545	2.7673	2.7923	2.7596	2.758	2.779	2.7658	2.7685	2.745	2.7792	2.7673	2.7833	2.7809	2.7626	2.7418	2.7768	2.7765	2.7486	2.7607	2.807	2.7733	2.7574	2.7192	2.7021	2.7197	2.7576	2.7469	2.7211	2.691	2.7474	2.7578	2.7688	2.7633	2.7221	2.7661	2.7587	2.7576	2.7522	2.7751	2.7789	2.7606	2.7748	2.7863	2.7719	2.7737	2.7741
2.7165	2.7141	2.7447	2.7194	2.7336	2.7273	2.7319	2.7268	2.7315	2.7331	2.7586	2.718	2.7187	2.7013	2.7021	2.7188	2.7535	2.7426	2.7011	2.7196	2.7347	2.6624	2.6341	2.6899	2.7249	2.7278	2.7119	2.7152	2.7184	2.7401	2.7643	2.7219	2.7391	2.7585	2.7564	2.7599	2.7637	2.7465	2.7398	2.9626	3.1368	3.1391	3.2446	3.2605	3.2724	3.2652	3.2718	3.2377	3.2118	3.2538	3.2433	3.2405	3.2576	3.2255	3.2751	3.2774	3.3023	3.2308	3.2529	3.2757	3.2562	3.2015	2.7755	2.9732	2.7273	2.7051	2.7355	2.7573	2.7333	2.7283	2.7438	2.7378	2.7313	2.7415	2.7395	2.7374	2.7222	2.741	2.741	2.752	2.7267	2.692	2.7802	2.7512	2.7438	2.7241	2.7282	2.7377	2.7122	2.7018	2.731	2.7379	2.7473	2.7146	2.7342	2.7004	2.7228	2.7267	2.7176	2.7237	2.7435	2.7034	2.7582	2.7458	2.7568	2.7503	2.766	2.7482	2.7399	2.7489	2.7589	2.7762	3.0394	3.2924	3.2923	3.2715	3.2717	3.3093	3.3189	3.3191	3.2804	3.2596	3.2834	3.2922	3.2285	3.2754	3.2812	3.3105	3.301	3.2623	3.2503	3.2258	3.1764	2.9462	2.6465	2.8844	2.7434	2.724	2.7041	2.7243	2.7352	2.7416	2.7371	2.738	2.7293	2.7198	2.7401	2.7445	2.6948	2.7264	2.7243	2.7415	2.7449	2.74	2.7293	2.7388	2.7329	2.7424	2.7305	2.7293	2.7694	2.7519	2.7755	2.7691	2.7218	2.7292	2.7642	2.7709	2.7446	2.7379	2.7261	2.7154	2.7567	2.7828	2.7626	2.7794	2.7557	2.7798	2.8277	2.764	2.7623	2.7754	2.7521	2.7068	2.7445	2.9301	3.2283	3.1713	3.2449	3.2811	3.274	3.2271	3.3017	3.2841	3.2797	3.2884	3.2756	3.2441	3.2724	3.2645	3.2809	3.3062	3.2528	3.2637	3.2127	3.015	2.7266	2.7627	2.7741	2.7614	2.7426	2.7394	2.758	2.7743	2.7389	2.7553	2.7747	2.7252	2.7617	2.7698	2.7674	2.7641	2.7365	2.7303	2.7373	2.7314	2.7195	2.7446	2.7634	2.7733	2.7664	2.7509	2.7425	2.7655	2.7365	2.7606	2.7652	2.7335	2.7785	2.7901	2.7414	2.7434	2.7655	2.7838	2.7578	2.7818	2.7993	2.7529	2.7598	2.7514	2.7333	2.7758	2.7877	2.7908	2.7861	2.7593
2.6936	2.7322	2.7357	2.7308	2.721	2.7316	2.742	2.7269	2.7227	2.764	2.7656	2.7331	2.7211	2.7212	2.7291	2.7359	2.7341	2.7192	2.7292	2.7186	2.7182	2.7362	2.671	2.7381	2.7473	2.7399	2.7381	2.7179	2.7214	2.7177	2.7328	2.7302	2.7226	2.7301	2.7208	2.7575	2.8955	3.2649	3.265	3.2545	3.1158	3.267	3.2838	3.2856	3.261	3.2203	3.1974	3.239	3.2592	3.2744	3.2875	3.2455	3.1845	3.2149	3.2068	3.2456	3.2535	3.2274	3.2529	3.2389	3.2121	3.1852	2.9735	2.5717	2.8162	2.7276	2.7335	2.7208	2.6889	2.7186	2.748	2.738	2.7414	2.7502	2.7644	2.7665	2.7135	2.7397	2.7632	2.7344	2.7433	2.7316	2.7303	2.7655	2.7583	2.7201	2.7239	2.7205	2.7488	2.7374	2.7107	2.7246	2.7876	2.7176	2.7436	2.7271	2.6993	2.7123	2.7457	2.7628	2.7488	2.7582	2.7528	2.7335	2.7359	2.731	2.7334	2.7081	2.7187	2.7141	2.7363	2.871	3.1368	3.1467	3.2296	3.2734	3.2757	3.3119	3.2547	3.2173	3.3288	3.2726	3.2918	3.2551	3.1728	3.2615	3.2422	3.2125	3.2465	3.2487	3.253	3.2629	3.262	3.2943	2.9916	2.7802	2.7993	2.7354	2.7188	2.7007	2.693	2.7168	2.7389	2.7369	2.7299	2.7299	2.7367	2.7293	2.6985	2.7185	2.7304	2.7537	2.7582	2.7659	2.7186	2.6876	2.7345	2.7246	2.7101	2.6915	2.7103	2.7523	2.7505	2.7278	2.6926	2.699	2.7353	2.742	2.7548	2.7416	2.7224	2.7584	2.6936	2.7272	2.7322	2.7459	2.7681	2.7641	2.7719	2.752	2.757	2.7343	2.7267	2.7549	2.9237	3.2446	3.2544	3.1875	3.2501	3.2981	3.3045	3.3001	3.2915	3.2928	3.3008	3.2884	3.2408	3.2609	3.2764	3.2883	3.267	3.2376	3.2511	3.2709	3.2585	3.2693	3.0535	2.6544	2.8634	2.7197	2.737	2.7592	2.7623	2.7645	2.7435	2.7394	2.7546	2.7528	2.7582	2.7736	2.7289	2.7391	2.758	2.7794	2.7723	2.7565	2.7257	2.724	2.7157	2.7219	2.7621	2.7357	2.7406	2.768	2.7653	2.7526	2.7687	2.7448	2.7587	2.7305	2.75	2.7325	2.7759	2.7492	2.7522	2.7579	2.7397	2.7368	2.7805	2.7807	2.7989	2.8184	2.7859	2.7458	2.8094	2.7826
2.7258	2.7633	2.7528	2.7166	2.7306	2.6987	2.7306	2.7519	2.7783	2.764	2.7356	2.7625	2.7135	2.7164	2.7054	2.7447	2.7522	2.7225	2.7218	2.7293	2.7546	2.6846	2.7065	2.6883	2.7235	2.7253	2.6956	2.7475	2.7363	2.7158	2.74	2.7531	2.7577	2.7362	2.7646	2.755	2.7245	2.6852	2.9523	3.1731	3.2299	3.2897	3.3105	3.2458	3.2747	3.2826	3.3139	3.2519	3.2641	3.2669	3.2554	3.2585	3.2573	3.2557	3.2668	3.2199	3.2417	3.2227	3.2181	3.2445	3.2333	3.2447	3.2497	2.9526	2.5679	2.6991	2.7169	2.6831	2.6719	2.7126	2.7441	2.7582	2.7332	2.7324	2.7214	2.7312	2.7365	2.7512	2.737	2.7646	2.7403	2.6854	2.7268	2.736	2.728	2.7626	2.763	2.7135	2.6952	2.7058	2.7028	2.7037	2.7336	2.7081	2.7281	2.7184	2.7549	2.7513	2.7546	2.7532	2.7402	2.7457	2.7406	2.7592	2.7886	2.7805	2.7575	2.7521	2.7575	2.762	2.7919	3.1124	3.1129	3.1609	3.2714	3.226	3.2739	3.2907	3.2489	3.2372	3.2741	3.2581	3.2357	3.2259	3.2607	3.268	3.2612	3.2171	3.2397	3.2365	3.2453	3.2955	3.2338	3.2604	3.1803	2.8724	2.6921	2.76	2.7192	2.6741	2.7138	2.7407	2.724	2.7251	2.7311	2.7154	2.7525	2.72	2.7043	2.737	2.736	2.741	2.7201	2.7477	2.7265	2.696	2.7635	2.746	2.7278	2.7547	2.7617	2.7595	2.7568	2.7335	2.7068	2.7291	2.7355	2.7167	2.7007	2.747	2.7447	2.7156	2.7798	2.7607	2.7368	2.7378	2.7494	2.759	2.8072	2.7556	2.7477	2.7748	2.7605	2.8377	3.1478	3.2285	3.2651	3.2052	3.2312	3.2717	3.2335	3.2726	3.2722	3.2853	3.2567	3.2514	3.2752	3.2615	3.24	3.2651	3.2683	3.2851	3.2991	3.2675	3.2606	3.2573	3.218	2.8276	2.4872	2.7256	2.7231	2.7613	2.7628	2.793	2.7806	2.7721	2.7661	2.7668	2.7232	2.7282	2.7557	2.7713	2.746	2.7503	2.7543	2.7593	2.7372	2.7032	2.7555	2.7594	2.7539	2.7296	2.722	2.7243	2.7269	2.7124	2.7243	2.7307	2.7104	2.7168	2.7535	2.7306	2.7499	2.7559	2.7531	2.7274	2.7349	2.7435	2.7587	2.7513	2.7784	2.8026	2.7929	2.7676	2.758	2.7746
2.7395	2.6771	2.7289	2.683	2.7546	2.6848	2.6873	2.733	2.7246	2.7343	2.7357	2.7244	2.7214	2.7269	2.75	2.7264	2.7401	2.7251	2.6951	2.7315	2.7447	2.6987	2.7147	2.7206	2.7556	2.7455	2.7631	2.7493	2.7399	2.7138	2.7441	2.7291	2.7453	2.7496	2.7559	2.7286	2.6533	2.721	2.9964	3.2823	3.2555	3.2756	3.2691	3.2837	3.2372	3.2738	3.2963	3.202	3.2431	3.2776	3.2464	3.2377	3.1897	3.2465	3.2555	3.2457	3.2336	3.2238	3.2472	3.2247	3.2442	3.1752	3.1369	3.0671	2.6038	2.772	2.7287	2.7227	2.7345	2.7444	2.7182	2.7522	2.738	2.7102	2.6984	2.7122	2.694	2.7294	2.7536	2.7158	2.7103	2.7003	2.7	2.731	2.7409	2.7637	2.7316	2.7399	2.7547	2.7458	2.7524	2.7085	2.6852	2.7293	2.7458	2.7552	2.7202	2.7443	2.7362	2.7527	2.7451	2.7326	2.7297	2.7258	2.7309	2.7466	2.7543	2.7403	2.7786	2.7205	2.8013	3.3676	3.2129	3.2764	3.2847	3.2832	3.2221	3.2183	3.2624	3.2459	3.2195	3.2467	3.2618	3.2283	3.2091	3.2118	3.2399	3.2037	3.2269	3.2472	3.2346	3.2564	3.2585	3.2455	3.2351	3.1469	2.4787	2.708	2.724	2.7264	2.7249	2.7198	2.7137	2.717	2.6967	2.7288	2.6867	2.6983	2.7338	2.7513	2.7206	2.7314	2.7076	2.7683	2.75	2.76	2.7002	2.7236	2.7675	2.757	2.7406	2.7323	2.7486	2.7109	2.7337	2.7287	2.7176	2.7041	2.7367	2.7434	2.7564	2.7532	2.7558	2.7437	2.7511	2.7387	2.762	2.7552	2.7612	2.7357	2.7379	2.7407	2.738	2.872	3.2427	3.2009	3.2666	3.3083	3.3094	3.2778	3.2547	3.2953	3.2525	3.2637	3.2442	3.2819	3.2472	3.2325	3.2607	3.2593	3.2654	3.2647	3.2534	3.276	3.2656	3.2563	3.2948	3.1931	2.7503	2.6333	2.7704	2.7498	2.7511	2.7414	2.7231	2.7469	2.7849	2.7748	2.7832	2.7775	2.7391	2.7744	2.7186	2.7362	2.7404	2.7982	2.7514	2.7591	2.7409	2.7684	2.7642	2.7312	2.7302	2.7633	2.7517	2.7446	2.7513	2.7601	2.7916	2.7306	2.7484	2.7491	2.7688	2.777	2.7737	2.7722	2.7949	2.8048	2.7716	2.7602	2.773	2.8025	2.7802	2.7886	2.7792	2.7696
2.7297	2.7006	2.6789	2.7228	2.7096	2.715	2.7351	2.7223	2.7416	2.7138	2.7166	2.7052	2.7118	2.6902	2.7044	2.6979	2.6662	2.7094	2.7161	2.7259	2.7536	2.738	2.7376	2.7521	2.734	2.6963	2.7227	2.7369	2.7556	2.7579	2.7707	2.7551	2.7835	2.7786	2.7374	2.7587	2.7124	2.7448	3.1277	3.1771	3.2578	3.2475	3.2967	3.2539	3.239	3.2516	3.2176	3.1412	3.2148	3.229	3.2683	3.2094	3.1903	3.2379	3.2731	3.2659	3.2359	3.1107	3.1801	3.2623	3.2672	3.2409	3.2223	3.1631	2.6354	2.7048	2.6959	2.7049	2.7468	2.7259	2.7035	2.7384	2.7106	2.7128	2.7372	2.7467	2.7199	2.719	2.7784	2.691	2.7305	2.7408	2.7132	2.7283	2.7354	2.6939	2.707	2.712	2.7176	2.7582	2.7332	2.7343	2.7463	2.747	2.7466	2.7391	2.7252	2.7413	2.752	2.7494	2.7396	2.7462	2.7376	2.7234	2.7311	2.7243	2.7056	2.7513	2.7533	2.6988	2.853	3.1787	3.2294	3.2966	3.2787	3.2627	3.2578	3.2568	3.2229	3.2485	3.2652	3.2341	3.2362	3.2586	3.2522	3.1897	3.204	3.2344	3.2534	3.2021	3.2021	3.2396	3.1947	3.254	3.2507	3.2069	2.8318	2.7885	2.7024	2.7092	2.731	2.7254	2.6696	2.7535	2.7259	2.7063	2.7222	2.7247	2.7233	2.7349	2.7353	2.6888	2.7188	2.7012	2.7421	2.7518	2.7298	2.7623	2.7383	2.734	2.7213	2.7098	2.7219	2.7662	2.7411	2.7285	2.7333	2.7461	2.7565	2.7478	2.739	2.7327	2.7362	2.7547	2.7838	2.792	2.7756	2.7633	2.7627	2.7778	2.7788	2.7563	2.7532	2.9806	3.1704	3.2229	3.2856	3.2737	3.2615	3.2359	3.2871	3.2655	3.2689	3.3167	3.2788	3.2529	3.2347	3.2761	3.2779	3.2462	3.2528	3.2413	3.2727	3.2635	3.2722	3.304	3.2918	3.2985	2.8925	2.4922	2.7058	2.7241	2.7256	2.7319	2.7552	2.7571	2.7309	2.7175	2.754	2.752	2.7575	2.7382	2.7214	2.7558	2.7325	2.7397	2.743	2.7652	2.757	2.7504	2.7465	2.746	2.7639	2.7767	2.7903	2.7456	2.7275	2.7452	2.7734	2.7477	2.716	2.7567	2.7681	2.782	2.7828	2.7806	2.7931	2.7709	2.7428	2.7302	2.7516	2.7602	2.7725	2.7322	2.7546	2.7858
2.6804	2.6995	2.7148	2.7206	2.6753	2.6775	2.6641	2.6868	2.7379	2.708	2.7144	2.7158	2.7082	2.713	2.7334	2.7253	2.723	2.7106	2.7314	2.7269	2.7329	2.7122	2.7231	2.736	2.7557	2.7413	2.7163	2.7497	2.7111	2.7329	2.7088	2.766	2.739	2.7552	2.7114	2.7471	2.7456	2.8624	3.3448	3.1773	3.2371	3.2682	3.3015	3.2936	3.2631	3.2605	3.2317	3.2258	3.239	3.2524	3.2651	3.1934	3.1991	3.2208	3.2102	3.2097	3.2179	3.2295	3.1943	3.2322	3.2098	3.2054	3.2187	3.1878	2.8661	2.4236	2.6935	2.6829	2.6954	2.7046	2.7152	2.7156	2.7246	2.6922	2.7042	2.7274	2.7332	2.6763	2.6742	2.7378	2.7	2.6869	2.7044	2.7201	2.6882	2.6938	2.7168	2.6918	2.7053	2.7189	2.7314	2.7615	2.7086	2.7165	2.7222	2.7041	2.7402	2.7426	2.7432	2.7262	2.7512	2.7661	2.7177	2.7104	2.7306	2.7435	2.7513	2.6923	2.6735	2.7207	3.1265	3.1781	3.2468	3.293	3.2712	3.2832	3.2431	3.2547	3.265	3.253	3.2577	3.2644	3.2196	3.2216	3.2527	3.2736	3.2302	3.2398	3.2349	3.218	3.2274	3.185	3.2143	3.2432	3.2392	3.2495	3.0191	2.4448	2.782	2.6969	2.6452	2.703	2.7131	2.6839	2.7051	2.7435	2.7333	2.6991	2.7254	2.72	2.7167	2.7387	2.7512	2.7237	2.6784	2.7112	2.7339	2.7038	2.7462	2.7398	2.7736	2.7787	2.7296	2.7052	2.7229	2.7297	2.7366	2.7542	2.7721	2.7589	2.7617	2.7448	2.7576	2.7413	2.7585	2.7589	2.7633	2.7739	2.7415	2.7136	2.7211	2.7323	2.7783	3.1323	3.1479	3.2779	3.319	3.3159	3.3207	3.2902	3.2999	3.2902	3.2712	3.2903	3.2724	3.2546	3.2513	3.2661	3.2759	3.2951	3.2846	3.2763	3.3115	3.2913	3.2629	3.2553	3.2433	3.2396	3.2199	2.6787	2.8375	2.7504	2.7241	2.7327	2.7426	2.7334	2.7578	2.7615	2.7605	2.7701	2.7447	2.7432	2.7715	2.7507	2.7462	2.7546	2.7762	2.7808	2.7434	2.7429	2.7474	2.7591	2.7583	2.7628	2.7511	2.72	2.7324	2.768	2.7658	2.7563	2.765	2.7548	2.7487	2.78	2.7899	2.7831	2.7644	2.7745	2.7609	2.7506	2.7385	2.7471	2.7616	2.7884	2.7892	2.8371
2.7074	2.7164	2.6867	2.6965	2.7153	2.7149	2.7115	2.6844	2.7628	2.7371	2.7071	2.7198	2.7258	2.7323	2.754	2.7127	2.7073	2.7274	2.7136	2.7004	2.7196	2.7159	2.7217	2.7123	2.7397	2.7468	2.7416	2.7468	2.7882	2.7592	2.7637	2.7442	2.7256	2.7065	2.7272	2.7243	2.724	2.8294	3.0986	3.2172	3.276	3.3003	3.2257	3.287	3.2426	3.2268	3.2574	3.2492	3.2396	3.2425	3.2333	3.2368	3.2088	3.2068	3.2345	3.1894	3.191	3.1948	3.2135	3.1692	3.2157	3.226	3.2356	3.2153	2.9939	2.6094	2.6828	2.6794	2.7005	2.7237	2.7129	2.6625	2.6811	2.6962	2.6899	2.7031	2.7064	2.7079	2.7312	2.7099	2.7119	2.6953	2.7024	2.7168	2.715	2.7342	2.7407	2.6977	2.7055	2.6935	2.7051	2.7166	2.7191	2.7187	2.7138	2.7127	2.7147	2.7448	2.7365	2.7512	2.7306	2.7264	2.7253	2.743	2.728	2.7439	2.7654	2.7837	2.6985	2.7598	3.0146	3.1579	3.1793	3.234	3.2509	3.2776	3.2547	3.2831	3.2479	3.2616	3.2708	3.2339	3.2639	3.2054	3.2732	3.2809	3.2497	3.243	3.2432	3.2166	3.2115	3.2011	3.2035	3.2363	3.2415	3.247	3.1294	2.4279	2.6166	2.7066	2.7268	2.7004	2.697	2.7145	2.7287	2.738	2.7277	2.7018	2.7314	2.6949	2.6883	2.702	2.7335	2.7501	2.7483	2.7436	2.7288	2.704	2.6979	2.7049	2.7189	2.7612	2.7524	2.6875	2.7255	2.7109	2.7048	2.7192	2.7168	2.7382	2.7468	2.7556	2.7729	2.7579	2.7618	2.7593	2.7442	2.7265	2.7571	2.7454	2.7289	2.7386	2.8647	3.2415	3.2909	3.2811	3.2844	3.2774	3.2376	3.296	3.2501	3.2574	3.2676	3.2986	3.2495	3.274	3.294	3.2764	3.2541	3.2592	3.2506	3.2721	3.2507	3.2386	3.2517	3.2601	3.2743	3.2764	3.2803	2.8456	2.6793	2.7318	2.7476	2.7588	2.7408	2.7575	2.7749	2.7501	2.7417	2.7611	2.773	2.7485	2.7436	2.7349	2.6965	2.7545	2.8097	2.7458	2.7272	2.7429	2.7526	2.7893	2.7494	2.7835	2.7292	2.7231	2.7557	2.7558	2.7559	2.7333	2.7525	2.7406	2.7279	2.7818	2.8117	2.7507	2.7746	2.7769	2.7573	2.7409	2.7711	2.779	2.7953	2.7323	2.8005	2.9698
2.7498	2.7098	2.7302	2.6933	2.6949	2.7296	2.7361	2.7209	2.7187	2.7224	2.7059	2.7253	2.7484	2.7305	2.7078	2.7352	2.7355	2.7094	2.7394	2.7579	2.7321	2.7139	2.7189	2.7398	2.7559	2.7469	2.7689	2.7037	2.6942	2.7434	2.7803	2.7579	2.7559	2.7461	2.7292	2.7159	2.7065	2.8601	3.1795	3.2348	3.2631	3.2596	3.2813	3.2484	3.1984	3.2187	3.2534	3.2551	3.2483	3.2443	3.1937	3.1919	3.2155	3.177	3.1668	3.2194	3.2487	3.2141	3.2275	3.2271	3.2005	3.1974	3.2484	3.2445	3.0997	2.6036	2.737	2.6995	2.7181	2.7226	2.6853	2.712	2.6916	2.6906	2.6862	2.6796	2.7121	2.7248	2.7215	2.7249	2.71	2.7057	2.7024	2.7099	2.7075	2.7159	2.7359	2.7393	2.7189	2.6902	2.674	2.7474	2.7355	2.7182	2.6807	2.7056	2.7502	2.7566	2.7315	2.7321	2.7452	2.7438	2.7393	2.7278	2.7232	2.7617	2.7598	2.7247	2.717	2.7621	3.3366	3.2336	3.1906	3.2111	3.2624	3.3029	3.2589	3.2538	3.2652	3.2392	3.2101	3.2421	3.2071	3.1728	3.1641	3.1915	3.2279	3.2153	3.2227	3.186	3.2412	3.2339	3.1974	3.2158	3.2619	3.2496	3.1015	2.6316	2.5408	2.6913	2.6669	2.6657	2.7326	2.7158	2.7366	2.7151	2.7268	2.734	2.7035	2.7031	2.7219	2.7459	2.7254	2.7096	2.7403	2.7081	2.6882	2.702	2.7191	2.7131	2.7236	2.7237	2.6915	2.6933	2.735	2.7422	2.7283	2.7391	2.7727	2.755	2.7368	2.7371	2.7325	2.7267	2.7223	2.7637	2.7297	2.7403	2.7061	2.7543	2.7511	2.7388	2.8841	3.0875	3.2347	3.2896	3.3154	3.3191	3.3012	3.2378	3.2561	3.2615	3.2713	3.2293	3.2536	3.2462	3.2517	3.2427	3.2388	3.2279	3.2227	3.2441	3.2303	3.25	3.2708	3.2604	3.257	3.2557	3.254	2.9925	2.2805	2.7562	2.775	2.7637	2.7445	2.7525	2.7711	2.744	2.7296	2.7101	2.7296	2.766	2.6888	2.7403	2.7329	2.6995	2.6953	2.7637	2.7689	2.7344	2.7223	2.7382	2.7565	2.73	2.7614	2.745	2.7576	2.765	2.7684	2.7919	2.8126	2.7462	2.7545	2.7672	2.7836	2.7777	2.743	2.7684	2.7615	2.7423	2.7439	2.7395	2.7464	2.7336	2.7647	2.9256
2.7388	2.6787	2.6614	2.6913	2.7207	2.7247	2.7344	2.7371	2.6864	2.6798	2.6882	2.6878	2.6988	2.7196	2.7374	2.7388	2.7122	2.7354	2.7204	2.7115	2.7154	2.7067	2.7128	2.7418	2.7263	2.7449	2.75	2.7724	2.7483	2.7453	2.6996	2.6867	2.6754	2.7397	2.7434	2.7416	2.7418	2.8724	3.0662	3.2449	3.3039	3.2341	3.2587	3.2593	3.2902	3.2381	3.2486	3.2661	3.2486	3.2327	3.2219	3.2301	3.2524	3.2393	3.2179	3.2061	3.2217	3.2143	3.1871	3.1872	3.1845	3.203	3.2168	3.2248	3.1805	2.5929	2.7007	2.6811	2.7041	2.6913	2.7002	2.7228	2.7307	2.7359	2.726	2.7046	2.7011	2.7098	2.7124	2.7294	2.71	2.7487	2.7379	2.7086	2.7723	2.7156	2.7272	2.7372	2.6938	2.6992	2.709	2.7091	2.7198	2.6807	2.6879	2.7119	2.7099	2.7449	2.742	2.733	2.7216	2.7366	2.7294	2.7349	2.7458	2.7862	2.7285	2.6404	2.6944	2.7309	3.0654	3.202	3.3168	3.2497	3.2655	3.2746	3.2401	3.2245	3.2301	3.2446	3.2358	3.1997	3.1957	3.1763	3.2573	3.2288	3.2301	3.2529	3.2137	3.2089	3.2481	3.2571	3.2273	3.2209	3.2834	3.2766	3.2177	2.8253	2.6849	2.6822	2.7177	2.7189	2.6999	2.7475	2.6785	2.6816	2.704	2.7098	2.7282	2.7409	2.734	2.7329	2.7225	2.7557	2.7558	2.7326	2.7485	2.7233	2.7456	2.7484	2.7425	2.7253	2.6837	2.7242	2.7175	2.7637	2.7789	2.7422	2.6884	2.7397	2.7381	2.7543	2.7282	2.7215	2.7475	2.7359	2.7935	2.7434	2.7884	2.7672	2.7799	2.7521	3.0116	3.408	3.2067	3.2948	3.2807	3.2778	3.2732	3.289	3.2587	3.2939	3.2316	3.2664	3.2586	3.2784	3.2327	3.2562	3.2741	3.2238	3.2627	3.2657	3.2515	3.2334	3.2378	3.2621	3.2181	3.2825	3.2834	3.1408	2.5453	2.6737	2.7236	2.7135	2.7536	2.7065	2.7396	2.7287	2.7157	2.7081	2.7076	2.7076	2.733	2.7639	2.72	2.7054	2.7421	2.762	2.7309	2.7393	2.7178	2.7544	2.7389	2.7181	2.7153	2.7189	2.7306	2.7482	2.7654	2.7466	2.7532	2.7235	2.7139	2.7411	2.7282	2.7546	2.7723	2.7654	2.7966	2.7396	2.8172	2.7797	2.7688	2.7678	2.7637	2.9915
2.7146	2.7128	2.7363	2.7304	2.6954	2.6991	2.7298	2.754	2.7706	2.6926	2.6996	2.7408	2.734	2.731	2.6814	2.7223	2.6369	2.6699	2.7452	2.7492	2.7201	2.7628	2.7319	2.733	2.6832	2.7356	2.728	2.7257	2.712	2.7063	2.7125	2.7228	2.751	2.7532	2.7418	2.7371	2.7199	2.884	3.0947	3.2402	3.3019	3.2886	3.2745	3.1989	3.2555	3.281	3.2418	3.2321	3.2157	3.2497	3.281	3.2073	3.184	3.1419	3.1849	3.1891	3.1956	3.2107	3.2321	3.2365	3.2539	3.2171	3.2481	3.2166	3.0892	2.6627	2.7349	2.6773	2.7249	2.7176	2.7023	2.7149	2.7433	2.7481	2.7379	2.7178	2.6905	2.7117	2.7345	2.7183	2.7327	2.7406	2.7386	2.7379	2.7041	2.7009	2.7352	2.722	2.7162	2.7155	2.729	2.7296	2.7236	2.7266	2.7481	2.7082	2.757	2.7217	2.7414	2.7366	2.7112	2.7103	2.7608	2.7489	2.7261	2.737	2.7071	2.7056	2.7071	2.7628	3.1257	3.2489	3.2608	3.3014	3.2699	3.3119	3.2761	3.2677	3.231	3.2223	3.2316	3.2352	3.2388	3.2787	3.2161	3.2414	3.2424	3.2008	3.1947	3.2008	3.2141	3.2316	3.188	3.2536	3.2075	3.2361	3.2281	2.6125	2.5171	2.7244	2.7119	2.7254	2.7058	2.7263	2.695	2.7184	2.6981	2.7056	2.7522	2.7384	2.7202	2.7282	2.7027	2.7489	2.725	2.7175	2.7441	2.7197	2.7225	2.714	2.735	2.7496	2.7199	2.6799	2.7223	2.7376	2.7217	2.7399	2.7573	2.7331	2.7215	2.7017	2.7034	2.7337	2.7458	2.7041	2.7343	2.7387	2.7189	2.7272	2.7328	2.7186	2.9913	3.1337	3.2454	3.2907	3.2882	3.2626	3.269	3.3082	3.293	3.2405	3.2451	3.2221	3.2351	3.2395	3.2053	3.2095	3.2727	3.2853	3.2873	3.2373	3.2365	3.2472	3.2443	3.2513	3.2646	3.2405	3.2441	3.1231	2.5021	2.6657	2.7433	2.7273	2.7432	2.7416	2.711	2.7187	2.7264	2.7389	2.7717	2.7365	2.7723	2.7246	2.7406	2.7519	2.7452	2.7033	2.7538	2.7446	2.7352	2.7587	2.7391	2.7446	2.7503	2.7549	2.7415	2.7482	2.7402	2.728	2.8013	2.7745	2.7601	2.788	2.7809	2.7851	2.7845	2.7636	2.8038	2.8365	2.8442	2.812	2.7715	2.7654	2.7524	2.9594
2.7073	2.6995	2.6944	2.7091	2.7042	2.6686	2.6814	2.6993	2.6905	2.7091	2.677	2.7073	2.7123	2.7329	2.6871	2.7154	2.7086	2.7283	2.7362	2.729	2.7191	2.718	2.7431	2.703	2.7424	2.7341	2.6934	2.7166	2.7382	2.7192	2.7546	2.7431	2.7228	2.7113	2.7154	2.7104	2.6704	2.8076	3.0204	3.1991	3.2448	3.2338	3.2721	3.2631	3.255	3.2757	3.2178	3.2299	3.223	3.2535	3.2593	3.1727	3.2501	3.1626	3.1421	3.1557	3.1934	3.1923	3.1984	3.2003	3.2116	3.1931	3.193	3.2339	2.9727	2.4338	2.7596	2.7135	2.6918	2.6625	2.7407	2.7168	2.681	2.7024	2.6726	2.7017	2.765	2.7381	2.7117	2.7257	2.7191	2.7418	2.7705	2.7511	2.7385	2.7276	2.7079	2.7261	2.7383	2.6709	2.7238	2.7356	2.7027	2.6594	2.694	2.7153	2.7388	2.7214	2.7607	2.7414	2.7571	2.7067	2.7087	2.7619	2.7823	2.7457	2.7112	2.7496	2.7669	2.781	3.2656	3.3304	3.3211	3.3212	3.2379	3.2837	3.2544	3.1837	3.2607	3.2731	3.2532	3.2385	3.2215	3.2085	3.2339	3.2201	3.1848	3.2094	3.2615	3.2362	3.1876	3.2005	3.2449	3.2107	3.2674	3.2299	3.1406	2.8582	2.4681	2.7318	2.6958	2.7125	2.7356	2.7051	2.7313	2.7088	2.6945	2.7138	2.7032	2.767	2.7133	2.7245	2.7603	2.7414	2.7276	2.7176	2.7438	2.7579	2.705	2.7429	2.7442	2.7519	2.7334	2.7144	2.7126	2.7298	2.732	2.7007	2.7326	2.7465	2.7341	2.7803	2.7596	2.7449	2.7715	2.7673	2.7656	2.7547	2.75	2.7635	2.7394	2.7411	2.957	3.1058	3.2685	3.2708	3.3015	3.2899	3.3041	3.3194	3.2762	3.2596	3.275	3.2999	3.2694	3.2439	3.2645	3.2455	3.2362	3.2274	3.2389	3.279	3.2888	3.2629	3.2437	3.26	3.2848	3.2375	3.2877	3.1648	2.5861	2.7623	2.7508	2.7555	2.7187	2.7084	2.7116	2.7194	2.7327	2.7315	2.7145	2.7234	2.733	2.7292	2.7402	2.7543	2.7456	2.736	2.7463	2.7504	2.7776	2.7198	2.7365	2.737	2.7722	2.8055	2.7523	2.7395	2.746	2.7591	2.7547	2.7505	2.7556	2.7818	2.7828	2.7635	2.7584	2.7918	2.7811	2.7767	2.7699	2.7798	2.7419	2.7441	2.7565	2.9766
2.7074	2.6845	2.6945	2.7495	2.7289	2.7347	2.7203	2.7218	2.7257	2.6938	2.6991	2.7371	2.7594	2.7539	2.7465	2.7386	2.7303	2.7162	2.7622	2.7294	2.714	2.6262	2.6919	2.7329	2.769	2.7491	2.7645	2.755	2.724	2.6691	2.7706	2.7383	2.6932	2.6771	2.7216	2.7224	2.7286	2.7487	3.0482	3.1623	3.2279	3.3344	3.2745	3.2708	3.2933	3.2909	3.2634	3.2281	3.2481	3.2742	3.2293	3.1967	3.2398	3.2156	3.225	3.2034	3.2267	3.2192	3.1719	3.2157	3.2662	3.2434	3.236	3.2122	2.7931	2.6764	2.7191	2.7081	2.691	2.7774	2.7522	2.7155	2.7236	2.6949	2.7537	2.7017	2.7289	2.7317	2.74	2.7385	2.7369	2.7454	2.7287	2.7234	2.733	2.7626	2.7346	2.7576	2.7412	2.698	2.6989	2.7443	2.755	2.7597	2.7243	2.7158	2.7325	2.7256	2.7766	2.7614	2.7326	2.7163	2.7697	2.7669	2.7234	2.728	2.7453	2.7076	2.7172	2.7199	2.9707	3.2662	3.2377	3.2596	3.2076	3.2482	3.2642	3.2359	3.1802	3.2272	3.2829	3.2447	3.1615	3.2278	3.2398	3.2265	3.2401	3.2406	3.2139	3.1963	3.2474	3.2443	3.215	3.215	3.2055	3.1929	3.2245	2.6378	2.4858	2.6595	2.6578	2.7123	2.6835	2.691	2.7065	2.717	2.7172	2.7163	2.7098	2.7114	2.7194	2.7243	2.7522	2.7451	2.7398	2.7274	2.7181	2.692	2.7089	2.7067	2.721	2.7318	2.7309	2.7242	2.7258	2.7395	2.7547	2.7437	2.7202	2.7397	2.7253	2.7637	2.7646	2.7416	2.7151	2.7496	2.7712	2.7606	2.7352	2.7451	2.7168	2.721	2.9068	3.2156	3.2735	3.2708	3.2563	3.2716	3.2703	3.3218	3.2733	3.2438	3.2547	3.2508	3.2345	3.2169	3.259	3.1508	3.2101	3.2287	3.2475	3.2105	3.2357	3.1756	3.2351	3.2312	3.2158	3.2401	3.2347	3.1022	2.6164	2.6546	2.735	2.6747	2.6985	2.6833	2.7192	2.7294	2.7338	2.7423	2.7525	2.718	2.7173	2.7171	2.7536	2.7724	2.7458	2.7571	2.7449	2.7531	2.7664	2.7326	2.739	2.7678	2.7676	2.7294	2.7583	2.7469	2.7444	2.7256	2.7428	2.7468	2.7539	2.7557	2.7482	2.778	2.754	2.7264	2.725	2.7305	2.7654	2.8129	2.7912	2.7698	2.7398	3.1024
2.7258	2.7411	2.7396	2.7398	2.7194	2.7907	2.7069	2.712	2.7567	2.7184	2.6959	2.7069	2.7013	2.7162	2.7439	2.7411	2.7152	2.7325	2.7357	2.7215	2.7111	2.7104	2.7125	2.7412	2.7442	2.7308	2.7314	2.7462	2.7363	2.7566	2.7247	2.7572	2.7492	2.7755	2.7373	2.7138	2.7243	2.6911	2.9243	3.2764	3.2321	3.29	3.3092	3.2601	3.2034	3.2557	3.2206	3.1997	3.2321	3.2205	3.2337	3.2308	3.2397	3.2094	3.2379	3.2202	3.1727	3.1985	3.2259	3.2167	3.2102	3.2332	3.2207	3.1797	2.7024	2.7483	2.7036	2.6761	2.6739	2.7188	2.737	2.7523	2.7304	2.712	2.7195	2.7218	2.7048	2.6946	2.7191	2.7354	2.7349	2.7311	2.7493	2.7446	2.7335	2.7241	2.7164	2.7328	2.7426	2.7193	2.6982	2.6811	2.7248	2.7346	2.7315	2.7241	2.7591	2.6798	2.7352	2.7399	2.7264	2.7482	2.737	2.7385	2.7382	2.7413	2.7244	2.7229	2.7306	2.7272	2.9081	3.1635	3.2191	3.2055	3.233	3.249	3.2058	3.2779	3.299	3.2603	3.2555	3.2571	3.2568	3.2464	3.2461	3.2551	3.2426	3.2189	3.1938	3.2053	3.2325	3.2161	3.2201	3.2143	3.2276	3.2217	3.1351	2.453	2.6521	2.6909	2.667	2.6713	2.6869	2.7233	2.7281	2.7048	2.6908	2.716	2.726	2.6894	2.6997	2.7161	2.7538	2.7191	2.7431	2.735	2.7416	2.722	2.7403	2.7326	2.7385	2.7414	2.7194	2.7262	2.7051	2.7314	2.7402	2.7534	2.7547	2.7591	2.7382	2.7317	2.7684	2.7744	2.7627	2.7634	2.7725	2.7847	2.7678	2.7324	2.7019	2.7054	2.8074	3.2977	3.2717	3.233	3.1839	3.2689	3.261	3.2679	3.2355	3.2576	3.2808	3.2785	3.2807	3.2315	3.2577	3.2314	3.25	3.242	3.2565	3.2737	3.2492	3.2485	3.2417	3.2643	3.2549	3.241	3.231	2.9442	2.6427	2.7156	2.7162	2.736	2.7161	2.7164	2.7183	2.6994	2.7253	2.7351	2.745	2.708	2.7174	2.7774	2.7671	2.7593	2.7513	2.7403	2.7314	2.7495	2.7709	2.7684	2.7635	2.751	2.7585	2.7582	2.7444	2.7594	2.7467	2.735	2.7567	2.7676	2.7541	2.781	2.7852	2.7663	2.748	2.7439	2.7676	2.7724	2.75	2.7667	2.7447	2.7192	2.7394	3.0505
2.6888	2.6977	2.7253	2.7224	2.7168	2.7243	2.6962	2.7353	2.7389	2.7122	2.7201	2.7236	2.7269	2.735	2.7484	2.7211	2.7284	2.7429	2.7031	2.7208	2.7164	2.7158	2.6926	2.6997	2.7171	2.742	2.7572	2.7576	2.7557	2.7233	2.73	2.7416	2.6958	2.722	2.7278	2.7284	2.7402	2.7282	2.8258	2.9897	3.1709	3.2766	3.2796	3.2895	3.146	3.267	3.266	3.2625	3.2676	3.2909	3.2108	3.2148	3.2139	3.211	3.2607	3.208	3.202	3.1939	3.2019	3.2354	3.2447	3.2442	3.2101	3.1301	2.4734	2.752	2.6954	2.6845	2.7216	2.703	2.6808	2.681	2.6989	2.7191	2.7334	2.7159	2.7279	2.7594	2.7379	2.6741	2.7847	2.7468	2.7039	2.709	2.7297	2.7277	2.6976	2.7052	2.7257	2.7303	2.6945	2.7154	2.7268	2.7622	2.7312	2.7206	2.7356	2.7839	2.7318	2.7473	2.7257	2.7386	2.7608	2.7167	2.7754	2.7036	2.7381	2.7262	2.7322	2.7326	2.8588	3.0544	3.2175	3.2629	3.2702	3.2453	3.2309	3.2248	3.2887	3.2137	3.2238	3.2451	3.2217	3.2066	3.2185	3.2385	3.2614	3.2615	3.2403	3.2159	3.1823	3.1985	3.1776	3.2311	3.2137	3.1733	3.0893	2.5988	2.7337	2.7082	2.7071	2.7032	2.7081	2.7261	2.7187	2.7084	2.708	2.7424	2.7086	2.6975	2.7374	2.729	2.7497	2.6903	2.7156	2.7098	2.7688	2.7527	2.7391	2.7114	2.7075	2.7455	2.7715	2.7544	2.7194	2.6986	2.7303	2.7502	2.7383	2.719	2.7319	2.7598	2.7513	2.765	2.7584	2.7337	2.7522	2.7786	2.7649	2.7469	2.7337	2.6472	2.7525	3.1632	3.1669	3.2908	3.2803	3.2713	3.3037	3.2878	3.1725	3.2036	3.2394	3.2812	3.2676	3.252	3.2763	3.258	3.19	3.22	3.2567	3.2783	3.2661	3.2564	3.2161	3.2067	3.1431	3.2515	3.228	2.9367	2.6769	2.7368	2.7344	2.7285	2.749	2.7435	2.7347	2.7188	2.763	2.714	2.7384	2.7348	2.7695	2.8128	2.2997	2.722	2.816	2.7596	2.7416	2.7636	2.7947	2.7627	2.7594	2.758	2.7636	2.6852	2.6941	2.7193	2.7722	2.7012	2.7147	2.7332	2.7633	2.7568	2.8497	2.7942	2.7621	2.7967	2.7783	2.7762	2.7917	2.8069	2.8237	2.7628	2.7442	2.9584
2.7373	2.7269	2.7178	2.7174	2.7038	2.7242	2.7317	2.7409	2.7288	2.6991	2.7148	2.7503	2.7376	2.7225	2.6955	2.6991	2.7118	2.7129	2.7127	2.7022	2.7421	2.7359	2.7309	2.7279	2.6964	2.7303	2.7261	2.7393	2.6985	2.7065	2.7445	2.7727	2.7461	2.7692	2.733	2.724	2.714	2.7086	2.7241	3.0941	3.109	3.1886	3.25	3.2395	3.2548	3.1845	3.2212	3.2104	2.9886	2.5474	2.5587	2.9166	3.1821	3.2232	3.2248	3.2123	3.2183	3.2414	3.2251	3.2193	3.2524	3.2297	3.2222	3.0499	2.3556	2.7432	2.6895	2.7129	2.7021	2.6985	2.7201	2.7564	2.7015	2.6407	2.696	2.6952	2.7153	2.7139	2.7005	2.7117	2.7342	2.7142	2.7274	2.7277	2.7425	2.7381	2.7318	2.7181	2.7518	2.7506	2.7317	2.7397	2.7018	2.7385	2.7422	2.7208	2.5896	2.767	2.7312	2.7562	2.7588	2.7843	2.799	2.7735	2.7266	2.7252	2.7401	2.7539	2.7443	2.7284	2.7225	3.0539	2.97	3.2483	3.1844	3.2543	3.2447	3.26	3.2525	3.2465	3.2171	3.2253	3.1623	3.1776	3.2415	3.2424	3.2449	3.2282	3.2088	3.2447	3.1998	3.2035	3.2072	3.2421	3.2418	3.1873	2.8958	2.51	2.7688	2.7336	2.6468	2.7136	2.7279	2.7108	2.7122	2.7732	2.7182	2.7075	2.7083	2.7237	2.7334	2.7108	2.7234	2.7401	2.7617	2.7449	2.7358	2.777	2.7481	2.7047	2.7155	2.7594	2.7525	2.7366	2.7303	2.7712	2.7661	2.7498	2.7349	2.7117	2.7528	2.758	2.7726	2.7657	2.7546	2.7721	2.7666	2.8001	2.8045	2.7785	2.7821	2.732	2.7505	2.8776	3.3046	3.2403	3.2651	3.2872	3.3132	3.2976	3.2631	3.233	3.2687	3.2715	3.2621	3.2519	3.2745	3.2364	3.2271	3.2625	3.2597	3.2276	3.215	3.2175	3.2091	3.2444	3.2707	3.2714	3.2366	2.7968	2.6481	2.6925	2.7183	2.7128	2.7422	2.7388	2.7213	2.7421	2.7564	2.7564	2.7666	2.7562	2.7517	2.7842	2.7754	2.7802	2.7788	2.7299	2.7369	2.7509	2.7541	2.7739	2.7761	2.7752	2.7642	2.7507	2.7591	2.8002	2.7889	2.7859	2.7648	2.7728	2.785	2.7643	2.7746	2.7536	2.7365	2.7873	2.8079	2.8304	2.7809	2.7998	2.8024	2.796	2.7509	2.8125
2.7096	2.6997	2.714	2.7669	2.7442	2.7107	2.7313	2.7362	2.739	2.7022	2.6964	2.699	2.7399	2.7334	2.7193	2.7699	2.7453	2.6916	2.7053	2.7556	2.7384	2.6975	2.6688	2.7057	2.6984	2.7119	2.7486	2.7799	2.7554	2.7341	2.7448	2.744	2.7453	2.7131	2.7449	2.7412	2.7628	2.7343	2.7026	2.7655	3.0054	3.1378	3.2154	3.2842	3.2184	3.2624	3.2851	3.2733	2.9005	2.3575	1.8689	3.258	3.2199	3.2139	3.2077	3.2186	3.223	3.236	3.2478	3.2193	3.2677	3.2134	3.126	2.6523	2.3767	2.714	2.6889	2.6785	2.713	2.7121	2.7338	2.7391	2.7312	2.736	2.7542	2.7451	2.728	2.7006	2.7308	2.7223	2.7343	2.752	2.7542	2.7395	2.7633	2.7453	2.7367	2.7667	2.7373	2.7217	2.7334	2.7412	2.7164	2.7199	2.7332	2.7429	2.7495	2.7257	2.7315	2.7478	2.8059	2.7828	2.7251	2.7516	2.7604	2.7863	2.7886	2.7743	2.7508	2.7562	2.7175	2.8483	3.4003	3.2278	3.271	3.2427	3.27	3.2616	3.2532	3.2475	3.2548	3.2529	3.2335	3.1993	3.2498	3.257	3.2426	3.2349	3.2291	3.1842	3.2211	3.2502	3.2185	3.2441	3.217	3.2701	2.6945	2.6403	2.7079	2.703	2.6964	2.7574	2.7242	2.7284	2.7058	2.6903	2.7048	2.7388	2.74	2.747	2.6978	2.7357	2.7685	2.7718	2.743	2.721	2.7159	2.7082	2.7303	2.7002	2.7269	2.7393	2.7294	2.7501	2.7193	2.7478	2.7704	2.7684	2.7462	2.7547	2.7407	2.7386	2.7609	2.7552	2.7818	2.787	2.7525	2.7608	2.7698	2.7425	2.7236	2.7706	2.7336	2.7781	3.1277	3.1732	3.2897	3.2754	3.2466	3.2871	3.2917	3.2246	3.2676	3.2436	3.2762	3.2799	3.2434	3.2289	3.2779	3.2348	3.2464	3.2481	3.2355	3.2461	3.2605	3.2489	3.2068	3.2111	3.0835	2.4383	2.6871	2.7495	2.7338	2.7542	2.7197	2.759	2.767	2.7541	2.7618	2.7317	2.7344	2.7742	2.742	2.7524	2.7417	2.7479	2.7471	2.7659	2.768	2.7629	2.7729	2.7593	2.752	2.7472	2.7492	2.7354	2.7587	2.7628	2.7391	2.7591	2.719	2.7508	2.7905	2.7881	2.759	2.7843	2.7769	2.7483	2.8044	2.7767	2.7427	2.7429	2.8166	2.7489	2.7505	2.8086
2.7217	2.7066	2.72	2.7653	2.7172	2.7535	2.7315	2.7728	2.777	2.6951	2.7382	2.7209	2.7381	2.7146	2.7161	2.749	2.7293	2.6974	2.7205	2.7251	2.7087	2.7323	2.7233	2.761	2.7543	2.7413	2.7456	2.7507	2.7715	2.7539	2.7334	2.7516	2.7603	2.754	2.746	2.7214	2.718	2.7175	2.7468	2.7612	2.8505	3.255	3.1043	3.2257	3.2703	3.256	3.265	3.2404	3.2444	2.8995	3.1401	3.2743	3.2428	3.2511	3.2083	3.2007	3.198	3.2028	3.2216	3.2326	3.192	3.0842	2.8135	2.5242	2.774	2.7399	2.7135	2.6881	2.6638	2.68	2.6917	2.7573	2.7661	2.7318	2.6867	2.734	2.7442	2.7495	2.7608	2.7472	2.7405	2.7056	2.7135	2.7351	2.6929	2.7431	2.7394	2.697	2.7469	2.754	2.766	2.7488	2.7595	2.7635	2.73	2.7536	2.7394	2.7422	2.7549	2.7684	2.7588	2.7266	2.7849	2.7704	2.7531	2.747	2.7578	2.7767	2.7758	2.7564	2.7188	2.7381	2.9061	3.2518	3.2025	3.2532	3.272	3.2635	3.2372	3.2586	3.2704	3.2566	3.2623	3.2387	3.2301	3.206	3.2161	3.2608	3.2752	3.2166	3.2111	3.1879	3.2377	3.1881	3.178	2.8477	2.3838	2.6699	2.6819	2.7122	2.6964	2.7137	2.7181	2.7035	2.7248	2.7434	2.7269	2.7247	2.7406	2.7396	2.7356	2.7419	2.7143	2.7223	2.72	2.7281	2.7445	2.7415	2.7216	2.7077	2.7589	2.737	2.7565	2.7424	2.7395	2.7333	2.7178	2.7638	2.7226	2.7404	2.7385	2.7499	2.7879	2.7443	2.7552	2.7934	2.7958	2.7608	2.735	2.7672	2.7239	2.7797	2.7141	2.7218	2.8583	3.2416	3.2145	3.2779	3.2884	3.279	3.2336	3.1967	3.2409	3.2093	3.2371	3.2211	3.2292	3.1796	3.2303	3.2293	3.2309	3.1804	3.2429	3.2428	3.2043	3.2488	3.2457	3.25	3.0177	2.6989	2.7443	2.7312	2.7307	2.7345	2.7312	2.7438	2.7276	2.8004	2.7488	2.7493	2.7587	2.742	2.733	2.7802	2.7755	2.751	2.722	2.7357	2.7796	2.7579	2.7241	2.7427	2.7498	2.7832	2.787	2.7366	2.7388	2.7907	2.7852	2.8119	2.714	2.7762	2.7503	2.7406	2.7683	2.8004	2.7865	2.7741	2.7977	2.7874	2.7635	2.7782	2.7919	2.7951	2.7665	2.7483
2.7318	2.7426	2.7296	2.7272	2.7213	2.7355	2.7556	2.7566	2.7691	2.7567	2.7414	2.7395	2.6968	2.7461	2.7241	2.7589	2.7394	2.7611	2.7852	2.7718	2.7542	2.7312	2.7374	2.7438	2.7708	2.7811	2.7241	2.7643	2.7652	2.7728	2.7429	2.7271	2.752	2.7802	2.7683	2.7337	2.7595	2.7302	2.6793	2.6872	2.7032	2.904	3.1625	2.9973	3.2087	3.2433	3.2528	3.2712	3.2684	3.248	3.2371	3.2558	3.2304	3.1997	3.2501	3.2281	3.2266	3.2166	3.1833	3.2467	3.167	2.7523	2.6183	2.751	2.7444	2.7326	2.6886	2.6988	2.6945	2.7091	2.747	2.7599	2.7491	2.7257	2.7262	2.7363	2.7484	2.7818	2.7395	2.7427	2.7132	2.7631	2.7279	2.7484	2.747	2.744	2.7456	2.7449	2.7242	2.7187	2.7203	2.7334	2.7705	2.7369	2.7386	2.7183	2.7284	2.7441	2.7519	2.7686	2.7567	2.745	2.7734	2.7674	2.7407	2.7458	2.7567	2.7565	2.7734	2.7526	2.7388	2.7216	2.7275	3.1147	2.8725	3.1637	3.233	3.251	3.2369	3.2094	3.2464	3.2524	3.2582	3.2181	3.2288	3.2457	3.2482	3.2404	3.2276	3.2204	3.1998	3.2189	3.2051	3.2087	3.0362	2.5388	2.7159	2.729	2.7154	2.7267	2.7352	2.7125	2.6497	2.6918	2.7202	2.7391	2.704	2.7065	2.7173	2.7438	2.7238	2.7542	2.7504	2.7368	2.7643	2.7344	2.6865	2.6914	2.6992	2.7355	2.7304	2.7377	2.7145	2.7242	2.7558	2.7363	2.7409	2.7284	2.7382	2.7397	2.7279	2.7552	2.738	2.7527	2.7508	2.7698	2.7754	2.7559	2.7734	2.772	2.7759	2.7301	2.7457	2.729	2.7446	3.1251	3.278	3.2433	3.2649	3.2934	3.2842	3.2793	3.2486	3.2668	3.2686	3.2811	3.2361	3.1924	3.2691	3.2681	3.2601	3.257	3.2234	3.2585	3.2552	3.2097	3.2313	2.9755	2.6498	2.5838	2.7609	2.7431	2.7288	2.7107	2.6822	2.6991	2.7178	2.7416	2.7891	2.7468	2.7336	2.7196	2.723	2.7257	2.7721	2.7896	2.7488	2.6886	2.7687	2.7584	2.7508	2.7693	2.7463	2.7251	2.7273	2.7183	2.7887	2.8085	2.7602	2.8074	2.7962	2.7793	2.7846	2.7903	2.7861	2.8017	2.7953	2.7916	2.789	2.7712	2.7812	2.7847	2.7938	2.801	2.7513	2.7633
2.6743	2.7283	2.7063	2.7028	2.7086	2.7015	2.7196	2.7348	2.7258	2.7177	2.7025	2.7516	2.7368	2.7244	2.7072	2.7582	2.7562	2.7431	2.7557	2.7257	2.7509	2.7751	2.7599	2.764	2.7326	2.7589	2.7538	2.7517	2.7599	2.79	2.7999	2.7545	2.7311	2.7478	2.7426	2.7548	2.7318	2.7372	2.7288	2.7483	2.7343	2.727	2.9552	3.3436	3.0112	3.2224	3.2575	3.2508	3.2366	3.2267	3.1458	3.2554	3.2513	3.2455	3.2573	3.2788	3.2692	3.2541	3.2253	3.1483	2.8825	2.3985	2.7521	2.742	2.741	2.7271	2.7132	2.7597	2.6608	2.7088	2.7366	2.7162	2.7391	2.7729	2.754	2.731	2.7495	2.738	2.72	2.7288	2.7655	2.7385	2.7042	2.7574	2.738	2.7142	2.7019	2.7373	2.7241	2.7251	2.7674	2.755	2.7316	2.772	2.7728	2.7378	2.7509	2.7563	2.7272	2.7512	2.7428	2.71	2.7488	2.7601	2.7652	2.7152	2.7302	2.7214	2.7559	2.7243	2.7632	2.7709	2.734	2.8013	3.09	2.9457	3.1434	3.1902	3.2274	3.2868	3.2739	3.2437	3.2297	3.234	3.2461	3.2326	3.2298	3.1945	3.2055	3.2295	3.1986	3.2224	3.162	2.9847	2.6184	2.7345	2.7624	2.7273	2.708	2.7109	2.7062	2.7247	2.7446	2.7425	2.6996	2.7353	2.7101	2.7249	2.7354	2.7336	2.7294	2.7497	2.7541	2.7624	2.7712	2.7723	2.725	2.7537	2.7342	2.7597	2.7479	2.7642	2.7507	2.7294	2.7581	2.766	2.7624	2.7769	2.7695	2.7787	2.7893	2.7742	2.8071	2.8057	2.8098	2.7899	2.7794	2.7348	2.7634	2.7635	2.7453	2.7638	2.7229	2.7274	2.7443	2.8814	3.0851	3.0936	3.2534	3.2921	3.3209	3.3144	3.2983	3.2966	3.2775	3.2727	3.2297	3.2656	3.2125	3.2656	3.2653	3.244	3.2594	3.217	3.3014	3.2167	3.1619	2.7993	2.4385	2.8235	2.7025	2.7252	2.7338	2.7111	2.7593	2.7547	2.7394	2.7635	2.7899	2.8017	2.6974	2.7867	2.7705	2.7645	2.7664	2.7709	2.7842	2.7677	2.7668	2.7907	2.7885	2.7695	2.7638	2.7554	2.7718	2.757	2.7812	2.7872	2.768	2.8221	2.8335	2.7662	2.7753	2.7928	2.785	2.7868	2.7189	2.7676	2.7971	2.7769	2.8211	2.8293	2.7942	2.8176	2.8003	2.7431
2.7083	2.7498	2.7629	2.7418	2.7408	2.7398	2.7193	2.7199	2.7509	2.7509	2.727	2.722	2.7667	2.7353	2.7582	2.7368	2.7407	2.7795	2.7425	2.7588	2.7395	2.7505	2.7481	2.7147	2.7219	2.7576	2.742	2.7354	2.7438	2.7594	2.7721	2.7896	2.7627	2.7632	2.7092	2.7575	2.7615	2.7467	2.7335	2.7416	2.7537	2.7632	2.7223	2.886	3.2427	2.9004	3.0402	3.1815	3.1777	3.2595	3.2182	3.2142	3.1971	3.2292	3.2504	3.2037	3.1969	3.1556	3.0056	2.7141	2.6427	2.8932	2.7552	2.6884	2.687	2.7461	2.7627	2.7147	2.7166	2.7426	2.7595	2.7568	2.7616	2.7438	2.7399	2.7429	2.753	2.7178	2.7156	2.7481	2.7865	2.7752	2.7671	2.7489	2.7392	2.7518	2.757	2.7338	2.773	2.7286	2.7783	2.7346	2.7338	2.7066	2.749	2.7792	2.7803	2.7639	2.7642	2.7495	2.7694	2.7848	2.766	2.7702	2.7657	2.7621	2.7605	2.8181	2.7737	2.7263	2.7544	2.7302	2.7056	2.7013	2.8117	3.2873	3.0933	3.1512	3.2324	3.2718	3.3072	3.2783	3.2431	3.26	3.2768	3.2743	3.2587	3.2135	3.1915	3.2493	3.2383	3.1442	2.9739	2.6369	2.5697	2.7478	2.711	2.7066	2.7071	2.6879	2.7125	2.7295	2.7476	2.7294	2.7261	2.7344	2.7388	2.7309	2.7014	2.7111	2.737	2.7227	2.7596	2.7289	2.7231	2.7233	2.7361	2.7279	2.7525	2.7416	2.7403	2.7391	2.772	2.7367	2.7288	2.7984	2.7703	2.7416	2.743	2.7355	2.7593	2.7801	2.7612	2.6525	2.6863	2.7474	2.7751	2.7665	2.7437	2.7581	2.7385	2.7404	2.7592	2.7356	2.759	2.7477	3.0543	3.0716	2.9602	3.2054	3.2858	3.267	3.2671	3.2739	3.2848	3.2164	3.2755	3.2262	3.2606	3.2472	3.2468	3.2694	3.2653	3.2646	3.2327	3.1549	2.8794	2.7499	2.838	2.7394	2.7288	2.703	2.722	2.7507	2.7355	2.708	2.7634	2.7573	2.7639	2.7678	2.7986	2.7526	2.7814	2.7733	2.7756	2.7986	2.7903	2.7954	2.7711	2.7728	2.7767	2.8085	2.7795	2.7597	2.7737	2.7929	2.7692	2.7708	2.7911	2.789	2.8046	2.8085	2.8255	2.8308	2.81	2.8068	2.7748	2.7949	2.7973	2.7702	2.8087	2.8193	2.7951	2.7924	2.7959	2.7748
2.7737	2.7667	2.7581	2.7477	2.7448	2.7135	2.7622	2.702	2.7697	2.7615	2.7857	2.7914	2.7665	2.7656	2.7784	2.753	2.7755	2.8015	2.754	2.7815	2.7733	2.7855	2.7676	2.7615	2.7751	2.8003	2.7891	2.7735	2.7524	2.739	2.7748	2.7933	2.8143	2.7727	2.7843	2.7435	2.7595	2.768	2.7873	2.791	2.8099	2.7314	2.7063	2.7664	2.8462	3.2878	2.73	2.755	2.9361	3.0844	3.1679	3.1761	3.1434	3.1352	3.1285	3.0719	2.8908	2.7362	2.4959	2.9224	2.9019	2.742	2.7052	2.7288	2.7442	2.7063	2.7445	2.7045	2.7193	2.7449	2.7487	2.7388	2.7263	2.7554	2.7643	2.761	2.7681	2.7452	2.7176	2.8111	2.7743	2.7926	2.7388	2.7324	2.7776	2.7477	2.7358	2.747	2.7392	2.7612	2.7828	2.7534	2.7343	2.7355	2.7089	2.7517	2.7654	2.7633	2.7895	2.7827	2.773	2.749	2.7988	2.781	2.7505	2.7224	2.7246	2.7259	2.7278	2.7598	2.7663	2.7263	2.7759	2.7571	2.7443	2.7521	3.0851	2.9671	2.873	3.1056	3.1811	3.2273	3.2347	3.2626	3.2469	3.2222	3.2023	3.2101	3.2134	3.159	3.0167	2.8248	2.6328	2.9604	2.7981	2.7381	2.6979	2.7094	2.7073	2.7301	2.7517	2.7442	2.7355	2.7197	2.7345	2.783	2.7339	2.7568	2.739	2.7735	2.7598	2.7608	2.7556	2.7429	2.7571	2.7416	2.7601	2.7692	2.7646	2.7362	2.7456	2.7601	2.7516	2.7547	2.7459	2.7563	2.7551	2.7617	2.7638	2.76	2.7963	2.7575	2.7614	2.7871	2.7715	2.7911	2.7863	2.8011	2.7483	2.7782	2.7745	2.8004	2.7791	2.7497	2.7362	2.7328	2.743	3.0451	3.0441	2.9628	3.087	3.229	3.2772	3.2353	3.2702	3.2308	3.2258	3.2857	3.2758	3.2362	3.2532	3.2628	3.2768	3.2437	3.1203	2.6908	2.5125	2.7661	2.7672	2.7482	2.768	2.7616	2.7498	2.7401	2.7394	2.7414	2.7373	2.7699	2.7654	2.7655	2.7702	2.694	2.7362	2.7364	2.7618	2.7691	2.7801	2.781	2.7532	2.7584	2.7417	2.7511	2.7975	2.7906	2.7695	2.7767	2.7892	2.8067	2.8035	2.7705	2.7847	2.7896	2.7536	2.7694	2.7922	2.781	2.672	2.746	2.7764	2.7562	2.7683	2.7595	2.7521	2.7437	2.8191	2.7654
2.7704	2.777	2.7567	2.7466	2.784	2.708	2.7317	2.7446	2.7984	2.7845	2.7297	2.7528	2.7725	2.759	2.7814	2.7579	2.7525	2.7655	2.7709	2.7838	2.763	2.7947	2.754	2.7463	2.7732	2.7759	2.7916	2.7565	2.7468	2.779	2.781	2.7428	2.697	2.7459	2.7759	2.7976	2.7982	2.7725	2.7954	2.781	2.7755	2.7837	2.7386	2.7373	2.7068	2.7663	2.8161	3.0851	3.4444	2.7291	2.5799	2.5918	2.6359	2.6714	2.5846	2.4946	2.9608	3.1911	2.903	2.775	2.7294	2.7593	2.7551	2.7413	2.7068	2.7402	2.7627	2.7324	2.7893	2.7448	2.7558	2.7475	2.7528	2.7421	2.745	2.761	2.7409	2.7447	2.763	2.7662	2.7638	2.7797	2.7652	2.8001	2.7753	2.7431	2.7442	2.7031	2.7596	2.7671	2.7688	2.8008	2.802	2.7736	2.8088	2.7863	2.8051	2.7859	2.7681	2.7595	2.7715	2.7956	2.7842	2.7486	2.7803	2.7901	2.8129	2.7825	2.7835	2.78	2.7551	2.762	2.7059	2.7336	2.6828	2.7272	2.73	2.9971	3.2788	2.9539	2.7437	2.9138	2.9814	2.989	3.0055	3.0511	2.9915	2.9312	2.8114	2.6532	2.4935	2.9713	2.9914	2.8056	2.7349	2.756	2.701	2.7199	2.7307	2.7246	2.7394	2.76	2.7577	2.7378	2.7403	2.7527	2.7657	2.7743	2.7348	2.7282	2.7729	2.7715	2.7253	2.7709	2.7556	2.7263	2.7898	2.7671	2.7717	2.7345	2.7892	2.7843	2.776	2.7957	2.7773	2.7855	2.764	2.7503	2.7745	2.7968	2.8089	2.8973	2.8434	2.7551	2.8024	2.7632	2.7512	2.7772	2.7717	2.7912	2.7827	2.7895	2.7862	2.7458	2.8012	2.7425	2.7441	2.7827	2.8419	3.1804	2.9176	2.9145	3.1735	3.2173	3.2276	3.2645	3.2648	3.2741	3.1701	3.2226	3.2521	3.2419	3.0638	2.9399	2.6598	2.6341	2.8936	2.7186	2.7196	2.7336	2.7623	2.7496	2.7187	2.7792	2.7801	2.7313	2.7501	2.7674	2.8126	2.7655	2.7524	2.7698	2.8208	2.7878	2.7756	2.7609	2.7547	2.7991	2.7904	2.775	2.7837	2.764	2.7598	2.77	2.7952	2.7997	2.7765	2.788	2.8009	2.7898	2.7815	2.7868	2.7733	2.7545	2.7924	2.7931	2.8	2.7841	2.8038	2.8067	2.7858	2.8054	2.7932	2.8063	2.8138	2.804
2.7705	2.7624	2.7892	2.7828	2.7707	2.7745	2.751	2.7695	2.7652	2.7363	2.79	2.7943	2.7923	2.7717	2.7682	2.7507	2.7766	2.794	2.8078	2.7818	2.7888	2.8014	2.749	2.8138	2.7891	2.7749	2.7686	2.7941	2.7621	2.8116	2.836	2.8152	2.8339	2.7998	2.7904	2.775	2.7947	2.7235	2.7454	2.8099	2.7657	2.742	2.7468	2.7313	2.762	2.7209	2.7475	2.7559	2.7717	2.8348	2.9887	3.0351	3.0559	3.0694	3.0054	2.8872	2.7916	2.7666	2.7407	2.7305	2.7773	2.7145	2.693	2.7383	2.7362	2.7856	2.7551	2.7403	2.7526	2.7643	2.7524	2.7611	2.7717	2.7717	2.7773	2.7615	2.7686	2.782	2.7729	2.7315	2.8193	2.7569	2.7572	2.7638	2.795	2.794	2.7818	2.7814	2.7618	2.7243	2.7635	2.7663	2.7834	2.7752	2.7604	2.7806	2.7752	2.79	2.7727	2.7753	2.7499	2.8206	2.816	2.7267	2.7959	2.7733	2.8034	2.7917	2.7904	2.796	2.7848	2.7939	2.7976	2.7748	2.7362	2.7782	2.769	2.7863	2.7522	2.8656	3.1264	3.3508	3.4495	3.1229	2.8877	2.668	2.7165	3.2807	3.3561	3.1249	2.8645	2.7125	2.7257	2.7559	2.7511	2.7518	2.7431	2.7157	2.781	2.7486	2.7319	2.7284	2.7134	2.7509	2.7514	2.761	2.7564	2.7443	2.7696	2.7875	2.7758	2.745	2.7857	2.8106	2.7764	2.7621	2.7992	2.7616	2.7756	2.7909	2.7405	2.7753	2.7562	2.7749	2.776	2.7748	2.755	2.7864	2.7505	2.7701	2.7964	2.8508	2.8032	2.7733	2.7532	2.7346	2.7584	2.7277	2.7585	2.7761	2.7874	2.7714	2.7766	2.752	2.7631	2.7825	2.7849	2.7767	2.7597	2.7852	3.0004	3.426	2.7616	2.7338	2.9125	2.9877	3.0338	3.0576	2.9799	2.9086	2.8213	2.7202	2.4876	2.5538	3.0052	2.8097	2.7509	2.742	2.7277	2.7421	2.7746	2.7568	2.7603	2.7486	2.7435	2.77	2.7867	2.7855	2.7633	2.764	2.7528	2.7867	2.8019	2.7659	2.788	2.748	2.7318	2.7347	2.7668	2.7539	2.7778	2.7718	2.7604	2.7897	2.8183	2.7733	2.7743	2.7413	2.7582	2.7862	2.7943	2.7668	2.7607	2.8028	2.8127	2.7892	2.7837	2.7557	2.7724	2.7994	2.7848	2.8319	2.7635	2.765	2.7748	2.8088
2.7822	2.7702	2.7896	2.7966	2.7761	2.7987	2.8024	2.8119	2.78	2.7979	2.8009	2.8155	2.7722	2.8137	2.7382	2.7747	2.7648	2.8143	2.7643	2.7503	2.7552	2.7589	2.761	2.7777	2.7947	2.7815	2.7747	2.7799	2.7921	2.788	2.8208	2.7332	2.6957	2.8128	2.774	2.7943	2.7824	2.8164	2.8262	2.8265	2.7635	2.7622	2.7683	2.7887	2.7644	2.7589	2.7207	2.758	2.7414	2.7436	2.7208	2.7114	2.7347	2.7444	2.7402	2.7371	2.7424	2.7208	2.7254	2.767	2.6881	2.6878	2.7225	2.6985	2.7533	2.748	2.7118	2.6897	2.6962	2.7379	2.747	2.7791	2.7383	2.7348	2.7482	2.749	2.7421	2.7793	2.7657	2.7571	2.7568	2.7642	2.7559	2.7916	2.7917	2.7621	2.7704	2.748	2.7385	2.79	2.8483	2.7862	2.7752	2.773	2.789	2.8036	2.7684	2.7574	2.7425	2.7543	2.764	2.7682	2.7814	2.7415	2.7678	2.7851	2.771	2.7454	2.7651	2.7699	2.7808	2.7592	2.7839	2.7531	2.7627	2.7679	2.7584	2.7223	2.7166	2.7188	2.7344	2.7484	2.7808	2.785	2.7961	2.7996	2.7698	2.7383	2.7111	2.7086	2.7022	2.7091	2.7254	2.7428	2.748	2.7539	2.7433	2.7251	2.7131	2.7367	2.704	2.7622	2.7483	2.7422	2.7822	2.7617	2.7471	2.7468	2.7582	2.7613	2.7457	2.8022	2.7793	2.7767	2.7796	2.7642	2.7188	2.7817	2.7849	2.7805	2.7503	2.7209	2.7308	2.7574	2.7965	2.7891	2.7776	2.7935	2.7594	2.7642	2.7591	2.7911	2.8081	2.7892	2.7786	2.7884	2.8044	2.7874	2.7769	2.77	2.7802	2.7909	2.7591	2.7923	2.8007	2.7804	2.7721	2.7782	2.7624	2.7553	2.7604	2.8032	2.9081	3.1182	3.3616	3.2817	3.0359	2.8418	3.0147	3.2865	3.3499	3.1264	2.9298	2.8369	2.7492	2.7504	2.7662	2.7469	2.746	2.7616	2.7555	2.7427	2.765	2.7627	2.7819	2.7638	2.7863	2.7923	2.7748	2.763	2.7746	2.7869	2.8001	2.7969	2.7769	2.7693	2.789	2.7629	2.7684	2.7663	2.8166	2.7871	2.8034	2.819	2.7787	2.7758	2.8207	2.7828	2.8157	2.8304	2.8145	2.8083	2.8159	2.8091	2.8328	2.8089	2.7872	2.786	2.7836	2.7755	2.7728	2.7818	2.814	2.7917	2.7528	2.7849
2.751	2.7579	2.759	2.7852	2.7967	2.7877	2.8057	2.8089	2.786	2.7752	2.7593	2.757	2.7724	2.7578	2.7854	2.7811	2.7717	2.7898	2.7843	2.7725	2.7512	2.7657	2.7908	2.7447	2.7722	2.8057	2.8077	2.7866	2.7837	2.7652	2.7583	2.8066	2.7925	2.785	2.7781	2.7704	2.7689	2.771	2.7534	2.7693	2.7429	2.7917	2.7858	2.7681	2.7943	2.7736	2.7575	2.766	2.7564	2.7242	2.7202	2.6996	2.7063	2.7299	2.7442	2.764	2.7643	2.7508	2.7102	2.7164	2.6991	2.7534	2.7649	2.7387	2.7693	2.7583	2.7472	2.7215	2.7617	2.7682	2.7497	2.7592	2.7581	2.7672	2.7836	2.785	2.763	2.7522	2.7633	2.7943	2.7581	2.7622	2.7819	2.756	2.7736	2.7522	2.7526	2.7798	2.7775	2.7699	2.7737	2.7908	2.7637	2.7878	2.7754	2.7304	2.7863	2.7949	2.7734	2.7695	2.7575	2.7952	2.8117	2.7879	2.7538	2.7483	2.741	2.777	2.7937	2.7912	2.7594	2.7914	2.8125	2.7624	2.8295	2.7886	2.7525	2.7485	2.7289	2.7378	2.7382	2.7375	2.734	2.7185	2.7371	2.7587	2.7465	2.7283	2.729	2.739	2.7303	2.701	2.7164	2.74	2.7311	2.7438	2.7599	2.7185	2.7346	2.7649	2.7459	2.7817	2.7559	2.7522	2.7755	2.7475	2.7419	2.7903	2.8086	2.8003	2.7507	2.757	2.7975	2.8276	2.807	2.8073	2.803	2.7722	2.7619	2.7899	2.7623	2.7592	2.6978	2.8197	2.7855	2.7605	2.7585	2.7186	2.7318	2.7621	2.7396	2.7312	2.7745	2.763	2.7528	2.8055	2.7784	2.7205	2.7847	2.8041	2.7931	2.7798	2.8155	2.7986	2.7778	2.779	2.7416	2.7552	2.7891	2.7906	2.7716	2.7244	2.7314	2.7523	2.7673	2.8	2.8398	2.8382	2.8501	2.7949	2.7699	2.7581	2.7557	2.6999	2.7277	2.7365	2.7636	2.7856	2.7885	2.7762	2.7633	2.7655	2.7898	2.7765	2.7631	2.7773	2.7807	2.7926	2.796	2.7654	2.8041	2.8277	2.7984	2.7823	2.7696	2.7686	2.6972	2.7403	2.7917	2.821	2.8145	2.8115	2.8261	2.7797	2.7833	2.8232	2.785	2.765	2.7587	2.7769	2.763	2.7497	2.7663	2.8011	2.7707	2.7668	2.8093	2.8067	2.8015	2.7975	2.7931	2.7629	2.7825	2.7818	2.8122	2.8198
2.7689	2.7779	2.74	2.7573	2.7815	2.7626	2.778	2.7704	2.7577	2.7839	2.7947	2.7762	2.8017	2.7893	2.7621	2.7774	2.7529	2.7506	2.768	2.7881	2.7845	2.766	2.7732	2.7959	2.808	2.7818	2.731	2.7917	2.7683	2.744	2.7466	2.7574	2.7619	2.7933	2.8047	2.7309	2.7956	2.7813	2.7941	2.7697	2.7684	2.7708	2.7479	2.6684	2.763	2.7785	2.7709	2.7803	2.7234	2.7339	2.742	2.7367	2.7491	2.7331	2.7442	2.7094	2.7383	2.7422	2.7398	2.7235	2.7499	2.7538	2.7555	2.7526	2.704	2.7503	2.7478	2.7489	2.7732	2.7568	2.7586	2.7351	2.7788	2.8115	2.8138	2.7765	2.7697	2.7467	2.75	2.7875	2.7947	2.7933	2.7717	2.7606	2.7354	2.78	2.7806	2.7921	2.7916	2.7715	2.6806	2.7463	2.7822	2.7705	2.7658	2.7785	2.7575	2.7492	2.7618	2.7407	2.7454	2.7546	2.7559	2.7881	2.7843	2.7952	2.7614	2.7636	2.764	2.7563	2.7533	2.7912	2.782	2.7498	2.7617	2.7535	2.7085	2.6966	2.7644	2.777	2.7607	2.7365	2.7543	2.7634	2.7655	2.7279	2.7289	2.7814	2.763	2.7416	2.7618	2.7317	2.7368	2.734	2.7314	2.7498	2.74	2.7437	2.759	2.7721	2.7475	2.7562	2.7642	2.7574	2.7701	2.7672	2.771	2.7704	2.7319	2.7012	2.7184	2.7678	2.8034	2.7742	2.7716	2.7871	2.7574	2.7528	2.7633	2.7574	2.7648	2.761	2.8015	2.8146	2.7879	2.7728	2.7478	2.752	2.7982	2.8057	2.7816	2.8263	2.796	2.77	2.7987	2.77	2.7864	2.7939	2.7527	2.777	2.8035	2.8078	2.7242	2.7877	2.7922	2.775	2.7727	2.7405	2.7438	2.7235	2.7553	2.7427	2.7556	2.7314	2.7264	2.7205	2.73	2.7239	2.7306	2.7672	2.7697	2.7706	2.7469	2.7418	2.7358	2.7279	2.7342	2.7658	2.7757	2.768	2.7582	2.7622	2.766	2.7769	2.7762	2.7764	2.7517	2.7964	2.7889	2.8176	2.7938	2.8007	2.7713	2.7918	2.7747	2.7846	2.7867	2.7845	2.8108	2.7973	2.7892	2.7738	2.7621	2.7866	2.8156	2.7769	2.7938	2.7638	2.7588	2.7986	2.7919	2.8033	2.8274	2.8177	2.8093	2.8033	2.8007	2.8009	2.8645	2.8312	2.7887	2.7865	2.7827	2.7961	2.7964	2.7783
2.752	2.7832	2.7887	2.7613	2.7596	2.7742	2.7407	2.7474	2.7849	2.7605	2.7329	2.7494	2.804	2.8551	2.7312	2.6919	2.7427	2.7566	2.7723	2.7716	2.7738	2.7639	2.7462	2.7718	2.8	2.7558	2.8039	2.7504	2.7789	2.8003	2.7731	2.7713	2.7886	2.801	2.7698	2.7891	2.8073	2.7866	2.7848	2.7359	2.753	2.7641	2.7474	2.7788	2.7627	2.7749	2.7618	2.7924	2.7396	2.7605	2.7284	2.7226	2.7382	2.7111	2.7201	2.7569	2.7142	2.7112	2.7214	2.7439	2.7615	2.7751	2.7404	2.7055	2.7389	2.7325	2.7298	2.7856	2.7697	2.7244	2.745	2.7671	2.7702	2.7808	2.6706	2.5852	2.765	2.7679	2.7795	2.7433	2.7582	2.788	2.7801	2.8099	2.8102	2.7549	2.7604	2.7815	2.7823	2.8098	2.7538	2.7892	2.7408	2.7769	2.7691	2.7599	2.7583	2.7662	2.7964	2.8036	2.7474	2.8022	2.8384	2.7717	2.7361	2.7842	2.7655	2.7638	2.7981	2.8015	2.7701	2.7654	2.7746	2.7996	2.774	2.7622	2.7813	2.7159	2.7592	2.7506	2.7556	2.7255	2.7249	2.7499	2.7461	2.731	2.7402	2.7348	2.7284	2.7491	2.733	2.7285	2.7278	2.7121	2.7075	2.7427	2.7545	2.7475	2.743	2.7528	2.7591	2.7525	2.7899	2.7871	2.7832	2.7779	2.7831	2.7717	2.7976	2.7909	2.7667	2.7905	2.7866	2.7867	2.7911	2.8005	2.7703	2.7812	2.7805	2.7745	2.7707	2.7622	2.7699	2.8008	2.796	2.7399	2.8059	2.773	2.7631	2.7861	2.7579	2.7538	2.773	2.7994	2.798	2.7623	2.7443	2.7826	2.7929	2.772	2.7487	2.7534	2.7541	2.8043	2.7639	2.7834	2.7567	2.7778	2.7783	2.798	2.7657	2.7744	2.7711	2.7517	2.7838	2.7555	2.7291	2.7347	2.7163	2.6794	2.7039	2.7739	2.6694	2.7681	2.7432	2.7368	2.7621	2.7769	2.7772	2.7866	2.7729	2.7586	2.7834	2.7947	2.7895	2.7833	2.7702	2.7702	2.7946	2.8039	2.774	2.804	2.7849	2.7777	2.7728	2.7782	2.7951	2.7876	2.7802	2.7615	2.7913	2.7861	2.7571	2.7604	2.7825	2.787	2.7777	2.722	2.767	2.8216	2.7853	2.7879	2.8007	2.8108	2.804	2.7972	2.7893	2.7761	2.7804	2.7922	2.7844	2.7544	2.7911	2.8187	2.8094	2.8004
2.7453	2.7413	2.7333	2.7505	2.7049	2.7388	2.7544	2.7426	2.743	2.7633	2.7933	2.7405	2.6517	2.6291	2.7494	2.7433	2.75	2.7616	2.801	2.7591	2.7225	2.7069	2.7542	2.7735	2.733	2.7347	2.7267	2.744	2.7501	2.7307	2.7332	2.746	2.7707	2.7676	2.7391	2.7434	2.7585	2.7275	2.7401	2.7703	2.7757	2.7528	2.7187	2.7248	2.7134	2.6929	2.7191	2.7647	2.7513	2.7478	2.7495	2.7414	2.7302	2.7679	2.7524	2.7361	2.6822	2.7006	2.7086	2.729	2.7276	2.7036	2.7188	2.7513	2.7563	2.7717	2.7555	2.7391	2.7505	2.759	2.7478	2.7292	2.7805	2.756	2.7669	2.7733	2.7954	2.7534	2.7206	2.7569	2.7156	2.7604	2.7613	2.7509	2.7534	2.7418	2.7604	2.7874	2.7752	2.7715	2.7615	2.7657	2.7748	2.79	2.7681	2.7785	2.7723	2.7581	2.7517	2.7312	2.7866	2.7777	2.795	2.7915	2.7562	2.7608	2.7484	2.7803	2.7773	2.8124	2.7739	2.7786	2.7994	2.7831	2.7591	2.7367	2.7662	2.7573	2.7574	2.7503	2.7704	2.7659	2.7508	2.7456	2.768	2.7841	2.7917	2.7457	2.7376	2.6904	2.7471	2.7413	2.7794	2.7658	2.77	2.772	2.7612	2.7507	2.7517	2.7195	2.7512	2.7836	2.766	2.7709	2.7992	2.7292	2.7482	2.7912	2.7997	2.773	2.7691	2.7583	2.7703	2.7964	2.7814	2.7856	2.7423	2.7425	2.7951	2.7406	2.7911	2.7964	2.7707	2.7743	2.7911	2.8007	2.7737	2.7628	2.8059	2.7967	2.8026	2.7833	2.7924	2.7715	2.7868	2.8097	2.7974	2.7805	2.7854	2.7732	2.7802	2.7795	2.7989	2.8086	2.8025	2.8024	2.8442	2.7747	2.7785	2.7597	2.78	2.7832	2.7567	2.7527	2.7109	2.7337	2.7883	2.7683	2.7694	2.782	2.7651	2.7404	2.7424	2.754	2.7533	2.764	2.7465	2.7574	2.7712	2.7759	2.7706	2.7864	2.8	2.775	2.7637	2.8445	2.8011	2.8271	2.8025	2.8033	2.8277	2.8145	2.8106	2.8052	2.8028	2.8239	2.8074	2.7853	2.8215	2.8092	2.8142	2.7806	2.7975	2.7772	2.739	2.7879	2.8052	2.807	2.8041	2.807	2.8058	2.7884	2.7806	2.8102	2.8117	2.7803	2.7874	2.7911	2.7741	2.7901	2.8005	2.8113	2.8015	2.7938	2.7958	2.8122
2.7609	2.8106	2.7682	2.7813	2.7583	2.7799	2.774	2.7749	2.7647	2.7651	2.7494	2.7554	2.8486	2.8163	2.8104	2.7626	2.756	2.7605	2.7608	2.7743	2.745	2.7274	2.7558	2.7509	2.7523	2.7517	2.7278	2.782	2.7547	2.7793	2.769	2.7371	2.8067	2.7759	2.769	2.7977	2.7937	2.7646	2.7745	2.7788	2.7757	2.7848	2.8098	2.7779	2.755	2.7402	2.7343	2.7478	2.7634	2.7536	2.7519	2.6917	2.7517	2.7197	2.7371	2.7384	2.7521	2.7579	2.7711	2.7398	2.7329	2.7666	2.7786	2.7466	2.7396	2.6145	2.7619	2.7901	2.7796	2.7698	2.7504	2.7486	2.7594	2.7722	2.7911	2.7547	2.7492	2.7511	2.7715	2.7994	2.769	2.7361	2.7455	2.7391	2.6638	2.7956	2.787	2.777	2.7532	2.7442	2.7661	2.772	2.7676	2.7627	2.7644	2.7437	2.7758	2.785	2.7739	2.7778	2.7857	2.76	2.7989	2.7985	2.8032	2.7773	2.7911	2.7711	2.7638	2.7594	2.7694	2.74	2.7577	2.7692	2.7694	2.7788	2.7521	2.7374	2.7821	2.7913	2.7622	2.7657	2.7678	2.7797	2.7501	2.7497	2.7361	2.7583	2.7723	2.734	2.7166	2.7444	2.7693	2.7644	2.7751	2.7704	2.7582	2.7329	2.7159	2.7381	2.7725	2.7742	2.7811	2.7835	2.7567	2.7487	2.7267	2.7751	2.7817	2.7605	2.7575	2.7398	2.7689	2.7475	2.7692	2.7829	2.7654	2.7268	2.7053	2.7583	2.7892	2.7876	2.7881	2.7816	2.7915	2.803	2.7847	2.789	2.7715	2.7946	2.7842	2.787	2.7835	2.7933	2.7726	2.7529	2.775	2.7598	2.7355	2.7845	2.78	2.765	2.8033	2.7689	2.7884	2.8131	2.7749	2.787	2.8013	2.7702	2.733	2.7578	2.7716	2.7677	2.7757	2.7724	2.735	2.7914	2.7973	2.7448	2.7575	2.7201	2.7513	2.7407	2.7477	2.7642	2.7673	2.7648	2.7577	2.7552	2.7909	2.7968	2.7719	2.7849	2.796	2.8071	2.7763	2.7563	2.7718	2.7813	2.7646	2.7629	2.7855	2.8197	2.7713	2.7721	2.7808	2.7751	2.7955	2.779	2.7753	2.7713	2.706	2.7988	2.7969	2.7691	2.7882	2.775	2.7654	2.7689	2.7664	2.7494	2.7518	2.7757	2.7669	2.7498	2.7871	2.7848	2.7885	2.7888	2.775	2.8179	2.7928	2.7938	2.7692	2.795
2.7842	2.8031	2.7759	2.789	2.7574	2.7365	2.7428	2.7357	2.7552	2.7503	2.7654	2.834	2.9151	3.0341	3.0835	3.113	3.0177	2.9082	2.8875	2.8052	2.7482	2.7471	2.7403	2.7143	2.7854	2.7347	2.7401	2.747	2.7471	2.7565	2.7385	2.7555	2.7726	2.7801	2.7803	2.7723	2.7727	2.7998	2.7697	2.7667	2.7842	2.7671	2.767	2.7621	2.7478	2.7516	2.7716	2.7457	2.7381	2.7794	2.7376	2.7361	2.7526	2.7782	2.7757	2.7499	2.7013	2.751	2.7516	2.7377	2.7501	2.7613	2.7375	2.7291	2.736	2.7269	2.7712	2.7582	2.7702	2.7466	2.7384	2.7605	2.7458	2.7513	2.7658	2.8117	2.7914	2.7946	2.7552	2.7419	2.7502	2.756	2.7624	2.7598	2.7449	2.7556	2.7752	2.7945	2.7405	2.7685	2.7961	2.7252	2.74	2.7382	2.7157	2.7655	2.7638	2.7862	2.7383	2.7629	2.7446	2.7567	2.7786	2.784	2.7903	2.7527	2.7846	2.7755	2.7835	2.8011	2.7779	2.7735	2.7937	2.803	2.7929	2.7722	2.7623	2.7477	2.7509	2.7637	2.7695	2.7856	2.7902	2.7781	2.7404	2.7678	2.7312	2.736	2.763	2.7505	2.7298	2.7188	2.7586	2.7444	2.7542	2.7299	2.749	2.7783	2.7269	2.7395	2.7578	2.7402	2.7715	2.7706	2.7394	2.7877	2.7379	2.7322	2.7293	2.7556	2.7812	2.7914	2.7973	2.7875	2.7571	2.7593	2.7673	2.7666	2.7489	2.7478	2.7643	2.7756	2.7667	2.7917	2.7917	2.7887	2.7398	2.7394	2.7967	2.7604	2.73	2.7504	2.8248	2.7735	2.7956	2.7788	2.7715	2.7769	2.7826	2.7624	2.7574	2.7611	2.781	2.7856	2.7926	2.7563	2.8033	2.8167	2.7898	2.7955	2.7521	2.7594	2.7667	2.78	2.7756	2.7917	2.7815	2.7495	2.7629	2.7822	2.7801	2.7593	2.7484	2.7186	2.6826	2.7224	2.7398	2.773	2.7996	2.7639	2.7614	2.7901	2.7846	2.7655	2.7972	2.7997	2.7795	2.7668	2.777	2.7955	2.7844	2.7771	2.7909	2.7793	2.7956	2.7791	2.7581	2.7304	2.7802	2.7444	2.7926	2.7571	2.7321	2.7839	2.7888	2.7723	2.7591	2.7801	2.769	2.781	2.802	2.7814	2.7898	2.8091	2.7838	2.7839	2.7968	2.7963	2.8031	2.7921	2.7146	2.7634	2.7643	2.8068	2.8006	2.8036
2.757	2.7444	2.7479	2.776	2.7665	2.726	2.7151	2.7997	2.8683	3.0548	3.4078	3.4961	3.4462	3.7341	3.6186	3.2317	3.2944	3.2837	3.3285	3.2548	2.9897	2.8312	2.7701	2.7703	2.7892	2.7566	2.774	2.7906	2.7636	2.7493	2.7545	2.7721	2.7486	2.797	2.7739	2.7458	2.7536	2.7594	2.7963	2.7568	2.7787	2.7662	2.7798	2.7603	2.7449	2.7382	2.7473	2.7467	2.7515	2.6958	2.7333	2.7589	2.7335	2.7607	2.7581	2.7544	2.7422	2.7531	2.7759	2.7712	2.7329	2.7139	2.6971	2.7243	2.75	2.7595	2.7697	2.7688	2.7704	2.7741	2.7644	2.7562	2.7676	2.7743	2.7852	2.7914	2.7815	2.7841	2.7321	2.7705	2.7163	2.7562	2.7881	2.848	2.9771	3.1358	3.2907	3.2921	3.1153	2.9832	2.8646	2.8043	2.8047	2.792	2.743	2.7557	2.7805	2.7898	2.768	2.7675	2.7696	2.773	2.7348	2.7173	2.7648	2.7584	2.7291	2.7715	2.7816	2.764	2.7754	2.7732	2.7693	2.7571	2.749	2.7525	2.7515	2.7528	2.7242	2.7125	2.7577	2.7671	2.7535	2.7592	2.737	2.7714	2.6978	2.7499	2.7578	2.7765	2.7107	2.7434	2.7649	2.7664	2.7588	2.7351	2.7497	2.7621	2.7863	2.7531	2.7755	2.7826	2.7364	2.7489	2.7859	2.737	2.8191	2.7761	2.7902	2.7697	2.7649	2.7722	2.765	2.7823	2.738	2.7468	2.7539	2.7834	2.7749	2.7545	2.7513	2.7694	2.7936	2.789	2.7555	2.7358	2.7658	2.7687	2.7455	2.76	2.8056	2.7884	2.7869	2.7837	2.7629	2.7455	2.7862	2.7577	2.7692	2.7991	2.7883	2.7614	2.76	2.7725	2.7437	2.7197	2.7551	2.7301	2.8059	2.7875	2.7597	2.7632	2.7468	2.7368	2.7288	2.7385	2.7554	2.752	2.7314	2.7367	2.7469	2.7458	2.7633	2.7896	2.787	2.7442	2.7222	2.7308	2.7485	2.7607	2.7801	2.7759	2.7694	2.7699	2.7911	2.8009	2.7649	2.7518	2.7653	2.7528	2.7799	2.8078	2.8071	2.7822	2.7818	2.7561	2.7491	2.7704	2.7764	2.7797	2.7876	2.7591	2.7332	2.8013	2.7726	2.8052	2.7633	2.7218	2.759	2.7697	2.7885	2.8112	2.8095	2.7682	2.7661	2.7805	2.7899	2.8063	2.8215	2.8186	2.7898	2.7825	2.7955	2.7576	2.754	2.779
2.753	2.7862	2.7545	2.7349	2.748	2.6981	2.8258	3.0143	3.4651	3.6082	3.5299	2.9828	3.1488	3.1974	3.2087	3.202	3.1568	3.1262	3.0423	2.7642	3.254	3.2731	2.9063	2.7644	2.7463	2.7394	2.7856	2.7275	2.7403	2.7463	2.7755	2.7809	2.7646	2.7432	2.7395	2.7577	2.767	2.7518	2.7445	2.7778	2.759	2.7676	2.7913	2.7915	2.769	2.7824	2.779	2.7778	2.7872	2.753	2.7802	2.778	2.7228	2.7364	2.7697	2.7445	2.7713	2.7174	2.732	2.7714	2.7338	2.7711	2.7718	2.7381	2.7364	2.7825	2.8059	2.7944	2.7571	2.7367	2.756	2.7871	2.7716	2.7281	2.7441	2.7353	2.7655	2.761	2.7634	2.7771	2.7848	2.9849	3.4601	3.4293	3.4793	3.518	3.1835	2.7963	3.0198	3.1818	3.4172	3.4044	3.0149	2.8489	2.7976	2.7864	2.7607	2.7441	2.7444	2.7344	2.7667	2.7405	2.7291	2.7615	2.7627	2.745	2.7517	2.7745	2.772	2.7562	2.7812	2.7705	2.7594	2.7251	2.741	2.7388	2.7461	2.7218	2.7154	2.7682	2.7443	2.719	2.7668	2.7653	2.754	2.7492	2.7579	2.771	2.7483	2.7574	2.7906	2.7902	2.7785	2.7512	2.7305	2.701	2.7248	2.779	2.7744	2.7538	2.7511	2.7876	2.7718	2.7501	2.7439	2.7644	2.7905	2.7318	2.7711	2.7739	2.8205	2.7278	2.7394	2.7678	2.7981	2.8384	2.8869	3.1741	3.3699	3.3555	3.2597	3.1216	3.0169	2.8754	2.7554	2.7674	2.7536	2.7738	2.7629	2.7358	2.7796	2.7931	2.7204	2.7526	2.721	2.7409	2.7855	2.7765	2.7768	2.7838	2.7756	2.7936	2.7897	2.7599	2.7823	2.7838	2.7659	2.7322	2.7743	2.7549	2.7293	2.7787	2.7826	2.747	2.7565	2.7513	2.7556	2.7325	2.7284	2.728	2.7757	2.6909	2.6905	2.7211	2.7386	2.7326	2.739	2.7383	2.7688	2.7439	2.758	2.7821	2.7759	2.763	2.7508	2.7938	2.7788	2.7541	2.7843	2.7747	2.7521	2.7819	2.7732	2.7777	2.7639	2.7516	2.7395	2.7639	2.7654	2.7773	2.8045	2.8175	2.8316	2.7535	2.7996	2.8173	2.8195	2.8144	2.7816	2.7641	2.8059	2.7733	2.7817	2.7673	2.7675	2.7741	2.7709	2.7507	2.7754	2.7622	2.7886	2.7943	2.7648	2.7646	2.7834	2.7846
2.7156	2.7295	2.7714	2.7393	2.7187	2.7942	3.2104	3.4325	3.1716	3.128	3.2287	3.3026	3.2876	3.2939	3.2583	3.2625	3.3306	3.3138	3.2764	3.2598	3.13	2.8707	3.0272	3.0532	2.806	2.7606	2.7364	2.7608	2.7703	2.7815	2.7749	2.7724	2.7803	2.7796	2.7505	2.7341	2.7437	2.7774	2.7694	2.7603	2.7187	2.7405	2.775	2.7878	2.7525	2.7397	2.7552	2.7675	2.7399	2.7393	2.74	2.7669	2.7433	2.7365	2.7196	2.7688	2.7499	2.7493	2.7514	2.7347	2.737	2.7586	2.7368	2.7457	2.7498	2.7256	2.7771	2.7778	2.7749	2.7528	2.7889	2.761	2.7548	2.7775	2.7503	2.7483	2.7735	2.7512	2.8027	3.2148	3.4133	3.5257	3.0175	3.0128	3.0974	3.1828	3.2161	3.2402	3.229	3.1838	3.0722	2.8573	2.9429	3.2295	3.1221	2.8423	2.7475	2.738	2.7531	2.7408	2.7305	2.7279	2.7354	2.7419	2.755	2.7438	2.7329	2.7567	2.7903	2.7745	2.771	2.7376	2.763	2.7265	2.7157	2.7463	2.7278	2.7118	2.7048	2.7049	2.7249	2.7414	2.7232	2.7286	2.7365	2.7249	2.7659	2.7418	2.7045	2.7186	2.7137	2.7311	2.7231	2.7114	2.7628	2.7189	2.7474	2.7296	2.7412	2.7186	2.7582	2.7278	2.7273	2.7734	2.7784	2.8119	2.7866	2.7712	2.7827	2.7558	2.7604	2.7409	2.8147	2.9974	3.3239	3.4121	3.3825	3.4474	3.1024	2.8244	2.7907	2.884	3.1692	3.4968	3.3657	3.0151	2.805	2.7682	2.754	2.7504	2.7574	2.7555	2.7283	2.7327	2.7587	2.7296	2.729	2.7494	2.7698	2.8057	2.8045	2.7584	2.7814	2.7956	2.7499	2.7451	2.7496	2.7621	2.7536	2.7108	2.7241	2.7615	2.7477	2.757	2.7528	2.7401	2.7504	2.7684	2.7616	2.7716	2.7725	2.7553	2.7301	2.7673	2.783	2.766	2.741	2.7628	2.7629	2.7846	2.7566	2.7452	2.7654	2.7684	2.7821	2.7565	2.7868	2.7733	2.7705	2.7892	2.787	2.7975	2.7757	2.7517	2.7541	2.7492	2.7868	2.821	2.9106	3.132	3.4393	3.5126	3.6132	3.5606	3.3918	2.849	3.0155	2.7722	2.7635	2.7862	2.7397	2.7066	2.7166	2.7298	2.746	2.7416	2.7555	2.8004	2.7654	2.7693	2.7401	2.7763	2.7933	2.8046	2.7904	2.7853
2.7379	2.7718	2.7712	2.74	2.8565	3.0595	3.3968	3.219	3.1971	3.2524	3.2733	3.2795	3.2806	3.2747	3.2369	3.2167	3.2624	3.2763	3.2685	3.2579	3.2595	3.2203	3.0703	2.7045	3.1144	2.901	2.751	2.7172	2.7443	2.7541	2.7304	2.7673	2.7321	2.7316	2.7322	2.7742	2.7645	2.7435	2.7848	2.7968	2.7241	2.7626	2.7419	2.7395	2.7694	2.7229	2.7358	2.7576	2.7522	2.744	2.7143	2.7021	2.7602	2.7509	2.7254	2.7694	2.7285	2.7093	2.7409	2.72	2.7029	2.7578	2.7471	2.7689	2.7363	2.7439	2.7433	2.7399	2.7677	2.7495	2.7459	2.7413	2.7613	2.7425	2.759	2.7697	2.7535	2.8566	3.1947	3.6049	3.2143	3.0931	3.197	3.2186	3.259	3.2428	3.2236	3.2324	3.236	3.2723	3.2778	3.2732	3.1652	2.9899	2.7946	2.9378	2.8167	2.7202	2.7174	2.7308	2.7224	2.7466	2.7965	2.7461	2.7111	2.735	2.7233	2.7585	2.7643	2.7419	2.7302	2.7477	2.7409	2.7244	2.743	2.7137	2.7306	2.7227	2.7291	2.7372	2.7341	2.7552	2.724	2.7341	2.7346	2.727	2.7217	2.7393	2.751	2.7292	2.7459	2.7294	2.7253	2.7237	2.6657	2.7454	2.7897	2.7266	2.7387	2.7205	2.7827	2.7254	2.7363	2.7364	2.7419	2.5174	2.4337	2.7081	2.7407	2.7418	2.7574	2.8709	3.3925	3.3887	3.6794	3.0127	3.0803	3.1967	3.2322	3.236	3.2488	3.224	3.1414	3.099	2.9389	2.6992	3.2567	2.9499	2.7874	2.7457	2.7293	2.7439	2.7387	2.7304	2.7381	2.7747	2.7769	2.7639	2.7795	2.9407	2.8456	2.7782	2.7374	2.7299	2.7592	2.7131	2.7789	2.7628	2.7308	2.7518	2.7709	2.7159	2.7271	2.7497	2.7361	2.7522	2.7577	2.7542	2.7405	2.7695	2.7368	2.7412	2.7638	2.7516	2.7708	2.741	2.7528	2.7589	2.7575	2.7321	2.7301	2.7324	2.7494	2.7575	2.744	2.7655	2.813	2.7797	2.771	2.7894	2.7849	2.7944	2.7722	2.7888	2.814	2.8142	3.3715	3.4926	3.4988	3.6123	2.912	2.9292	2.9197	2.9356	2.8892	2.9177	2.7901	3.0154	3.0436	2.8718	2.7772	2.7761	2.7618	2.7778	2.7701	2.7819	2.8199	2.8147	2.7538	2.7902	2.7983	2.7636	2.7752	2.7719	2.7781	2.7733
2.7537	2.767	2.743	2.7858	3.2238	3.2787	3.2035	3.2187	3.2403	3.1656	3.2351	3.2439	3.2461	3.2279	3.2572	3.2394	3.2279	3.1718	3.2649	3.2895	3.2855	3.2944	3.2783	3.0948	2.8552	2.7624	2.8287	2.7498	2.7224	2.7376	2.7768	2.7737	2.7597	2.7304	2.724	2.7647	2.7363	2.7545	2.7449	2.7815	2.7808	2.7585	2.7415	2.7573	2.7262	2.7037	2.7376	2.7324	2.752	2.7302	2.7304	2.7145	2.7218	2.7365	2.7595	2.7338	2.7063	2.7045	2.7107	2.6978	2.738	2.76	2.7101	2.7373	2.7547	2.7379	2.6812	2.7138	2.7234	2.761	2.7367	2.7705	2.7629	2.7431	2.7609	2.7197	2.8136	3.3128	3.3328	3.1392	3.2109	3.2267	3.2522	3.2898	3.285	3.2466	3.252	3.1753	3.2686	3.3028	3.2675	3.2635	3.2584	3.202	3.1959	2.911	2.825	2.8702	2.748	2.7197	2.7358	2.7652	2.7435	2.7207	2.7039	2.7659	2.7652	2.7562	2.716	2.7537	2.7212	2.7325	2.7338	2.7455	2.7379	2.738	2.7093	2.6948	2.7298	2.7593	2.7457	2.7359	2.7537	2.75	2.7497	2.7191	2.732	2.7466	2.7082	2.6912	2.7276	2.7253	2.7038	2.704	2.7391	2.7412	2.7277	2.7757	2.7515	2.7475	2.7408	2.77	2.7318	2.7423	2.7482	2.7992	2.7635	2.737	2.7219	2.7458	2.958	3.2682	3.1351	3.0553	3.2072	3.2466	3.2595	3.2581	3.2708	3.2727	3.2845	3.2621	3.2563	3.3142	3.2241	3.1665	2.961	2.6897	3.0559	2.7426	2.7377	2.7311	2.7096	2.7448	2.7327	2.7525	2.7753	2.7641	2.7845	2.6209	2.3857	2.7787	2.7774	2.7594	2.7257	2.707	2.7344	2.7331	2.7426	2.7323	2.7851	2.7925	2.7664	2.7531	2.734	2.7497	2.7019	2.6978	2.7373	2.7326	2.7317	2.7778	2.7455	2.7	2.7446	2.7617	2.7454	2.7368	2.7721	2.7736	2.7641	2.7546	2.7635	2.7864	2.7934	2.8019	2.7727	2.7855	2.7745	2.7899	2.7851	2.7742	2.7924	2.7686	3.0205	3.3555	3.5353	3.1227	3.1163	3.1746	3.2453	3.2665	3.2731	3.2862	3.2264	3.2497	3.1656	2.9686	2.9485	3.1671	2.9406	2.7852	2.7504	2.7113	2.7124	2.7419	2.7036	2.7038	2.7476	2.7751	2.7131	2.739	2.7162	2.7491	2.7523	2.7394
2.7422	2.7504	2.754	3.041	3.2302	3.1697	3.2159	3.2741	3.2463	3.2575	3.292	3.2061	3.2346	3.2284	3.2323	3.2359	3.2561	3.271	3.204	3.2267	3.2706	3.2642	3.2533	3.2534	3.1502	2.8437	2.8071	2.713	2.6842	2.7563	2.729	2.6865	2.7131	2.7315	2.7011	2.7047	2.7037	2.7038	2.7075	2.7221	2.7335	2.7471	2.7293	2.7399	2.7323	2.7903	2.7102	2.7242	2.7261	2.7376	2.7305	2.7342	2.7129	2.7504	2.7526	2.7209	2.6822	2.6915	2.7443	2.7474	2.743	2.7601	2.7562	2.6739	2.6928	2.7167	2.7374	2.7624	2.7453	2.7399	2.7336	2.7549	2.7506	2.7223	2.7472	2.8753	3.197	3.2445	3.1597	3.2162	3.2647	3.268	3.277	3.2656	3.2824	3.252	3.214	3.2189	3.235	3.2313	3.2219	3.1713	3.2496	3.3019	3.282	3.2163	2.8442	2.9525	2.9239	2.7875	2.769	2.7559	2.7331	2.7121	2.73	2.725	2.7366	2.7365	2.7122	2.722	2.7436	2.7142	2.768	2.7804	2.7552	2.7244	2.7339	2.794	2.7414	2.7349	2.7325	2.7185	2.7268	2.7136	2.7371	2.7415	2.7202	2.7228	2.7153	2.7339	2.7175	2.7196	2.7419	2.7236	2.7193	2.7232	2.7447	2.7335	2.7664	2.7805	2.7931	2.7773	2.7638	2.77	2.7843	2.7582	2.7304	2.7113	2.7858	2.9435	3.2652	3.1332	3.1602	3.2631	3.2696	3.2417	3.2879	3.2663	3.2385	3.2593	3.2838	3.275	3.3095	3.2323	3.2813	3.2514	3.2297	3.0251	2.7002	3.026	2.7893	2.7448	2.7541	2.7687	2.7765	2.7659	2.7389	2.7603	2.7588	2.7902	2.7909	2.7445	2.78	2.7828	2.7345	2.7335	2.7241	2.7106	2.737	2.756	2.7362	2.7548	2.7721	2.7651	2.767	2.7355	2.7405	2.734	2.7402	2.7141	2.7106	2.7368	2.7282	2.7175	2.7357	2.7496	2.7194	2.7393	2.7771	2.7568	2.776	2.7758	2.7463	2.7256	2.7626	2.7489	2.7713	2.7779	2.7699	2.7718	2.7748	2.7542	2.5571	2.126	3.2404	3.2363	3.1592	3.2083	3.2825	3.2967	3.2932	3.2949	3.3263	3.2846	3.2785	3.2946	3.2587	3.2292	3.2174	3.0889	2.6954	2.9647	2.8549	2.7498	2.7612	2.7262	2.7381	2.7311	2.755	2.7424	2.7527	2.756	2.7173	2.7676	2.7484	2.7383
2.7165	2.7151	2.8199	3.0901	3.2731	3.1813	3.2461	3.2539	3.1897	3.2687	3.2317	3.2084	3.2165	3.2461	3.2758	3.2622	3.2181	3.2403	3.2401	3.2484	3.2616	3.2486	3.2041	3.1899	3.2246	3.1336	2.5212	2.7763	2.7685	2.747	2.7378	2.7056	2.7028	2.7123	2.7254	2.6899	2.7324	2.7324	2.7249	2.7235	2.7157	2.7492	2.7676	2.7409	2.7435	2.7298	2.7293	2.7066	2.7379	2.6974	2.7337	2.7278	2.7295	2.7272	2.713	2.691	2.6659	2.7181	2.7261	2.7335	2.7284	2.7317	2.7467	2.7526	2.7437	2.7214	2.7329	2.6644	2.764	2.7353	2.7718	2.7513	2.7127	2.7155	2.7474	2.945	3.2205	3.107	3.2285	3.2626	3.2916	3.2926	3.2812	3.2614	3.248	3.2681	3.2416	3.2737	3.2293	3.2475	3.2634	3.2499	3.2509	3.234	3.2172	3.2425	3.2311	2.8849	2.6852	2.7732	2.7548	2.7238	2.7047	2.7052	2.7422	2.7688	2.7264	2.703	2.7463	2.7424	2.7323	2.7353	2.7404	2.7593	2.7144	2.7063	2.7151	2.7485	2.7538	2.7114	2.7169	2.7334	2.75	2.7393	2.7127	2.7281	2.7096	2.7168	2.7408	2.7379	2.7432	2.748	2.7658	2.745	2.7411	2.6915	2.7275	2.7269	2.7184	2.7716	2.7081	2.7063	2.7949	2.7699	2.7245	2.7432	2.73	2.7156	2.9852	3.3157	3.2354	3.2326	3.2413	3.233	3.2405	3.2696	3.2822	3.2854	3.2408	3.2347	3.257	3.2592	3.2591	3.2647	3.2394	3.2636	3.31	3.2949	3.0413	2.7755	2.9038	2.8122	2.7424	2.7413	2.7316	2.7587	2.7581	2.7411	2.7525	2.7677	2.7512	2.7472	2.7527	2.7441	2.7425	2.733	2.7452	2.7488	2.7448	2.7215	2.7453	2.7768	2.7292	2.7303	2.7418	2.7377	2.7579	2.7463	2.736	2.7277	2.7226	2.7281	2.7488	2.7482	2.7555	2.7828	2.7783	2.7634	2.7399	2.7581	2.7535	2.7213	2.7417	2.771	2.7583	2.7434	2.7749	2.7531	2.7514	2.7886	2.8028	2.8694	2.9007	2.0896	2.9135	3.2669	3.2769	3.2479	3.3154	3.2556	3.2448	3.2693	3.2651	3.2976	3.2767	3.2489	3.2529	3.2851	3.2336	3.2413	3.1208	2.7763	3.0065	2.8305	2.7466	2.7599	2.7541	2.7878	2.7031	2.6988	2.7255	2.7494	2.7421	2.7297	2.71	2.7713
2.7513	2.7327	2.8757	3.3085	3.1667	3.2885	3.239	3.2271	3.2476	3.2152	3.2415	3.2402	3.2491	3.2283	3.2525	3.2444	3.2303	3.1904	3.1365	3.2553	3.2115	3.2297	3.2372	3.2401	3.2403	3.2242	2.9027	2.7594	2.7454	2.7471	2.7051	2.6852	2.7056	2.6872	2.7442	2.7147	2.7052	2.7472	2.7301	2.6935	2.7283	2.7473	2.7414	2.7023	2.7134	2.712	2.6991	2.766	2.7489	2.7383	2.7713	2.7768	2.76	2.7494	2.6963	2.7309	2.7471	2.7352	2.7326	2.7415	2.7436	2.6848	2.6928	2.7464	2.7135	2.7484	2.7701	2.7603	2.7103	2.7321	2.7199	2.7257	2.7653	2.7542	2.9264	3.3012	3.1309	3.239	3.1874	3.2627	3.2517	3.2523	3.2684	3.2072	3.2028	3.2345	3.2777	3.2276	3.2278	3.2487	3.2258	3.2018	3.2467	3.2515	3.2544	3.2405	3.2413	3.1537	2.7436	2.9201	2.7417	2.6777	2.6875	2.7274	2.6974	2.7926	2.7522	2.7249	2.7102	2.7033	2.7147	2.7572	2.7488	2.7225	2.7225	2.7465	2.7538	2.7494	2.6983	2.7154	2.7476	2.7319	2.7157	2.7139	2.7194	2.7144	2.713	2.7127	2.7188	2.7448	2.7319	2.7644	2.7925	2.7713	2.7184	2.7221	2.723	2.7136	2.7583	2.7227	2.7529	2.7274	2.7316	2.7434	2.737	2.7413	2.7162	2.8374	3.3294	3.266	3.1754	3.225	3.2299	3.2706	3.2713	3.2477	3.2169	3.2192	3.2314	3.2331	3.268	3.2415	3.239	3.2519	3.2643	3.2145	3.2119	3.2378	3.2123	3.1267	2.5578	2.6635	2.7865	2.7181	2.7338	2.7143	2.7382	2.7344	2.6894	2.6871	2.7167	2.6924	2.7513	2.7558	2.729	2.7351	2.7533	2.7538	2.7533	2.7536	2.7461	2.7165	2.7235	2.7136	2.7493	2.7346	2.718	2.7344	2.7426	2.7343	2.7023	2.7409	2.727	2.751	2.7604	2.7727	2.7637	2.7196	2.7312	2.761	2.7746	2.7543	2.7326	2.7734	2.7721	2.7625	2.7688	2.7668	2.7573	2.7431	2.7095	2.4854	2.6762	3.0483	3.3113	3.2657	3.2749	3.256	3.2762	3.2639	3.2907	3.2827	3.2872	3.3021	3.2741	3.2555	3.2593	3.2137	3.2885	3.2674	3.2713	3.172	2.7739	2.8901	2.8212	2.7168	2.7088	2.7386	2.731	2.7321	2.7206	2.7703	2.7584	2.7614	2.7705	2.7378
2.7148	2.6808	3.1247	3.2727	3.2075	3.2468	3.2295	3.2273	3.2227	3.2317	3.2351	3.2315	3.2534	3.2334	3.2389	3.2635	3.2618	3.2496	3.2551	3.1755	3.2096	3.2301	3.1932	3.2156	3.2236	3.2414	3.1391	2.8184	2.6009	2.7253	2.7074	2.7268	2.7351	2.729	2.7005	2.7157	2.7336	2.7165	2.704	2.7161	2.7092	2.6829	2.7224	2.7439	2.751	2.7429	2.7172	2.7035	2.7132	2.6699	2.7016	2.7167	2.7395	2.7403	2.7127	2.692	2.7255	2.7163	2.7194	2.6858	2.6967	2.7404	2.7729	2.7565	2.7448	2.7499	2.7579	2.7552	2.6976	2.7593	2.7736	2.7527	2.7082	2.7742	2.8404	3.062	3.2001	3.3114	3.295	3.2816	3.2325	3.2256	3.217	3.2336	3.2393	3.2688	3.2468	3.2018	3.1795	3.2518	3.2479	3.2485	3.2791	3.2808	3.2126	3.203	3.2458	3.2374	3.04	2.7805	2.7646	2.7202	2.7372	2.7443	2.7424	2.7366	2.7399	2.7349	2.7137	2.7353	2.7188	2.7295	2.734	2.728	2.7178	2.7179	2.7388	2.7436	2.7285	2.7018	2.7366	2.7109	2.7281	2.7338	2.7127	2.74	2.7592	2.7474	2.7513	2.7331	2.7165	2.7192	2.7714	2.7393	2.7642	2.7301	2.6952	2.707	2.7648	2.721	2.7053	2.6975	2.7297	2.7241	2.7	2.6962	2.744	3.0817	3.2086	3.2063	3.3011	3.2289	3.2491	3.2243	3.2092	3.2659	3.2207	3.2222	3.2537	3.2498	3.2359	3.231	3.2416	3.2634	3.2461	3.2524	3.2628	3.2468	3.2751	3.2138	3.097	2.6829	2.6755	2.7194	2.7384	2.735	2.7387	2.7341	2.727	2.7133	2.7642	2.7453	2.746	2.747	2.7295	2.7244	2.7279	2.7047	2.7204	2.7518	2.7176	2.7629	2.7751	2.7386	2.7303	2.7598	2.7602	2.7347	2.7453	2.7338	2.7358	2.751	2.7669	2.7239	2.7767	2.743	2.7251	2.713	2.7755	2.7443	2.7673	2.7551	2.78	2.7619	2.7775	2.7743	2.7693	2.7669	2.746	2.7685	2.7906	2.4333	2.5108	3.1518	3.2644	3.247	3.2795	3.2554	3.2819	3.2583	3.2637	3.2542	3.2674	3.2485	3.264	3.2393	3.2117	3.2307	3.2391	3.2451	3.2317	3.246	3.1581	2.7105	2.8819	2.7815	2.748	2.7316	2.7415	2.7271	2.7357	2.7352	2.7447	2.7388	2.7207	2.7112
2.7279	2.7871	3.14	3.2059	3.2169	3.2735	3.2231	3.3049	3.2469	3.2388	3.2352	3.1836	3.2251	3.2211	3.1607	3.1912	3.2227	3.2167	3.2294	3.1619	3.1727	3.1631	3.1863	3.2238	3.2178	3.2541	3.2332	2.988	2.711	2.7204	2.675	2.6971	2.7177	2.6777	2.7483	2.7089	2.7221	2.7134	2.7054	2.7289	2.7427	2.7571	2.7507	2.7297	2.7306	2.7404	2.7253	2.7396	2.7138	2.6912	2.6706	2.6916	2.7502	2.714	2.7041	2.7174	2.7251	2.7326	2.7465	2.7332	2.7107	2.7156	2.7408	2.7387	2.7351	2.7455	2.783	2.778	2.7647	2.7432	2.7218	2.7027	2.7314	2.7526	2.9797	3.1473	3.2399	3.2933	3.2349	3.2495	3.1923	3.2079	3.249	3.1714	3.2009	3.2537	3.1894	3.2319	3.1738	3.2062	3.2155	3.1915	3.1824	3.2147	3.2191	3.1712	3.2263	3.251	3.1924	2.817	2.6619	2.7446	2.709	2.6893	2.7173	2.7288	2.7535	2.7097	2.7359	2.7261	2.7454	2.7706	2.7278	2.7418	2.7587	2.7633	2.7364	2.7222	2.7398	2.7255	2.7121	2.7347	2.7492	2.7498	2.7189	2.6996	2.7204	2.7326	2.7225	2.6965	2.7228	2.725	2.7322	2.7534	2.7677	2.7226	2.7445	2.7454	2.7153	2.7498	2.7543	2.7561	2.7079	2.7326	2.7216	2.7004	2.8223	3.3221	3.213	3.258	3.2611	3.279	3.2296	3.2094	3.2307	3.2527	3.2473	3.2527	3.2723	3.2695	3.2694	3.2683	3.254	3.2398	3.2203	3.2347	3.2602	3.2452	3.2574	3.2645	3.2158	3.0757	2.4624	2.7979	2.7807	2.7343	2.7496	2.7574	2.7329	2.6999	2.6792	2.7045	2.6888	2.7139	2.7555	2.7482	2.717	2.7262	2.7261	2.7034	2.7116	2.7409	2.7833	2.7214	2.7408	2.7521	2.7732	2.7363	2.6936	2.7371	2.7325	2.7181	2.7356	2.7776	2.7667	2.7315	2.7387	2.7415	2.7147	2.7443	2.7705	2.7615	2.7455	2.755	2.7536	2.7415	2.7667	2.7344	2.732	2.8824	2.9268	3.0331	3.2228	3.2725	3.2874	3.2713	3.2717	3.2723	3.2541	3.2859	3.267	3.2525	3.3167	3.2526	3.2547	3.2342	3.2488	3.2628	3.2459	3.2281	3.2146	3.2454	3.2536	3.0795	2.6891	2.744	2.7444	2.7422	2.7467	2.7288	2.7209	2.7333	2.7594	2.7588	2.7274	2.7742
2.7507	2.9214	3.3557	3.2501	3.3087	3.2888	3.2793	3.2738	3.2389	3.2213	3.2338	3.2071	3.2504	3.2268	3.146	3.2102	3.1817	3.2618	3.2259	3.1931	3.1903	3.2269	3.2375	3.2114	3.2247	3.2336	3.2326	3.1231	2.581	2.6603	2.7093	2.7187	2.7519	2.6953	2.7173	2.7686	2.7389	2.6858	2.7019	2.7287	2.7466	2.744	2.7262	2.7341	2.7423	2.7351	2.7221	2.7087	2.7522	2.739	2.7012	2.7237	2.7397	2.7089	2.6984	2.7402	2.757	2.7165	2.7299	2.7252	2.721	2.7102	2.7423	2.7374	2.7511	2.7206	2.7374	2.7717	2.7493	2.7483	2.7591	2.7249	2.6841	2.7576	3.0656	3.2479	3.2253	3.2211	3.2473	3.2656	3.2488	3.2349	3.2217	3.2102	3.2164	3.2431	3.2093	3.2589	3.2774	3.2625	3.2177	3.2215	3.2272	3.2291	3.2343	3.2282	3.249	3.2312	3.176	3.0024	2.4945	2.7473	2.7226	2.7306	2.7044	2.7077	2.7421	2.7259	2.7223	2.721	2.7189	2.7098	2.6683	2.6947	2.7227	2.7223	2.733	2.7386	2.7337	2.7356	2.7405	2.7385	2.7272	2.7427	2.716	2.7279	2.741	2.735	2.7125	2.7097	2.722	2.7234	2.7382	2.7311	2.729	2.7495	2.7744	2.7543	2.7314	2.7379	2.7463	2.7387	2.729	2.7237	2.6868	2.7053	2.9516	3.2823	3.2561	3.2231	3.2191	3.2304	3.243	3.2962	3.2648	3.2109	3.1999	3.2157	3.186	3.1987	3.2337	3.226	3.2605	3.2659	3.1744	3.2543	3.2463	3.2043	3.1962	3.2433	3.2506	3.2043	2.7825	2.7701	2.7468	2.7334	2.7259	2.7314	2.7345	2.7468	2.7317	2.7103	2.748	2.7359	2.7209	2.6862	2.7008	2.7282	2.7516	2.7337	2.7174	2.7107	2.7571	2.7749	2.7232	2.6957	2.6943	2.7022	2.7268	2.6873	2.697	2.6935	2.7218	2.6945	2.7039	2.7206	2.704	2.7333	2.7449	2.7363	2.7305	2.742	2.7367	2.7552	2.7746	2.7609	2.7692	2.7585	2.7348	2.7536	2.8513	3.1493	3.2553	3.2721	3.3117	3.2825	3.2963	3.2842	3.2525	3.2486	3.2243	3.2654	3.2506	3.2282	3.2308	3.2482	3.2204	3.2563	3.2848	3.2326	3.2314	3.2898	3.2576	3.1566	3.0046	2.4986	2.7863	2.7399	2.6987	2.7266	2.7462	2.7418	2.7272	2.7363	2.7432	2.751
2.7262	3.0835	3.2244	3.2544	3.2348	3.2112	3.2609	3.2604	3.2778	3.2353	3.261	3.2214	3.2213	3.2032	3.2071	3.2	3.2211	3.2581	3.2408	3.2486	3.1788	3.2497	3.1781	3.2037	3.2181	3.2473	3.2608	3.1777	2.8385	2.564	2.7131	2.7583	2.7585	2.721	2.7348	2.7261	2.7413	2.7318	2.755	2.6839	2.6981	2.7103	2.7297	2.7277	2.7302	2.746	2.7181	2.6953	2.7239	2.7276	2.7082	2.7112	2.7357	2.7492	2.7402	2.75	2.7294	2.7336	2.7274	2.7216	2.6894	2.7229	2.7235	2.7217	2.7155	2.7136	2.7376	2.7394	2.7601	2.7448	2.7478	2.7279	2.7115	3.056	3.2024	3.2166	3.2744	3.283	3.2899	3.2697	3.1995	3.213	3.1892	3.2486	3.2418	3.2372	3.2331	3.2324	3.2332	3.2048	3.1731	3.2153	3.2232	3.1835	3.215	3.2464	3.1765	3.1355	3.2328	3.1294	2.7691	2.6878	2.7053	2.6844	2.7135	2.7223	2.7013	2.7039	2.695	2.6978	2.7248	2.74	2.7477	2.746	2.727	2.7278	2.7221	2.7136	2.7204	2.7348	2.6986	2.687	2.6967	2.6951	2.7124	2.7486	2.7283	2.7156	2.7295	2.7212	2.7611	2.7364	2.696	2.7402	2.7289	2.7247	2.7343	2.7496	2.7503	2.7214	2.7377	2.7477	2.7541	2.7484	2.753	2.8397	3.0752	3.289	3.2218	3.2347	3.2698	3.251	3.2292	3.2231	3.2524	3.2326	3.2295	3.3091	3.2335	3.2123	3.2211	3.1506	3.2032	3.239	3.2517	3.243	3.2539	3.1853	3.2341	3.2746	3.2465	3.1995	3.0188	2.448	2.7588	2.7298	2.7265	2.7423	2.7355	2.7304	2.7313	2.7222	2.7216	2.725	2.7444	2.7321	2.72	2.7147	2.713	2.7455	2.7433	2.7172	2.666	2.7092	2.6964	2.6979	2.7001	2.7509	2.7317	2.722	2.7278	2.7194	2.7535	2.7276	2.745	2.738	2.7328	2.7167	2.7227	2.7316	2.7286	2.736	2.7223	2.7774	2.7631	2.7431	2.7254	2.7282	2.7769	2.8844	2.7209	3.1376	3.2675	3.2587	3.276	3.2542	3.2341	3.2564	3.2243	3.2406	3.2512	3.2562	3.2523	3.2488	3.2527	3.2405	3.2348	3.2266	3.2155	3.2406	3.2355	3.2413	3.2732	3.2925	3.1142	2.4458	2.7293	2.7204	2.7205	2.7431	2.7505	2.7437	2.7463	2.7643	2.7592	2.7565
2.7286	3.14	3.1835	3.1979	3.2524	3.2556	3.2673	3.2376	3.2487	3.2348	3.2565	3.2559	3.2471	3.1973	3.253	3.2663	3.2638	3.1932	3.1868	3.1983	3.2157	3.2206	3.2195	3.1519	3.2296	3.2446	3.2481	3.2272	2.6729	2.4557	2.7143	2.6884	2.6971	2.7007	2.7223	2.7348	2.7174	2.6916	2.6886	2.7226	2.7113	2.7105	2.7265	2.6994	2.7419	2.7405	2.7356	2.7056	2.717	2.7178	2.7364	2.7345	2.7117	2.6982	2.7531	2.6995	2.7481	2.7307	2.734	2.7074	2.7267	2.7402	2.7016	2.7228	2.7281	2.7619	2.7563	2.7396	2.7418	2.706	2.7393	2.6791	2.6946	1.7849	2.1451	3.2361	3.2811	3.2539	3.2779	3.2455	3.227	3.1954	3.2118	3.232	3.2409	3.2236	3.2152	3.2175	3.2443	3.2196	3.2411	3.2268	3.1513	3.1983	3.1765	3.1964	3.1956	3.213	3.2067	3.2121	2.5574	2.7113	2.7297	2.7268	2.6854	2.6861	2.7041	2.741	2.715	2.7067	2.727	2.6772	2.6649	2.74	2.7499	2.7144	2.7258	2.7281	2.7052	2.7322	2.7448	2.7188	2.7109	2.7317	2.7133	2.7464	2.7129	2.7277	2.7108	2.7079	2.7179	2.7332	2.712	2.7366	2.7145	2.7057	2.7174	2.7365	2.7105	2.6983	2.6609	2.722	2.7399	2.7274	2.7165	2.8917	3.0692	3.2151	3.2533	3.246	3.267	3.2831	3.2825	3.2385	3.211	3.2544	3.2812	3.23	3.2262	3.2337	3.2189	3.2151	3.2161	3.2288	3.201	3.2164	3.1917	3.2141	3.2176	3.2337	3.2521	3.2294	3.0976	2.4698	2.7103	2.7068	2.6746	2.7272	2.6961	2.73	2.7073	2.7263	2.7051	2.7089	2.7225	2.6985	2.7538	2.7263	2.7485	2.7372	2.7045	2.7273	2.7289	2.7263	2.7422	2.732	2.7043	2.7333	2.7828	2.7721	2.7318	2.7355	2.744	2.6989	2.7577	2.7684	2.7417	2.7467	2.7969	2.7725	2.7577	2.7574	2.7513	2.757	2.7402	2.747	2.7607	2.7652	2.7959	2.9594	3.0426	3.1576	3.2548	3.2763	3.3009	3.2211	3.2619	3.2407	3.241	3.2457	3.2606	3.2662	3.2764	3.2399	3.2246	3.2871	3.2506	3.19	3.2128	3.2515	3.2226	3.2469	3.272	3.2853	3.1507	2.8185	2.5838	2.7582	2.7649	2.7535	2.7502	2.7841	2.7842	2.7384	2.7556	2.7124
2.7227	3.0174	3.1952	3.2707	3.1809	3.2431	3.2531	3.2831	3.2588	3.2517	3.2161	3.2212	3.2449	3.2632	3.2538	3.2086	3.1772	3.2185	3.2121	3.2126	3.2159	3.0817	3.082	3.2174	3.2187	3.2132	3.2381	3.1996	2.8078	2.6307	2.7323	2.7098	2.6948	2.6979	2.7074	2.7133	2.748	2.7437	2.6999	2.7381	2.7362	2.7549	2.7891	2.7744	2.7671	2.7177	2.739	2.7548	2.7449	2.7239	2.7531	2.7393	2.7004	2.7047	2.7241	2.7587	2.7883	2.7398	2.76	2.761	2.7659	2.7656	2.7619	2.7596	2.7482	2.7735	2.7667	2.7568	2.7512	2.7626	2.7392	2.7452	2.7016	1.7073	1.4373	2.8474	3.2573	3.2537	3.288	3.2674	3.2	3.2733	3.2423	3.2115	3.264	3.2075	3.2151	3.2187	3.2093	3.2308	3.1676	3.2067	3.2364	3.201	3.1906	3.1851	3.189	3.2478	3.246	3.2406	2.745	2.7457	2.7743	2.7234	2.7708	2.7341	2.708	2.71	2.7131	2.7304	2.7233	2.7121	2.7439	2.7241	2.6773	2.6627	2.6932	2.7515	2.7169	2.733	2.7039	2.7403	2.7256	2.7394	2.7184	2.7228	2.7312	2.7196	2.7371	2.7106	2.7326	2.7472	2.7355	2.7336	2.7465	2.7688	2.7436	2.759	2.7151	2.7754	2.7551	2.7408	2.7163	2.7218	2.7159	2.8701	3.2131	3.2584	3.2341	3.2331	3.2282	3.2106	3.2141	3.2636	3.1837	3.1903	3.2296	3.1844	3.2402	3.2357	3.2341	3.2148	3.2118	3.2	3.214	3.1058	3.1661	3.2328	3.2296	3.1414	3.1877	3.1974	3.177	2.6795	2.7634	2.7305	2.6845	2.6874	2.7063	2.7069	2.7096	2.7126	2.6908	2.6942	2.7191	2.7144	2.6989	2.7039	2.6825	2.6856	2.7242	2.7221	2.7268	2.6994	2.7087	2.7452	2.727	2.7337	2.7168	2.7225	2.707	2.7516	2.7203	2.7112	2.6902	2.7303	2.7362	2.7206	2.7316	2.7393	2.7326	2.7364	2.7804	2.764	2.7463	2.7425	2.6986	2.7233	2.7649	2.7922	2.9771	3.2433	3.2448	3.244	3.2589	3.2577	3.2403	3.2516	3.2646	3.2342	3.252	3.2432	3.2506	3.2482	3.2484	3.2442	3.1932	3.1963	3.2776	3.2396	3.198	3.2015	3.2209	3.2222	3.2563	3.0349	2.5535	2.7325	2.7052	2.7409	2.7078	2.7283	2.7257	2.7191	2.7235	2.7078
2.7847	3.0234	3.2513	3.2514	3.261	3.2408	3.2003	3.2878	3.2828	3.2137	3.2021	3.2476	3.2456	3.2338	3.2289	3.1973	3.2332	3.2144	3.1953	3.2341	3.2524	3.2316	3.211	3.2319	3.227	3.237	3.205	3.2041	2.812	2.7404	2.7089	2.6793	2.6904	2.6858	2.749	2.7395	2.7189	2.7248	2.7274	2.7488	2.7392	2.7292	2.7316	2.7032	2.6863	2.6832	2.711	2.7205	2.6993	2.6977	2.729	2.6996	2.7023	2.7053	2.716	2.7105	2.7162	2.6713	2.7238	2.7212	2.7434	2.7418	2.7027	2.7617	2.7317	2.7371	2.7201	2.7295	2.7526	2.736	2.7291	2.7538	2.7251	2.6594	1.6804	2.8175	3.1936	3.2048	3.2026	3.2002	3.212	3.2394	3.2441	3.2138	3.2488	3.2556	3.2153	3.2276	3.2201	3.2508	3.1853	3.1815	3.202	3.2343	3.1865	3.2127	3.1864	3.2022	3.2061	3.2145	2.8992	2.6636	2.7253	2.6771	2.6719	2.7131	2.7168	2.7266	2.7196	2.7129	2.7227	2.7279	2.7224	2.6878	2.7114	2.7074	2.7099	2.7298	2.7602	2.7435	2.7807	2.7452	2.7076	2.7074	2.712	2.752	2.7267	2.7299	2.7216	2.7167	2.7081	2.7207	2.77	2.7545	2.7532	2.7512	2.7081	2.7208	2.7363	2.7535	2.7668	2.7849	2.7725	2.7483	2.7072	2.8176	3.2314	3.1927	3.2435	3.2747	3.229	3.2256	3.2369	3.2233	3.251	3.2781	3.2588	3.2196	3.2177	3.1942	3.2106	3.1861	3.2069	3.1777	3.2027	3.1925	3.1221	3.2009	3.1918	3.1957	3.1918	3.1969	3.1392	2.5006	2.6382	2.618	2.714	2.719	2.7145	2.7237	2.7364	2.7281	2.7098	2.7272	2.7367	2.7406	2.7652	2.683	2.705	2.7203	2.7149	2.7269	2.744	2.7417	2.7371	2.77	2.7259	2.7279	2.7583	2.7498	2.7273	2.7828	2.6999	2.7123	2.7494	2.7474	2.7399	2.7111	2.7227	2.7245	2.7337	2.7062	2.7657	2.7335	2.7591	2.7144	2.7337	2.729	2.8714	3.1532	3.0402	3.2349	3.2138	3.2152	3.2184	3.2747	3.2436	3.2451	3.241	3.2366	3.2468	3.2474	3.2354	3.2288	3.2243	3.2254	3.2221	3.197	3.2088	3.201	3.2065	3.2108	3.2373	3.2384	3.2331	3.0596	2.6211	2.742	2.704	2.7183	2.7187	2.7242	2.7262	2.7281	2.6985	2.6867
2.7294	2.9775	3.1498	3.1789	3.2455	3.2439	3.2593	3.2328	3.2641	3.2378	3.235	3.2026	3.2162	3.2066	3.2212	3.2271	3.2178	3.2181	3.1995	3.1757	3.2003	3.2221	3.2322	3.1919	3.147	3.1562	3.2303	3.1853	2.8683	2.4309	2.7256	2.6881	2.6763	2.7033	2.7446	2.7163	2.7074	2.6947	2.7245	2.7077	2.7617	2.6919	2.7419	2.719	2.7337	2.7154	2.7225	2.7239	2.7235	2.7007	2.6945	2.7047	2.7608	2.7378	2.7175	2.7365	2.7313	2.7219	2.7466	2.7418	2.7429	2.7484	2.7389	2.7443	2.7518	2.7482	2.747	2.7526	2.7773	2.7615	2.7123	2.7159	2.7263	2.9652	3.2089	3.2486	3.2754	3.2657	3.2723	3.2635	3.2591	3.2399	3.186	3.2303	3.2422	3.2232	3.2213	3.2308	3.1577	3.1918	3.216	3.1772	3.1877	3.2021	3.1577	3.1648	3.208	3.2182	3.2101	3.1693	3.0147	2.5804	2.7319	2.6983	2.6871	2.7149	2.6937	2.7001	2.7311	2.7127	2.733	2.7245	2.69	2.7052	2.6884	2.7036	2.7129	2.7181	2.7135	2.7183	2.6973	2.6932	2.7022	2.6802	2.713	2.7488	2.7654	2.7773	2.7584	2.7023	2.7328	2.7494	2.7472	2.736	2.739	2.7106	2.7169	2.7204	2.7204	2.7233	2.718	2.7249	2.7327	2.7082	2.7174	2.885	3.2377	3.2333	3.2579	3.2854	3.2443	3.2493	3.2401	3.2494	3.2479	3.2472	3.258	3.1278	3.194	3.238	3.2332	3.1517	3.193	3.2419	3.2189	3.2167	3.1615	3.2323	3.2416	3.2314	3.2609	3.2116	3.1183	2.6931	2.5621	2.7324	2.6576	2.6905	2.7191	2.7099	2.7004	2.7002	2.6919	2.6909	2.7126	2.7629	2.6963	2.7176	2.7001	2.7106	2.7463	2.7369	2.7265	2.7361	2.6878	2.7223	2.7609	2.7351	2.7208	2.7203	2.7423	2.6948	2.7285	2.7398	2.7124	2.7143	2.6857	2.688	2.6403	2.7266	2.7501	2.7601	2.7257	2.7202	2.7568	2.7282	2.7505	2.7584	2.8745	2.8054	2.991	3.2513	3.2429	3.2833	3.2835	3.2893	3.2582	3.2318	3.2321	3.2097	3.2034	3.2092	3.1829	3.2271	3.2214	3.2327	3.2158	3.2068	3.1776	3.2089	3.1973	3.1929	3.1801	3.2187	3.2273	3.1025	2.6923	2.5969	2.7129	2.7443	2.6993	2.7043	2.7272	2.7249	2.6987	2.7379
2.7337	2.8784	3.0864	3.1975	3.2749	3.2924	3.2651	3.2447	3.2346	3.2218	3.1907	3.2192	3.2377	3.2549	3.2009	3.1795	3.1751	3.1847	3.2093	3.1711	3.1728	3.1579	3.1725	3.1998	3.2197	3.2693	3.2157	3.1865	2.775	2.7973	2.7214	2.7403	2.7263	2.6912	2.7256	2.7424	2.7231	2.69	2.6214	2.6582	2.7085	2.6984	2.765	2.725	2.7379	2.7185	2.7221	2.741	2.7226	2.7271	2.7063	2.6986	2.697	2.74	2.7325	2.7087	2.7294	2.7259	2.7374	2.7452	2.7005	2.7141	2.7041	2.6704	2.7436	2.7221	2.7238	2.7177	2.7364	2.7203	2.713	2.7048	2.6995	2.9168	3.0952	3.2222	3.2693	3.314	3.2887	3.2355	3.2191	3.2449	3.2449	3.2169	3.2232	3.2467	3.2574	3.2465	3.1927	3.2289	3.2188	3.1927	3.2116	3.2165	3.2087	3.2076	3.2117	3.1847	3.1955	3.1375	2.7894	2.5731	2.7066	2.6909	2.6917	2.7112	2.703	2.7209	2.7156	2.6967	2.6886	2.6894	2.7107	2.7045	2.7052	2.7281	2.7374	2.6942	2.7137	2.7025	2.6942	2.7189	2.7293	2.7151	2.6889	2.7261	2.6621	2.6991	2.7216	2.7297	2.6972	2.7385	2.7504	2.7325	2.7092	2.6967	2.706	2.7491	2.7484	2.7213	2.716	2.7349	2.7076	2.7436	2.7351	2.7808	3.1857	3.2458	3.2829	3.2575	3.226	3.2273	3.2444	3.2627	3.2438	3.2601	3.2793	3.2629	3.209	3.2024	3.1977	3.1717	3.1886	3.2028	3.1885	3.2172	3.1921	3.1603	3.2218	3.2319	3.1684	3.166	3.1811	2.7117	2.7215	2.7328	2.706	2.6686	2.7102	2.658	2.6882	2.7162	2.7239	2.6956	2.685	2.6849	2.7141	2.7517	2.72	2.7455	2.6818	2.7682	2.7725	2.7269	2.735	2.7425	2.7128	2.7057	2.7141	2.7123	2.7057	2.7197	2.7333	2.7576	2.7511	2.7005	2.7557	2.7274	2.7207	2.699	2.7136	2.6911	2.7188	2.7243	2.7534	2.7458	2.7461	2.7344	2.9607	3.0254	3.1271	3.2785	3.2679	3.2599	3.2932	3.2645	3.2366	3.268	3.2636	3.2498	3.2379	3.1973	3.2028	3.2299	3.2058	3.1824	3.2131	3.2114	3.1968	3.1755	3.1991	3.216	3.1698	3.2338	3.2242	3.2006	2.4992	2.7596	2.6789	2.6882	2.7055	2.7415	2.7301	2.7769	2.821	2.8284
2.6489	2.8265	3.0542	3.2042	3.2286	3.2426	3.2646	3.2049	3.2152	3.2262	3.2125	3.2383	3.2037	3.1902	3.1835	3.226	3.2427	3.2428	3.2313	3.2127	3.21	3.209	3.2405	3.201	3.2121	3.2673	3.2038	3.1055	2.6623	2.5936	2.677	2.687	2.7023	2.726	2.7256	2.6967	2.7082	2.7167	2.694	2.6616	2.7088	2.7185	2.7167	2.6602	2.6677	2.7214	2.7095	2.7067	2.6865	2.6674	2.7048	2.746	2.7003	2.7097	2.7102	2.7097	2.6985	2.7282	2.7507	2.7225	2.7243	2.7123	2.7004	2.742	2.772	2.7127	2.7179	2.7461	2.7383	2.7525	2.7291	2.7285	2.7017	2.7802	3.2172	3.1235	3.2076	3.2332	3.2631	3.2612	3.2614	3.2278	3.2205	3.2614	3.245	3.218	3.2235	3.1797	3.2249	3.2498	3.1936	3.1763	3.1863	3.2109	3.2281	3.1976	3.1947	3.1783	3.1908	3.1901	2.8386	2.6406	2.7102	2.672	2.6915	2.7	2.7041	2.6836	2.663	2.7281	2.7236	2.7161	2.7314	2.7156	2.7003	2.6787	2.7655	2.7405	2.7215	2.7229	2.6857	2.6908	2.6963	2.6807	2.7016	2.7141	2.7331	2.7528	2.7206	2.7477	2.7086	2.7122	2.7286	2.7184	2.7339	2.7429	2.7456	2.7385	2.7209	2.7242	2.74	2.7655	2.7002	2.7492	2.7436	2.86	3.0692	3.2139	3.2361	3.2459	3.253	3.2552	3.2762	3.2213	3.2473	3.2286	3.2028	3.2112	3.2515	3.2565	3.1774	3.2289	3.2241	3.2299	3.2135	3.1969	3.2079	3.1901	3.246	3.2419	3.2354	3.2097	3.1365	2.7006	2.6744	2.7438	2.7122	2.6862	2.7107	2.7027	2.7035	2.6985	2.7056	2.6756	2.7158	2.7265	2.7168	2.7144	2.7242	2.7164	2.7167	2.7096	2.6103	2.6744	2.6945	2.6758	2.6925	2.7231	2.6812	2.6734	2.7227	2.7389	2.7586	2.6578	2.5758	2.7498	2.7534	2.7275	2.7274	2.754	2.7367	2.7183	2.7311	2.7471	2.7118	2.7394	2.6892	2.7114	2.8766	3.2641	3.2208	3.2483	3.2575	3.2666	3.2717	3.2306	3.2853	3.2668	3.2898	3.2845	3.2339	3.2488	3.2713	3.2074	3.2232	3.2426	3.2247	3.1997	3.197	3.2149	3.1703	3.2092	3.2063	3.2617	3.2357	2.9712	2.5888	2.7549	2.7016	2.6627	2.7061	2.7109	2.7257	2.7689	2.6356	2.2595
2.7048	2.6996	3.0333	3.1452	3.1331	3.2507	3.2105	3.2607	3.1993	3.222	3.2362	3.2159	3.214	3.2042	3.1828	3.2039	3.2211	3.1969	3.1975	3.2332	3.1619	3.1828	3.164	3.1879	3.233	3.2231	3.2221	3.0457	2.6541	2.7481	2.6901	2.6751	2.6898	2.6966	2.7023	2.7142	2.7021	2.7222	2.7215	2.7298	2.7236	2.7055	2.7347	2.7504	2.7592	2.717	2.7728	2.7363	2.7276	2.7224	2.6981	2.6998	2.7054	2.7276	2.6837	2.705	2.7478	2.7381	2.7243	2.7065	2.7616	2.7166	2.728	2.707	2.7131	2.7581	2.7581	2.7641	2.7449	2.7226	2.6952	2.7176	2.737	2.7595	3.0083	3.2585	3.2118	3.2604	3.2459	3.1742	3.2565	3.2403	3.2443	3.2379	3.2033	3.2389	3.2079	3.2007	3.2345	3.2398	3.2136	3.1978	3.1951	3.2005	3.1704	3.1546	3.2066	3.2372	3.2399	3.1187	2.7871	2.5154	2.7182	2.6858	2.6841	2.6903	2.6508	2.6811	2.7027	2.7282	2.7232	2.7007	2.7282	2.7157	2.7184	2.7222	2.7106	2.6998	2.7068	2.7265	2.7216	2.7015	2.7114	2.7155	2.6789	2.7089	2.766	2.7181	2.6947	2.7249	2.7317	2.7403	2.7488	2.7363	2.7572	2.7866	2.738	2.7584	2.7431	2.7547	2.7547	2.7638	2.7702	2.7534	2.6918	2.7557	3.0531	3.2174	3.2362	3.2596	3.2716	3.2542	3.2865	3.2683	3.2321	3.2504	3.2042	3.2142	3.2433	3.2198	3.2659	3.1786	3.2209	3.237	3.1846	3.1748	3.1986	3.2009	3.2132	3.1838	3.2099	3.2699	3.1561	2.6138	2.7134	2.67	2.6669	2.7081	2.6788	2.6883	2.7097	2.7005	2.6979	2.7151	2.7518	2.7143	2.6863	2.6967	2.712	2.768	2.7693	2.763	2.7167	2.7245	2.7406	2.7075	2.7124	2.7689	2.7561	2.7444	2.7102	2.7225	2.7463	2.7286	2.7381	2.7121	2.7073	2.728	2.7248	2.7234	2.748	2.7586	2.748	2.7207	2.7269	2.7249	2.7396	2.7414	2.8591	3.2439	3.2174	3.2527	3.2479	3.2828	3.2508	3.2498	3.2867	3.2537	3.1862	3.2198	3.2151	3.223	3.2218	3.1635	3.1938	3.2423	3.1886	3.2263	3.2225	3.2395	3.266	3.2429	3.2162	3.1964	3.2449	3.0958	2.6275	2.6707	2.6997	2.6984	2.6955	2.6875	2.716	2.7262	2.8348	2.31
2.7239	2.6976	2.8754	3.1473	3.1329	3.2897	3.3016	3.2814	3.2642	3.2702	3.2466	3.231	3.1956	3.2587	3.1956	3.2209	3.1782	3.2025	3.2153	3.206	3.1743	3.1885	3.1941	3.1697	3.2205	3.2363	3.1857	2.8793	2.5096	2.7668	2.7307	2.7114	2.7177	2.6972	2.7153	2.721	2.6977	2.706	2.7114	2.7256	2.7088	2.7761	2.7482	2.7519	2.6974	2.6763	2.6975	2.7342	2.7278	2.6993	2.7047	2.6996	2.7199	2.7241	2.7403	2.7223	2.7435	2.7153	2.7163	2.7029	2.7406	2.74	2.7332	2.7274	2.7167	2.7366	2.7133	2.7277	2.7449	2.7504	2.7029	2.7296	2.7279	2.7625	2.8537	3.2912	3.2447	3.2712	3.2188	3.2367	3.2267	3.2317	3.2439	3.1992	3.2046	3.2429	3.237	3.1667	3.1941	3.1807	3.2516	3.2164	3.1918	3.1603	3.1504	3.1991	3.1689	3.1798	3.2092	3.0822	2.3431	2.5983	2.7187	2.7155	2.6821	2.7079	2.7226	2.7023	2.6786	2.6753	2.7097	2.6901	2.6731	2.6824	2.6993	2.7199	2.7091	2.7548	2.7254	2.711	2.677	2.7184	2.7339	2.7305	2.7054	2.7241	2.7351	2.6972	2.7204	2.7201	2.7189	2.7082	2.7165	2.7561	2.7304	2.7431	2.7632	2.7855	2.7506	2.7282	2.734	2.7659	2.7497	2.7425	2.7444	2.747	2.9514	3.1528	3.2537	3.244	3.2467	3.2694	3.2478	3.2618	3.2761	3.2445	3.2305	3.2398	3.1874	3.2059	3.2232	3.2147	3.2418	3.2299	3.2175	3.2223	3.2084	3.2092	3.2072	3.212	3.2385	3.2638	3.0235	2.6698	2.6905	2.7347	2.7347	2.7224	2.717	2.7178	2.6841	2.7054	2.736	2.7347	2.7219	2.7079	2.7202	2.747	2.7127	2.695	2.754	2.7237	2.7101	2.7026	2.7262	2.7208	2.7134	2.7331	2.7075	2.6855	2.7111	2.7302	2.7493	2.7374	2.7272	2.7526	2.7562	2.7567	2.7523	2.7619	2.7722	2.7474	2.7421	2.7621	2.7441	2.7193	2.7178	2.7183	2.7623	3.1431	3.2042	3.2619	3.2485	3.256	3.2667	3.2144	3.2472	3.2265	3.2117	3.2376	3.2228	3.2482	3.2419	3.2503	3.2318	3.2338	3.2295	3.2075	3.2121	3.2413	3.2348	3.146	3.2007	3.185	3.2183	2.9326	2.4153	2.7475	2.7166	2.696	2.7223	2.7093	2.7156	2.7569	2.758	2.7427
2.7223	2.7102	2.7328	3.1923	2.9877	3.1506	3.245	3.276	3.2651	3.2794	3.2146	3.2484	3.2277	3.2132	3.2151	3.2248	3.1848	3.2222	3.2062	3.0961	3.2068	3.2286	3.1647	3.1699	3.1603	3.1891	3.0471	2.4102	2.6829	2.6884	2.6803	2.6419	2.6299	2.6348	2.7162	2.7206	2.7102	2.6928	2.6946	2.6895	2.6838	2.6725	2.6919	2.7084	2.7041	2.7041	2.6782	2.7099	2.7036	2.7224	2.7189	2.6749	2.717	2.7225	2.7205	2.7396	2.7588	2.7533	2.7167	2.7249	2.7423	2.7543	2.7473	2.7567	2.7363	2.7227	2.7592	2.7588	2.7212	2.765	2.7673	2.7578	2.7169	2.7531	2.8303	3.1762	3.0822	3.244	3.2986	3.2641	3.2491	3.2383	3.252	3.2256	3.2225	3.1774	3.1978	3.2468	3.2255	3.2054	3.2219	3.208	3.2383	3.2346	3.2265	3.189	3.2114	3.232	3.1668	2.9952	2.3266	2.7263	2.7183	2.7323	2.6751	2.7019	2.7455	2.6985	2.7196	2.6951	2.6943	2.7052	2.7241	2.7539	2.7283	2.6889	2.7105	2.7159	2.7201	2.7282	2.735	2.7191	2.6917	2.7141	2.7441	2.7651	2.7464	2.728	2.7272	2.7358	2.7217	2.7575	2.7469	2.691	2.7243	2.7491	2.7514	2.7375	2.7236	2.7409	2.7333	2.7424	2.7406	2.737	2.7254	2.7067	2.9431	3.0725	3.2185	3.2569	3.2628	3.248	3.2887	3.2728	3.2358	3.2527	3.1913	3.2089	3.2666	3.2293	3.2265	3.2002	3.2138	3.1598	3.1388	3.2061	3.2297	3.2205	3.1815	3.2039	3.2157	3.1808	2.8602	2.605	2.7112	2.6945	2.6964	2.699	2.7359	2.7082	2.7049	2.7107	2.7039	2.7085	2.7012	2.6837	2.6753	2.6612	2.7214	2.7433	2.7432	2.6811	2.719	2.7293	2.7014	2.744	2.7368	2.7285	2.726	2.7063	2.7284	2.7508	2.7198	2.724	2.7274	2.7335	2.7362	2.7342	2.7463	2.7313	2.7407	2.7866	2.7661	2.7388	2.7476	2.7416	2.7408	2.6864	2.7492	2.9973	3.0959	3.2114	3.2556	3.2647	3.286	3.2828	3.245	3.262	3.2625	3.2913	3.2677	3.2567	3.2472	3.2312	3.2334	3.2443	3.2537	3.2479	3.245	3.2057	3.2412	3.2139	3.1891	3.2327	3.2431	2.8903	2.5541	2.7514	2.7238	2.7256	2.7303	2.7087	2.7097	2.7027	2.7327	2.6964
2.7202	2.6994	2.6872	2.7742	3.0288	3.0314	3.2255	3.2351	3.2578	3.2569	3.2612	3.2465	3.255	3.2401	3.2458	3.2561	3.2134	3.2042	3.1852	3.1952	3.2116	3.2131	3.1754	3.1888	3.2214	3.1749	2.7472	2.6369	2.7141	2.6732	2.7282	2.6977	2.6344	2.7588	2.7283	2.7035	2.7552	2.7361	2.7078	2.7046	2.7183	2.7318	2.7056	2.7565	2.7336	2.7095	2.7205	2.7214	2.706	2.7156	2.7276	2.7536	2.7826	2.7446	2.7331	2.706	2.7559	2.7753	2.7607	2.7354	2.7189	2.7121	2.7305	2.7536	2.754	2.7542	2.7515	2.7494	2.7713	2.7439	2.7154	2.7352	2.7352	2.7157	2.7224	3.0361	3.248	3.1162	3.2148	3.2279	3.2535	3.2473	3.2585	3.2734	3.2186	3.2135	3.1726	3.1971	3.2263	3.2127	3.2207	3.2142	3.1993	3.1929	3.1836	3.2371	3.2101	3.2016	3.157	2.7199	2.5122	2.6892	2.7086	2.6903	2.7004	2.726	2.7283	2.7132	2.7099	2.6856	2.6866	2.7311	2.7306	2.7215	2.7331	2.7232	2.691	2.6999	2.7364	2.7223	2.7351	2.696	2.7041	2.7394	2.7534	2.7535	2.733	2.7512	2.7434	2.7392	2.7418	2.7743	2.7315	2.7373	2.7619	2.7363	2.7612	2.7752	2.7282	2.7417	2.732	2.7373	2.7673	2.7522	2.7129	2.7001	2.7278	3.0175	3.1635	3.2198	3.2508	3.2497	3.2651	3.234	3.2102	3.2236	3.2443	3.2233	3.2384	3.2287	3.2206	3.2235	3.2098	3.1493	3.2237	3.2609	3.2245	3.2567	3.23	3.2265	3.2273	3.143	2.7243	2.6357	2.6944	2.6943	2.7326	2.6904	2.7088	2.7172	2.7009	2.6798	2.6839	2.6859	2.7222	2.713	2.7306	2.7165	2.7438	2.6884	2.6968	2.7181	2.7196	2.7267	2.7302	2.7449	2.6911	2.7006	2.708	2.7241	2.7324	2.7691	2.7279	2.719	2.7168	2.7428	2.767	2.7552	2.7329	2.7585	2.7568	2.7743	2.7445	2.7789	2.8155	2.7279	2.7398	2.7627	2.7532	2.8678	3.1306	3.2139	3.2309	3.2989	3.2663	3.2883	3.2842	3.2622	3.2485	3.2318	3.2385	3.2234	3.2278	3.2286	3.2312	3.2081	3.1998	3.2033	3.1743	3.2246	3.2128	3.1516	3.2076	3.2087	3.2489	2.833	2.5669	2.7235	2.7157	2.7247	2.7173	2.7212	2.7312	2.723	2.7101	2.7353
2.7396	2.7158	2.7598	2.7774	2.8974	3.1431	2.9948	3.1961	3.2465	3.2465	3.2288	3.2402	3.2484	3.236	3.2265	3.2365	3.2328	3.1827	3.219	3.2399	3.2533	3.2573	3.2465	3.2304	3.1828	2.7877	2.5642	2.6413	2.7033	2.6995	2.6897	2.6994	2.7163	2.6937	2.7249	2.7388	2.7053	2.7231	2.732	2.7267	2.7057	2.7046	2.7384	2.7391	2.7338	2.7384	2.7215	2.7511	2.7311	2.7545	2.7449	2.7291	2.7245	2.7196	2.7162	2.7425	2.7336	2.7238	2.7476	2.7717	2.7402	2.7552	2.7384	2.7383	2.7511	2.7756	2.7147	2.7663	2.7488	2.7276	2.7429	2.732	2.7276	2.7091	2.6939	2.7409	3.2522	3.1196	3.2405	3.2587	3.2617	3.2494	3.2172	3.2158	3.2362	3.257	3.2697	3.2319	3.2121	3.1936	3.2091	3.2524	3.2419	3.212	3.2321	3.221	3.2458	3.1677	2.9111	2.554	2.6731	2.7051	2.7094	2.7012	2.7057	2.7563	2.726	2.7394	2.7404	2.701	2.7435	2.761	2.7131	2.7001	2.7161	2.7153	2.7068	2.7274	2.7012	2.7285	2.7461	2.7466	2.7461	2.7355	2.7325	2.7123	2.703	2.7474	2.7743	2.6883	2.7165	2.7221	2.7366	2.7387	2.7271	2.7469	2.766	2.7424	2.7423	2.7412	2.7312	2.743	2.7328	2.7482	2.7623	2.7186	2.6919	2.7664	3.063	3.1333	3.2101	3.2439	3.2231	3.2007	3.2001	3.2047	3.2507	3.2723	3.2396	3.2277	3.2148	3.2089	3.2501	3.2234	3.2259	3.2357	3.1944	3.2115	3.2556	3.1996	3.1814	3.0042	2.4871	2.6431	2.6847	2.6648	2.686	2.6987	2.7157	2.6869	2.7191	2.7583	2.7729	2.732	2.6917	2.703	2.7499	2.7337	2.7555	2.7706	2.7258	2.724	2.7245	2.7158	2.7108	2.7194	2.7154	2.734	2.7429	2.6931	2.7207	2.7786	2.7548	2.7567	2.7655	2.7421	2.7827	2.8028	2.65	2.7247	2.7586	2.7361	2.7298	2.7414	2.7329	2.7385	2.7338	2.7355	2.7444	2.7564	3.1064	3.0138	3.2002	3.3043	3.2682	3.2878	3.2541	3.2366	3.2596	3.2357	3.2263	3.2245	3.2069	3.2158	3.2391	3.1966	3.2476	3.237	3.2365	3.2131	3.1927	3.2094	3.2358	3.2351	3.0992	2.5736	2.576	2.7223	2.7185	2.7491	2.7453	2.7369	2.7617	2.7368	2.7461	2.7094
2.735	2.7415	2.7247	2.7143	2.7422	2.9796	3.1162	2.9232	3.2429	3.2959	3.2575	3.2661	3.2393	3.2119	3.2503	3.1795	3.2285	3.2276	3.2093	3.2438	3.2283	3.1896	3.2183	3.2007	2.9051	2.5417	2.8723	2.7802	2.735	2.6892	2.7151	2.6952	2.7096	2.6972	2.7371	2.7322	2.7265	2.764	2.7908	2.771	2.7712	2.744	2.7299	2.747	2.742	2.728	2.7408	2.739	2.7204	2.7105	2.7562	2.7405	2.7794	2.7595	2.7354	2.7918	2.8166	2.4624	2.7773	2.7163	2.7201	2.6933	2.7278	2.7285	2.7636	2.7786	2.7561	2.7422	2.7569	2.7712	2.7507	2.7247	2.7174	2.7337	2.7266	2.7084	2.7965	3.257	3.0693	3.1927	3.2774	3.2332	3.2711	3.2653	3.2588	3.2272	3.2431	3.2288	3.2349	3.2426	3.202	3.2333	3.1922	3.3012	3.2455	3.2059	3.1612	2.9765	2.6067	2.6934	2.7452	2.6976	2.6803	2.6945	2.7115	2.7508	2.7244	2.723	2.691	2.6956	2.6994	2.7043	2.7402	2.7327	2.7356	2.7662	2.7406	2.7188	2.756	2.7252	2.7134	2.7379	2.728	2.7568	2.7515	2.7701	2.7258	2.6964	2.6293	2.7311	2.7492	2.732	2.7291	2.7458	2.7564	2.7406	2.7414	2.7286	2.7205	2.7213	2.7389	2.7634	2.7522	2.7792	2.7584	2.7253	2.6999	2.6957	2.9734	3.0391	3.155	3.235	3.2196	3.2398	3.2748	3.2808	3.2639	3.2303	3.2197	3.1888	3.1996	3.2122	3.1423	3.1847	3.2333	3.2389	3.2169	3.2179	3.2118	3.1791	3.1029	2.6735	2.6791	2.7614	2.7132	2.682	2.6919	2.6989	2.7544	2.7381	2.7215	2.7111	2.7249	2.7375	2.7039	2.6977	2.7525	2.7406	2.707	2.726	2.6993	2.7549	2.7531	2.7529	2.7794	2.7768	2.7458	2.7196	2.7211	2.7199	2.7537	2.752	2.7091	2.7241	2.7604	2.7573	2.7668	2.7427	2.7322	2.7528	2.7534	2.7392	2.7294	2.7479	2.7741	2.7449	2.7607	2.7486	2.7222	2.7384	2.9556	3.2851	3.0994	3.2438	3.2808	3.2933	3.2717	3.2439	3.2634	3.2493	3.2308	3.2273	3.2417	3.241	3.2282	3.2458	3.2225	3.2186	3.1977	3.2187	3.1783	3.2251	3.1718	3.1773	2.8129	2.5578	2.7276	2.6829	2.6713	2.7131	2.7458	2.7457	2.7172	2.732	2.7342	2.7077
2.7694	2.7777	2.7659	2.7632	2.7594	2.7528	2.8762	3.266	2.9016	3.1093	3.2299	3.2082	3.2629	3.1972	3.2344	3.2364	3.257	3.2495	3.2245	3.1855	3.2024	3.2056	3.1323	2.883	2.6282	2.8386	2.7566	2.7195	2.7082	2.724	2.6782	2.6952	2.6752	2.7284	2.7489	2.7244	2.7146	2.688	2.745	2.7215	2.7484	2.7219	2.7235	2.7434	2.7482	2.7534	2.7262	2.7473	2.7083	2.7476	2.7723	2.7805	2.7638	2.7068	2.7139	2.7375	2.4286	1.6578	2.6443	2.7441	2.7529	2.7515	2.6998	2.7797	2.7608	2.7549	2.7516	2.7408	2.7719	2.7714	2.7603	2.7808	2.7411	2.7539	2.7178	2.723	2.7684	2.8478	3.1767	3.0218	3.2341	3.2628	3.2516	3.2592	3.2658	3.273	3.2405	3.2349	3.2266	3.2578	3.2411	3.2211	3.2713	3.2369	3.2317	3.1559	2.9456	2.5252	2.6767	2.7744	2.6691	2.7008	2.7026	2.7278	2.7077	2.6812	2.74	2.705	2.7436	2.7419	2.7004	2.708	2.7335	2.7313	2.749	2.7279	2.7101	2.6934	2.7472	2.7649	2.7265	2.7064	2.7288	2.7219	2.7579	2.7374	2.7239	2.7157	2.7747	2.7518	2.7545	2.7255	2.733	2.7393	2.7475	2.7597	2.7143	2.6792	2.7508	2.726	2.7401	2.7598	2.7391	2.7474	2.7697	2.7414	2.6966	2.7292	2.8016	3.0275	3.1854	3.1566	3.1922	3.1997	3.2531	3.2419	3.2738	3.261	3.2645	3.286	3.2358	3.2742	3.2388	3.2405	3.2185	3.2477	3.2385	3.24	3.2138	3.1101	2.7792	2.665	2.7404	2.7167	2.7092	2.7155	2.7416	2.7183	2.6938	2.5893	2.6032	2.7138	2.7129	2.7461	2.724	2.7183	2.6909	2.7221	2.742	2.6808	2.7591	2.7526	2.747	2.7468	2.7603	2.7577	2.7608	2.7712	2.7703	2.752	2.7293	2.7416	2.7825	2.7563	2.753	2.7495	2.7475	2.7697	2.7507	2.7589	2.7823	2.7505	2.7384	2.7417	2.7739	2.7541	2.74	2.7544	2.7538	2.7555	2.7356	2.9661	3.1663	3.0724	3.2478	3.2713	3.2686	3.2584	3.2922	3.2816	3.2782	3.2679	3.2534	3.2407	3.2388	3.2484	3.2158	3.2415	3.2544	3.258	3.2695	3.2681	3.224	3.0062	2.6383	2.4965	2.7332	2.7293	2.7382	2.7482	2.7125	2.756	2.7514	2.7164	2.7269	2.7027
2.7405	2.7544	2.7674	2.7425	2.7357	2.72	2.7271	2.8781	3.0722	2.8599	2.8751	3.0712	3.1839	3.2475	3.2372	3.2238	3.2164	3.2493	3.2362	3.1589	3.1129	2.9539	2.6696	2.6547	2.7649	2.7655	2.7306	2.719	2.7335	2.7404	2.7254	2.7486	2.767	2.7483	2.7401	2.7405	2.7263	2.7064	2.7306	2.7338	2.6805	2.3959	2.732	2.738	2.73	2.7147	2.7373	2.7504	2.7481	2.7785	2.745	2.7525	2.7789	2.7704	2.7562	2.7504	2.7325	2.1687	2.5701	2.7449	2.7471	2.7688	2.7653	2.7728	2.7644	2.7759	2.8013	2.8025	2.7545	2.7716	2.7638	2.7592	2.7337	2.7372	2.7421	2.7271	2.7266	2.71	2.8915	3.2324	2.9383	3.0943	3.2157	3.2195	3.2622	3.2535	3.2509	3.247	3.2386	3.2444	3.2381	3.2364	3.2328	3.2014	3.092	2.8631	2.6193	2.8	2.7237	2.7092	2.7215	2.7175	2.7105	2.713	2.7281	2.7299	2.7563	2.7057	2.7367	2.731	2.7265	2.7558	2.7209	2.7169	2.7152	2.7528	2.748	2.7035	2.7652	2.784	2.7573	2.7629	2.7714	2.7371	2.7433	2.7569	2.738	2.7501	2.7635	2.7468	2.7375	2.7375	2.7699	2.7588	2.7471	2.7708	2.7294	2.7405	2.7749	2.7916	2.7466	2.7537	2.7645	2.7602	2.7329	2.6974	2.728	2.7737	2.7529	2.7608	2.9965	3.0696	3.1257	3.1965	3.2283	3.2571	3.2084	3.225	3.2597	3.2474	3.1998	3.1863	3.2357	3.2591	3.2149	3.212	3.2374	3.2533	3.1675	2.7201	2.5442	2.7819	2.7045	2.7017	2.7101	2.6959	2.6917	2.7289	2.733	2.7405	2.7458	2.7569	2.7512	2.7593	2.7496	2.7306	2.71	2.7206	2.707	2.7574	2.7751	2.7322	2.7056	2.7383	2.7381	2.7085	2.7406	2.7326	2.7644	2.7555	2.7421	2.7442	2.7465	2.7766	2.7434	2.7642	2.771	2.7643	2.7581	2.765	2.7799	2.7801	2.7845	2.7825	2.7703	2.7812	2.7845	2.7761	2.7525	2.7377	2.7742	2.7562	2.9778	3.1929	3.1268	3.233	3.29	3.2829	3.247	3.2704	3.252	3.2553	3.2902	3.3035	3.2753	3.2837	3.2553	3.2608	3.2783	3.2984	3.264	3.2244	3.0671	2.7802	2.7632	2.7766	2.7231	2.7128	2.6842	2.7416	2.7305	2.6681	2.6501	2.7167	2.7592	2.7708
2.7633	2.7722	2.7757	2.7416	2.734	2.7283	2.7775	2.7631	2.7962	3.0088	3.3277	3.0266	2.6483	2.8036	2.8805	2.902	2.9153	2.8584	2.7858	2.7148	2.567	2.4898	3.1587	2.8717	2.756	2.715	2.7351	2.7459	2.7331	2.7314	2.7623	2.7397	2.7476	2.7636	2.7535	2.7413	2.7466	2.7759	2.7855	2.7814	2.734	2.7591	2.7527	2.7387	2.761	2.7878	2.7569	2.7417	2.7617	2.7579	2.7713	2.7596	2.7584	2.7219	2.7843	2.7695	2.7752	2.7833	2.7751	2.7717	2.7647	2.7509	2.769	2.7646	2.7837	2.7877	2.7503	2.7703	2.7653	2.7903	2.7657	2.7651	2.752	2.7546	2.7945	2.7766	2.7504	2.7292	2.7429	2.8512	3.2041	2.7715	3.0034	3.1178	3.2077	3.2635	3.2519	3.2413	3.2477	3.2281	3.2225	3.1847	3.0559	2.8893	2.6664	2.664	2.8647	2.7671	2.6632	2.7048	2.7593	2.69	2.7189	2.7422	2.7295	2.7752	2.7222	2.7624	2.7621	2.7339	2.774	2.7463	2.7055	2.7452	2.7355	2.7427	2.7482	2.7714	2.7654	2.7928	2.7654	2.7289	2.7527	2.7762	2.7705	2.7657	2.7638	2.7655	2.7529	2.7595	2.7563	2.7643	2.7285	2.7869	2.7462	2.7558	2.764	2.7802	2.7443	2.748	2.7955	2.7741	2.7213	2.7254	2.7474	2.7565	2.725	2.741	2.6994	2.6469	2.7843	2.9889	2.9629	2.9002	3.0931	3.1673	3.2499	3.2552	3.2463	3.2617	3.2432	3.2382	3.2537	3.2171	3.2387	3.2216	3.1772	2.9879	2.6936	2.7621	2.8333	2.7407	2.7363	2.7485	2.7057	2.7623	2.7584	2.7108	2.6898	2.719	2.7407	2.7362	2.7585	2.7619	2.7253	2.6989	2.7539	2.7596	2.7317	2.7348	2.7601	2.7466	2.7618	2.7047	2.7223	2.7649	2.7598	2.7538	2.7353	2.7549	2.7589	2.7652	2.7326	2.75	2.7583	2.7665	2.7419	2.7408	2.764	2.7749	2.739	2.7418	2.7623	2.812	2.7387	2.778	2.7717	2.7758	2.7622	2.7453	2.7616	2.7494	2.7517	3.0629	3.0021	3.1165	3.2216	3.2492	3.3148	3.2578	3.2516	3.2674	3.2945	3.2785	3.2385	3.2024	3.2445	3.2989	3.2535	3.2516	3.2576	3.1185	2.7233	2.5166	2.8318	2.7685	2.7625	2.7258	2.7243	2.7253	2.7159	2.714	2.7141	2.7455	2.7412	2.7327
2.7694	2.7328	2.7615	2.7319	2.7353	2.7772	2.79	2.7338	2.7675	2.7717	2.8017	2.8558	3.0078	3.2382	3.355	3.4063	3.4141	3.4226	3.3155	3.1191	2.9718	2.8277	2.7273	2.7065	2.7117	2.7716	2.6986	2.6981	2.7495	2.7263	2.7433	2.782	2.7403	2.7351	2.7484	2.7422	2.7471	2.7312	2.7312	2.7533	2.785	2.7871	2.7411	2.8006	2.7597	2.775	2.7448	2.7549	2.7473	2.7135	2.7479	2.7801	2.7697	2.7677	2.7953	2.7767	2.7618	2.7487	2.7694	2.7903	2.7649	2.7647	2.7771	2.7651	2.772	2.7715	2.7744	2.7913	2.7651	2.7443	2.7413	2.7841	2.7546	2.7887	2.7618	2.7857	2.7402	2.7358	2.7424	2.7422	2.7765	2.9372	3.2892	2.7511	2.7079	2.8122	2.885	2.9846	2.9918	2.9323	2.8196	2.7084	2.4616	2.9528	3.1009	2.8603	2.7845	2.7316	2.7254	2.7094	2.7308	2.7113	2.7408	2.7427	2.7236	2.7103	2.7216	2.725	2.7341	2.7345	2.7293	2.7565	2.7761	2.7289	2.7138	2.7403	2.7516	2.7711	2.7635	2.7195	2.7817	2.7791	2.7896	2.794	2.7428	2.7854	2.7384	2.753	2.7608	2.7829	2.7678	2.7497	2.7555	2.7906	2.7779	2.768	2.795	2.7859	2.761	2.7838	2.7916	2.7774	2.7944	2.7737	2.7345	2.7269	2.7667	2.7455	2.735	2.706	2.6895	2.657	2.9186	3.363	2.7653	2.8535	3.0812	3.1175	3.1262	3.1515	3.2138	3.203	3.2254	3.1568	3.1258	2.9842	2.7884	2.6418	3.0001	2.8392	2.7657	2.7331	2.6946	2.7178	2.7323	2.7442	2.7292	2.7262	2.7173	2.7599	2.7533	2.7632	2.7136	2.7351	2.7594	2.7795	2.7574	2.7235	2.7483	2.7347	2.7381	2.7511	2.7823	2.7444	2.7406	2.7429	2.6572	2.7443	2.7342	2.7646	2.7641	2.7649	2.7454	2.7662	2.7846	2.7919	2.7876	2.7633	2.7768	2.7865	2.7376	2.795	2.773	2.7488	2.7697	2.7861	2.7839	2.7578	2.746	2.7628	2.7688	2.7633	2.7177	2.8055	3.0538	3.4454	2.9393	3.1465	3.1925	3.2737	3.2726	3.2476	3.2432	3.2643	3.2657	3.2497	3.2418	3.243	3.2369	3.16	2.9451	2.6713	2.5713	2.8265	2.7338	2.7331	2.744	2.7547	2.7256	2.7428	2.7473	2.7417	2.7167	2.7481	2.751	2.76
2.7426	2.7824	2.776	2.8131	2.7578	2.7764	2.8028	2.7319	2.7166	2.7412	2.7456	2.7408	2.7117	2.7418	2.7243	2.7415	2.7723	2.7587	2.7558	2.7554	2.7532	2.7199	2.7503	2.7633	2.7314	2.7312	2.7434	2.7549	2.7671	2.7746	2.7665	2.7546	2.7523	2.7586	2.7713	2.7839	2.7246	2.7367	2.7427	2.7587	2.7734	2.7483	2.7507	2.7831	2.7596	2.743	2.7779	2.7236	2.7429	2.7873	2.7552	2.7045	2.7813	2.7843	2.7955	2.7855	2.7624	2.7544	2.7599	2.7738	2.7745	2.7652	2.76	2.7695	2.7895	2.7837	2.7878	2.7779	2.731	2.7422	2.7563	2.7854	2.7675	2.7631	2.7682	2.7421	2.7768	2.7476	2.7244	2.7592	2.7543	2.7405	2.7289	2.8023	3.0717	3.2689	3.4443	3.4488	3.1426	3.2528	3.3702	3.1951	2.9242	2.7912	2.7431	2.7307	2.7224	2.7581	2.7095	2.7103	2.7361	2.7198	2.7221	2.7557	2.7726	2.762	2.7502	2.751	2.7568	2.7612	2.7228	2.7805	2.7718	2.7432	2.7502	2.7585	2.7871	2.7918	2.7415	2.7536	2.8049	2.7651	2.7545	2.7299	2.7346	2.7736	2.7895	2.7762	2.7605	2.7628	2.8013	2.7773	2.7846	2.8043	2.7998	2.8035	2.7863	2.7559	2.744	2.7765	2.7852	2.7502	2.7642	2.7668	2.7683	2.7499	2.7534	2.7803	2.7625	2.7528	2.7582	2.7659	2.7369	2.7464	2.9769	3.2804	3.158	2.5538	2.685	2.7785	2.8357	2.8056	2.7216	2.6498	2.4953	2.664	3.0025	2.9668	2.7395	2.7238	2.7425	2.7453	2.7539	2.7323	2.7454	2.7322	2.7486	2.6996	2.7335	2.7274	2.7081	2.7216	2.7849	2.7509	2.7345	2.7523	2.7936	2.7897	2.749	2.7474	2.7663	2.7624	2.7559	2.7812	2.7797	2.782	2.7721	2.7328	2.7317	2.7749	2.7602	2.7211	2.7733	2.7584	2.7534	2.771	2.7545	2.7564	2.7553	2.7311	2.7446	2.7686	2.7542	2.7546	2.7811	2.7628	2.7895	2.8138	2.7871	2.7649	2.7411	2.7651	2.7704	2.7244	2.7533	2.9289	3.0092	2.7447	2.8763	3.0262	3.1389	3.2214	3.2277	3.1823	3.2029	3.1889	3.1462	3.0556	2.9006	2.6559	2.583	2.8558	2.8479	2.739	2.7385	2.7314	2.7272	2.7371	2.7236	2.7176	2.7338	2.7599	2.7506	2.7409	2.7474	2.7616
2.7521	2.7822	2.7671	2.7697	2.7627	2.7871	2.7342	2.745	2.7013	2.7525	2.7732	2.7272	2.7158	2.7331	2.7348	2.7295	2.7092	2.725	2.7181	2.6963	2.7165	2.7364	2.8011	2.7381	2.7353	2.7514	2.7367	2.7338	2.7386	2.7676	2.7571	2.7308	2.7452	2.7618	2.7325	2.7541	2.7789	2.7583	2.7763	2.7696	2.7762	2.7839	2.7488	2.7741	2.7752	2.7598	2.7497	2.754	2.7371	2.7413	2.7874	2.7963	2.7622	2.7823	2.7676	2.7385	2.7817	2.772	2.7543	2.7285	2.7438	2.7678	2.7574	2.7617	2.7302	2.7431	2.7991	2.7913	2.759	2.7353	2.7424	2.7635	2.7869	2.7749	2.7733	2.8037	2.7724	2.7466	2.7736	2.7622	2.739	2.7319	2.7265	2.7387	2.7684	2.7638	2.7181	2.7772	2.8084	2.8121	2.7635	2.7324	2.7259	2.7286	2.7492	2.7415	2.7416	2.7174	2.7358	2.7351	2.7701	2.7716	2.7577	2.7127	2.8002	2.7624	2.7407	2.7355	2.7477	2.7333	2.736	2.7484	2.8007	2.7721	2.7535	2.7708	2.7588	2.7711	2.7601	2.7779	2.7248	2.7641	2.7814	2.7784	2.753	2.7323	2.7693	2.7969	2.7644	2.7605	2.7499	2.7688	2.7696	2.7634	2.7639	2.7347	2.7552	2.7601	2.7666	2.7704	2.7821	2.722	2.6966	2.7352	2.7491	2.7611	2.758	2.7856	2.7768	2.7873	2.7877	2.7391	2.7213	2.7259	2.7409	2.7604	2.8088	2.9501	3.0977	3.1967	3.2286	3.2497	3.1811	3.0705	2.945	2.8361	2.7949	2.7147	2.7443	2.6637	2.7037	2.7331	2.7263	2.763	2.7958	2.7244	2.7344	2.7754	2.7336	2.7187	2.7595	2.8023	2.7849	2.7725	2.7673	2.7758	2.7792	2.7873	2.7615	2.7934	2.7663	2.7658	2.7656	2.7653	2.7693	2.7822	2.763	2.7576	2.7891	2.7587	2.7604	2.7626	2.7995	2.7829	2.8135	2.7576	2.7325	2.7232	2.7617	2.7799	2.7668	2.7741	2.7748	2.7691	2.792	2.8111	2.7867	2.7872	2.7674	2.7419	2.7616	2.7938	2.7765	2.7709	2.7701	2.7653	2.7862	2.9477	3.298	3.2337	2.5018	2.6722	2.7392	2.7733	2.7917	2.6877	2.5887	2.562	3.1115	3.1015	2.9509	2.783	2.7026	2.7538	2.7536	2.7633	2.7397	2.7609	2.7489	2.7512	2.7452	2.7677	2.7686	2.7745	2.7674	2.7659
2.7695	2.7575	2.7601	2.7196	2.7495	2.7793	2.7629	2.7432	2.7522	2.7178	2.7108	2.732	2.7405	2.7246	2.7157	2.7188	2.7347	2.7351	2.6947	2.7635	2.6803	2.7175	2.7357	2.7154	2.7399	2.7476	2.772	2.726	2.7176	2.7568	2.7347	2.7431	2.7586	2.7435	2.7483	2.7288	2.7606	2.7866	2.7985	2.7793	2.7872	2.8312	2.7876	2.7717	2.7393	2.7633	2.7709	2.7406	2.784	2.7869	2.7566	2.7652	2.8093	2.7949	2.637	2.3869	2.7414	2.7601	2.7619	2.7687	2.7667	2.8023	2.7813	2.7378	2.7815	2.7892	2.7846	2.8143	2.7798	2.7817	2.7688	2.7926	2.784	2.7796	2.7859	2.7658	2.7555	2.7621	2.7821	2.7982	2.7561	2.7825	2.7407	2.7141	2.735	2.739	2.7266	2.7343	2.746	2.7233	2.7047	2.694	2.7077	2.7104	2.7186	2.6797	2.7329	2.7473	2.7597	2.7338	2.6859	2.7101	2.7197	2.7713	2.7952	2.777	2.7572	2.7483	2.754	2.7533	2.7661	2.766	2.7578	2.7781	2.7793	2.7443	2.7644	2.77	2.7548	2.7896	2.7724	2.7579	2.7275	2.7603	2.774	2.7935	2.7412	2.7924	2.7714	2.7286	2.7726	2.7556	2.7459	2.7595	2.7704	2.7762	2.765	2.7783	2.7512	2.7804	2.8089	2.7826	2.7505	2.7711	2.7825	2.784	2.7908	2.7886	2.7674	2.7426	2.7571	2.7871	2.7687	2.7802	2.7436	2.7306	2.7199	2.7188	2.7368	2.6883	2.7352	2.7387	2.7408	2.7325	2.7119	2.7257	2.7376	2.7507	2.7645	2.7703	2.7581	2.7605	2.732	2.7408	2.7262	2.7576	2.7693	2.7721	2.7527	2.7458	2.7676	2.7781	2.7831	2.7975	2.7851	2.7644	2.7558	2.7709	2.7757	2.7239	2.7598	2.7933	2.7516	2.7941	2.816	2.7662	2.7472	2.8107	2.7282	2.7488	2.7686	2.7399	2.7418	2.7467	2.7224	2.7578	2.8006	2.803	2.7519	2.7435	2.79	2.7824	2.7896	2.7875	2.7737	2.7865	2.7876	2.7887	2.8171	2.7988	2.7931	2.7698	2.796	2.7931	2.7258	2.706	2.7575	2.731	2.711	2.8016	2.917	2.9705	3.1781	3.1964	3.1941	3.0784	2.9516	2.8551	2.7764	2.7391	2.729	2.7385	2.7415	2.7391	2.7236	2.7636	2.7783	2.7248	2.7309	2.7329	2.7621	2.7802	2.7232	2.7489	2.7347	2.736
2.7617	2.7624	2.7634	2.7471	2.7403	2.7483	2.7523	2.7708	2.7668	2.7709	2.7008	2.7138	2.7272	2.7484	2.7098	2.7426	2.7549	2.7149	2.7166	2.7149	2.7184	2.726	2.7509	2.7416	2.7375	2.7837	2.7574	2.7331	2.7609	2.7641	2.7751	2.77	2.7298	2.7386	2.7706	2.7793	2.7449	2.7662	2.7772	2.7701	2.7413	2.748	2.7893	2.7925	2.7652	2.7568	2.7398	2.7689	2.7769	2.7492	2.8117	2.8178	2.7271	2.7976	2.6264	1.8828	2.022	2.731	2.7645	2.7714	2.7843	2.7796	2.7719	2.7688	2.7949	2.766	2.7727	2.8034	2.7992	2.7606	2.7759	2.8089	2.8054	2.7906	2.7968	2.7561	2.7579	2.7399	2.7664	2.7599	2.7753	2.7527	2.7868	2.7422	2.7471	2.7707	2.727	2.7166	2.7363	2.7552	2.7499	2.7634	2.7261	2.7789	2.7731	2.7637	2.7494	2.7192	2.7389	2.7265	2.7568	2.7458	2.7512	2.7595	2.7446	2.7669	2.7281	2.7411	2.7678	2.7689	2.7636	2.7793	2.723	2.744	2.7347	2.7841	2.7704	2.7785	2.7928	2.7975	2.7839	2.7669	2.7621	2.7578	2.7447	2.7509	2.7958	2.7926	2.7963	2.7697	2.7983	2.6994	2.7502	2.7932	2.8026	2.8026	2.7988	2.8089	2.8065	2.7629	2.7361	2.7958	2.7716	2.7694	2.7788	2.767	2.7267	2.7553	2.747	2.7626	2.7871	2.7894	2.7753	2.754	2.7239	2.7193	2.7186	2.7409	2.7257	2.7185	2.7326	2.7847	2.7868	2.7123	2.6994	2.7562	2.7049	2.7303	2.7519	2.7498	2.7333	2.7359	2.7411	2.7581	2.7747	2.7713	2.7525	2.7524	2.7665	2.766	2.7809	2.7853	2.7623	2.7829	2.787	2.7693	2.7535	2.738	2.7415	2.7689	2.748	2.7653	2.7773	2.7888	2.7744	2.788	2.7711	2.7694	2.7519	2.791	2.7573	2.7762	2.7695	2.7659	2.8176	2.7272	2.7742	2.793	2.7625	2.7485	2.7681	2.7682	2.7571	2.7762	2.7812	2.7654	2.7866	2.7671	2.8371	2.7917	2.7682	2.7683	2.7608	2.7481	2.7516	2.7638	2.7598	2.7679	2.738	2.7627	2.7361	2.7285	2.6938	2.6959	2.7303	2.774	2.7508	2.7613	2.7305	2.7546	2.7205	2.732	2.7326	2.7109	2.7329	2.7494	2.7358	2.7364	2.7357	2.7515	2.7519	2.7708	2.7551	2.7172	2.7462	2.727
2.7287	2.7804	2.7591	2.7047	2.77	2.7842	2.7601	2.7671	2.7714	2.7692	2.7698	2.7734	2.7823	2.7588	2.729	2.7329	2.7569	2.7009	2.7594	2.7299	2.7323	2.7112	2.7488	2.741	2.7361	2.7392	2.7477	2.7485	2.7509	2.7631	2.7557	2.7466	2.7756	2.7903	2.7913	2.8272	2.7838	2.794	2.7651	2.7286	2.7413	2.741	2.7774	2.7878	2.7667	2.7779	2.7551	2.7508	2.7427	2.7442	2.8024	2.7611	2.7598	2.7727	2.8107	2.2569	2.5959	2.7822	2.7684	2.764	2.7763	2.7422	2.7332	2.7411	2.7432	2.7781	2.7918	2.7426	2.7662	2.7491	2.7469	2.7554	2.7535	2.7801	2.7714	2.7731	2.8094	2.7871	2.7747	2.7776	2.7661	2.7771	2.7581	2.7589	2.7629	2.7033	2.7405	2.7653	2.7654	2.7501	2.7589	2.7652	2.7341	2.7323	2.7445	2.7309	2.7304	2.7224	2.748	2.7364	2.7531	2.7418	2.731	2.7663	2.753	2.7168	2.7734	2.7572	2.7932	2.7494	2.7612	2.7652	2.766	2.7795	2.77	2.7619	2.7558	2.7617	2.7946	2.7464	2.769	2.7327	2.7773	2.7783	2.7968	2.7607	2.7801	2.7897	2.7615	2.791	2.7671	2.7688	2.7504	2.7318	2.753	2.7448	2.7973	2.7639	2.7766	2.8074	2.7844	2.7968	2.7579	2.7502	2.7624	2.7828	2.7908	2.7669	2.7617	2.756	2.7541	2.7906	2.7765	2.7206	2.752	2.7466	2.7395	2.7579	2.745	2.7278	2.6933	2.7682	2.7602	2.7249	2.7329	2.7423	2.7378	2.7196	2.7515	2.7567	2.7485	2.7212	2.7391	2.7561	2.755	2.7482	2.7749	2.7669	2.7618	2.7609	2.738	2.7648	2.723	2.776	2.7519	2.7777	2.7387	2.765	2.7868	2.7638	2.7752	2.8057	2.7879	2.777	2.7806	2.7462	2.7622	2.7643	2.7332	2.7639	2.7472	2.7566	2.7887	2.774	2.7716	2.792	2.782	2.7789	2.7693	2.7827	2.8016	2.7711	2.7938	2.781	2.768	2.8003	2.7777	2.7461	2.774	2.7887	2.7569	2.7595	2.7764	2.8041	2.7753	2.768	2.7666	2.7619	2.719	2.7145	2.7615	2.7635	2.7501	2.7165	2.7509	2.7432	2.7181	2.7399	2.7392	2.7649	2.7765	2.7552	2.7279	2.7246	2.7632	2.7058	2.7438	2.7325	2.7397	2.7529	2.802	2.7516	2.7332	2.7354	2.7666	2.7621
2.738	2.755	2.7931	2.7717	2.7387	2.7265	2.7738	2.764	2.7743	2.7375	2.7368	2.7324	2.7656	2.758	2.7433	2.7395	2.7599	2.7556	2.7549	2.7341	2.6906	2.7811	2.7457	2.7489	2.7653	2.7394	2.7621	2.7468	2.7145	2.7232	2.7513	2.7855	2.796	2.804	2.7289	2.7334	2.7438	2.7687	2.7483	2.8044	2.766	2.7931	2.7972	2.7604	2.7645	2.7365	2.7778	2.792	2.7348	2.7459	2.7601	2.7367	2.7501	2.7537	2.7765	2.7863	2.767	2.7502	2.7467	2.7441	2.7796	2.7604	2.7553	2.7665	2.7664	2.7587	2.7536	2.7691	2.7953	2.7963	2.7997	2.7696	2.7564	2.7387	2.7805	2.7832	2.7776	2.7674	2.7588	2.7681	2.7679	2.7765	2.7383	2.7327	2.7636	2.7878	2.7639	2.7787	2.7755	2.7328	2.7383	2.7302	2.7262	2.7244	2.7467	2.7403	2.7547	2.7774	2.7875	2.7394	2.7284	2.7837	2.7617	2.7525	2.7797	2.7629	2.7361	2.7351	2.7324	2.7503	2.7624	2.7333	2.7634	2.7765	2.7706	2.7442	2.742	2.7612	2.7691	2.7671	2.7769	2.7691	2.7854	2.7951	2.7813	2.7448	2.7624	2.7686	2.7331	2.7628	2.7333	2.7479	2.7457	2.7653	2.7686	2.7659	2.8023	2.7978	2.7732	2.7697	2.7645	2.7482	2.746	2.7692	2.7792	2.78	2.7669	2.7687	2.7697	2.7903	2.7904	2.7745	2.802	2.7716	2.7719	2.7482	2.7416	2.7326	2.7581	2.757	2.7592	2.7269	2.7006	2.772	2.7475	2.7182	2.711	2.7615	2.7612	2.7651	2.7782	2.7934	2.7675	2.7641	2.7479	2.7003	2.6964	2.7273	2.71	2.7412	2.7814	2.7567	2.7753	2.7508	2.7621	2.7818	2.7689	2.7575	2.7585	2.7755	2.7304	2.7632	2.7304	2.7646	2.7741	2.7731	2.7908	2.7887	2.8063	2.8026	2.7624	2.7299	2.7231	2.7487	2.7281	2.7392	2.7518	2.7536	2.7629	2.7638	2.7496	2.7488	2.7719	2.8042	2.7853	2.7458	2.7717	2.7845	2.8013	2.799	2.7762	2.7777	2.7878	2.7448	2.7487	2.7261	2.7663	2.7545	2.7262	2.7483	2.7356	2.7529	2.7552	2.7415	2.7417	2.7644	2.6975	2.7498	2.7499	2.7471	2.7293	2.7239	2.7578	2.735	2.6995	2.7445	2.7519	2.7253	2.7808	2.7597	2.7641	2.7333	2.7235	2.7586	2.7775	2.7804
2.7583	2.7597	2.7784	2.7353	2.7498	2.7672	2.7703	2.7571	2.7618	2.763	2.7295	2.7283	2.7546	2.7699	2.7532	2.7441	2.7397	2.7564	2.6993	2.6752	2.6915	2.7604	2.7366	2.7822	2.7768	2.7612	2.7441	2.7392	2.7483	2.7345	2.7942	2.7876	2.7313	2.6144	2.7107	2.7434	2.7526	2.7617	2.7408	2.7771	2.7877	2.7592	2.7934	2.7709	2.7485	2.7148	2.7347	2.8151	2.7588	2.7605	2.7517	2.718	2.7662	2.77	2.7838	2.7515	2.7675	2.7572	2.7786	2.7485	2.7504	2.7736	2.7639	2.7906	2.7631	2.7666	2.7859	2.7966	2.796	2.7879	2.7715	2.7683	2.754	2.7853	2.7532	2.7736	2.7817	2.789	2.7463	2.757	2.7544	2.7385	2.7475	2.7277	2.7631	2.7605	2.7641	2.7535	2.729	2.715	2.7489	2.7213	2.7264	2.737	2.757	2.7226	2.7063	2.7154	2.7318	2.7591	2.7775	2.7774	2.7431	2.7307	2.7559	2.8175	2.7518	2.7909	2.7891	2.7648	2.7775	2.806	2.7674	2.7822	2.7565	2.7667	2.7656	2.7772	2.7696	2.7544	2.7748	2.7368	2.7154	2.742	2.7648	2.7764	2.7724	2.7436	2.7633	2.7575	2.7598	2.787	2.7631	2.7692	2.781	2.7919	2.774	2.7649	2.7522	2.7669	2.7668	2.8017	2.7771	2.793	2.7843	2.7609	2.7922	2.7829	2.7805	2.765	2.7649	2.7911	2.7504	2.7511	2.7474	2.7296	2.7476	2.7831	2.7533	2.7464	2.7607	2.7625	2.7366	2.7631	2.7396	2.7303	2.7125	2.7284	2.7227	2.7483	2.7583	2.7453	2.7678	2.74	2.7547	2.7536	2.7671	2.749	2.7591	2.7719	2.7348	2.7412	2.747	2.7461	2.7862	2.7537	2.7934	2.7726	2.7919	2.7322	2.7321	2.7756	2.7854	2.7518	2.7321	2.7418	2.7604	2.7426	2.7739	2.7801	2.7822	2.7601	2.7862	2.7565	2.7316	2.7287	2.7301	2.7455	2.7324	2.7667	2.7764	2.7776	2.7718	2.76	2.731	2.7678	2.7914	2.7899	2.7623	2.7614	2.7718	2.7735	2.7691	2.7826	2.7859	2.7917	2.7907	2.742	2.7521	2.7579	2.7574	2.7421	2.7349	2.7391	2.7591	2.733	2.7517	2.7394	2.7406	2.7154	2.6983	2.7482	2.7465	2.7222	2.7497	2.775	2.7587	2.771	2.735	2.7473	2.7722	2.7907	2.78	2.747	2.7477	2.7728
2.7822	2.7646	2.7715	2.7679	2.7624	2.7363	2.7653	2.7522	2.7484	2.7531	2.7667	2.7429	2.7234	2.7848	2.7656	2.7556	2.7493	2.7572	2.7596	2.7774	2.7407	2.7293	2.7541	2.7064	2.748	2.7651	2.7479	2.7603	2.7497	2.7532	2.8291	2.6364	2.6132	2.5282	2.5319	2.6337	2.7746	2.7474	2.7614	2.7741	2.7771	2.7736	2.7516	2.7858	2.7783	2.7856	2.7827	2.7724	2.8146	2.8413	2.8895	2.8389	2.8196	2.8135	2.7904	2.7411	2.7923	2.7868	2.7354	2.7688	2.7588	2.7689	2.7512	2.7789	2.8044	2.7786	2.7853	2.7416	2.7288	2.7425	2.7743	2.7658	2.7708	2.791	2.773	2.7674	2.7659	2.7626	2.7754	2.7944	2.7335	2.7515	2.7687	2.7153	2.7	2.7426	2.7502	2.7588	2.7546	2.773	2.763	2.6935	2.7423	2.7691	2.7917	2.7735	2.7123	2.7175	2.7165	2.723	2.7426	2.7434	2.7367	2.7384	2.7565	2.7574	2.771	2.7508	2.7618	2.7783	2.7648	2.7481	2.7481	2.7744	2.7736	2.797	2.7572	2.773	2.7729	2.7732	2.7798	2.769	2.7617	2.7308	2.7831	2.7496	2.7625	2.7899	2.7602	2.785	2.7658	2.7368	2.7371	2.7803	2.7602	2.7573	2.7694	2.7489	2.768	2.7281	2.765	2.7894	2.8083	2.7456	2.7741	2.7774	2.761	2.7655	2.7928	2.7515	2.7574	2.7459	2.7446	2.7237	2.7364	2.7737	2.7743	2.7704	2.7334	2.7491	2.732	2.7371	2.6945	2.7002	2.7517	2.769	2.738	2.7337	2.7523	2.7406	2.7599	2.7473	2.7478	2.7478	2.7391	2.75	2.7639	2.7601	2.7401	2.7697	2.7785	2.779	2.7855	2.7593	2.7588	2.7387	2.7402	2.7612	2.7597	2.8003	2.77	2.7605	2.7753	2.7534	2.7372	2.7435	2.7672	2.7271	2.8065	2.7603	2.7701	2.7531	2.7544	2.7815	2.7644	2.7614	2.7896	2.7916	2.7847	2.7361	2.7839	2.7951	2.7977	2.7554	2.7533	2.7537	2.7759	2.7964	2.8044	2.807	2.808	2.7676	2.7516	2.7729	2.766	2.771	2.7896	2.7761	2.7546	2.7253	2.7576	2.7346	2.7417	2.7311	2.7267	2.7149	2.7081	2.7372	2.7335	2.7189	2.7451	2.7552	2.75	2.7405	2.7519	2.7584	2.7633	2.7687	2.7474	2.7307	2.7446	2.7545	2.7559	2.7346	2.7274	2.7437
2.7475	2.7336	2.7653	2.7586	2.7677	2.7927	2.7785	2.7807	2.769	2.7391	2.6912	2.752	2.7426	2.7622	2.7327	2.7189	2.7659	2.7127	2.7486	2.7077	2.7176	2.716	2.701	2.6961	2.7375	2.7525	2.7526	2.7139	2.7632	2.7253	2.7798	2.5194	2.4497	2.5864	2.5086	2.6554	2.7755	2.7604	2.7496	2.7464	2.7724	2.7516	2.7446	2.7352	2.7988	2.8719	3.0686	3.485	3.4634	3.429	3.4344	3.4731	3.4932	3.3845	3.1667	2.8826	2.7795	2.745	2.7467	2.746	2.7212	2.7787	2.7659	2.7596	2.7577	2.7779	2.784	2.7436	2.74	2.779	2.7728	2.768	2.7492	2.8014	2.7946	2.7798	2.7451	2.7545	2.7887	2.781	2.7805	2.7743	2.7987	2.7869	2.7746	2.7629	2.7646	2.7506	2.7511	2.7526	2.733	2.7526	2.7569	2.7816	2.7721	2.7355	2.7254	2.7635	2.7411	2.7297	2.7657	2.7789	2.7931	2.7634	2.7608	2.7191	2.7851	2.7897	2.7892	2.7424	2.7397	2.7732	2.7815	2.7423	2.7486	2.7135	2.7758	2.7467	2.7642	2.7741	2.8055	2.8299	2.8564	2.8808	2.853	2.8323	2.7989	2.7472	2.7427	2.7714	2.767	2.7435	2.7606	2.7619	2.7607	2.7575	2.7415	2.7605	2.7547	2.7674	2.792	2.782	2.7885	2.7814	2.7773	2.8012	2.7268	2.7025	2.7924	2.8003	2.8015	2.7651	2.7564	2.7534	2.7552	2.7975	2.7912	2.7387	2.758	2.7749	2.761	2.7764	2.7652	2.7315	2.7331	2.7509	2.715	2.7422	2.7391	2.7147	2.7171	2.7162	2.7318	2.7242	2.7425	2.7508	2.7599	2.7672	2.7589	2.7876	2.7262	2.7415	2.7217	2.7517	2.7639	2.7651	2.782	2.7409	2.7267	2.7388	2.7852	2.7377	2.7639	2.7371	2.7631	2.7501	2.7469	2.7293	2.733	2.7655	2.7548	2.7389	2.7383	2.7294	2.7486	2.7584	2.7484	2.786	2.7644	2.7456	2.7597	2.7812	2.749	2.7585	2.7733	2.7652	2.7838	2.7718	2.7628	2.8012	2.8012	2.7405	2.7338	2.7444	2.7634	2.7544	2.7815	2.7519	2.751	2.7475	2.7352	2.714	2.7195	2.6989	2.7142	2.7062	2.7119	2.7663	2.7331	2.7466	2.7659	2.765	2.7237	2.7566	2.7567	2.7462	2.7517	2.7671	2.7819	2.7508	2.7374	2.7659	2.7801	2.7698	2.7217	2.757
2.7552	2.744	2.7328	2.7309	2.7538	2.748	2.7434	2.7437	2.7494	2.7978	2.799	2.7607	2.7416	2.7252	2.7369	2.7628	2.7257	2.7531	2.7492	2.7186	2.7304	2.7369	2.7656	2.7299	2.74	2.7392	2.7286	2.7594	2.7707	2.7393	2.7417	2.6953	2.4854	2.4957	2.6138	2.7463	2.7619	2.7865	2.79	2.7479	2.7409	2.7422	2.7785	2.9345	3.4552	3.4671	3.5469	3.3348	2.9585	3.0458	3.0774	3.0542	2.9709	2.9201	2.7088	3.2744	3.2706	2.9217	2.7769	2.7223	2.758	2.7365	2.6966	2.7149	2.7589	2.7373	2.7353	2.7503	2.7354	2.7904	2.7678	2.7438	2.7189	2.7471	2.7513	2.7671	2.7653	2.745	2.708	2.7533	2.7369	2.7449	2.7508	2.7381	2.7379	2.7675	2.7791	2.7671	2.7815	2.7508	2.757	2.7579	2.7667	2.7568	2.7598	2.7166	2.7535	2.7775	2.7513	2.743	2.7103	2.7565	2.7807	2.76	2.7435	2.7533	2.7568	2.7672	2.7751	2.7739	2.7368	2.7327	2.7662	2.7371	2.7237	2.724	2.7686	2.8562	2.9818	3.3199	3.5327	3.4642	3.3873	3.4713	3.4713	3.4715	3.2281	2.9634	2.8239	2.7771	2.7554	2.7311	2.7469	2.7686	2.7594	2.7377	2.7275	2.7607	2.7517	2.732	2.7415	2.7917	2.798	2.7666	2.7628	2.7694	2.7746	2.7208	2.7409	2.7209	2.7505	2.7306	2.7495	2.7477	2.7263	2.7593	2.776	2.7327	2.7449	2.7019	2.7403	2.7384	2.7088	2.7695	2.7332	2.7353	2.7757	2.7712	2.7747	2.7636	2.6995	2.6263	2.7138	2.79	2.7824	2.7605	2.7497	2.7615	2.7607	2.7593	2.7557	2.7739	2.7707	2.7812	2.7746	2.768	2.8028	2.7635	2.7549	2.7505	2.7382	2.8072	2.8217	2.8502	2.9332	2.9495	2.8983	2.8685	2.835	2.7955	2.7938	2.7733	2.7464	2.7494	2.7683	2.7259	2.7948	2.7779	2.772	2.782	2.7516	2.7232	2.7348	2.7931	2.7746	2.7595	2.7714	2.7681	2.7605	2.7463	2.7599	2.7432	2.7509	2.6835	2.7298	2.7445	2.7684	2.7605	2.741	2.7756	2.7644	2.7704	2.7022	2.7196	2.6979	2.7233	2.7249	2.7193	2.7524	2.7402	2.7399	2.7515	2.73	2.7198	2.7582	2.7598	2.7362	2.7515	2.7631	2.7655	2.8112	2.7492	2.77	2.7723	2.7813	2.794
2.7258	2.7412	2.7618	2.7421	2.7649	2.7572	2.7621	2.7403	2.7648	2.7788	2.7155	2.7094	2.7178	2.7556	2.7376	2.7172	2.7358	2.7388	2.7204	2.7791	2.7581	2.7366	2.7251	2.7038	2.7075	2.7464	2.7258	2.733	2.7471	2.7691	2.7521	2.7618	2.7736	2.7656	2.742	2.7623	2.7695	2.7322	2.7348	2.7231	2.7235	2.7519	3.1557	3.3822	3.2816	3.0431	3.1912	3.267	3.3054	3.2568	3.268	3.2364	3.2374	3.2228	3.1875	3.0927	2.7363	3.001	3.1945	2.7952	2.7548	2.7479	2.7619	2.7457	2.7537	2.7341	2.7376	2.7378	2.729	2.727	2.7153	2.727	2.755	2.7283	2.7356	2.7714	2.7447	2.7686	2.7662	2.7523	2.7605	2.7418	2.7096	2.7525	2.7459	2.7736	2.7592	2.7481	2.7483	2.7396	2.7449	2.7483	2.7431	2.7397	2.7673	2.7697	2.7814	2.7502	2.7452	2.7441	2.7338	2.724	2.7559	2.7501	2.7348	2.7736	2.7736	2.7651	2.7903	2.7679	2.7646	2.7538	2.7482	2.7568	2.7823	2.9146	3.3051	3.43	3.4539	3.3843	2.9288	3.0025	3.0595	3.0459	2.984	2.9634	2.8762	3.0387	3.2254	3.0072	2.7988	2.7713	2.7634	2.7613	2.728	2.7872	2.7349	2.7243	2.7495	2.743	2.7264	2.7241	2.7495	2.7238	2.7386	2.7315	2.7109	2.7319	2.7323	2.7576	2.7579	2.7477	2.7696	2.7566	2.7705	2.7493	2.729	2.7584	2.7034	2.7129	2.7525	2.7807	2.7457	2.7812	2.7675	2.7589	2.7432	2.7362	2.7618	2.7176	2.7618	2.7692	2.762	2.751	2.7981	2.7814	2.7307	2.7391	2.7828	2.7785	2.7705	2.7383	2.7141	2.7521	2.7782	2.733	2.761	2.7666	2.7398	2.7855	3.0139	3.4118	3.4664	3.3726	3.2427	3.0144	3.1569	3.3523	3.4362	3.3024	2.9684	2.7766	2.7438	2.7669	2.7444	2.7463	2.6888	2.7284	2.771	2.7381	2.7467	2.7626	2.7372	2.7405	2.7384	2.7344	2.7535	2.7138	2.7444	2.7606	2.7733	2.7092	2.7484	2.7485	2.7495	2.7446	2.7666	2.7517	2.7452	2.7512	2.7474	2.736	2.7312	2.7726	2.7412	2.7543	2.7463	2.738	2.7228	2.736	2.7388	2.7233	2.7199	2.7482	2.7184	2.7386	2.7315	2.7512	2.7685	2.7104	2.7337	2.7393	2.7599	2.7538	2.7755	2.7962
2.7441	2.7444	2.7473	2.7506	2.7612	2.7545	2.7582	2.766	2.7551	2.705	2.7267	2.735	2.7395	2.7153	2.7435	2.731	2.725	2.7372	2.7568	2.7556	2.7543	2.7368	2.7014	2.7312	2.7563	2.7284	2.723	2.7533	2.7773	2.7632	2.7335	2.726	2.7134	2.7506	2.7588	2.7765	2.7474	2.7516	2.748	2.7157	2.7867	3.187	3.281	3.0781	3.2076	3.2943	3.3072	3.2543	3.2477	3.2631	3.3028	3.2916	3.2262	3.273	3.2981	3.2985	3.2414	3.1269	2.8636	3.1974	2.7888	2.7369	2.743	2.7458	2.7367	2.7312	2.7292	2.754	2.7172	2.7237	2.7387	2.6941	2.7352	2.7759	2.7623	2.7549	2.7494	2.7549	2.7579	2.7568	2.7841	2.7429	2.7482	2.7337	2.7319	2.6998	2.7542	2.7451	2.7243	2.711	2.7373	2.7673	2.7912	2.748	2.7711	2.7202	2.7704	2.7779	2.7735	2.723	2.7386	2.6692	2.754	2.6934	2.7247	2.7546	2.8124	2.7723	2.7363	2.7573	2.7491	2.757	2.7643	2.7719	3.0902	3.4105	3.4072	3.0291	3.159	3.2232	3.2372	3.2857	3.2783	3.2529	3.245	3.2106	3.2072	3.102	2.886	2.8915	3.2739	2.8877	2.7736	2.7497	2.7207	2.7491	2.7505	2.746	2.7306	2.7781	2.7695	2.7275	2.7639	2.7951	2.7769	2.7636	2.759	2.7458	2.7344	2.7349	2.7123	2.728	2.7278	2.7631	2.7167	2.6874	2.7503	2.7499	2.7556	2.7353	2.7775	2.7454	2.7102	2.7243	2.7374	2.7536	2.7698	2.7162	2.7221	2.701	2.7579	2.7101	2.7505	2.753	2.7393	2.7433	2.7474	2.7425	2.7374	2.7768	2.7593	2.7516	2.7932	2.7874	2.7071	2.7462	2.7433	2.8248	3.122	3.4349	3.4328	3.3548	2.9598	3.1048	3.1526	3.1384	3.1401	3.1238	3.0367	2.9602	3.0809	3.2401	2.956	2.8213	2.8001	2.73	2.7718	2.7508	2.7279	2.7384	2.7222	2.7362	2.7395	2.7211	2.7267	2.7341	2.7537	2.7853	2.7519	2.7308	2.7466	2.7355	2.7201	2.7427	2.7776	2.7745	2.7452	2.7465	2.7315	2.7298	2.7403	2.7476	2.706	2.7129	2.74	2.7086	2.7395	2.7233	2.7104	2.7217	2.7391	2.7624	2.7684	2.7234	2.7555	2.7479	2.7392	2.7364	2.7714	2.7579	2.7604	2.7773	2.7718	2.7738	2.7766	2.7765
2.7139	2.7084	2.7339	2.7486	2.7474	2.7255	2.754	2.743	2.7183	2.7527	2.7253	2.7852	2.744	2.7429	2.6965	2.741	2.7257	2.6967	2.6965	2.7197	2.7371	2.7582	2.7313	2.7304	2.7412	2.7537	2.7338	2.7648	2.7815	2.7522	2.734	2.7082	2.7616	2.7616	2.7497	2.7384	2.7329	2.7372	2.6779	2.758	3.2104	3.3849	3.2429	3.2467	3.2809	3.3099	3.2955	3.2915	3.29	3.2693	3.2837	3.2826	3.3015	3.2302	3.2625	3.262	3.2644	3.256	3.2433	2.8255	2.709	2.7757	2.7091	2.7279	2.7264	2.7214	2.7095	2.7077	2.7603	2.7495	2.7451	2.7465	2.7566	2.757	2.7269	2.7584	2.7586	2.747	2.7117	2.7766	2.772	2.7547	2.7506	2.7434	2.7589	2.7729	2.7562	2.7365	2.7052	2.7373	2.703	2.6937	2.7205	2.7102	2.7181	2.7646	2.7195	2.7388	2.7225	2.7613	2.7645	2.751	2.7465	2.7534	2.7603	2.7735	2.78	2.7702	2.7808	2.7376	2.7535	2.748	2.8016	3.2126	3.3234	3.076	3.1669	3.2481	3.2349	3.2537	3.295	3.2639	3.2319	3.2315	3.2506	3.2924	3.3096	3.2626	3.2214	3.0458	2.8198	2.9362	2.9198	2.736	2.7375	2.7301	2.7168	2.7289	2.721	2.7053	2.7132	2.7301	2.7528	2.7573	2.772	2.7565	2.7043	2.7343	2.7395	2.7667	2.7445	2.7231	2.7634	2.7632	2.7348	2.7398	2.73	2.7018	2.7456	2.7619	2.7097	2.7453	2.7016	2.7258	2.713	2.7172	2.7311	2.753	2.7222	2.7231	2.7115	2.7052	2.7159	2.7352	2.7426	2.7545	2.7388	2.7447	2.7688	2.7375	2.7414	2.7549	2.7478	2.7421	2.7543	2.7519	2.9028	3.1784	3.3904	3.3674	3.1127	3.2145	3.2549	3.2435	3.247	3.2871	3.2752	3.2461	3.2577	3.2768	2.523	2.8731	2.7563	3.3119	2.9327	2.7663	2.7544	2.7579	2.7369	2.7177	2.7127	2.7282	2.7161	2.7369	2.743	2.7255	2.7597	2.7695	2.7494	2.7689	2.7403	2.7728	2.7749	2.7451	2.7306	2.7121	2.7716	2.7639	2.7587	2.7485	2.7517	2.7366	2.7027	2.7014	2.7546	2.7514	2.7921	2.7373	2.7392	2.724	2.7267	2.6752	2.7446	2.754	2.7687	2.7657	2.7772	2.7796	2.7842	2.7457	2.7559	2.7747	2.7615	2.768	2.7599	2.763
2.7415	2.7445	2.7216	2.7077	2.7458	2.7446	2.7346	2.7351	2.7123	2.7483	2.7258	2.7108	2.6934	2.7431	2.7575	2.769	2.7397	2.7526	2.7469	2.7635	2.7767	2.7249	2.7059	2.7516	2.7289	2.7644	2.76	2.7665	2.7499	2.735	2.7191	2.7224	2.7375	2.7637	2.7763	2.7346	2.7246	2.7554	2.7382	2.9799	3.2883	3.2169	3.2436	3.2679	3.2968	3.3233	3.2904	3.2507	3.2586	3.2526	3.2604	3.2485	3.2355	3.2147	3.2634	3.2783	3.2581	3.2369	3.2744	2.896	2.836	2.9953	2.8338	2.734	2.7223	2.7311	2.7159	2.755	2.7419	2.7414	2.7547	2.7496	2.7673	2.7511	2.7241	2.7472	2.7471	2.7602	2.7065	2.6948	2.7491	2.7526	2.7234	2.7182	2.737	2.7548	2.7606	2.749	2.7315	2.7523	2.7521	2.7598	2.7441	2.7663	2.7376	2.7613	2.7822	2.7629	2.7587	2.7506	2.7383	2.7577	2.7812	2.7757	2.78	2.806	2.7589	2.7654	2.7573	2.7229	2.7475	2.8014	3.1242	3.4324	3.2115	3.2033	3.2494	3.2619	3.2276	3.2799	3.275	3.2574	3.1932	3.2547	3.2448	3.2521	3.2547	3.2854	3.3023	3.3003	3.2511	3.0575	2.6897	2.9183	2.7875	2.7362	2.7318	2.7703	2.7093	2.7103	2.7211	2.7697	2.7715	2.7795	2.7672	2.7532	2.7602	2.7092	2.7457	2.7419	2.7363	2.7097	2.7317	2.7419	2.6968	2.6542	2.7223	2.7262	2.7435	2.7348	2.7322	2.7452	2.7461	2.7168	2.7121	2.7127	2.7021	2.75	2.7612	2.7546	2.7491	2.7608	2.7374	2.7293	2.7369	2.7675	2.788	2.7733	2.7398	2.7382	2.7466	2.7419	2.7183	2.7103	2.7181	2.8494	3.2664	3.4801	3.0527	3.2107	3.2681	3.2725	3.2653	3.2767	3.2697	3.2631	3.2733	3.282	3.2715	3.2853	3.3605	3.2851	3.1226	2.9106	2.6584	2.9896	2.7635	2.7165	2.7023	2.7388	2.7267	2.7091	2.7286	2.7386	2.7414	2.7498	2.7435	2.7582	2.7182	2.7023	2.7115	2.7333	2.7254	2.7288	2.7374	2.7745	2.7253	2.718	2.7584	2.7444	2.746	2.7208	2.7746	2.7651	2.753	2.7411	2.7503	2.7321	2.7112	2.7272	2.7367	2.7351	2.7454	2.7428	2.7656	2.7299	2.7423	2.7424	2.749	2.7573	2.7284	2.7475	2.7204	2.6952	2.7649	2.7423
2.7552	2.7534	2.7283	2.7237	2.7178	2.7375	2.7329	2.7365	2.717	2.7368	2.7042	2.7382	2.755	2.7374	2.7349	2.7361	2.7265	2.7157	2.7217	2.7428	2.7329	2.7338	2.7613	2.7859	2.7375	2.7402	2.7836	2.7696	2.798	2.7897	2.7817	2.7439	2.762	2.7517	2.7473	2.7614	2.7509	2.7369	2.8559	3.2157	3.2016	3.2478	3.2624	3.2786	3.2914	3.269	3.2606	3.2381	3.2456	3.2539	3.2692	3.2668	3.2685	3.2687	3.2976	3.2456	3.2587	3.1774	3.2676	3.2336	3.1901	2.8171	2.6816	2.7506	2.7359	2.723	2.7263	2.7423	2.7332	2.7378	2.7315	2.7456	2.7138	2.7461	2.7372	2.6792	2.7748	2.7656	2.7247	2.719	2.7253	2.7303	2.7319	2.7212	2.7277	2.709	2.7087	2.7057	2.7459	2.7195	2.7045	2.7123	2.7425	2.752	2.7463	2.7406	2.7611	2.7604	2.7691	2.7458	2.7522	2.7222	2.7212	2.7483	2.7661	2.7947	2.7451	2.7581	2.7865	2.7541	2.781	2.9911	3.4523	3.3204	3.2331	3.2819	3.2554	3.2692	3.2834	3.2791	3.2531	3.261	3.2521	3.2549	3.2173	3.2559	3.2745	3.2674	3.2728	3.2714	3.2683	3.2906	2.9178	2.7798	2.9289	2.7864	2.7273	2.7359	2.7522	2.7517	2.7681	2.7835	2.7685	2.7445	2.7307	2.7482	2.6867	2.718	2.7333	2.7232	2.7548	2.709	2.6958	2.7192	2.7505	2.7397	2.6929	2.7498	2.7417	2.7315	2.7469	2.7479	2.7277	2.7073	2.7014	2.7247	2.7412	2.7509	2.7593	2.755	2.6835	2.7093	2.7242	2.7729	2.7543	2.7127	2.7356	2.7588	2.7595	2.7365	2.7268	2.7755	2.7677	2.7333	2.8332	3.1009	3.1521	3.1234	3.2295	3.284	3.2807	3.2633	3.2743	3.2589	3.2516	3.2677	3.254	3.224	3.2467	3.2733	3.2672	3.2279	3.2189	3.2183	2.9504	2.6646	3.0242	2.7475	2.7325	2.7164	2.7479	2.7533	2.7454	2.7551	2.7567	2.7523	2.7493	2.7538	2.7391	2.71	2.7161	2.733	2.7677	2.7465	2.7203	2.7347	2.7424	2.7463	2.7455	2.7577	2.7444	2.7164	2.7372	2.753	2.748	2.727	2.7324	2.7411	2.7578	2.7389	2.7605	2.7877	2.7379	2.7316	2.7366	2.7463	2.7263	2.7434	2.7451	2.7269	2.7461	2.7325	2.7679	2.783	2.7566	2.7342
2.7542	2.756	2.7387	2.7471	2.7267	2.7545	2.7437	2.7261	2.7355	2.7555	2.7517	2.7235	2.7466	2.7569	2.7208	2.7154	2.7228	2.7313	2.7182	2.7225	2.7239	2.7338	2.7271	2.7438	2.7459	2.7146	2.715	2.7483	2.7269	2.747	2.7491	2.7021	2.7189	2.7206	2.7626	2.7634	2.7281	2.8023	3.0092	3.2572	3.1993	3.2706	3.2779	3.2573	3.2789	3.2541	3.2801	3.2714	3.2573	3.2486	3.2562	3.2418	3.2075	3.2879	3.2684	3.3025	3.2755	3.2582	3.2257	3.2151	3.2095	3.1002	2.6664	2.746	2.7621	2.7315	2.6913	2.7185	2.724	2.7249	2.7178	2.7206	2.7266	2.7163	2.7286	2.7171	2.7564	2.7535	2.7326	2.728	2.7263	2.7455	2.7321	2.7198	2.7271	2.7409	2.7541	2.7579	2.7562	2.7552	2.7309	2.7471	2.736	2.7183	2.7472	2.744	2.71	2.7619	2.7473	2.7607	2.7465	2.7464	2.7119	2.7443	2.7458	2.7402	2.7539	2.7603	2.7324	2.7294	2.8653	3.1277	3.1268	3.2463	3.2906	3.2843	3.2404	3.281	3.2833	3.2268	3.2565	3.215	3.2409	3.2286	3.216	3.2562	3.2549	3.2688	3.2674	3.2467	3.2722	3.2567	3.2045	2.9622	2.7346	2.8313	2.7667	2.7237	2.7347	2.729	2.739	2.7458	2.7538	2.7681	2.7717	2.7077	2.7809	2.7419	2.7228	2.7163	2.7529	2.745	2.7448	2.7274	2.7224	2.7179	2.7302	2.7426	2.706	2.7229	2.7623	2.738	2.7312	2.7461	2.7388	2.7476	2.7374	2.7113	2.7343	2.7433	2.7389	2.7455	2.7954	2.7665	2.7367	2.7194	2.7393	2.7657	2.7692	2.7469	2.7544	2.7695	2.741	2.8182	3.2085	3.3031	3.2371	3.2729	3.2734	3.2572	3.2422	3.2203	3.2612	3.2585	3.2929	3.1814	3.2425	3.2393	3.2062	3.2483	3.2704	3.2455	3.2607	3.2981	3.2029	3.0687	2.6131	2.8626	2.766	2.7512	2.7418	2.7481	2.7454	2.7421	2.7366	2.7558	2.7408	2.7846	2.7971	2.7409	2.7413	2.754	2.7621	2.7435	2.7505	2.7584	2.7354	2.738	2.7406	2.7507	2.7669	2.7516	2.7562	2.7294	2.7543	2.7559	2.7335	2.7486	2.7451	2.7446	2.7566	2.7497	2.7901	2.7449	2.7544	2.7525	2.7631	2.7418	2.7647	2.7631	2.7765	2.7932	2.7243	2.7451	2.7397	2.732
2.7458	2.7339	2.7452	2.7342	2.7604	2.7276	2.7273	2.713	2.7426	2.7709	2.7213	2.738	2.728	2.7302	2.7038	2.7315	2.7353	2.7646	2.7706	2.7434	2.7803	2.719	2.7461	2.7652	2.7393	2.7415	2.7563	2.7239	2.7255	2.7581	2.7426	2.7609	2.7409	2.7664	2.773	2.7476	2.7242	2.7913	3.0494	3.2443	3.288	3.315	3.308	3.2328	3.2412	3.2468	3.271	3.2857	3.2908	3.2722	3.2511	3.1915	3.2454	3.2768	3.2193	3.2485	3.2168	3.235	3.2372	3.2186	3.2454	3.2394	2.9659	2.8107	2.7638	2.7366	2.7472	2.7132	2.7222	2.71	2.7295	2.7219	2.7866	2.7585	2.7468	2.7272	2.75	2.7405	2.7435	2.7079	2.7122	2.7288	2.723	2.7036	2.7152	2.73	2.7307	2.7423	2.7456	2.7386	2.7444	2.7467	2.7188	2.7303	2.7477	2.7428	2.7388	2.7418	2.7655	2.7302	2.7535	2.7736	2.7518	2.7668	2.7868	2.782	2.7725	2.7384	2.7537	2.7771	3.2638	3.2676	3.2101	3.263	3.2905	3.3053	3.302	3.2822	3.2721	3.256	3.2727	3.245	3.2327	3.1501	3.2283	3.2517	3.2641	3.2346	3.2708	3.1714	3.197	3.2501	3.2433	3.2343	2.7412	2.8607	2.7871	2.7135	2.7274	2.6914	2.7387	2.7189	2.7151	2.6995	2.7552	2.753	2.7497	2.7322	2.7441	2.7601	2.7239	2.7197	2.7784	2.7671	2.7318	2.7186	2.7363	2.708	2.7268	2.7024	2.7321	2.7543	2.7374	2.7073	2.7285	2.7525	2.7419	2.7523	2.7429	2.7593	2.747	2.7392	2.7373	2.7836	2.7425	2.7825	2.7536	2.7659	2.7462	2.7651	2.7504	2.736	2.7372	2.9005	3.2594	3.1522	3.2649	3.2904	3.3034	3.2731	3.2544	3.2593	3.2555	3.1638	3.2225	3.2698	3.2409	3.2564	3.2355	3.2097	3.2754	3.2761	3.2486	3.2667	3.2607	3.2366	3.024	2.7663	2.7499	2.736	2.7696	2.7371	2.7549	2.7052	2.728	2.7055	2.7285	2.7084	2.7143	2.7406	2.7528	2.7233	2.7175	2.7302	2.7657	2.7581	2.7562	2.7646	2.7313	2.6609	2.6835	2.7465	2.7493	2.749	2.7473	2.7474	2.7154	2.714	2.7326	2.7509	2.7702	2.7496	2.7333	2.7349	2.7796	2.7572	2.7466	2.7002	2.7078	2.7143	2.7571	2.7513	2.7633	2.7542	2.7175	2.7249
2.729	2.7431	2.7314	2.7495	2.7038	2.7001	2.7378	2.7594	2.699	2.7387	2.749	2.7551	2.7493	2.726	2.733	2.7101	2.7311	2.7415	2.7264	2.7211	2.7293	2.7052	2.7066	2.7252	2.7476	2.73	2.7423	2.7338	2.7545	2.7605	2.7543	2.7668	2.7577	2.7682	2.7433	2.7451	2.762	2.9329	3.2969	3.2174	3.2892	3.277	3.2593	3.2536	3.2397	3.2353	3.2645	3.2468	3.2662	3.2771	3.2816	3.2847	3.2235	3.1871	3.2309	3.2696	3.2125	3.2083	3.2369	3.2199	3.2443	3.2729	3.1438	2.6262	2.6344	2.7037	2.7064	2.7234	2.7224	2.7195	2.7244	2.7205	2.7253	2.7361	2.7296	2.7218	2.7527	2.7074	2.7286	2.713	2.7307	2.713	2.7566	2.7588	2.688	2.7544	2.7454	2.706	2.7504	2.7493	2.7593	2.7274	2.7194	2.7234	2.7307	2.8032	2.7592	2.7433	2.7411	2.7463	2.7385	2.7502	2.7585	2.7657	2.7642	2.7402	2.7358	2.727	2.7153	2.8072	3.1652	3.1894	3.2411	3.2683	3.2156	3.2841	3.2682	3.2202	3.1979	3.2111	3.219	3.2754	3.273	3.2497	3.2267	3.2476	3.2392	3.1859	3.2759	3.2296	3.2814	3.2808	3.2463	3.2596	3.1732	2.703	2.6708	2.7376	2.7253	2.7694	2.7282	2.7373	2.6858	2.7493	2.741	2.7531	2.7441	2.7526	2.7513	2.7428	2.7273	2.7523	2.7419	2.743	2.7503	2.7528	2.7461	2.7236	2.7215	2.7588	2.7502	2.7241	2.7486	2.7451	2.7599	2.7366	2.7139	2.7084	2.7175	2.7483	2.7586	2.7576	2.7266	2.7268	2.764	2.7572	2.7659	2.7699	2.7422	2.7789	2.7597	2.7757	2.8058	3.113	3.2659	3.217	3.272	3.3201	3.2914	3.2436	3.2451	3.2695	3.1774	3.253	3.2643	3.2562	3.2509	3.2145	3.2306	3.221	3.2217	3.2227	3.234	3.243	3.2465	3.2574	3.2352	2.8704	2.6033	2.7327	2.7234	2.7388	2.7368	2.7567	2.7448	2.725	2.7404	2.7454	2.7585	2.743	2.7303	2.7016	2.7357	2.75	2.7612	2.7109	2.7307	2.7615	2.7005	2.7004	2.7374	2.7527	2.7442	2.7443	2.7687	2.7222	2.7313	2.7614	2.7153	2.7508	2.7277	2.746	2.7356	2.745	2.7643	2.7791	2.7635	2.7456	2.7342	2.719	2.7477	2.7814	2.7793	2.7848	2.7459	2.7412
2.7387	2.7258	2.7175	2.6936	2.7168	2.7347	2.7084	2.3645	2.5947	2.6874	2.7177	2.7068	2.7351	2.7412	2.731	2.7381	2.7294	2.7396	2.752	2.7291	2.7211	2.7226	2.7386	2.7496	2.7531	2.7251	2.7626	2.7482	2.7372	2.7137	2.7429	2.8085	2.7383	2.7259	2.7501	2.7372	2.7569	3.0433	3.1833	3.2602	3.2881	3.2733	3.2913	3.3027	3.2839	3.292	3.2973	3.241	3.2604	3.227	3.2376	3.2372	3.2051	3.2265	3.2624	3.2128	3.2079	3.2446	3.2115	3.2457	3.2257	3.2469	3.1554	2.6414	2.7474	2.7765	2.7114	2.7198	2.723	2.721	2.7285	2.7216	2.6748	2.7163	2.7275	2.714	2.7382	2.7509	2.7655	2.7312	2.7461	2.7647	2.7479	2.7554	2.7775	2.7409	2.7413	2.7478	2.7604	2.7634	2.7022	2.7358	2.7349	2.7305	2.7755	2.704	2.729	2.7034	2.679	2.7425	2.78	2.7651	2.7531	2.76	2.7175	2.7596	2.773	2.6982	2.7068	2.9485	3.2128	3.2672	3.2507	3.2856	3.2638	3.2892	3.2858	3.2681	3.2642	3.2458	3.2593	3.274	3.2461	3.2317	3.2245	3.2322	3.2539	3.2338	3.2043	3.1847	3.2042	3.2269	3.2359	3.2508	3.2434	3.0809	2.5151	2.7724	2.7107	2.7419	2.7426	2.7275	2.7389	2.7366	2.7228	2.7366	2.8391	2.8423	2.7199	2.7037	2.7089	2.7194	2.7058	2.7201	2.7276	2.7274	2.7427	2.6503	2.6771	2.7292	2.7277	2.771	2.7592	2.7267	2.7427	2.7559	2.753	2.74	2.7563	2.7355	2.7045	2.7165	2.7378	2.7481	2.7346	2.7578	2.78	2.7781	2.7707	2.78	2.7213	2.752	2.801	3.3084	3.3199	3.2608	3.2333	3.2391	3.2645	3.2549	3.2607	3.2946	3.2618	3.2679	3.2993	3.2348	3.2502	3.2362	3.1964	3.196	3.215	3.2366	3.244	3.2775	3.2186	3.2181	3.2074	3.0491	2.7688	2.804	2.7415	2.714	2.7137	2.709	2.7212	2.6991	2.7368	2.7435	2.7669	2.7365	2.716	2.7289	2.7476	2.7573	2.7515	2.7686	2.7704	2.7617	2.7504	2.7085	2.741	2.7182	2.7241	2.7357	2.7747	2.7554	2.7447	2.7622	2.7739	2.781	2.7564	2.7799	2.7574	2.7567	2.7648	2.747	2.7406	2.782	2.7183	2.7563	2.7386	2.7462	2.763	2.7848	2.7825	2.8376
2.7006	2.7397	2.7457	2.711	2.7476	2.757	2.7885	2.3625	2.2222	2.7365	2.7253	2.7241	2.7383	2.7503	2.73	2.7206	2.772	2.7534	2.7073	2.7257	2.7548	2.6906	2.7363	2.7404	2.7624	2.7214	2.7629	2.7849	2.7734	2.7744	2.7751	2.7569	2.7492	2.7513	2.7334	2.7244	2.7989	3.1951	3.2141	3.2714	3.2764	3.2854	3.2949	3.2616	3.2311	3.2447	3.2548	3.2737	3.221	3.2609	3.2226	3.261	3.2352	3.2324	3.2251	3.2182	3.2247	3.2449	3.2478	3.2242	3.2041	3.2145	3.1868	2.8543	2.7097	2.7889	2.7229	2.7249	2.7274	2.7355	2.7464	2.7127	2.7328	2.7282	2.7283	2.7082	2.7224	2.7358	2.7277	2.7409	2.7498	2.74	2.7219	2.7411	2.778	2.7614	2.7415	2.7123	2.7125	2.7726	2.7504	2.7694	2.7451	2.7504	2.7713	2.7749	2.7598	2.7759	2.7317	2.7295	2.7357	2.7476	2.6816	2.7308	2.7493	2.7375	2.7372	2.7617	2.7461	3.0165	3.313	3.1898	3.2524	3.2693	3.265	3.2769	3.3059	3.2697	3.2811	3.2615	3.2139	3.2446	3.2521	3.2008	3.2444	3.2454	3.2536	3.2424	3.2295	3.2454	3.2336	3.2269	3.2408	3.2372	3.2062	3.0593	2.6295	2.6404	2.743	2.7408	2.7421	2.7431	2.7359	2.7414	2.7232	2.7677	2.8735	2.5941	2.5683	2.7596	2.7266	2.7104	2.7136	2.7393	2.7439	2.7177	2.7076	2.7243	2.7183	2.7281	2.7067	2.7056	2.7452	2.7298	2.7282	2.7443	2.7337	2.6938	2.7198	2.7396	2.7571	2.7068	2.7074	2.7131	2.7235	2.7577	2.7731	2.7288	2.7404	2.7003	2.6948	2.7338	3.0684	3.3967	3.2272	3.2729	3.266	3.2221	3.2637	3.2886	3.2485	3.2362	3.242	3.2578	3.2422	3.2425	3.2113	3.1954	3.2336	3.2401	3.2082	3.2069	3.1723	3.1877	3.1983	3.2448	3.2489	3.2208	2.6313	2.6598	2.7279	2.7391	2.7449	2.7146	2.741	2.7444	2.7467	2.7739	2.7503	2.7441	2.7528	2.7119	2.749	2.7506	2.7266	2.7381	2.7661	2.7482	2.7297	2.7319	2.7002	2.7141	2.7052	2.7243	2.7467	2.7526	2.7367	2.7165	2.7516	2.7193	2.7911	2.7394	2.7761	2.7738	2.7582	2.7547	2.7667	2.7462	2.7264	2.7508	2.755	2.7422	2.7559	2.7551	2.7573	2.9998
2.7287	2.7589	2.7227	2.7001	2.7078	2.6849	2.7014	2.7704	2.7562	2.7756	2.7653	2.719	2.756	2.7438	2.7538	2.7242	2.7273	2.7233	2.6821	2.6956	2.7394	2.746	2.737	2.7333	2.7635	2.7872	2.785	2.8247	2.8102	2.753	2.7602	2.7256	2.7361	2.734	2.728	2.7084	2.8331	3.1522	3.2281	3.2575	3.2475	3.2161	3.2526	3.2955	3.2437	3.2192	3.2373	3.2309	3.2461	3.2408	3.2383	3.2405	3.2558	3.2367	3.1838	3.2202	3.2445	3.1816	3.1848	3.2729	3.2766	3.2416	3.2455	2.9947	2.7679	2.6787	2.732	2.722	2.7407	2.7131	2.7136	2.7691	2.7497	2.7346	2.7529	2.7367	2.7356	2.7319	2.7368	2.7413	2.7695	2.7555	2.7126	2.745	2.7424	2.7041	2.7169	2.7544	2.7337	2.7232	2.7261	2.6023	2.7033	2.7216	2.749	2.7471	2.7458	2.7312	2.736	2.7567	2.7701	2.7477	2.7487	2.7595	2.7743	2.7453	2.7227	2.7279	2.7832	3.0157	3.3928	3.2377	3.2549	3.2585	3.2277	3.2404	3.2936	3.2472	3.2959	3.1875	3.2518	3.2689	3.1984	3.2292	3.2218	3.2162	3.2265	3.2021	3.194	3.2087	3.2327	3.2272	3.1987	3.2467	3.2276	3.2247	2.5712	2.7618	2.7259	2.7091	2.716	2.7226	2.7315	2.7241	2.7337	2.7569	2.7611	2.5941	2.4965	2.737	2.7376	2.7012	2.7351	2.7508	2.716	2.7148	2.7472	2.745	2.7334	2.7495	2.7638	2.7425	2.754	2.7459	2.7497	2.7384	2.7489	2.7535	2.7141	2.7129	2.7526	2.7519	2.755	2.7555	2.7659	2.7187	2.7369	2.7991	2.7385	2.7411	2.7361	2.7838	3.1336	3.2627	3.262	3.248	3.2568	3.2737	3.2878	3.2891	3.2329	3.2266	3.209	3.2264	3.2362	3.2165	3.1586	3.2143	3.2602	3.2127	3.2298	3.225	3.1884	3.234	3.2429	3.2149	3.2358	3.2077	2.8454	2.6682	2.7503	2.7566	2.7218	2.7203	2.6631	2.6938	2.705	2.7051	2.7236	2.7376	2.7563	2.7546	2.7488	2.7444	2.7588	2.7638	2.7628	2.7382	2.7179	2.7273	2.7441	2.7073	2.7261	2.7111	2.74	2.7301	2.7442	2.7309	2.7426	2.7382	2.7205	2.7449	2.7946	2.7813	2.7759	2.7798	2.7186	2.7405	2.7631	2.7654	2.779	2.7855	2.7348	2.7433	2.835	3.0816
2.752	2.7276	2.7184	2.7247	2.7456	2.7799	2.754	2.7413	2.7376	2.7575	2.7756	2.7566	2.7319	2.7547	2.7402	2.7289	2.7331	2.7123	2.7197	2.6964	2.7089	2.7472	2.7341	2.7348	2.7201	2.7508	2.7067	2.7705	2.3407	2.7631	2.7701	2.7917	2.7971	2.774	2.7544	2.7633	2.8123	3.1048	3.2421	3.2409	3.2202	3.2053	3.2341	3.2396	3.2419	3.2455	3.26	3.2327	3.2212	3.235	3.2451	3.2243	3.2467	3.265	3.2481	3.2354	3.2105	3.2061	3.2481	3.2131	3.2336	3.2385	3.2573	3.1871	2.5799	2.6535	2.7434	2.7219	2.7601	2.759	2.7153	2.786	2.7296	2.7534	2.738	2.7247	2.7359	2.7389	2.7418	2.7846	2.7433	2.7479	2.7336	2.749	2.7679	2.7931	2.7622	2.7457	2.7505	2.7656	2.7159	2.7529	2.7796	2.7213	2.7613	2.7863	2.7776	2.7482	2.7496	2.7694	2.7489	2.725	2.728	2.7401	2.715	2.7266	2.7685	2.7465	2.8148	3.0622	3.2428	3.2493	3.2547	3.2279	3.2279	3.235	3.2489	3.2513	3.2424	3.1897	3.1835	3.2258	3.2211	3.2235	3.2389	3.2157	3.2308	3.2142	3.1893	3.1928	3.281	3.2482	3.2462	3.2287	3.2142	3.1875	2.637	2.7498	2.7243	2.7125	2.6935	2.6783	2.7109	2.6969	2.761	2.7221	2.7211	2.7745	2.7414	2.7506	2.7593	2.7709	2.7432	2.7102	2.7289	2.7515	2.7233	2.7121	2.7099	2.7487	2.7244	2.7241	2.719	2.7339	2.7548	2.7434	2.7501	2.7612	2.7569	2.7506	2.7636	2.7216	2.7421	2.7597	2.738	2.7725	2.7123	2.7352	2.7635	2.7454	2.72	2.7738	3.1871	3.1853	3.2416	3.2292	3.2619	3.2692	3.2428	3.2487	3.2477	3.238	3.2168	3.1991	3.2193	3.2288	3.2692	3.255	3.1877	3.1934	3.2093	3.1833	3.2101	3.24	3.2422	3.2595	3.2157	3.2446	3.1647	2.6126	2.7817	2.6965	2.7	2.7122	2.734	2.7631	2.7524	2.7415	2.7222	2.7237	2.7042	2.7331	2.7371	2.7338	2.743	2.7209	2.713	2.7265	2.7278	2.7244	2.7283	2.7414	2.7293	2.7506	2.741	2.7436	2.7567	2.7276	2.714	2.7558	2.774	2.7451	2.7509	2.7481	2.7667	2.7598	2.737	2.7496	2.7632	2.7365	2.7492	2.7385	2.7414	2.7233	2.8726	3.2941
2.7151	2.7429	2.6974	2.7234	2.7052	2.7475	2.7528	2.7402	2.7401	2.7343	2.7179	2.7414	2.7542	2.7364	2.7608	2.739	2.7387	2.7622	2.7335	2.762	2.695	2.7404	2.7492	2.7524	2.7423	2.7797	2.7638	2.7707	2.7284	2.7401	2.7609	2.7655	2.7537	2.775	2.7326	2.7661	2.8079	3.239	3.1827	3.2593	3.2532	3.2697	3.2623	3.2368	3.1226	3.1383	3.2306	3.2617	3.2711	3.2485	3.222	3.1932	3.2117	3.2421	3.2157	3.2028	3.2197	3.2114	3.2589	3.2217	3.2077	3.2459	3.224	3.1416	2.7552	2.5986	2.7396	2.6961	2.6848	2.7133	2.7333	2.7307	2.7194	2.7275	2.756	2.7503	2.7427	2.7725	2.7376	2.7217	2.758	2.7261	2.7216	2.7437	2.7476	2.7427	2.7118	2.7123	2.7119	2.7528	2.7541	2.7119	2.7148	2.7418	2.7071	2.7225	2.7612	2.7684	2.7489	2.7425	2.7153	2.7383	2.7531	2.7719	2.7668	2.7509	2.7411	2.7637	2.7825	3.0519	3.2092	3.2957	3.3073	3.2676	3.2661	3.2358	3.2423	3.2694	3.253	3.2306	3.1905	3.1907	3.237	3.2195	3.2311	3.2037	3.2214	3.2304	3.2105	3.2316	3.2155	3.2081	3.2351	3.2395	3.2526	3.2548	2.7832	2.6286	2.7059	2.7268	2.7204	2.6974	2.7354	2.7372	2.7293	2.7128	2.7367	2.7414	2.7358	2.7194	2.7513	2.7519	2.744	2.7418	2.7323	2.7785	2.7343	2.7234	2.7121	2.7135	2.7398	2.7364	2.7568	2.7282	2.7393	2.7258	2.725	2.7496	2.7382	2.7496	2.737	2.7641	2.7845	2.7642	2.7789	2.7518	2.7674	2.7526	2.7112	2.754	2.7576	2.8775	3.1491	3.1864	3.2237	3.2579	3.2595	3.2363	3.2688	3.2877	3.203	3.1611	3.1719	3.1808	3.2194	3.2166	3.1571	3.2062	3.2526	3.2219	3.2218	3.1874	3.1889	3.1972	3.2103	3.2054	3.2334	3.2064	3.0623	2.7108	2.7125	2.7422	2.7306	2.6832	2.7205	2.722	2.7203	2.715	2.7216	2.7205	2.7826	2.749	2.7325	2.7254	2.7325	2.7233	2.7385	2.7335	2.7587	2.7493	2.7595	2.7686	2.7563	2.7596	2.7617	2.7564	2.7507	2.7319	2.7414	2.7562	2.7219	2.6967	2.7871	2.7725	2.7512	2.7793	2.7589	2.7537	2.7361	2.7654	2.7666	2.7731	2.763	2.7855	2.9431	3.2476
2.7458	2.693	2.7145	2.7626	2.7655	2.7531	2.7541	2.7204	2.7256	2.7343	2.7223	2.7263	2.7326	2.7366	2.7432	2.725	2.7401	2.7447	2.7404	2.7176	2.6087	2.7077	2.7477	2.7377	2.7442	2.6916	2.7469	2.7455	2.7407	2.7145	2.7078	2.7393	2.7486	2.7535	2.7348	2.7506	2.8011	3.1319	3.2343	3.2901	3.284	3.2728	3.2879	3.2576	3.2966	3.263	3.2583	3.2261	3.2277	3.2663	3.2234	3.2442	3.2391	3.2141	3.2311	3.2334	3.2218	3.287	3.2001	3.2128	3.2452	3.2237	3.2643	3.2156	2.7962	2.6633	2.7451	2.7598	2.7684	2.744	2.7128	2.7076	2.7289	2.7156	2.6433	2.7469	2.7436	2.7146	2.7036	2.7134	2.7422	2.7411	2.7712	2.7387	2.7524	2.7424	2.736	2.7458	2.7483	2.711	2.7179	2.7435	2.7174	2.7143	2.7259	2.7496	2.7458	2.7238	2.7402	2.7305	2.738	2.7324	2.736	2.7319	2.7112	2.7398	2.7448	2.7498	2.7855	3.0344	3.2778	3.1868	3.2506	3.258	3.2339	3.2737	3.2476	3.2631	3.2748	3.2539	3.2691	3.2451	3.2729	3.174	3.2124	3.2192	3.1941	3.1803	3.1598	3.2598	3.2476	3.233	3.2176	3.1762	3.2052	3.218	2.8908	2.7445	2.7223	2.7424	2.7318	2.7268	2.744	2.7497	2.7326	2.7337	2.7569	2.706	2.736	2.7272	2.7301	2.717	2.7271	2.7209	2.7015	2.7547	2.7474	2.7479	2.7241	2.7431	2.7515	2.7595	2.7241	2.7257	2.7371	2.7515	2.7468	2.7235	2.7171	2.7576	2.7195	2.7271	2.7436	2.7179	2.7294	2.7438	2.7829	2.7668	2.7283	2.7169	2.7051	3.0188	3.1781	3.192	3.2495	3.2327	3.2473	3.287	3.2588	3.2367	3.2271	3.2163	3.231	3.2266	3.208	3.206	3.1742	3.2	3.2239	3.2193	3.2382	3.2547	3.2442	3.1608	3.1861	3.2566	3.2224	3.2406	3.1137	2.7685	2.7336	2.7424	2.7281	2.7098	2.6909	2.7053	2.729	2.7359	2.728	2.7299	2.7136	2.7536	2.737	2.7106	2.7211	2.761	2.755	2.7537	2.7561	2.7546	2.7634	2.7844	2.7375	2.7431	2.7904	2.7266	2.7262	2.6035	2.7594	2.7448	2.7335	2.7336	2.7599	2.7497	2.731	2.7471	2.7408	2.7603	2.7836	2.7088	2.7654	2.7221	2.7425	2.7502	2.9349	3.2973
2.7274	2.7271	2.7397	2.7544	2.7452	2.7311	2.7241	2.7368	2.7	2.687	2.7097	2.7337	2.762	2.7221	2.7386	2.741	2.7333	2.7338	2.718	2.7046	2.74	2.7314	2.7659	2.748	2.7105	2.7153	2.743	2.7541	2.7559	2.7641	2.7519	2.7618	2.7633	2.7777	2.7504	2.7786	2.7555	2.9883	3.2516	3.2553	3.2813	3.2602	3.2745	3.2598	3.2754	3.2566	3.2576	3.2589	3.245	3.2395	3.151	3.2386	3.2328	3.2015	3.2371	3.2542	3.2223	3.2537	3.2187	3.1943	3.1825	3.2004	3.2469	3.205	2.7036	2.7375	2.7155	2.6713	2.6751	2.714	2.7182	2.7146	2.7316	2.7124	2.7185	2.7388	2.7176	2.7001	2.7258	2.7341	2.7161	2.753	2.7105	2.7392	2.7174	2.6949	2.7082	2.7146	2.7184	2.7513	2.7197	2.7148	2.6973	2.7298	2.733	2.7597	2.7674	2.7616	2.766	2.7521	2.7586	2.7574	2.7735	2.768	2.7616	2.7633	2.754	2.6975	2.7612	3.1347	3.1785	3.2739	3.3072	3.3029	3.3025	3.2534	3.2398	3.1897	3.2492	3.2391	3.2694	3.2837	3.2319	3.2477	3.1542	3.168	3.225	3.2261	3.2116	3.2296	3.2144	3.198	3.2403	3.2276	3.2411	3.2637	2.7856	2.3448	2.7725	2.7079	2.7301	2.7081	2.7147	2.7291	2.7346	2.7066	2.7252	2.747	2.7609	2.7532	2.7232	2.7347	2.7465	2.7462	2.7392	2.7223	2.7348	2.7534	2.795	2.7672	2.7616	2.7825	2.7623	2.7561	2.7371	2.7323	2.7303	2.7457	2.7792	2.7987	2.7769	2.7835	2.7818	2.7635	2.7692	2.726	2.7777	2.7769	2.7488	2.7267	2.7135	2.8087	3.1893	3.1738	3.2645	3.2587	3.249	3.2415	3.2582	3.2017	3.2271	3.2136	3.2372	3.2058	3.2759	3.2498	3.2753	3.1827	3.0673	3.0643	3.2164	3.1945	3.1821	3.198	3.226	3.1957	3.2509	3.1648	3.2025	2.7028	2.5573	2.6967	2.6815	2.7065	2.7088	2.7079	2.7223	2.7338	2.7255	2.7124	2.712	2.7282	2.703	2.7492	2.6997	2.7439	2.7588	2.7231	2.7845	2.7755	2.7131	2.7814	2.7127	2.7077	2.7078	2.7143	2.7333	2.6978	2.7073	2.745	2.7522	2.7513	2.724	2.7539	2.7456	2.7525	2.7643	2.7862	2.779	2.7804	2.7553	2.749	2.7341	2.7675	2.9539	3.2331
2.7474	2.7551	2.7365	2.7337	2.7366	2.7486	2.7507	2.7436	2.7153	2.6854	2.7361	2.7307	2.7353	2.7398	2.7451	2.6883	2.7424	2.6966	2.7513	2.6964	2.7433	2.746	2.7517	2.7429	2.7752	2.7709	2.735	2.7399	2.7428	2.769	2.7694	2.7603	2.7417	2.7773	2.7576	2.7145	2.7461	2.884	3.3534	3.2167	3.2377	3.257	3.284	3.22	3.2368	3.255	3.2549	3.2254	3.2041	3.1817	3.2368	3.2136	3.1828	3.2324	3.2204	3.2077	3.1974	3.2036	3.195	3.202	3.2357	3.2236	3.2216	3.0642	2.5683	2.6045	2.7417	2.7187	2.7078	2.6922	2.7153	2.7266	2.6877	2.7323	2.7103	2.7086	2.7698	2.7648	2.7462	2.7549	2.7282	2.7413	2.7453	2.7586	2.7772	2.7478	2.7402	2.7251	2.7403	2.7855	2.7754	2.7645	2.7803	2.7629	2.7764	2.769	2.7279	2.7467	2.7566	2.7457	2.7644	2.7902	2.7476	2.7941	2.7696	2.769	2.7532	2.7675	2.7478	2.9662	3.1228	3.208	3.2843	3.2798	3.2911	3.2496	3.2804	3.2305	3.2836	3.2741	3.2455	3.2608	3.2556	3.2335	3.2207	3.2208	3.2558	3.2514	3.2243	3.2358	3.2273	3.14	3.1931	3.2318	3.2139	3.1509	2.8273	2.5987	2.7103	2.6881	2.7331	2.7156	2.7171	2.7291	2.7228	2.7449	2.7566	2.7445	2.7293	2.7051	2.738	2.765	2.7282	2.7354	2.7075	2.7258	2.7326	2.7641	2.76	2.7642	2.7285	2.7245	2.7362	2.7469	2.732	2.7343	2.7488	2.7309	2.7299	2.7353	2.7293	2.736	2.7142	2.773	2.751	2.7623	2.7526	2.7425	2.7386	2.7293	2.6964	2.814	3.1962	3.259	3.2534	3.2696	3.2959	3.2811	3.2513	3.2379	3.2266	3.2064	3.2035	3.217	3.1841	3.2164	3.2428	3.2188	3.2145	3.2046	3.2061	3.2183	3.2353	3.2082	3.1943	3.2078	3.2084	3.2245	3.0871	2.7654	2.4914	2.7423	2.6947	2.704	2.7232	2.7024	2.7193	2.7155	2.7476	2.7225	2.7491	2.7244	2.718	2.7382	2.7321	2.7364	2.7164	2.7185	2.7288	2.7136	2.7522	2.7408	2.7605	2.7519	2.7343	2.768	2.7483	2.7248	2.7525	2.7452	2.7448	2.7638	2.7494	2.7851	2.7882	2.7754	2.7779	2.7838	2.7843	2.7575	2.7171	2.7556	2.7511	2.7445	2.8571	3.3934
2.7326	2.7218	2.752	2.7038	2.7024	2.7283	2.756	2.7405	2.7396	2.7365	2.7298	2.7044	2.7433	2.7215	2.7241	2.7297	2.7384	2.7408	2.7366	2.7614	2.7554	2.7413	2.7269	2.7254	2.7266	2.7226	2.7203	2.7466	2.7435	2.7645	2.7715	2.7588	2.7341	2.7559	2.7272	2.728	2.7275	2.7845	3.3272	3.1889	3.1973	3.2705	3.2823	3.2407	3.2409	3.294	3.2687	3.2566	3.2615	3.2395	3.2412	3.2506	3.2456	3.237	3.2471	3.182	3.1812	3.2289	3.1652	3.2169	3.2147	3.1931	3.2613	2.9245	2.5468	2.6556	2.7283	2.7469	2.7334	2.7248	2.7421	2.746	2.7288	2.7499	2.7576	2.7596	2.7618	2.7603	2.7474	2.7544	2.7649	2.73	2.6761	2.7404	2.7275	2.7587	2.7876	2.7491	2.7722	2.7655	2.7303	2.6944	2.719	2.7477	2.7214	2.7185	2.7867	2.7893	2.7343	2.7436	2.7684	2.7533	2.7322	2.7441	2.7708	2.766	2.7533	2.7653	2.734	2.9087	3.3375	3.2146	3.2482	3.2765	3.2846	3.2634	3.2451	3.2055	3.1942	3.2122	3.2215	3.2302	3.1915	3.2663	3.2107	3.2176	3.1907	3.2012	3.202	3.2488	3.2519	3.2368	3.2776	3.2183	3.2235	3.138	2.7909	2.4864	2.7189	2.6909	2.7193	2.7202	2.7413	2.7411	2.7428	2.7266	2.7203	2.7402	2.75	2.7465	2.7333	2.7536	2.7626	2.6931	2.7105	2.7615	2.7805	2.7593	2.7107	2.7514	2.7517	2.7208	2.7106	2.7133	2.7492	2.7554	2.7579	2.7752	2.7446	2.748	2.7488	2.7287	2.7804	2.7561	2.7611	2.7379	2.7816	2.7904	2.7721	2.7469	2.709	2.7512	3.0486	3.2718	3.252	3.2829	3.2973	3.305	3.2771	3.2209	3.2617	3.2117	3.2	3.2152	3.2654	3.2341	3.2516	3.2473	3.2234	3.2536	3.2688	3.2322	3.2519	3.2407	3.2464	3.2293	3.2071	3.2191	3.1498	2.4995	2.5823	2.7049	2.7032	2.6869	2.7044	2.7205	2.7087	2.704	2.7585	2.7539	2.7474	2.7271	2.7285	2.7395	2.7369	2.7305	2.7351	2.7292	2.7386	2.7306	2.7264	2.7453	2.7598	2.7436	2.7265	2.7268	2.7346	2.7307	2.7383	2.7566	2.7481	2.755	2.7504	2.7617	2.7748	2.78	2.771	2.7491	2.7576	2.7505	2.7593	2.7691	2.7169	2.7276	2.8917	3.1159
2.7427	2.722	2.7098	2.7132	2.6953	2.7492	2.7473	2.7068	2.7501	2.7381	2.697	2.7164	2.7559	2.7367	2.7394	2.7538	2.7578	2.7625	2.7664	2.7943	2.7662	2.7513	2.7755	2.7608	2.7576	2.7816	2.7675	2.7331	2.7621	2.7172	2.7221	2.743	2.7703	2.7186	2.744	2.787	2.7646	2.764	3.1749	3.2081	3.2302	3.2495	3.2873	3.256	3.2617	3.243	3.2474	3.2498	3.2519	3.266	3.216	3.2207	3.2252	3.2553	3.2101	3.2284	3.2033	3.1627	3.231	3.2527	3.2427	3.2015	3.1472	2.5744	2.7168	2.726	2.6995	2.7203	2.698	2.7035	2.7178	2.7103	2.7294	2.7321	2.71	2.7021	2.7031	2.7434	2.7497	2.7657	2.7357	2.7575	2.7636	2.6946	2.712	2.7278	2.7642	2.7608	2.757	2.7723	2.7636	2.7524	2.7281	2.7422	2.7333	2.7535	2.7902	2.77	2.7631	2.7737	2.7547	2.774	2.7937	2.7595	2.7507	2.7649	2.7179	2.7528	2.7236	2.7783	3.3098	3.1819	3.2518	3.2491	3.2747	3.2491	3.221	3.2031	3.1971	3.2532	3.2625	3.2407	3.1986	3.1993	3.2397	3.2431	3.2249	3.2108	3.1573	3.2046	3.2116	3.2555	3.1564	3.2279	3.2018	3.0821	2.697	2.6992	2.7336	2.7179	2.7223	2.7538	2.7613	2.738	2.7199	2.7056	2.785	2.7844	2.7509	2.7486	2.752	2.7214	2.6529	2.72	2.7169	2.7421	2.7317	2.7128	2.7444	2.7333	2.7303	2.7375	2.7632	2.7528	2.7401	2.7585	2.7564	2.757	2.7764	2.7723	2.7352	2.7564	2.7389	2.7101	2.7052	2.7792	2.7744	2.7465	2.72	2.7309	2.7146	2.7387	3.0491	3.2019	3.2787	3.2473	3.2608	3.2366	3.2577	3.2527	3.2461	3.2077	3.2301	3.2329	3.2489	3.1879	3.1944	3.2012	3.1787	3.2051	3.2121	3.1834	3.2212	3.2337	3.2316	3.2055	3.2228	3.2304	3.0389	2.6969	2.6691	2.7164	2.7196	2.7298	2.716	2.7031	2.7108	2.7407	2.7521	2.744	2.749	2.7346	2.6681	2.7202	2.7246	2.7488	2.761	2.7672	2.7444	2.7256	2.7043	2.7292	2.7429	2.7662	2.7598	2.756	2.734	2.7509	2.7502	2.7284	2.7299	2.7244	2.7733	2.765	2.744	2.745	2.7571	2.7572	2.76	2.7814	2.7516	2.7367	2.719	2.7021	2.8542	3.1718
2.7135	2.6763	2.7002	2.709	2.7133	2.6913	2.7336	2.7102	2.7066	2.7153	2.6716	2.7863	2.7531	2.7411	2.7487	2.7605	2.7303	2.748	2.7548	2.7446	2.7421	2.7115	2.7134	2.731	2.7524	2.7284	2.7481	2.7421	2.7651	2.7216	2.7424	2.7433	2.7885	2.743	2.7484	2.7449	2.7444	2.7553	2.8262	3.3313	3.1308	3.2403	3.2842	3.2356	3.2477	3.2884	3.2521	3.244	3.2225	3.2095	3.1938	3.1685	3.1697	3.2158	3.2079	3.1785	3.213	3.2313	3.2364	3.2435	3.1927	3.2493	3.0809	2.5047	2.7977	2.6958	2.7189	2.6945	2.6931	2.7012	2.7205	2.7144	2.7184	2.7587	2.7188	2.7071	2.7218	2.7614	2.7499	2.7332	2.7766	2.7505	2.7375	2.7535	2.7569	2.7585	2.7371	2.7409	2.7686	2.7444	2.7391	2.7267	2.7669	2.738	2.7381	2.749	2.7876	2.7054	2.7586	2.7945	2.7937	2.7781	2.7704	2.7806	2.7818	2.7651	2.759	2.7649	2.7458	2.7428	3.0079	3.1329	3.2744	3.2532	3.2447	3.2416	3.2302	3.2746	3.2457	3.2164	3.2184	3.2157	3.2308	3.228	3.1969	3.1751	3.2442	3.1972	3.2257	3.2345	3.1788	3.229	3.25	3.2459	3.1963	2.9454	2.7039	2.7352	2.7131	2.6912	2.6897	2.7195	2.7228	2.7271	2.7036	2.7058	2.7292	2.7418	2.753	2.753	2.721	2.712	2.729	2.739	2.742	2.7464	2.7584	2.7004	2.7219	2.7331	2.7422	2.7613	2.7453	2.7541	2.7156	2.7284	2.7466	2.7681	2.7561	2.7674	2.7844	2.7395	2.7564	2.7682	2.7943	2.7966	2.7981	2.781	2.7413	2.7409	2.7319	2.7676	2.8433	3.3642	3.236	3.2018	3.2337	3.2562	3.2534	3.2528	3.2714	3.2645	3.2668	3.2677	3.273	3.2488	3.187	3.221	3.2684	3.2684	3.2245	3.2107	3.1722	3.1523	3.1745	3.1933	3.1954	3.188	2.9229	2.5097	2.6882	2.7228	2.7288	2.7191	2.7209	2.7204	2.7205	2.7308	2.7244	2.7481	2.7664	2.7717	2.7516	2.7416	2.7333	2.7578	2.7693	2.7416	2.7891	2.719	2.7572	2.7172	2.7561	2.748	2.7504	2.7437	2.7502	2.7636	2.7675	2.7524	2.7418	2.7586	2.7762	2.7545	2.7671	2.7594	2.7547	2.7469	2.7729	2.7735	2.7807	2.7569	2.7416	2.7631	2.8138	3.1531
2.7279	2.7227	2.7133	2.6861	2.7522	2.7405	2.755	2.7581	2.7281	2.7377	2.7379	2.7617	2.7581	2.7253	2.7179	2.7432	2.768	2.7497	2.7121	2.7213	2.7413	2.7322	2.7295	2.7442	2.7438	2.7388	2.7115	2.7499	2.7547	2.7437	2.7572	2.7776	2.7406	2.7692	2.7589	2.7522	2.7363	2.7437	2.7761	3.0333	3.0887	3.1226	3.2255	3.2891	3.3003	3.2529	3.267	3.2646	3.2359	3.2311	3.2023	3.2335	3.2374	3.2248	3.2171	3.2176	3.2313	3.2438	3.1974	3.2008	3.1987	3.1902	2.8469	2.5408	2.7497	2.6855	2.7016	2.7307	2.7512	2.7664	2.7307	2.7157	2.7461	2.7379	2.752	2.7912	2.7267	2.7809	2.8148	2.7346	2.6748	2.7506	2.7295	2.731	2.7465	2.7465	2.7369	2.7182	2.7434	2.7526	2.7505	2.7478	2.7838	2.7461	2.6086	2.7482	2.7905	2.7429	2.7361	2.7606	2.7688	2.7784	2.7529	2.7702	2.7925	2.7734	2.774	2.7697	2.7495	2.7008	2.8823	3.1159	3.1206	3.2538	3.2827	3.2798	3.2478	3.2694	3.2523	3.2457	3.2043	3.2104	3.2225	3.1938	3.1845	3.2307	3.2362	3.2107	3.2333	3.2335	3.2075	3.1744	3.1694	3.1908	3.1574	2.829	2.6038	2.7308	2.6831	2.7183	2.7326	2.6823	2.7151	2.6869	2.7508	2.7394	2.7363	2.7167	2.7373	2.7409	2.7286	2.7291	2.742	2.7276	2.7562	2.7462	2.7365	2.7965	2.7409	2.7331	2.721	2.7146	2.779	2.7526	2.7613	2.7402	2.7418	2.7847	2.8388	2.7879	2.7574	2.7607	2.7641	2.7724	2.7606	2.7686	2.7856	2.7694	2.7714	2.7599	2.7167	2.7411	2.7614	3.3177	3.0649	3.2158	3.254	3.2735	3.281	3.2581	3.2271	3.2275	3.2327	3.256	3.2195	3.2063	3.2406	3.215	3.1859	3.1926	3.2417	3.2137	3.2076	3.2122	3.2226	3.2054	3.2043	3.2031	2.6894	2.735	2.7554	2.7462	2.7187	2.7157	2.7175	2.7261	2.6602	2.7251	2.7305	2.7168	2.714	2.7116	2.7041	2.7365	2.7669	2.7182	2.7503	2.7478	2.7112	2.725	2.7552	2.7312	2.7265	2.7034	2.7617	2.778	2.7618	2.7493	2.7141	2.7679	2.7456	2.7331	2.7457	2.7538	2.7445	2.7423	2.7474	2.7498	2.7427	2.7714	2.7079	2.7356	2.7597	2.7377	2.7594	2.9677
2.7539	2.6911	2.7291	2.7186	2.7355	2.7688	2.737	2.7408	2.7416	2.7111	2.7014	2.7134	2.7221	2.7369	2.7359	2.749	2.7306	2.7599	2.7321	2.7518	2.7373	2.7207	2.7158	2.7219	2.7373	2.7415	2.7547	2.722	2.7351	2.6713	2.7251	2.7723	2.7339	2.7442	2.7592	2.7679	2.7424	2.747	2.7252	2.8232	3.1053	3.0711	3.1797	3.2333	3.2346	3.2438	3.2915	3.2776	3.2619	3.2446	3.2588	3.2225	3.2334	3.2281	3.2651	3.2035	3.2043	3.2257	3.2435	3.2306	3.1671	2.8407	2.5171	2.7242	2.6846	2.6834	2.697	2.7418	2.7425	2.699	2.7059	2.718	2.7089	2.7205	2.7359	2.7458	2.7225	2.7702	2.7681	2.7709	2.7476	2.744	2.7905	2.7207	2.7246	2.7333	2.7405	2.7489	2.7216	2.7355	2.7425	2.7357	2.745	2.7484	2.7212	2.7219	2.7441	2.7562	2.7369	2.7383	2.7456	2.7608	2.7395	2.7708	2.774	2.7704	2.788	2.7848	2.7462	2.7454	2.7409	2.9729	3.2981	3.2003	3.2713	3.2966	3.2934	3.2388	3.2224	3.2565	3.2126	3.2608	3.2178	3.2334	3.2448	3.1915	3.2117	3.2253	3.224	3.2167	3.1511	3.1959	3.2132	3.202	3.0806	2.4914	2.7483	2.7186	2.6845	2.6728	2.6958	2.7036	2.7325	2.7025	2.7607	2.7706	2.7503	2.738	2.7162	2.7537	2.7255	2.7228	2.7062	2.7428	2.759	2.7213	2.7352	2.7684	2.7629	2.7766	2.753	2.7544	2.7479	2.7441	2.7547	2.7461	2.7627	2.824	2.2829	2.6263	2.7625	2.7749	2.7459	2.734	2.7283	2.7777	2.7639	2.7637	2.748	2.748	2.7702	2.7579	2.7471	2.9378	3.2631	3.1743	3.2172	3.229	3.2457	3.2437	3.2504	3.2677	3.2584	3.2429	3.2542	3.2048	3.2207	3.2206	3.236	3.154	3.2289	3.1928	3.2231	3.2166	3.2572	3.2756	3.2299	3.1137	2.6824	2.6316	2.7001	2.6974	2.7167	2.7119	2.7435	2.7421	2.7164	2.7481	2.7487	2.7492	2.7426	2.744	2.7451	2.7469	2.7399	2.7524	2.7506	2.7501	2.7611	2.7454	2.7535	2.7573	2.7398	2.7243	2.7499	2.7706	2.7662	2.7796	2.7797	2.7934	2.7705	2.7453	2.767	2.7773	2.7828	2.7545	2.7757	2.7612	2.7792	2.7809	2.7739	2.7978	2.7881	2.7519	2.7595	2.8901
2.75	2.7303	2.7278	2.7292	2.7124	2.7726	2.7241	2.7116	2.7072	2.706	2.7099	2.736	2.751	2.7296	2.7459	2.7667	2.7331	2.785	2.7794	2.716	2.7258	2.7672	2.7894	2.7693	2.7406	2.7627	2.7799	2.7959	2.7639	2.7382	2.7544	2.7752	2.7931	2.7864	2.7755	2.7526	2.7121	2.7342	2.7473	2.723	2.7892	3.1324	3.1465	3.184	3.2726	3.2559	3.2437	3.2385	3.2461	3.2473	3.2299	3.1982	3.2435	3.2205	3.205	3.2034	3.2312	3.2549	3.2449	3.1414	2.8927	2.5435	2.6397	2.7955	2.7352	2.7318	2.7428	2.729	2.7132	2.7494	2.7282	2.7107	2.7363	2.7313	2.7216	2.7382	2.7402	2.7301	2.7425	2.7407	2.7511	2.7815	2.7871	2.7818	2.7419	2.758	2.7689	2.7478	2.7647	2.7811	2.805	2.7842	2.7641	2.7473	2.7623	2.7356	2.7358	2.7486	2.7779	2.7782	2.7578	2.7789	2.7577	2.7384	2.7544	2.7588	2.7269	2.7256	2.7605	2.7528	2.7658	2.7976	3.1962	2.9844	3.2239	3.2631	3.2558	3.2302	3.2251	3.2567	3.256	3.2546	3.2436	3.2582	3.2362	3.2176	3.2177	3.1826	3.1863	3.178	3.2192	3.2719	3.2223	3.037	2.5282	2.7036	2.7473	2.7032	2.7082	2.7083	2.735	2.7374	2.7222	2.7187	2.7424	2.7609	2.7632	2.7284	2.7342	2.7185	2.7214	2.7252	2.693	2.7513	2.7375	2.7621	2.759	2.7616	2.7605	2.7616	2.7493	2.7261	2.7543	2.7561	2.7604	2.7208	2.7495	2.7618	2.8372	2.7176	2.7566	2.7248	2.7783	2.766	2.7628	2.7677	2.7622	2.7698	2.7777	2.7629	2.7687	2.7336	2.7285	2.743	3.0454	3.0074	3.2033	3.284	3.2752	3.2997	3.2872	3.2771	3.2573	3.2361	3.2451	3.275	3.2663	3.2627	3.2269	3.2267	3.1778	3.1861	3.2056	3.2235	3.2463	3.2332	3.2183	2.9435	2.3756	2.7391	2.6885	2.702	2.7245	2.7333	2.7357	2.6918	2.7199	2.7461	2.7544	2.7573	2.76	2.7759	2.7634	2.7272	2.7436	2.747	2.7329	2.7367	2.7422	2.7608	2.7438	2.7554	2.7427	2.7546	2.7618	2.7069	2.7096	2.7456	2.7328	2.7639	2.7505	2.7322	2.7357	2.7597	2.7463	2.7555	2.7769	2.7865	2.7849	2.7814	2.7564	2.7657	2.7273	2.729	2.7551	2.7844
2.7542	2.7357	2.7196	2.6806	2.7079	2.7381	2.7417	2.7143	2.7349	2.7499	2.7443	2.7461	2.7901	2.7643	2.7562	2.7634	2.7611	2.7595	2.7427	2.7279	2.769	2.7404	2.7531	2.7435	2.7192	2.7311	2.7737	2.7633	2.7671	2.7604	2.7605	2.7526	2.7259	2.7915	2.7616	2.7615	2.7499	2.7432	2.7522	2.7204	2.8054	2.8313	3.0816	2.9722	3.129	3.2263	3.2535	3.2364	3.215	3.2118	3.2155	3.2346	3.2114	3.2455	3.2126	3.2078	3.2147	3.2243	3.118	2.9209	2.5895	2.7833	2.767	2.6998	2.6899	2.699	2.7219	2.7189	2.7113	2.7412	2.7579	2.727	2.7361	2.7569	2.7546	2.7289	2.7644	2.7147	2.7121	2.7397	2.7477	2.7398	2.7475	2.7574	2.7308	2.7584	2.7506	2.7539	2.772	2.7538	2.7803	2.8118	2.7602	2.7766	2.7752	2.7711	2.7721	2.7745	2.7517	2.7324	2.7467	2.7604	2.7533	2.7634	2.7339	2.7884	2.7788	2.7767	2.7823	2.7605	2.7644	2.7491	2.8544	3.0429	3.0777	3.1683	3.263	3.249	3.2351	3.2116	3.2095	3.1808	3.1728	3.1955	3.1271	3.2361	3.2571	3.2302	3.2185	3.2338	3.2437	3.221	3.062	2.6358	2.8734	2.7995	2.7388	2.7276	2.6962	2.64	2.7316	2.6707	2.7521	2.7612	2.7247	2.739	2.7685	2.7392	2.7061	2.7315	2.7446	2.7423	2.7811	2.7629	2.7832	2.7703	2.7862	2.7542	2.7481	2.7559	2.7495	2.7621	2.7651	2.7714	2.7918	2.7774	2.7203	2.7737	2.7812	2.7296	2.7636	2.7415	2.7323	2.7891	2.7865	2.7658	2.7708	2.7439	2.7722	2.7598	2.7802	2.7398	2.7783	2.7513	2.9037	3.0782	2.9896	3.1932	3.2787	3.2629	3.5566	3.6428	3.3888	3.2092	3.2099	3.2694	3.2491	3.2221	3.2036	3.1846	3.1897	3.2303	3.2327	3.2406	3.2421	3.1979	2.9974	2.5476	2.709	2.7167	2.6959	2.7234	2.6974	2.6752	2.7207	2.7268	2.7287	2.7392	2.7464	2.7335	2.7237	2.715	2.7628	2.7276	2.7558	2.7532	2.7488	2.7493	2.7443	2.766	2.7631	2.7567	2.752	2.7395	2.7025	2.7421	2.747	2.761	2.7664	2.7372	2.7302	2.7525	2.7751	2.7573	2.713	2.7693	2.7553	2.7288	2.7908	2.7861	2.7781	2.7551	2.7659	2.7666	2.7221	2.7269
2.7236	2.7331	2.7277	2.734	2.7562	2.7553	2.7476	2.7415	2.7544	2.7288	2.7235	2.7339	2.7354	2.7407	2.7483	2.7462	2.7512	2.7521	2.6937	2.7	2.7422	2.7548	2.7705	2.7601	2.7408	2.7483	2.7483	2.7241	2.7442	2.7679	2.7726	2.7888	2.7928	2.7846	2.7626	2.747	2.7347	2.7527	2.7402	2.7488	2.7481	2.761	2.8807	3.1957	2.9826	3.069	3.1511	3.2358	3.2127	3.2045	3.2234	3.2738	3.2582	3.2108	3.2329	3.2273	3.2422	3.0929	2.8162	2.646	2.7347	2.7436	2.6943	2.703	2.7193	2.7086	2.7312	2.7223	2.6886	2.7422	2.7219	2.7329	2.7374	2.7413	2.7626	2.7437	2.7498	2.7647	2.7527	2.754	2.773	2.756	2.7206	2.7379	2.7702	2.7839	2.7928	2.7881	2.7599	2.7739	2.7796	2.7334	2.743	2.7674	2.7292	2.7555	2.7443	2.7391	2.7336	2.7489	2.7545	2.769	2.7695	2.7735	2.7746	2.7642	2.7838	2.7998	2.7925	2.79	2.7619	2.7446	2.7654	2.8395	3.3323	2.9227	3.1266	3.2434	3.2081	3.2249	3.219	3.2492	3.2034	3.2251	3.265	3.2299	3.2076	3.2342	3.2476	3.2507	3.2035	3.0416	2.5217	2.7215	2.817	2.7629	2.7176	2.7204	2.7068	2.7161	2.7406	2.7431	2.721	2.7134	2.7244	2.764	2.7573	2.7381	2.757	2.7721	2.7638	2.7554	2.7617	2.7593	2.7536	2.7445	2.7714	2.7477	2.7594	2.8049	2.7888	2.7908	2.7425	2.764	2.742	2.7424	2.7564	2.7671	2.7513	2.7541	2.7606	2.7532	2.7251	2.7455	2.759	2.7601	2.6873	2.736	2.7388	2.7317	2.7621	2.7435	2.7956	2.7588	2.7401	2.8556	3.1244	3.085	3.152	3.283	3.4588	2.9182	2.6529	3.0027	3.2435	3.2643	3.2599	3.2172	3.2249	3.2348	3.2701	3.274	3.2197	3.2234	3.2246	2.9592	2.6324	2.6434	2.7594	2.7191	2.7212	2.7567	2.7167	2.7355	2.7468	2.7157	2.714	2.6924	2.7544	2.7482	2.7663	2.7281	2.7416	2.771	2.7458	2.7614	2.7566	2.751	2.7708	2.7227	2.7418	2.7569	2.7238	2.7237	2.777	2.7827	2.7626	2.7348	2.7275	2.7566	2.7472	2.7392	2.7477	2.7488	2.7462	2.708	2.7806	2.7905	2.7947	2.799	2.7904	2.7955	2.7631	2.7778	2.7774	2.7494
2.7671	2.7114	2.7284	2.7639	2.7637	2.7813	2.7677	2.7345	2.7392	2.7575	2.7792	2.7555	2.731	2.7588	2.7624	2.72	2.7249	2.7475	2.7913	2.7623	2.7753	2.7502	2.7707	2.7408	2.7287	2.7652	2.7442	2.7719	2.7708	2.7595	2.7312	2.7537	2.7927	2.7993	2.7809	2.7646	2.7795	2.7279	2.7671	2.741	2.7558	2.7369	2.7339	2.849	3.1149	2.8918	2.7532	2.896	3.0803	3.132	3.1704	3.2091	3.1421	3.1559	3.0683	2.9203	2.7845	2.6226	2.4717	2.9277	2.7292	2.7035	2.7232	2.7103	2.6839	2.6873	2.7131	2.7197	2.7433	2.761	2.7672	2.8128	2.7233	2.7415	2.7144	2.7341	2.7229	2.7649	2.7649	2.7573	2.7695	2.73	2.7348	2.756	2.736	2.7779	2.742	2.7495	2.7485	2.733	2.7503	2.777	2.7853	2.7529	2.7731	2.7676	2.7542	2.7602	2.7491	2.7566	2.7762	2.7852	2.7967	2.7725	2.7595	2.7856	2.791	2.766	2.7863	2.7725	2.7849	2.7941	2.7212	2.735	2.8187	3.0312	3.0343	2.9479	3.0892	3.1859	3.2041	3.2293	3.2491	3.2466	3.2125	3.1737	3.1896	3.2337	3.2352	3.1143	2.9367	2.6443	2.9495	2.748	2.7461	2.7651	2.7092	2.7358	2.7586	2.7466	2.7439	2.7282	2.7146	2.7497	2.7545	2.7206	2.7518	2.7532	2.7605	2.796	2.7698	2.7904	2.7565	2.7789	2.7871	2.7567	2.761	2.7628	2.7643	2.7731	2.784	2.7775	2.7773	2.7749	2.7649	2.7559	2.776	2.7655	2.7833	2.7905	2.7304	2.7497	2.781	2.781	2.7978	2.7961	2.7985	2.7935	2.7383	2.8002	2.8237	2.8255	2.7671	2.7876	2.7862	2.7376	2.8535	3.1828	3.0056	3.1296	3.3265	2.7101	2.4352	3.1832	3.2639	3.2572	3.2533	3.2482	3.2612	3.257	3.276	3.2789	3.2395	3.185	2.9542	2.6248	2.7503	2.8115	2.7345	2.673	2.7182	2.7382	2.7166	2.7199	2.7259	2.7636	2.7496	2.7438	2.7611	2.7429	2.7631	2.7445	2.7498	2.7685	2.7678	2.7631	2.7584	2.7704	2.763	2.7526	2.7591	2.7516	2.7565	2.7729	2.738	2.7337	2.7437	2.7508	2.766	2.76	2.748	2.7524	2.7743	2.7687	2.7857	2.8047	2.7506	2.7664	2.7796	2.781	2.747	2.7741	2.75	2.7644	2.7184	2.7535
2.7108	2.7421	2.7304	2.7551	2.7671	2.7585	2.8018	2.7847	2.7864	2.7507	2.7542	2.7595	2.7552	2.764	2.7427	2.7673	2.772	2.7492	2.7627	2.7721	2.7726	2.7696	2.7526	2.7595	2.7581	2.7654	2.8041	2.7946	2.7898	2.7952	2.7876	2.7765	2.7775	2.7654	2.7606	2.7919	2.7982	2.8117	2.8083	2.7654	2.733	2.7336	2.7782	2.7659	2.7691	2.8118	3.084	3.1913	2.8795	2.6357	2.7243	2.763	2.7284	2.5703	2.4678	3.0835	3.1703	3.0658	2.8443	2.744	2.7445	2.7003	2.7085	2.7452	2.7941	2.8037	2.7243	2.7583	2.7703	2.7692	2.7524	2.7417	2.7374	2.7282	2.7714	2.7684	2.785	2.6997	2.7708	2.756	2.7593	2.7481	2.7491	2.7612	2.7838	2.7635	2.7726	2.7948	2.7817	2.7679	2.7511	2.752	2.7661	2.7471	2.7734	2.7516	2.7462	2.7446	2.7482	2.7539	2.7527	2.7257	2.7971	2.7784	2.7754	2.7599	2.7761	2.7359	2.7452	2.7608	2.7501	2.7579	2.7481	2.7268	2.7443	2.776	2.9612	3.2857	2.8377	2.7575	2.9176	3.0076	3.0724	3.1281	3.1838	3.1803	3.1166	2.9916	2.8277	2.6596	2.4932	2.9483	2.8189	2.7097	2.6991	2.7225	2.7402	2.7353	2.7382	2.7402	2.741	2.7406	2.7635	2.7433	2.76	2.7465	2.7325	2.7919	2.7599	2.7346	2.7038	2.732	2.7407	2.7488	2.7885	2.7785	2.7571	2.789	2.7517	2.7517	2.775	2.7864	2.7784	2.7913	2.7845	2.8127	2.8062	2.7898	2.8221	2.7757	2.8112	2.7893	2.7646	2.801	2.7937	2.8275	2.7836	2.7862	2.7553	2.7545	2.7945	2.7995	2.8016	2.754	2.757	2.7943	2.7685	2.7477	3.0273	3.2784	2.9542	3.1181	3.1343	3.2098	3.2705	3.2858	3.2317	3.2182	3.2646	3.2826	3.2338	3.2551	3.0736	2.8097	2.5421	2.8449	2.8004	2.7554	2.7281	2.7494	2.7504	2.7228	2.7409	2.7038	2.7478	2.7607	2.7403	2.7746	2.7588	2.7843	2.7696	2.7454	2.7704	2.7584	2.7397	2.7424	2.7318	2.7656	2.7894	2.7465	2.7032	2.8048	2.7819	2.7734	2.7621	2.7349	2.741	2.7516	2.7448	2.7785	2.7926	2.7873	2.7712	2.7575	2.7165	2.753	2.7514	2.7544	2.7805	2.795	2.8375	2.7954	2.7627	2.7699	2.741	2.8014
2.7389	2.7518	2.7613	2.7519	2.7423	2.7662	2.7813	2.7804	2.7434	2.7585	2.7335	2.7739	2.8077	2.765	2.7518	2.7597	2.759	2.7652	2.7508	2.7811	2.7339	2.7755	2.7721	2.7499	2.7376	2.7256	2.7995	2.7963	2.804	2.7761	2.7742	2.7586	2.7692	2.7502	2.7624	2.8099	2.7815	2.7636	2.7911	2.7823	2.7806	2.758	2.7605	2.7454	2.7564	2.7462	2.7446	2.7751	2.8783	3.0132	3.1118	3.1495	3.0743	3.0389	2.8648	2.7914	2.7759	2.7498	2.7203	2.7171	2.7729	2.7724	2.7318	2.7332	2.7271	2.7514	2.7239	2.7153	2.6985	2.7229	2.7651	2.7612	2.7632	2.762	2.7732	2.776	2.7723	2.7835	2.7989	2.78	2.7884	2.7493	2.7455	2.7626	2.7759	2.7671	2.7612	2.751	2.7724	2.7473	2.768	2.8039	2.7878	2.7847	2.771	2.7979	2.7926	2.7992	2.8199	2.7805	2.7976	2.7855	2.7783	2.8037	2.771	2.7636	2.7727	2.7881	2.8114	2.8026	2.8001	2.7988	2.8028	2.7752	2.7752	2.7797	2.7186	2.7905	3.0181	3.2033	3.4081	3.1813	2.7433	2.5141	2.624	2.6614	2.539	2.7784	3.2157	3.066	2.9009	2.8039	2.7519	2.7187	2.7334	2.7504	2.7726	2.7723	2.7528	2.7658	2.7756	2.7788	2.7545	2.753	2.7463	2.7367	2.7842	2.813	2.7835	2.7659	2.783	2.7685	2.7939	2.7762	2.7485	2.7542	2.7758	2.7564	2.7519	2.7783	2.7677	2.7564	2.7487	2.7421	2.7436	2.7547	2.7665	2.7466	2.777	2.7362	2.7111	2.7478	2.7892	2.7635	2.7644	2.7641	2.7717	2.7782	2.7735	2.7633	2.7981	2.8048	2.7754	2.7706	2.7776	2.7763	2.7639	2.7633	2.7535	2.9998	3.2399	2.7757	2.7653	2.9771	3.095	3.1222	3.0992	3.0995	3.0167	2.9994	2.846	2.7017	2.4028	2.913	2.8988	2.7758	2.7525	2.7855	2.6859	2.7239	2.7362	2.728	2.7528	2.7512	2.8128	2.7665	2.7356	2.7493	2.7337	2.7323	2.7131	2.7551	2.7555	2.7654	2.7701	2.7419	2.755	2.7734	2.7442	2.7673	2.7563	2.7317	2.7452	2.7631	2.7613	2.7534	2.7336	2.762	2.7555	2.7405	2.7347	2.7823	2.7794	2.8102	2.8119	2.7763	2.7612	2.711	2.7917	2.7486	2.7781	2.7655	2.7764	2.7802	2.7575	2.7735
2.7261	2.7103	2.6981	2.7192	2.7294	2.743	2.7789	2.746	2.7465	2.7637	2.7584	2.751	2.7768	2.79	2.7462	2.7857	2.7951	2.7751	2.8037	2.7854	2.7969	2.7386	2.7373	2.7785	2.7811	2.7568	2.765	2.751	2.755	2.7638	2.7356	2.8022	2.7956	2.7895	2.7909	2.7785	2.7912	2.8039	2.7658	2.7695	2.7452	2.7438	2.7638	2.7558	2.7508	2.7351	2.7262	2.7559	2.7341	2.7465	2.7072	2.7477	2.7554	2.7433	2.7493	2.7406	2.724	2.6918	2.7156	2.7109	2.7432	2.7207	2.72	2.728	2.7545	2.7434	2.7482	2.7851	2.7833	2.7948	2.7583	2.7705	2.7712	2.7509	2.7339	2.7775	2.7873	2.7574	2.7572	2.7857	2.7813	2.7684	2.7736	2.7871	2.7533	2.7571	2.7677	2.7932	2.7644	2.7869	2.7986	2.7607	2.7622	2.7823	2.802	2.7924	2.7736	2.7812	2.7762	2.7875	2.7974	2.783	2.7625	2.7499	2.7965	2.7952	2.7487	2.7611	2.7678	2.7541	2.8062	2.7969	2.7725	2.7926	2.7899	2.7603	2.7442	2.7472	2.7417	2.7276	2.7326	2.8127	2.8447	2.9333	2.9581	3.0146	2.9395	2.8307	2.7848	2.7504	2.7249	2.7384	2.7319	2.7631	2.7409	2.7603	2.7622	2.7121	2.7462	2.753	2.7783	2.7918	2.7516	2.7396	2.7477	2.7634	2.7738	2.7755	2.7773	2.7891	2.8065	2.7957	2.7685	2.8204	2.8106	2.7728	2.7782	2.7816	2.8149	2.8118	2.7996	2.7675	2.781	2.8	2.7823	2.7616	2.7622	2.7897	2.79	2.8046	2.8307	2.7463	2.7791	2.7621	2.7744	2.7888	2.7789	2.7898	2.7984	2.7818	2.7748	2.7862	2.7861	2.7691	2.7539	2.742	2.7931	2.7613	2.7532	2.7522	2.7914	2.9537	3.1862	3.2616	2.5994	2.5462	2.5438	2.5025	2.4684	2.7291	3.152	3.1768	2.9489	2.7975	2.7607	2.7516	2.7527	2.7532	2.7602	2.7513	2.7007	2.7333	2.7478	2.7593	2.7513	2.7838	2.7287	2.7287	2.7363	2.7627	2.7414	2.7701	2.7829	2.7768	2.7857	2.7981	2.763	2.747	2.7582	2.749	2.7582	2.771	2.7541	2.8062	2.7923	2.7759	2.7871	2.7691	2.7596	2.7737	2.7872	2.7841	2.7742	2.7819	2.7712	2.8155	2.7925	2.8109	2.8019	2.8005	2.7916	2.7653	2.7859	2.7696	2.7511	2.7446
2.7315	2.7532	2.7403	2.7834	2.7764	2.7963	2.7744	2.7348	2.7981	2.7846	2.7469	2.7614	2.8115	2.7971	2.755	2.7652	2.7738	2.8052	2.7728	2.7976	2.7514	2.7616	2.743	2.7475	2.7707	2.7673	2.7675	2.7483	2.753	2.7327	2.7316	2.7714	2.7914	2.75	2.7581	2.7728	2.7887	2.7674	2.7627	2.8068	2.7926	2.7468	2.7676	2.7187	2.7542	2.782	2.7336	2.7157	2.7419	2.714	2.7452	2.7443	2.7372	2.7186	2.7183	2.7432	2.7432	2.7238	2.7311	2.7258	2.7165	2.7251	2.7243	2.7456	2.7517	2.7768	2.7712	2.7426	2.7592	2.7589	2.7382	2.744	2.7464	2.7608	2.7942	2.7776	2.7792	2.7944	2.8179	2.8079	2.7925	2.79	2.7837	2.7798	2.7579	2.7719	2.7496	2.7579	2.7397	2.7846	2.76	2.7712	2.7813	2.8116	2.8045	2.7876	2.7488	2.7801	2.7818	2.7968	2.7929	2.7849	2.7902	2.7653	2.7595	2.7548	2.805	2.8036	2.8085	2.8248	2.8284	2.7833	2.8051	2.7687	2.7127	2.6895	2.7443	2.7494	2.7796	2.7461	2.7415	2.6972	2.7448	2.712	2.7645	2.7464	2.7201	2.7439	2.7591	2.7524	2.7423	2.7356	2.7155	2.7207	2.7776	2.7478	2.7524	2.7576	2.763	2.7413	2.7555	2.7908	2.767	2.7579	2.7622	2.7728	2.804	2.7773	2.7712	2.7735	2.8008	2.8111	2.8011	2.7931	2.7837	2.7861	2.7937	2.8077	2.7786	2.7592	2.7837	2.8208	2.7801	2.7669	2.8244	2.7881	2.7995	2.776	2.8238	2.7528	2.7998	2.767	2.801	2.807	2.7797	2.7827	2.7861	2.7709	2.7857	2.7965	2.7956	2.7675	2.7568	2.774	2.7533	2.7736	2.7733	2.7571	2.7908	2.7725	2.7368	2.7473	2.7216	2.8234	2.9008	2.9522	2.9222	2.8724	2.8477	2.8386	2.8193	2.7819	2.7587	2.7518	2.7328	2.7068	2.7375	2.7527	2.7302	2.7564	2.7711	2.7851	2.7724	2.7654	2.7829	2.8038	2.7694	2.7634	2.7837	2.7589	2.7525	2.7614	2.7777	2.7739	2.7793	2.7858	2.7884	2.7693	2.7712	2.7812	2.7544	2.7729	2.7532	2.7489	2.7945	2.8159	2.7992	2.7758	2.748	2.7728	2.7513	2.7368	2.7664	2.7406	2.7554	2.7878	2.7991	2.7764	2.7673	2.7551	2.7849	2.7937	2.7734	2.7596	2.7148	2.7679
2.7523	2.7486	2.7879	2.7752	2.7225	2.7337	2.7408	2.7634	2.762	2.7834	2.7635	2.7816	2.7596	2.7436	2.7563	2.7708	2.7705	2.747	2.8023	2.8163	2.7982	2.7919	2.7639	2.7553	2.7756	2.7716	2.7791	2.8	2.778	2.769	2.7685	2.7736	2.7925	2.7681	2.7458	2.807	2.8079	2.8151	2.7792	2.7807	2.763	2.7454	2.7568	2.743	2.7367	2.7295	2.7291	2.7271	2.7452	2.7475	2.7688	2.7715	2.7256	2.7413	2.7683	2.7783	2.7643	2.7388	2.7283	2.7698	2.7688	2.7348	2.7387	2.743	2.7533	2.7492	2.7744	2.7414	2.7283	2.7878	2.7869	2.8018	2.7682	2.7513	2.7649	2.7949	2.8039	2.7335	2.7763	2.781	2.8126	2.8131	2.7919	2.8022	2.8069	2.7914	2.7923	2.83	2.7761	2.7829	2.7767	2.7836	2.7693	2.7811	2.7551	2.7671	2.7652	2.7636	2.7525	2.7203	2.7977	2.7999	2.7891	2.7707	2.7976	2.7891	2.7899	2.7899	2.7628	2.756	2.7397	2.7576	2.7809	2.775	2.73	2.7952	2.7473	2.7758	2.7293	2.7614	2.7424	2.7196	2.751	2.7546	2.7146	2.7379	2.7152	2.7403	2.7449	2.7451	2.7395	2.7015	2.7567	2.7466	2.732	2.756	2.7305	2.7715	2.7637	2.7765	2.7885	2.7515	2.7574	2.7676	2.7755	2.7852	2.7654	2.7526	2.788	2.8001	2.7607	2.7686	2.7963	2.7599	2.7832	2.7889	2.745	2.7485	2.7683	2.7896	2.7666	2.7691	2.7802	2.7802	2.787	2.7788	2.7879	2.7551	2.751	2.7677	2.7764	2.7881	2.7738	2.7815	2.7729	2.7397	2.7737	2.766	2.8106	2.7963	2.7886	2.7873	2.7707	2.7742	2.7671	2.7702	2.7695	2.7485	2.7368	2.763	2.7313	2.7486	2.7577	2.7222	2.6984	2.7116	2.7036	2.7387	2.7229	2.6966	2.7051	2.7545	2.7151	2.7673	2.7319	2.7671	2.7608	2.7565	2.7357	2.7279	2.7424	2.7328	2.769	2.7568	2.694	2.7443	2.7594	2.7578	2.7569	2.7711	2.7833	2.7715	2.7697	2.7595	2.7472	2.7914	2.8006	2.7906	2.7935	2.7935	2.7703	2.7844	2.7953	2.7942	2.7488	2.7815	2.7289	2.7737	2.7627	2.7738	2.7413	2.8008	2.7633	2.7845	2.7841	2.8025	2.7961	2.7971	2.7705	2.7525	2.7868	2.7813	2.7632	2.7473	2.7482	2.7511
2.7754	2.7943	2.7544	2.7543	2.7481	2.7697	2.7971	2.7739	2.7855	2.7711	2.758	2.75	2.7762	2.7882	2.7552	2.7564	2.7948	2.7407	2.7419	2.7687	2.7694	2.7767	2.7788	2.7653	2.7722	2.7765	2.7676	2.7445	2.7693	2.7731	2.8024	2.7918	2.7601	2.7595	2.7745	2.7447	2.7872	2.7889	2.7586	2.7982	2.805	2.7681	2.7627	2.7603	2.7456	2.753	2.7518	2.7546	2.7361	2.7432	2.7311	2.7064	2.732	2.7177	2.7286	2.7374	2.7437	2.7353	2.7562	2.7664	2.7413	2.7375	2.7412	2.7407	2.7132	2.771	2.7961	2.7933	2.7536	2.776	2.7655	2.7838	2.8044	2.7809	2.7676	2.7552	2.7645	2.783	2.7203	2.7759	2.779	2.727	2.7753	2.8029	2.7947	2.7566	2.7647	2.7847	2.7717	2.7521	2.7625	2.7797	2.7627	2.8076	2.8028	2.7677	2.7634	2.7802	2.7794	2.7584	2.7194	2.7174	2.7253	2.8108	2.8118	2.7704	2.764	2.7717	2.7769	2.7646	2.7817	2.7506	2.7649	2.7652	2.7724	2.7667	2.8022	2.7575	2.7489	2.772	2.7781	2.7657	2.7185	2.7113	2.7375	2.7669	2.7687	2.7496	2.741	2.743	2.7403	2.7344	2.7681	2.7563	2.7384	2.757	2.7383	2.7389	2.7773	2.7379	2.7386	2.7482	2.7481	2.7708	2.7793	2.7789	2.7872	2.7596	2.7636	2.7906	2.7823	2.7583	2.7528	2.7464	2.76	2.757	2.7407	2.7632	2.7694	2.7832	2.7709	2.7576	2.744	2.7568	2.7439	2.7842	2.7957	2.8051	2.7881	2.8274	2.8092	2.8065	2.8	2.7471	2.7573	2.7601	2.7961	2.7944	2.7858	2.785	2.788	2.7767	2.7618	2.7967	2.7978	2.7815	2.7585	2.7937	2.7763	2.7367	2.784	2.7609	2.7309	2.7474	2.7788	2.7178	2.7334	2.7451	2.7234	2.745	2.7689	2.7645	2.7599	2.7615	2.7569	2.711	2.7636	2.7308	2.7296	2.7746	2.7737	2.751	2.7557	2.746	2.7624	2.7653	2.758	2.7367	2.7684	2.759	2.7677	2.7911	2.7574	2.7878	2.8043	2.7598	2.7641	2.7837	2.748	2.7725	2.7463	2.7459	2.77	2.7689	2.7788	2.7767	2.7773	2.7739	2.7691	2.7857	2.7707	2.7866	2.7981	2.7582	2.7742	2.7713	2.7664	2.7454	2.6994	2.768	2.756	2.786	2.7813	2.7702	2.7889	2.7757
2.7595	2.7603	2.7691	2.7745	2.7657	2.7768	2.7721	2.7568	2.7521	2.7569	2.7511	2.7261	2.7271	2.7298	2.7387	2.7554	2.7498	2.7765	2.7603	2.7693	2.7906	2.7444	2.7594	2.7673	2.789	2.7592	2.732	2.7464	2.7606	2.7419	2.7255	2.744	2.7739	2.7911	2.7341	2.7669	2.7518	2.753	2.7518	2.7782	2.7813	2.7557	2.7672	2.7553	2.7544	2.7623	2.7551	2.7373	2.7479	2.7548	2.752	2.761	2.7475	2.7745	2.7655	2.7175	2.7313	2.7456	2.7741	2.7413	2.7358	2.7646	2.7545	2.7674	2.7701	2.7617	2.7537	2.7702	2.7772	2.7566	2.7914	2.7873	2.7658	2.7607	2.7775	2.7742	2.7755	2.7832	2.8058	2.7464	2.759	2.7588	2.7316	2.7481	2.7843	2.7655	2.7604	2.7518	2.764	2.7756	2.7641	2.7352	2.744	2.7785	2.7761	2.7848	2.7796	2.7494	2.7475	2.754	2.7575	2.7861	2.8099	2.7996	2.7825	2.7923	2.7659	2.7571	2.7409	2.7947	2.7481	2.7764	2.792	2.7509	2.7514	2.7597	2.7667	2.7519	2.7758	2.745	2.7726	2.7531	2.7752	2.7671	2.7926	2.776	2.7702	2.7703	2.7885	2.7473	2.7505	2.7687	2.7626	2.7752	2.7365	2.7435	2.7784	2.7495	2.7665	2.7216	2.7585	2.7491	2.7799	2.7921	2.7924	2.7825	2.8084	2.7972	2.7899	2.7717	2.7895	2.7763	2.7851	2.7511	2.7591	2.773	2.7821	2.761	2.7762	2.8016	2.7643	2.7459	2.7767	2.8097	2.792	2.775	2.7739	2.7477	2.7827	2.7634	2.7345	2.7735	2.7662	2.7361	2.7517	2.7673	2.7588	2.7615	2.7658	2.7673	2.7487	2.8009	2.8034	2.7964	2.7598	2.7644	2.763	2.7674	2.772	2.7507	2.7528	2.7636	2.7634	2.7511	2.7096	2.7051	2.737	2.7321	2.7257	2.7258	2.7383	2.7204	2.7154	2.7325	2.7594	2.7649	2.7554	2.721	2.7226	2.7302	2.7011	2.7925	2.7436	2.7712	2.7719	2.7691	2.7597	2.7502	2.7711	2.7787	2.7543	2.7581	2.7642	2.7761	2.7759	2.7816	2.7876	2.7637	2.7662	2.762	2.7955	2.7347	2.7715	2.7838	2.7616	2.7658	2.8017	2.8121	2.7701	2.7727	2.8023	2.7788	2.7908	2.8176	2.817	2.7768	2.8029	2.8028	2.793	2.7745	2.7599	2.7713	2.7666	2.7907	2.7657	2.7867
2.7642	2.7623	2.7579	2.7582	2.7675	2.7686	2.7648	2.7897	2.726	2.7413	2.7711	2.7424	2.7405	2.777	2.7697	2.7787	2.7945	2.7508	2.7521	2.7785	2.7514	2.7435	2.8152	2.7554	2.7672	2.7298	2.7522	2.8162	2.7448	2.7603	2.7661	2.7535	2.7617	2.7952	2.8014	2.7691	2.7737	2.7694	2.7716	2.7886	2.7815	2.7602	2.7545	2.8005	2.8044	2.7824	2.7538	2.7211	2.7455	2.7736	2.7594	2.753	2.7604	2.7692	2.7701	2.7349	2.7245	2.7357	2.71	2.7066	2.7406	2.7399	2.7369	2.726	2.7246	2.7532	2.7516	2.7252	2.7297	2.7429	2.7504	2.7518	2.7643	2.7891	2.7828	2.7698	2.7917	2.7901	2.7949	2.7654	2.7605	2.76	2.7776	2.7682	2.7723	2.7889	2.7314	2.784	2.7688	2.7275	2.7481	2.7738	2.7383	2.7627	2.7685	2.7601	2.7508	2.7824	2.8167	2.8129	2.7613	2.7534	2.7388	2.7511	2.7774	2.772	2.759	2.7819	2.7754	2.7623	2.7707	2.8	2.7687	2.7797	2.7608	2.807	2.7564	2.7688	2.7694	2.7656	2.7502	2.7519	2.7665	2.7515	2.7545	2.762	2.7583	2.7621	2.7387	2.7284	2.7494	2.7656	2.746	2.7637	2.7636	2.7864	2.7884	2.7879	2.7541	2.7642	2.7849	2.7787	2.7764	2.787	2.7838	2.7827	2.7892	2.7781	2.754	2.751	2.777	2.7857	2.7721	2.7821	2.7891	2.7834	2.7771	2.7554	2.7747	2.7667	2.7621	2.7559	2.7886	2.7541	2.7339	2.7774	2.7775	2.7669	2.7561	2.8016	2.8062	2.7759	2.7925	2.7928	2.7703	2.7834	2.8058	2.7785	2.7983	2.7741	2.7365	2.7667	2.7585	2.8089	2.7852	2.7995	2.7924	2.751	2.7528	2.7635	2.7742	2.784	2.7655	2.7299	2.7399	2.7786	2.752	2.7376	2.7774	2.7543	2.7222	2.7657	2.7038	2.7387	2.7613	2.736	2.7372	2.7411	2.7964	2.7542	2.707	2.7114	2.7301	2.7473	2.7391	2.7308	2.7706	2.7919	2.7661	2.7647	2.8005	2.8043	2.7667	2.7618	2.7677	2.7604	2.7755	2.7639	2.7749	2.7598	2.7606	2.7377	2.778	2.7667	2.7519	2.7531	2.7774	2.787	2.7528	2.783	2.7488	2.7719	2.7697	2.7661	2.7637	2.7688	2.7804	2.7775	2.7886	2.7804	2.7699	2.7856	2.7894	2.7934	2.7929	2.7993
2.7613	2.7126	2.7331	2.7801	2.7578	2.7269	2.766	2.7474	2.7315	2.7607	2.7896	2.8748	2.8749	2.926	2.9447	2.8984	2.8497	2.804	2.7767	2.7794	2.7614	2.7621	2.7559	2.7346	2.7336	2.7464	2.7231	2.7894	2.7633	2.7467	2.743	2.7528	2.7215	2.7785	2.8041	2.795	2.7891	2.7329	2.7596	2.7628	2.7603	2.7351	2.7683	2.7685	2.7324	2.7521	2.7435	2.7265	2.7474	2.7712	2.7511	2.7531	2.7583	2.7754	2.7712	2.7289	2.7578	2.7649	2.7476	2.7622	2.7777	2.7758	2.7689	2.7846	2.7625	2.766	2.7673	2.7702	2.8007	2.7699	2.7572	2.8331	2.8003	2.7701	2.7888	2.8151	2.7521	2.5245	2.4935	2.793	2.8066	2.7861	2.7542	2.7425	2.7578	2.803	2.7675	2.7571	2.7928	2.7998	2.7398	2.7869	2.7966	2.7881	2.7694	2.7887	2.7846	2.7524	2.7591	2.7827	2.7888	2.7746	2.7384	2.787	2.791	2.7535	2.755	2.7778	2.7605	2.7826	2.7744	2.7676	2.7932	2.7835	2.7716	2.7741	2.7754	2.8157	2.7864	2.8133	2.7562	2.7555	2.7838	2.7349	2.714	2.7372	2.7236	2.7223	2.7488	2.748	2.7207	2.7169	2.7195	2.7573	2.7697	2.7216	2.7413	2.7602	2.7793	2.7687	2.7638	2.7605	2.7908	2.7912	2.7894	2.81	2.7983	2.7682	2.7945	2.7862	2.7893	2.7731	2.7086	2.758	2.7695	2.7609	2.7407	2.7352	2.7283	2.7601	2.7719	2.7526	2.7492	2.7862	2.7918	2.7687	2.7734	2.7677	2.8118	2.7834	2.7483	2.7882	2.8077	2.7472	2.7563	2.7731	2.7769	2.76	2.7368	2.761	2.7817	2.7536	2.7192	2.7647	2.8046	2.8126	2.7884	2.7705	2.7566	2.7279	2.7189	2.7546	2.7848	2.7586	2.7387	2.7561	2.752	2.7366	2.7179	2.7192	2.7407	2.7406	2.7246	2.7715	2.7806	2.7694	2.7557	2.7586	2.7204	2.737	2.7228	2.7237	2.7622	2.7734	2.7652	2.7837	2.7724	2.7702	2.7062	2.7759	2.7842	2.7727	2.7509	2.768	2.7853	2.7793	2.7605	2.7511	2.7664	2.7605	2.7336	2.7472	2.7731	2.7752	2.7691	2.7608	2.6806	2.717	2.7098	2.7273	2.744	2.7721	2.7273	2.7694	2.7652	2.7536	2.7578	2.7423	2.7519	2.7545	2.7837	2.7639	2.753	2.7892	2.7597	2.7945
2.79	2.7931	2.7727	2.7282	2.7427	2.7748	2.7619	2.7722	2.8573	3.1477	3.3726	3.401	3.3303	2.9078	3.1617	3.2429	3.1617	3.4631	3.2651	2.9103	2.8398	2.7906	2.7295	2.7393	2.7744	2.7548	2.7777	2.7418	2.7753	2.7319	2.7544	2.7758	2.7731	2.7518	2.7579	2.7967	2.7725	2.7754	2.7823	2.791	2.7717	2.7587	2.7688	2.7744	2.7787	2.813	2.7618	2.7868	2.7656	2.731	2.7756	2.7541	2.7668	2.7592	2.7814	2.7862	2.7571	2.7651	2.7949	2.7883	2.7534	2.7557	2.729	2.7571	2.7835	2.7627	2.7519	2.7794	2.7809	2.8097	2.7596	2.7885	2.7923	2.7557	2.7511	2.7725	2.7727	2.7639	2.7693	2.728	2.783	2.799	2.8154	2.8558	2.9179	2.9599	2.9803	2.9936	2.9584	2.8737	2.8069	2.7618	2.7359	2.7475	2.7202	2.7712	2.7343	2.7489	2.77	2.7543	2.7484	2.7493	2.749	2.7627	2.7921	2.8102	2.774	2.7691	2.7255	2.7783	2.7506	2.7761	2.7181	2.7568	2.7751	2.7522	2.7332	2.7173	2.7269	2.7156	2.7575	2.764	2.7688	2.7422	2.7443	2.7196	2.7502	2.7072	2.6211	2.7384	2.75	2.7192	2.7108	2.7286	2.7463	2.758	2.8059	2.7808	2.7369	2.7279	2.7487	2.7266	2.7329	2.7409	2.755	2.7627	2.8397	2.7419	2.754	2.7771	2.7795	2.7851	2.7661	2.7731	2.7518	2.7596	2.7673	2.7557	2.7338	2.7583	2.7694	2.759	2.7526	2.7409	2.762	2.7304	2.7436	2.7622	2.7343	2.7511	2.7612	2.7132	2.7505	2.7272	2.7464	2.7904	2.7519	2.7315	2.7698	2.8184	2.7657	2.7459	2.752	2.7787	2.7537	2.7467	2.7634	2.7282	2.7361	2.7499	2.7575	2.7557	2.7388	2.749	2.7382	2.7512	2.7306	2.6958	2.7125	2.7595	2.7724	2.7182	2.7273	2.7578	2.7511	2.7318	2.7117	2.7196	2.7235	2.7344	2.7495	2.5585	2.6963	2.7524	2.7654	2.7733	2.7139	2.7544	2.769	2.7587	2.7489	2.7332	2.7515	2.7733	2.7525	2.7384	2.785	2.7896	2.7688	2.7764	2.7718	2.7444	2.7437	2.7688	2.7632	2.769	2.7363	2.7681	2.7345	2.7451	2.7738	2.7851	2.782	2.7328	2.7515	2.7356	2.7665	2.7671	2.7328	2.7713	2.7625	2.7685	2.7554	2.7967	2.8149	2.7902
2.7595	2.7409	2.6991	2.7235	2.7296	2.724	2.8665	3.2005	3.3277	3.7677	3.0821	2.9899	3.0807	3.0978	3.1242	3.1129	3.0682	2.9917	2.8007	3.014	3.2093	2.9652	2.7514	2.7412	2.7585	2.7521	2.7389	2.4344	2.7202	2.7691	2.7289	2.7471	2.7567	2.7382	2.7073	2.7307	2.7659	2.765	2.7322	2.748	2.7659	2.7231	2.7329	2.7144	2.7612	2.7271	2.7244	2.7391	2.7239	2.7425	2.7515	2.7468	2.741	2.7485	2.74	2.7141	2.7219	2.7185	2.7315	2.7281	2.716	2.727	2.7697	2.7623	2.7441	2.7391	2.7508	2.7279	2.7362	2.7609	2.7517	2.7877	2.7501	2.7312	2.7491	2.7745	2.7748	2.7377	2.7281	2.795	2.895	3.2506	3.3379	3.2547	3.4095	3.658	3.764	3.7795	3.3575	3.2495	3.4266	2.991	2.8551	2.7693	2.7398	2.7297	2.7366	2.7279	2.726	2.6974	2.7626	2.7613	2.7608	2.7676	2.7678	2.749	2.7533	2.7202	2.7244	2.7534	2.7787	2.7596	2.7695	2.7696	2.7324	2.7446	2.76	2.7271	2.7289	2.7356	2.7439	2.7395	2.7279	2.7531	2.7857	2.7724	2.7504	2.7583	2.7652	2.7799	2.7373	2.7632	2.7587	2.7476	2.7772	2.7509	2.5072	2.7513	2.7674	2.7888	2.8149	2.7796	2.7803	2.7683	2.7231	2.7071	2.7639	2.767	2.7544	2.7695	2.7638	2.7665	2.7359	2.7457	2.7936	2.8567	3.0352	3.1568	3.0973	3.0613	3.0069	2.8955	2.8304	2.7797	2.7895	2.7874	2.7628	2.7672	2.7485	2.7535	2.7869	2.7589	2.762	2.7605	2.7653	2.7556	2.7273	2.7516	2.7765	2.76	2.7692	2.7606	2.8057	2.8088	2.7558	2.7354	2.7497	2.7378	2.7527	2.7264	2.727	2.7702	2.7703	2.7378	2.7552	2.7274	2.7146	2.7426	2.748	2.7478	2.7397	2.7266	2.7465	2.7754	2.7624	2.7166	2.7298	2.7545	2.7547	2.7287	2.7511	2.728	2.7049	2.7249	2.7345	2.7032	2.7335	2.7433	2.7378	2.7334	2.7389	2.7822	2.7718	2.783	2.7666	2.7345	2.7431	2.7492	2.7709	2.7945	2.787	2.7834	2.7736	2.7748	2.7587	2.7644	2.7384	2.7619	2.7799	2.7475	2.7433	2.7677	2.7481	2.7307	2.7771	2.7173	2.7697	2.7375	2.7538	2.7856	2.7844	2.7976	2.752	2.7506	2.77	2.7546
2.7429	2.7336	2.7378	2.7152	2.7603	3.0804	3.4078	3.3168	3.0992	3.1776	3.234	3.24	3.2198	3.2525	3.2594	3.2669	3.2615	3.2125	3.1876	3.0322	2.8914	2.8687	3.0914	2.8284	2.7379	2.7736	2.7674	2.7422	2.7457	2.7099	2.7164	2.6972	2.7264	2.7458	2.71	2.7575	2.7549	2.7347	2.792	2.7171	2.7654	2.7688	2.7487	2.7471	2.7481	2.7125	2.733	2.7466	2.7508	2.7041	2.7355	2.7216	2.713	2.7308	2.7396	2.736	2.7394	2.6982	2.6749	2.7254	2.7387	2.7317	2.7595	2.7694	2.7444	2.7402	2.7455	2.7382	2.7455	2.7414	2.784	2.7394	2.7522	2.765	2.7405	2.7318	2.7388	2.7541	2.9049	3.25	3.337	3.4362	3.0312	3.0392	3.1454	3.1964	3.1739	3.1473	3.1296	3.0796	2.8804	2.9805	3.3351	3.0417	2.7778	2.7353	2.7153	2.7074	2.7383	2.7431	2.7235	2.7959	2.7896	2.7379	2.7367	2.733	2.7638	2.7287	2.7213	2.7284	2.7438	2.7673	2.7671	2.74	2.7482	2.7639	2.7152	2.7277	2.7543	2.7579	2.7303	2.7362	2.7441	2.7333	2.7455	2.7537	2.7588	2.7659	2.7048	2.7288	2.7692	2.7694	2.808	2.7666	2.7694	2.6664	2.3972	2.4526	2.7637	2.7445	2.7456	2.7115	2.7353	2.7565	2.7593	2.7593	2.7581	2.7551	2.7075	2.7281	2.7363	2.787	2.8989	3.1375	3.3855	3.2848	3.468	3.3321	2.888	2.9744	3.0789	3.4631	3.5103	3.2297	2.9278	2.7747	2.7415	2.7409	2.7082	2.7315	2.7562	2.7589	2.7455	2.7381	2.731	2.7437	2.7397	2.7758	2.7268	2.7725	2.7648	2.7429	2.782	2.7239	2.7565	2.759	2.771	2.7303	2.7287	2.7657	2.782	2.7647	2.7293	2.7359	2.7539	2.7754	2.7447	2.7407	2.756	2.7509	2.7399	2.7351	2.7256	2.73	2.7504	2.775	2.7523	2.7285	2.737	2.7604	2.7528	2.7273	2.7635	2.7767	2.7541	2.7279	2.7383	2.7074	2.7452	2.7023	2.7694	2.7677	2.7979	2.7813	2.7714	2.74	2.8133	2.9115	3.0717	2.1927	2.5473	2.5246	2.9639	2.7312	2.9728	2.8491	2.7843	2.7726	2.7546	2.7414	2.7339	2.7388	2.75	2.7339	2.7715	2.72	2.7174	2.7373	2.7311	2.7364	2.744	2.7648	2.7658	2.7849	2.7725	2.7768
2.7308	2.679	2.6855	2.7297	2.9814	3.3884	3.1531	3.1476	3.243	3.2558	3.2605	3.2688	3.1912	3.2137	3.2582	3.1921	3.2285	3.2329	3.24	3.2694	3.2124	2.9655	2.8104	2.8687	2.7878	2.7295	2.7089	2.7065	2.7005	2.708	2.7285	2.7262	2.7275	2.7162	2.7644	2.7784	2.765	2.7278	2.7327	2.7249	2.7515	2.7743	2.7558	2.7278	2.7394	2.6518	2.7256	2.749	2.7177	2.7055	2.7309	2.7508	2.7507	2.749	2.7224	2.7312	2.7534	2.7475	2.7308	2.6965	2.7258	2.7173	2.7455	2.7103	2.711	2.7063	2.7492	2.7495	2.7363	2.7584	2.7589	2.7361	2.6912	2.647	2.6838	2.7567	2.7539	2.9703	3.3156	3.3087	3.0751	3.1824	3.2157	3.2224	3.2415	3.2574	3.2698	3.2731	3.2333	3.2606	3.2516	3.1398	2.9734	2.6603	3.1693	2.8097	2.714	2.7089	2.7398	2.7648	2.7508	2.7476	2.7353	2.766	2.7631	2.7308	2.7439	2.7395	2.7373	2.7487	2.686	2.7294	2.7182	2.7194	2.7635	2.7619	2.7525	2.7143	2.7214	2.7188	2.7167	2.7193	2.7151	2.7486	2.7322	2.7378	2.7359	2.7022	2.7465	2.737	2.7344	2.7503	2.7702	2.7664	2.7801	2.7906	2.763	2.761	2.7708	2.7629	2.7465	2.7753	2.7386	2.7586	2.8148	2.7624	2.7424	2.7619	2.7359	2.7473	2.9012	3.1819	3.4721	3.3937	3.0307	3.0189	3.1085	3.1807	3.17	3.1503	3.2288	3.1349	3.0229	2.803	2.9494	3.4162	2.9953	2.8171	2.7373	2.7602	2.7503	2.7415	2.7386	2.7332	2.7445	2.7242	2.7049	2.7097	2.7308	2.7541	2.7364	2.7125	2.7476	2.714	2.7157	2.7444	2.7431	2.7784	2.7175	2.7795	2.7773	2.756	2.7502	2.756	2.7117	2.7339	2.7608	2.7548	2.7506	2.7634	2.7346	2.7364	2.738	2.7113	2.69	2.7598	2.718	2.7161	2.7466	2.7469	2.7432	2.7542	2.7605	2.7595	2.7282	2.7332	2.7566	2.7539	2.7589	2.6726	2.7145	2.7679	2.7644	2.735	2.8027	3.1777	3.3105	3.1078	3.1078	2.5929	2.1269	2.2128	2.4551	2.6685	2.4259	3.2752	3.3452	2.8787	2.7777	2.7535	2.7457	2.7368	2.7348	2.7185	2.7087	2.7635	2.7508	2.738	2.7113	2.7572	2.7509	2.7254	2.7487	2.76	2.7451	2.7301
2.723	2.6966	2.7311	3.012	3.2588	3.0691	3.2052	3.26	3.2412	3.2309	3.2428	3.1992	3.2194	3.2634	3.2298	3.2488	3.2297	3.2614	3.2511	3.259	3.2446	3.225	3.1418	2.8269	2.8407	2.7718	2.714	2.6952	2.715	2.7292	2.711	2.7233	2.7103	2.7305	2.7146	2.7169	2.7053	2.7355	2.7134	2.7305	2.7348	2.7346	2.7035	2.7037	2.725	2.7001	2.6577	2.7193	2.7233	2.7258	2.6981	2.7285	2.7472	2.7351	2.7233	2.7217	2.7244	2.7243	2.7297	2.7122	2.7527	2.7455	2.75	2.735	2.6965	2.7524	2.7507	2.7332	2.693	2.7154	2.7312	2.772	2.7578	2.7275	2.8155	2.8307	3.0973	3.348	3.1558	3.1779	3.2609	3.2708	3.2628	3.2502	3.2575	3.2792	3.2622	3.2491	3.24	3.2651	3.2465	3.2629	3.2488	3.0764	2.8827	2.8765	2.8312	2.7463	2.7387	2.733	2.7136	2.7374	2.7393	2.7517	2.7786	2.7652	2.7141	2.7306	2.7192	2.7075	2.7445	2.7474	2.7339	2.7267	2.7247	2.7212	2.7025	2.7119	2.7223	2.7184	2.7122	2.7376	2.7153	2.7572	2.7413	2.7246	2.7386	2.7172	2.7438	2.7049	2.693	2.7367	2.7281	2.7183	2.7376	2.6708	2.7337	2.7719	2.7841	2.7863	2.6829	2.7098	2.7599	2.7565	2.745	2.7805	2.7186	2.737	2.7587	2.9156	3.2375	3.3813	3.1011	3.1315	3.2089	3.2714	3.2782	3.2307	3.2187	3.2652	3.2714	3.2756	3.2401	3.2279	3.1326	2.9229	2.8156	2.9881	2.7757	2.7114	2.7183	2.7475	2.7338	2.7433	2.7563	2.7283	2.7286	2.728	2.7292	2.7422	2.6882	2.7323	2.7398	2.7367	2.7301	2.7429	2.6939	2.7405	2.7413	2.7464	2.7385	2.7331	2.7073	2.6933	2.7246	2.7221	2.7326	2.7444	2.7324	2.7335	2.7194	2.7134	2.7462	2.7573	2.7522	2.7374	2.7576	2.7594	2.7338	2.7232	2.7426	2.7336	2.6965	2.7209	2.727	2.7526	2.7404	2.7563	2.7217	2.7266	2.7241	2.693	2.6911	2.9388	3.103	3.1028	3.1237	2.9341	3.0995	3.1674	3.0379	3.2288	3.1943	3.1926	3.1544	3.0245	2.8736	3.0846	3.1811	2.8878	2.791	2.747	2.7374	2.7507	2.7433	2.7169	2.7077	2.7164	2.7027	2.7203	2.7315	2.7546	2.7267	2.7194	2.7349	2.7106
2.7203	2.7	2.8027	3.3792	3.396	3.1542	3.2317	3.2283	3.2451	3.2403	3.2311	3.1857	3.2309	3.2193	3.177	3.1799	3.1911	3.2178	3.2317	3.2081	3.2294	3.1801	3.1952	3.144	2.8085	2.9216	2.787	2.71	2.7095	2.7252	2.7047	2.739	2.762	2.7386	2.6665	2.5915	2.7318	2.7392	2.7392	2.732	2.7334	2.7076	2.715	2.6965	2.7217	2.743	2.7174	2.7014	2.6998	2.7041	2.7337	2.736	2.7168	2.7161	2.7214	2.7674	2.7463	2.7358	2.7604	2.7189	2.7019	2.6984	2.705	2.7258	2.737	2.7561	2.7517	2.7356	2.7703	2.7543	2.7763	2.7527	2.7506	2.7341	2.6433	2.4188	3.2777	3.2344	3.2271	3.1848	3.2112	3.2305	3.2591	3.2586	3.2285	3.2594	3.2468	3.2675	3.2389	3.2274	3.2113	3.2925	3.2591	3.2448	3.2149	2.9904	2.6133	2.8279	2.743	2.6991	2.702	2.77	2.7534	2.7675	2.7002	2.709	2.7355	2.7403	2.7507	2.7155	2.7206	2.6767	2.6963	2.7085	2.71	2.7027	2.7006	2.6948	2.7051	2.6937	2.7585	2.7535	2.7449	2.71	2.7273	2.7214	2.7098	2.7286	2.7082	2.7107	2.7057	2.7152	2.7491	2.7242	2.7356	2.7578	2.7339	2.7111	2.7392	2.7473	2.7381	2.7682	2.7692	2.7452	2.6964	2.6899	2.7065	2.7442	2.8452	3.3754	3.4072	3.1149	3.2333	3.2245	3.23	3.2489	3.2518	3.2436	3.2329	3.2387	3.2362	3.2349	3.2405	3.2321	3.241	3.2771	3.1379	2.8209	2.9224	2.8164	2.7378	2.7438	2.7259	2.7326	2.7406	2.7526	2.7211	2.7452	2.7303	2.7492	2.7114	2.7142	2.7222	2.7159	2.7306	2.7223	2.7199	2.6888	2.6947	2.7016	2.6988	2.7186	2.7123	2.6734	2.6973	2.6417	2.7128	2.7434	2.7367	2.7213	2.7376	2.7277	2.7291	2.732	2.7055	2.7219	2.7394	2.7176	2.7193	2.7215	2.7256	2.7155	2.7093	2.749	2.7326	2.7223	2.7175	2.7206	2.7271	2.7309	2.7229	2.734	2.8984	3.2932	3.2152	3.0115	3.1757	3.2226	3.2533	3.2799	3.2493	3.2425	3.2338	3.2132	3.202	3.2232	3.2093	3.129	2.8318	2.8402	2.9888	2.7476	2.7307	2.7235	2.717	2.6973	2.6983	2.7205	2.7412	2.7218	2.7255	2.731	2.7153	2.7599	2.7493	2.7291
2.6867	2.7156	3.1717	3.2875	3.1412	3.2296	3.2482	3.2392	3.2196	3.2475	3.2275	3.2616	3.2717	3.2447	3.2088	3.2016	3.2493	3.1902	3.2062	3.2195	3.2204	3.2237	3.2176	3.2075	3.1371	2.5578	2.8291	2.7613	2.7086	2.6771	2.6979	2.7257	2.6918	2.7305	2.6895	2.6883	2.7172	2.7124	2.7047	2.6824	2.7211	2.7443	2.7291	2.7285	2.7099	2.7007	2.7199	2.7013	2.6922	2.7123	2.6911	2.7067	2.7129	2.7186	2.7086	2.6897	2.7083	2.7212	2.7403	2.729	2.7268	2.7295	2.7011	2.5765	2.6906	2.7187	2.718	2.7239	2.7191	2.7163	2.748	2.7184	2.7123	2.7326	2.8641	3.1721	3.173	3.2331	3.2532	3.2335	3.2345	3.2615	3.2806	3.1933	3.1392	3.2132	3.2231	3.1935	3.2113	3.2408	3.2079	3.1785	3.1923	3.2551	3.2122	3.136	2.8655	2.7979	2.7973	2.6995	2.7145	2.7201	2.6943	2.721	2.7169	2.6963	2.6978	2.7294	2.7165	2.7062	2.7	2.7111	2.7259	2.7161	2.713	2.7044	2.7	2.7241	2.74	2.7204	2.7427	2.7355	2.7273	2.7072	2.7185	2.746	2.7648	2.7554	2.7159	2.7162	2.7333	2.7128	2.7026	2.7061	2.6952	2.7132	2.7168	2.7113	2.7321	2.7488	2.7256	2.7113	2.7518	2.7782	2.7408	2.73	2.7208	2.9881	3.2695	3.2006	3.2025	3.2364	3.2281	3.2424	3.238	3.254	3.2486	3.2887	3.2756	3.2219	3.2366	3.2398	3.2262	3.2261	3.2369	3.1925	3.2133	3.1525	2.9043	3.0646	2.7894	2.7145	2.688	2.73	2.691	2.7183	2.6999	2.7027	2.7063	2.7032	2.749	2.7367	2.738	2.6935	2.6433	2.7341	2.752	2.7206	2.7142	2.7032	2.7043	2.755	2.7638	2.7151	2.6795	2.7044	2.7292	2.7258	2.7125	2.742	2.7312	2.7259	2.7403	2.7195	2.7195	2.7167	2.7081	2.7161	2.7339	2.7348	2.7728	2.775	2.7439	2.7311	2.7127	2.7309	2.7346	2.7516	2.7285	2.7647	2.7385	2.8957	3.2824	3.2595	3.1049	3.2413	3.2345	3.2343	3.2552	3.2558	3.2258	3.1733	3.1957	3.2195	3.198	3.2295	3.2662	3.2463	3.2109	3.0402	2.8608	3.0721	2.7795	2.7101	2.7293	2.7092	2.7167	2.7132	2.7026	2.69	2.7277	2.7338	2.6519	2.6887	2.753	2.7485
2.7057	2.8054	3.2548	3.2582	3.2245	3.2435	3.1852	3.179	3.2475	3.2205	3.2331	3.2059	3.1828	3.213	3.2358	3.2154	3.1696	3.1392	3.1914	3.1892	3.2027	3.2325	3.2239	3.2059	3.2044	3.02	2.4947	2.6845	2.7435	2.6927	2.6767	2.6981	2.6805	2.7112	2.7119	2.7102	2.7211	2.7053	2.6926	2.7271	2.7245	2.6973	2.6754	2.6993	2.7316	2.7569	2.7096	2.7162	2.6793	2.6768	2.6832	2.6844	2.6678	2.71	2.6878	2.7311	2.7296	2.6983	2.6973	2.6799	2.677	2.7065	2.7271	2.6908	2.7186	2.7448	2.7539	2.7532	2.7172	2.7232	2.7247	2.7142	2.7154	2.726	3.0148	3.2733	3.2109	3.2331	3.2043	3.2055	3.2354	3.2828	3.2519	3.2494	3.2448	3.247	3.2508	3.1704	3.2599	3.2212	3.211	3.1915	3.2213	3.2251	3.2076	3.1941	3.1448	2.7981	2.8124	2.7274	2.6849	2.711	2.6981	2.6799	2.6749	2.6781	2.7036	2.7176	2.703	2.7367	2.7492	2.7214	2.7128	2.6905	2.7132	2.7274	2.718	2.726	2.7182	2.707	2.7219	2.6888	2.7031	2.7053	2.7194	2.7209	2.718	2.6816	2.7404	2.7289	2.7102	2.7126	2.7253	2.7283	2.7378	2.7427	2.768	2.7547	2.753	2.7476	2.7425	2.7247	2.7088	2.7192	2.7281	2.7341	2.8832	3.1616	3.167	3.1367	3.2286	3.2635	3.214	3.2501	3.2251	3.2576	3.2354	3.2197	3.2494	3.1974	3.2493	3.2043	3.1826	3.2024	3.1606	3.2042	3.219	3.2196	3.1529	2.7067	2.8464	2.7363	2.7603	2.7335	2.7074	2.731	2.7096	2.7182	2.734	2.7203	2.7091	2.7067	2.7081	2.72	2.7304	2.7261	2.7087	2.7556	2.7012	2.7218	2.7072	2.6996	2.7218	2.6878	2.7153	2.7068	2.7123	2.7059	2.6795	2.7485	2.7094	2.6801	2.6724	2.7053	2.7574	2.69	2.7186	2.7411	2.7132	2.7392	2.7555	2.716	2.7306	2.7415	2.7341	2.7294	2.7233	2.7318	2.7217	2.7097	2.8933	3.1031	3.0199	3.1852	3.2393	3.2084	3.2304	3.2195	3.2205	3.2283	3.2448	3.2429	3.2544	3.2557	3.2084	3.2184	3.2438	3.2528	3.2313	3.2325	3.0641	2.8327	2.9183	2.7571	2.7215	2.7084	2.7032	2.7432	2.72	2.7033	2.7156	2.7288	2.7303	2.7373	2.7592	2.7229
2.7287	3.1099	3.1538	3.1363	3.1982	3.2158	3.1992	3.1669	3.2011	3.2245	3.2103	3.2319	3.2088	3.2355	3.2397	3.2006	3.1555	3.1976	3.2308	3.2156	3.1838	3.2029	3.2171	3.2044	3.1995	3.1709	2.8067	2.5866	2.6899	2.6764	2.6632	2.647	2.6934	2.6971	2.6719	2.7082	2.7034	2.6965	2.6455	2.6644	2.7488	2.7017	2.6826	2.6832	2.6982	2.7078	2.7482	2.6894	2.6974	2.7124	2.7215	2.7327	2.7689	2.7206	2.674	2.7017	2.7376	2.7247	2.7	2.674	2.6997	2.6954	2.7193	2.6907	2.7211	2.713	2.7256	2.7229	2.7173	2.7274	2.7322	2.7323	2.7107	2.7802	3.2484	3.1461	3.2224	3.1761	3.2095	3.2201	3.2396	3.2236	3.2128	3.217	3.1978	3.2329	3.245	3.2076	3.194	3.2011	3.2156	3.2469	3.1888	3.175	3.153	3.2157	3.2786	3.1161	2.4804	2.7788	2.7413	2.7047	2.7139	2.6952	2.697	2.6897	2.6987	2.7022	2.6944	2.7189	2.7257	2.704	2.7303	2.738	2.7315	2.7221	2.7326	2.7145	2.6767	2.7407	2.7335	2.7631	2.672	2.7324	2.7186	2.7011	2.7397	2.7043	2.6995	2.6944	2.7198	2.7538	2.7473	2.7303	2.743	2.6854	2.6869	2.7336	2.76	2.7392	2.7405	2.7422	2.7321	2.7578	2.74	2.7323	3.0777	3.2661	3.2102	3.175	3.1914	3.1896	3.2373	3.2338	3.2136	3.2342	3.2338	3.2447	3.2223	3.2057	3.2286	3.2272	3.2222	3.2022	3.2048	3.1672	3.1978	3.2145	3.2185	3.095	2.6285	2.8992	2.7483	2.691	2.6766	2.7068	2.6666	2.7414	2.7361	2.7138	2.7252	2.7324	2.7287	2.6806	2.696	2.6771	2.7039	2.7228	2.6932	2.7183	2.7181	2.6954	2.7185	2.6831	2.692	2.7287	2.7292	2.7303	2.7232	2.7019	2.7146	2.7087	2.7178	2.7194	2.7228	2.7146	2.6937	2.7202	2.7077	2.7205	2.7399	2.7454	2.7229	2.7369	2.7456	2.7187	2.7288	2.7106	2.74	2.8641	3.2612	3.3461	3.1086	3.2595	3.2559	3.2369	3.2338	3.2286	3.2308	3.2442	3.2364	3.2745	3.2377	3.2271	3.198	3.2174	3.2172	3.2326	3.2385	3.239	3.1737	3.0138	2.8441	2.8284	2.7345	2.7185	2.7283	2.7579	2.7096	2.7386	2.73	2.7126	2.7622	2.7121	2.708	2.7346
2.7537	2.9855	3.3071	3.2236	3.2045	3.2296	3.2147	3.2366	3.202	3.196	3.2033	3.2245	3.1891	3.2069	3.1958	3.2139	3.1966	3.2241	3.1977	3.2009	3.1352	3.1647	3.1793	3.2047	3.1984	3.1715	3.05	2.5923	2.634	2.6742	2.6919	2.7023	2.6887	2.6988	2.6942	2.6884	2.6945	2.6831	2.688	2.7141	2.6873	2.6936	2.704	2.74	2.7451	2.7073	2.7263	2.7488	2.7109	2.7032	2.7081	2.7309	2.6842	2.667	2.7046	2.737	2.7155	2.6986	2.711	2.7579	2.6745	2.6724	2.7022	2.7237	2.7061	2.709	2.6933	2.7118	2.7277	2.7359	2.7544	2.7789	2.7213	3.0717	3.2951	3.2375	3.2369	3.2436	3.2183	3.1894	3.2546	3.1988	3.2328	3.1804	3.2556	3.222	3.2418	3.2088	3.1994	3.1948	3.177	3.1951	3.2032	3.1729	3.2376	3.2051	3.1783	3.2119	3.0023	2.5684	2.6899	2.6484	2.7261	2.6891	2.6886	2.6944	2.7339	2.7024	2.6852	2.6939	2.7275	2.7131	2.7224	2.713	2.6988	2.7059	2.7119	2.7253	2.6969	2.6574	2.7202	2.6961	2.7143	2.7451	2.7063	2.7024	2.7288	2.7253	2.7257	2.7076	2.7115	2.7243	2.6881	2.7354	2.7191	2.7268	2.7139	2.7015	2.69	2.7301	2.7441	2.7492	2.7683	2.7147	2.6934	2.7176	3.1332	3.2271	3.2106	3.2338	3.238	3.2398	3.2589	3.2258	3.2183	3.2071	3.1954	3.2052	3.1877	3.2359	3.1727	3.1999	3.247	3.2048	3.1939	3.2028	3.2162	3.1966	3.2342	3.2179	3.0369	2.5653	2.7048	2.6804	2.7173	2.6914	2.6844	2.6569	2.7727	2.7265	2.7248	2.7289	2.7341	2.7216	2.7077	2.7016	2.7079	2.6949	2.7236	2.6961	2.7233	2.7332	2.7265	2.7219	2.7131	2.7246	2.7172	2.715	2.7065	2.6761	2.6835	2.7135	2.694	2.7085	2.6984	2.7207	2.7263	2.7424	2.7555	2.7384	2.7185	2.7357	2.7545	2.7492	2.7379	2.7141	2.7107	2.7198	2.7266	3.1719	3.4067	3.106	3.1977	3.2292	3.2318	3.2192	3.2364	3.2283	3.2326	3.2358	3.2205	3.2092	3.2109	3.2097	3.2034	3.2209	3.2175	3.2261	3.2133	3.2585	3.2054	3.1765	2.8833	2.8349	2.8078	2.7397	2.7268	2.7266	2.7182	2.7303	2.6952	2.7002	2.7423	2.7487	2.7253	2.6768
2.8314	3.2295	3.1295	3.2363	3.2535	3.1752	3.1991	3.2033	3.1932	3.1938	3.2322	3.2146	3.149	3.2082	3.248	3.222	3.1758	3.1922	3.2269	3.1752	3.1613	3.1448	3.2099	3.2197	3.2446	3.228	3.1783	2.4934	2.5874	2.7053	2.7	2.7148	2.7157	2.741	2.7483	2.719	2.6728	2.6995	2.7128	2.7104	2.7206	2.724	2.7472	2.7153	2.7173	2.7253	2.7123	2.6873	2.7365	2.7337	2.7472	2.7406	2.7326	2.7236	2.72	2.6801	2.7165	2.725	2.6912	2.7075	2.724	2.7614	2.7623	2.7272	2.7415	2.7242	2.6838	2.7041	2.7168	2.7025	2.7303	2.7292	2.7861	3.1458	3.3099	3.2309	3.2444	3.2362	3.1664	3.2463	3.2391	3.1863	3.2058	3.2251	3.2349	3.2177	3.223	3.2378	3.2196	3.1927	3.202	3.1899	3.1793	3.17	3.1755	3.2198	3.2093	3.1947	3.0337	2.4158	2.7818	2.7229	2.7269	2.7024	2.7005	2.6929	2.7118	2.7106	2.7	2.6855	2.6956	2.7251	2.7489	2.7114	2.7497	2.7267	2.6638	2.6941	2.754	2.7	2.7046	2.7171	2.7008	2.7136	2.7226	2.7125	2.7077	2.7019	2.6924	2.7306	2.6822	2.7514	2.731	2.73	2.7363	2.7448	2.7413	2.7264	2.7274	2.7492	2.7423	2.7604	2.7504	2.7031	2.7215	2.8351	3.1752	3.1609	3.2411	3.2129	3.2142	3.2071	3.2381	3.2515	3.144	3.2047	3.2362	3.2186	3.2227	3.1984	3.1956	3.232	3.1992	3.1713	3.1941	3.1963	3.2104	3.2091	3.2413	3.2624	3.1875	2.7128	2.8097	2.7296	2.7108	2.708	2.6869	2.7104	2.7071	2.7267	2.7495	2.7275	2.7049	2.7212	2.7461	2.7342	2.7081	2.7111	2.712	2.7004	2.7215	2.6772	2.692	2.6104	2.6712	2.7	2.7097	2.6984	2.7035	2.7336	2.699	2.6957	2.7322	2.7375	2.7092	2.7211	2.703	2.7263	2.7279	2.7393	2.731	2.7313	2.7281	2.7277	2.7146	2.7299	2.7302	2.7166	2.761	3.074	3.0954	3.1374	3.2487	3.2532	3.2098	3.2114	3.1735	3.2128	3.1941	3.204	3.2048	3.1821	3.1682	3.1728	3.2181	3.1835	3.1886	3.234	3.168	3.1753	3.2031	3.2127	3.1453	2.6591	2.5441	2.7408	2.6719	2.6714	2.7084	2.6987	2.6716	2.6682	2.6874	2.6577	2.6928	2.6425
3.0599	3.2392	3.2124	3.2332	3.2352	3.2632	3.2487	3.2291	3.1996	3.2328	3.2054	3.1724	3.2137	3.1969	3.1466	3.1904	3.2033	3.187	3.1885	3.1643	3.2128	3.1579	3.1872	3.2032	3.2229	3.2112	3.1449	2.825	2.598	2.7414	2.7326	2.6732	2.7084	2.6933	2.7031	2.6829	2.684	2.7167	2.7349	2.7046	2.7238	2.7215	2.7216	2.7113	2.7204	2.6987	2.6896	2.7449	2.7518	2.7096	2.6765	2.6877	2.6923	2.7177	2.7061	2.6839	2.742	2.7491	2.7205	2.7165	2.686	2.7028	2.7421	2.7505	2.7093	2.7188	2.7541	2.7317	2.7192	2.7409	2.7191	2.6924	2.7269	3.1799	3.145	3.2616	3.2427	3.2447	3.2127	3.2047	3.2492	3.2195	3.2152	3.2057	3.2449	3.2347	3.2089	3.1883	3.1743	3.1934	3.1976	3.209	3.2198	3.2164	3.1821	3.1453	3.1657	3.2368	3.1679	2.8129	2.5168	2.6917	2.6968	2.6932	2.6874	2.6619	2.6926	2.7443	2.6232	2.7244	2.712	2.6925	2.6871	2.7073	2.7083	2.6848	2.7222	2.7125	2.7134	2.7255	2.7014	2.7012	2.7188	2.726	2.736	2.7128	2.7117	2.6595	2.7434	2.697	2.75	2.7319	2.7007	2.7359	2.7226	2.7319	2.7474	2.741	2.7344	2.7426	2.7113	2.7177	2.719	2.7242	2.7235	3.0871	3.3561	3.1611	3.1813	3.2224	3.2046	3.2324	3.2483	3.2372	3.2051	3.2025	3.194	3.2063	3.2376	3.2252	3.1871	3.2091	3.235	3.1995	3.1914	3.211	3.1887	3.1945	3.2106	3.1795	3.1714	2.9938	2.7587	2.7458	2.7026	2.7401	2.7144	2.7102	2.7018	2.7027	2.7312	2.6803	2.7225	2.6964	2.6965	2.699	2.6993	2.6765	2.7025	2.7201	2.6981	2.712	2.697	2.6843	2.7068	2.6989	2.6885	2.7224	2.7106	2.6735	2.7297	2.747	2.7221	2.7289	2.7371	2.7212	2.7032	2.6361	2.7245	2.7306	2.7205	2.7332	2.7563	2.6929	2.7319	2.7251	2.7262	2.6943	2.8836	3.3286	3.2191	3.1708	3.1259	3.2231	3.2251	3.2129	3.2219	3.2134	3.2366	3.2232	3.204	3.1923	3.2	3.1881	3.2173	3.2058	3.1954	3.2071	3.1849	3.1819	3.2163	3.1793	3.1947	3.1246	2.4611	2.7615	2.7253	2.6621	2.7026	2.6642	2.7035	2.6958	2.6892	2.71	2.7231	2.7333
3.0497	3.2666	3.2188	3.234	3.2474	3.2006	3.2488	3.1295	3.1813	3.2141	3.2334	3.223	3.1857	3.1956	3.1856	3.1647	3.1844	3.2183	3.2151	3.1985	3.166	3.1878	3.1159	3.2098	3.162	3.1535	3.1782	2.916	2.5323	2.7294	2.6988	2.6896	2.7078	2.6903	2.6864	2.6853	2.6848	2.7193	2.7356	2.7342	2.6998	2.669	2.6801	2.6735	2.6629	2.6859	2.6942	2.7027	2.7198	2.72	2.7371	2.7051	2.686	2.7141	2.6914	2.7327	2.6819	2.7179	2.7056	2.7235	2.7195	2.6974	2.7194	2.7351	2.7271	2.7439	2.7444	2.742	2.7177	2.6999	2.7006	2.7166	2.7864	3.3559	3.1538	3.2092	3.1136	3.1953	3.1844	3.2276	3.1979	3.2033	3.207	3.1771	3.2281	3.1898	3.1858	3.1481	3.1235	3.1682	3.161	3.1982	3.2099	3.1954	3.204	3.201	3.2171	3.2274	3.1953	2.9585	2.5259	2.6944	2.676	2.6812	2.7069	2.6918	2.7	2.7077	2.713	2.7373	2.743	2.7182	2.7243	2.7244	2.7111	2.6913	2.6951	2.6844	2.7216	2.7251	2.6979	2.7234	2.7253	2.723	2.7135	2.7081	2.7119	2.7391	2.7164	2.7167	2.7237	2.7249	2.7235	2.7305	2.7704	2.7452	2.7259	2.7164	2.761	2.7506	2.724	2.7321	2.7433	2.7245	2.6986	3.1089	3.2813	3.2365	3.2357	3.2534	3.2057	3.236	3.2664	3.2331	3.213	3.2202	3.2137	3.2043	3.2046	3.193	3.1269	3.1802	3.2166	3.2357	3.199	3.1611	3.1765	3.1985	3.1976	3.2052	3.1999	3.1265	2.5978	2.7505	2.7214	2.7142	2.6722	2.6685	2.6906	2.7147	2.7026	2.689	2.7128	2.7133	2.7063	2.7254	2.7395	2.6952	2.646	2.7006	2.7381	2.7409	2.6753	2.7044	2.6945	2.705	2.7418	2.7277	2.7303	2.7404	2.6988	2.7381	2.7223	2.7137	2.726	2.7336	2.732	2.7481	2.7332	2.723	2.6973	2.7504	2.7294	2.7463	2.7416	2.7599	2.7339	2.7371	3.0996	3.28	3.1162	3.1775	3.2115	3.2164	3.191	3.1915	3.2151	3.2168	3.243	3.1858	3.1974	3.2351	3.197	3.1835	3.188	3.2047	3.2083	3.2067	3.209	3.2111	3.1863	3.1913	3.2077	3.1617	2.7937	2.6696	2.722	2.6764	2.688	2.7055	2.6684	2.6861	2.7409	2.7112	2.7083	2.7081
2.7959	3.2301	3.167	3.1927	3.2154	3.1884	3.2125	3.2132	3.2132	3.2069	3.1814	3.1628	3.2109	3.1734	3.1731	3.1806	3.1532	3.1643	3.1523	3.1386	3.173	3.1458	3.1894	3.1711	3.1872	3.2141	3.1905	2.8784	2.3349	2.6863	2.686	2.7141	2.7173	2.7211	2.7453	2.7391	2.7196	2.7142	2.7055	2.6945	2.6767	2.7471	2.711	2.7163	2.747	2.7261	2.6671	2.7328	2.7259	2.718	2.7108	2.7185	2.7169	2.6928	2.706	2.7426	2.7375	2.7385	2.7187	2.6993	2.7012	2.7165	2.7458	2.7136	2.7421	2.7537	2.747	2.7581	2.7316	2.7354	2.704	2.7269	2.9571	3.1667	3.2049	3.2286	3.2176	3.1922	3.2094	3.2368	3.2583	3.2354	3.2243	3.2118	3.1785	3.1733	3.1916	3.1912	3.1769	3.1889	3.1739	3.1852	3.1943	3.2047	3.2194	3.147	3.1537	3.1932	3.2013	3.0341	2.4229	2.676	2.7252	2.6885	2.6729	2.7111	2.7363	2.7323	2.7036	2.7315	2.661	2.6992	2.7046	2.7074	2.6969	2.7003	2.6898	2.7034	2.7131	2.7152	2.6863	2.7159	2.7052	2.7193	2.6873	2.7181	2.7186	2.7237	2.7242	2.7126	2.7	2.7241	2.6836	2.7031	2.7263	2.7229	2.6958	2.7053	2.7435	2.7899	2.7372	2.7386	2.7157	2.7058	2.7419	3.1448	3.3444	3.2225	3.2123	3.2141	3.224	3.199	3.1896	3.1588	3.1961	3.2061	3.2048	3.1974	3.1914	3.1899	3.2124	3.2129	3.2148	3.2125	3.1577	3.1924	3.175	3.2003	3.21	3.2088	3.2085	3.1328	2.682	2.6272	2.7292	2.69	2.691	2.6826	2.6991	2.7131	2.6942	2.7206	2.69	2.6553	2.7187	2.7151	2.733	2.6954	2.721	2.7303	2.7445	2.7192	2.7115	2.7131	2.7184	2.6904	2.7051	2.715	2.7114	2.711	2.6963	2.6723	2.684	2.7296	2.7348	2.6979	2.7152	2.7684	2.7061	2.7017	2.7238	2.711	2.7097	2.7542	2.7235	2.7199	2.7238	2.6725	3.2314	3.1536	3.1985	3.2299	3.2036	3.2686	3.2569	3.2368	3.2353	3.2149	3.1974	3.2271	3.2047	3.2037	3.2198	3.2167	3.2158	3.2054	3.1914	3.1831	3.2037	3.2016	3.2085	3.2028	3.193	3.1816	2.8843	2.787	2.7541	2.6917	2.706	2.6878	2.7124	2.7041	2.7214	2.7488	2.7329	2.7285
2.8248	3.1859	3.1765	3.2164	3.2362	3.2047	3.1835	3.1801	3.1742	3.1906	3.1851	3.1369	3.1709	3.1927	3.2154	3.2159	3.2195	3.2114	3.1484	3.1477	3.1987	3.2149	3.1448	3.1473	3.2106	3.2097	3.1684	2.9374	2.3226	2.6495	2.6873	2.6813	2.7298	2.7083	2.5691	2.6016	2.7029	2.6984	2.7077	2.7025	2.7269	2.6893	2.672	2.7038	2.7331	2.7131	2.6818	2.6644	2.6959	2.6978	2.7039	2.6995	2.7145	2.6836	2.6851	2.7229	2.7428	2.7298	2.7224	2.7092	2.6697	2.6922	2.6999	2.7163	2.7322	2.7553	2.7363	2.7249	2.7391	2.726	2.748	2.7023	2.8325	3.3507	3.1975	3.2092	3.2226	3.2417	3.216	3.153	3.2041	3.2076	3.2146	3.1763	3.1699	3.2279	3.2169	3.1836	3.1712	3.1766	3.1439	3.1523	3.1556	3.1662	3.1868	3.1896	3.2051	3.2016	3.2026	3.0595	2.6459	2.6855	2.677	2.6679	2.6798	2.72	2.7253	2.7192	2.714	2.7065	2.7127	2.7069	2.7354	2.692	2.7162	2.7045	2.6914	2.711	2.7466	2.7318	2.729	2.7285	2.737	2.7276	2.7281	2.7214	2.7024	2.7336	2.7284	2.7013	2.7033	2.742	2.7314	2.7189	2.7136	2.7338	2.7496	2.7366	2.6906	2.7267	2.7586	2.7181	2.6997	2.678	2.7543	3.0591	3.2089	3.2417	3.2535	3.2448	3.1362	3.177	3.2032	3.229	3.1873	3.2081	3.1574	3.1974	3.22	3.2114	3.181	3.1276	3.1745	3.1897	3.1884	3.1925	3.1912	3.1652	3.1881	3.1776	3.1832	3.1491	2.6937	2.7334	2.7301	2.6652	2.6936	2.697	2.7379	2.7311	2.7123	2.7228	2.7157	2.7008	2.7085	2.7071	2.6902	2.7012	2.7008	2.7084	2.7155	2.7418	2.707	2.6974	2.7292	2.7305	2.7052	2.7191	2.7333	2.7037	2.7288	2.7256	2.7018	2.7113	2.7578	2.7141	2.742	2.7334	2.7728	2.6616	2.7164	2.735	2.7402	2.7379	2.742	2.7282	2.7272	2.7831	3.0584	3.1666	3.2121	3.2535	3.2085	3.1989	3.2235	3.2342	3.2056	3.191	3.2123	3.2026	3.2311	3.2123	3.2537	3.2147	3.1779	3.1979	3.2008	3.1554	3.2055	3.1704	3.1904	3.1762	3.1972	3.2448	3.0871	2.6865	2.7099	2.6954	2.6975	2.6713	2.696	2.7174	2.7131	2.7377	2.7102	2.6904
2.8174	3.1731	3.2317	3.1958	3.2219	3.2117	3.2199	3.2382	3.2378	3.2197	3.1265	3.1555	3.1947	3.1769	3.1778	3.2217	3.1428	3.1458	3.204	3.1665	3.1557	3.1618	3.1743	3.1818	3.1754	3.2258	3.1673	3.0124	2.4007	2.7246	2.6823	2.6863	2.7006	2.7049	2.7081	2.6934	2.6795	2.688	2.6998	2.6959	2.7038	2.7067	2.7182	2.7293	2.6904	2.6792	2.668	2.7254	2.7251	2.6536	2.7003	2.6548	2.6923	2.714	2.7066	2.7234	2.7203	2.7071	2.7054	2.715	2.7271	2.7605	2.7364	2.7135	2.7539	2.7292	2.6948	2.697	2.7426	2.7393	2.708	2.7333	2.8807	3.2581	3.1919	3.2507	3.2481	3.2329	3.2188	3.2023	3.2214	3.2057	3.2162	3.2063	3.1719	3.2078	3.1963	3.2251	3.2202	3.2122	3.1932	3.1773	3.1913	3.1982	3.1611	3.1804	3.2095	3.2138	3.2028	3.1413	2.571	2.7696	2.7279	2.7088	2.6739	2.6716	2.683	2.704	2.7247	2.6978	2.692	2.6982	2.7211	2.7023	2.6952	2.7058	2.7221	2.7372	2.7339	2.7122	2.7131	2.71	2.7846	2.7248	2.6892	2.7228	2.7336	2.6972	2.6846	2.7138	2.7534	2.7586	2.7251	2.7446	2.7065	2.759	2.7218	2.7558	2.7466	2.7063	2.7147	2.7208	2.7402	2.7149	2.7686	3.2489	3.263	3.2324	3.2396	3.2366	3.2212	3.1641	3.2293	3.1919	3.1932	3.2242	3.2056	3.2146	3.1991	3.201	3.1942	3.1652	3.1953	3.1768	3.2236	3.1728	3.2046	3.2004	3.1763	3.1898	3.1978	3.1438	2.6671	2.562	2.6988	2.6843	2.6831	2.7065	2.7201	2.6913	2.6725	2.6988	2.686	2.7009	2.7125	2.6936	2.6886	2.694	2.7151	2.6851	2.701	2.6967	2.7011	2.7119	2.7059	2.7038	2.7256	2.7519	2.7191	2.7547	2.7532	2.72	2.7192	2.7316	2.7367	2.7266	2.7057	2.7145	2.7341	2.7223	2.6822	2.7026	2.7242	2.7218	2.6886	2.6887	2.6689	2.8704	3.1803	3.21	3.2194	3.2117	3.2366	3.2487	3.1797	3.1827	3.2229	3.2411	3.2272	3.2081	3.1933	3.1859	3.2274	3.2192	3.2354	3.214	3.1748	3.1586	3.1518	3.1859	3.1889	3.1879	3.1893	3.1996	3.0595	2.7727	2.6633	2.7028	2.6628	2.6724	2.6906	2.7166	2.7247	2.7095	2.7005	2.7261
2.8099	3.0359	3.1654	3.2294	3.2469	3.249	3.2158	3.1769	3.1997	3.2272	3.2122	3.1998	3.1962	3.2105	3.1899	3.1729	3.1872	3.1584	3.1846	3.1804	3.1466	3.1772	3.1907	3.182	3.1848	3.2005	3.1693	2.8957	2.4011	2.6347	2.6771	2.6644	2.6738	2.6558	2.6794	2.678	2.6796	2.6773	2.6824	2.6879	2.7046	2.7091	2.7065	2.6846	2.6947	2.7015	2.6955	2.7031	2.7043	2.6723	2.7346	2.7258	2.7107	2.691	2.6886	2.6943	2.6664	2.6673	2.7152	2.7194	2.7328	2.706	2.7157	2.7037	2.6981	2.7007	2.7366	2.7201	2.7055	2.6985	2.7243	2.7138	2.817	3.1574	3.2179	3.2249	3.2004	3.1829	3.2294	3.2754	3.1927	3.2437	3.2243	3.2146	3.2095	3.2021	3.1721	3.1715	3.1824	3.1605	3.1714	3.2084	3.1949	3.198	3.1863	3.1841	3.1447	3.1885	3.183	3.0672	2.6198	2.5529	2.6894	2.7174	2.6703	2.681	2.687	2.7092	2.7069	2.7071	2.6938	2.6867	2.679	2.6744	2.6872	2.6862	2.6847	2.6975	2.7024	2.697	2.712	2.7224	2.7019	2.719	2.728	2.6486	2.7221	2.7228	2.7084	2.7425	2.738	2.718	2.7295	2.6985	2.7164	2.7434	2.7536	2.7732	2.7737	2.7432	2.7353	2.7419	2.7234	2.7005	2.7283	3.1476	3.1422	3.2324	3.2208	3.2639	3.2491	3.2407	3.2492	3.2195	3.2032	3.227	3.2098	3.1739	3.1968	3.205	3.1986	3.2123	3.177	3.1744	3.1649	3.1627	3.175	3.1845	3.2243	3.2033	3.2349	3.2238	2.7696	2.4377	2.7329	2.6747	2.6834	2.7364	2.7284	2.7255	2.7229	2.7179	2.7102	2.7134	2.7211	2.7003	2.7133	2.7103	2.7266	2.7196	2.664	2.7389	2.708	2.7022	2.7372	2.7356	2.7237	2.6929	2.7045	2.7088	2.7188	2.7359	2.7336	2.7492	2.7321	2.7491	2.7445	2.7083	2.7152	2.7292	2.7211	2.7457	2.7493	2.7228	2.7192	2.7091	2.6909	2.7927	3.2474	3.2888	3.1812	3.2395	3.2198	3.212	3.2086	3.2301	3.1959	3.1993	3.232	3.2135	3.2047	3.2079	3.2007	3.1998	3.2038	3.2085	3.1747	3.1574	3.1446	3.1789	3.1876	3.195	3.1964	3.1966	3.1467	2.4948	2.6441	2.7417	2.7241	2.7155	2.6939	2.6903	2.6893	2.6865	2.6731	2.6572
2.7232	2.9452	3.1503	3.2137	3.2092	3.2474	3.242	3.2146	3.242	3.2331	3.1735	3.1592	3.1819	3.1536	3.1696	3.1799	3.1886	3.1386	3.1228	3.1525	3.1912	3.1539	3.1619	3.1555	3.1857	3.1688	3.2133	2.9279	2.3608	2.6685	2.6786	2.6939	2.7034	2.6866	2.6601	2.6592	2.7005	2.6861	2.7104	2.6865	2.7116	2.7045	2.6788	2.7327	2.7485	2.7272	2.7335	2.6984	2.747	2.748	2.7172	2.735	2.7162	2.7096	2.7193	2.7186	2.695	2.7464	2.7219	2.7221	2.7313	2.7138	2.7233	2.7157	2.7333	2.7308	2.7392	2.7464	2.6834	2.7031	2.704	2.714	2.73	3.2224	3.1932	3.2341	3.2348	3.2544	3.2674	3.2099	3.2471	3.2362	3.1857	3.218	3.1926	3.1613	3.1748	3.1883	3.1537	3.1823	3.1932	3.1681	3.1938	3.1931	3.1548	3.234	3.1991	3.2229	3.1378	3.0348	2.6348	2.7157	2.7153	2.7134	2.7095	2.7331	2.7301	2.7075	2.6849	2.6982	2.7071	2.7085	2.703	2.7015	2.7086	2.6824	2.7103	2.7151	2.6916	2.6909	2.7166	2.7116	2.706	2.6827	2.7128	2.726	2.7023	2.7165	2.6958	2.7135	2.7304	2.7123	2.7071	2.747	2.7369	2.7253	2.7555	2.7317	2.7526	2.7466	2.7719	2.7543	2.7436	2.723	2.7823	3.0211	3.2888	3.2307	3.2208	3.2382	3.2247	3.1928	3.2132	3.2299	3.2085	3.2191	3.1948	3.2386	3.2009	3.1863	3.1849	3.1757	3.1642	3.163	3.1877	3.1988	3.1941	3.1658	3.1663	3.2099	3.2091	3.2149	2.8144	2.5842	2.72	2.6666	2.6694	2.7034	2.6885	2.6949	2.7213	2.7128	2.7072	2.7185	2.7064	2.6933	2.7037	2.7164	2.7141	2.6792	2.7139	2.6725	2.6815	2.7014	2.6943	2.7396	2.7233	2.6864	2.7124	2.7331	2.6873	2.7419	2.7084	2.7438	2.7035	2.7057	2.7153	2.721	2.7221	2.7225	2.7147	2.7253	2.7489	2.7315	2.7327	2.7117	2.6765	2.7812	3.2259	3.1985	3.231	3.2725	3.2702	3.2445	3.235	3.2286	3.2373	3.2448	3.1945	3.2107	3.203	3.195	3.178	3.1733	3.1807	3.2081	3.1873	3.1631	3.1962	3.2084	3.2048	3.2113	3.1673	3.212	3.2208	2.8523	2.4249	2.6954	2.7024	2.7299	2.7014	2.709	2.7452	2.756	2.7358	2.7225
2.6829	2.9137	3.2306	3.1963	3.2349	3.2164	3.2288	3.2111	3.1656	3.1563	3.2263	3.2249	3.1984	3.209	3.1699	3.1817	3.21	3.2222	3.1997	3.1775	3.1526	3.2044	3.2037	3.1918	3.1578	3.1559	3.131	2.7371	2.5764	2.6802	2.6948	2.7402	2.7257	2.7146	2.7406	2.736	2.6984	2.6772	2.6929	2.7203	2.7131	2.6981	2.7002	2.7054	2.7274	2.685	2.6998	2.7222	2.7242	2.7241	2.7077	2.6737	2.7352	2.737	2.6796	2.6889	2.7082	2.7508	2.7393	2.7095	2.7282	2.7277	2.7336	2.7287	2.7164	2.7107	2.7199	2.7031	2.7543	2.7271	2.71	2.7374	2.7575	3.1237	3.2324	3.2404	3.2137	3.2284	3.219	3.1933	3.2236	3.1575	3.2264	3.1835	3.1982	3.1837	3.2018	3.1867	3.1735	3.1318	3.1	3.1799	3.2234	3.1821	3.2146	3.1936	3.2281	3.2201	3.1755	2.7594	2.6314	2.7271	2.7284	2.7243	2.7188	2.7417	2.7012	2.6935	2.6956	2.7274	2.7277	2.6744	2.6715	2.6749	2.6792	2.6953	2.7006	2.7178	2.6914	2.6635	2.7357	2.7403	2.7387	2.7135	2.7318	2.7107	2.71	2.7437	2.7074	2.724	2.7306	2.7084	2.7131	2.7471	2.7349	2.7298	2.7339	2.76	2.7061	2.6474	2.7411	2.7483	2.7206	2.7272	2.7454	2.9266	3.2008	3.2043	3.1998	3.2151	3.2281	3.222	3.2097	3.2234	3.277	3.2388	3.2359	3.1948	3.1959	3.1724	3.1237	3.2148	3.1866	3.1973	3.1954	3.1864	3.1942	3.1881	3.1891	3.1625	3.1936	3.1791	2.6787	2.6675	2.7097	2.6922	2.6776	2.6983	2.6952	2.6829	2.7125	2.7014	2.7232	2.704	2.7081	2.7022	2.7333	2.713	2.7118	2.7175	2.7405	2.7396	2.7272	2.7325	2.7036	2.6841	2.6887	2.7131	2.7035	2.7275	2.7185	2.7027	2.7244	2.7244	2.7207	2.6768	2.7318	2.7173	2.7297	2.7279	2.6656	2.7573	2.786	2.754	2.7446	2.7408	2.7201	2.7777	3.0945	3.2733	3.2402	3.2393	3.2233	3.2023	3.1772	3.2204	3.2236	3.1733	3.198	3.2181	3.2095	3.2108	3.2315	3.1981	3.1745	3.2012	3.1861	3.2102	3.2188	3.1966	3.2166	3.2133	3.1912	3.1856	3.1854	2.7696	2.6862	2.6833	2.6621	2.7045	2.6777	2.6888	2.7048	2.6817	2.6904	2.6994
2.7089	2.7698	3.1705	3.1704	3.1845	3.2274	3.2353	3.2204	3.2111	3.2342	3.2174	3.2124	3.2115	3.1887	3.2365	3.2512	3.2143	3.2034	3.2067	3.224	3.1868	3.183	3.171	3.1588	3.1719	3.1475	2.9347	2.6549	2.6263	2.6688	2.6696	2.7005	2.709	2.7213	2.7047	2.7379	2.7459	2.716	2.6766	2.7292	2.6966	2.7284	2.7219	2.6745	2.7314	2.7026	2.6872	2.701	2.7112	2.7377	2.7048	2.688	2.7301	2.722	2.7365	2.7142	2.6836	2.7143	2.7326	2.7372	2.7305	2.732	2.7695	2.7755	2.7517	2.7445	2.7173	2.7445	2.7393	2.761	2.7581	2.7305	2.7337	2.9417	3.0879	3.1974	3.2428	3.2464	3.2524	3.2843	3.1915	3.2043	3.2114	3.2041	3.1953	3.2176	3.2457	3.2204	3.1754	3.1511	3.102	3.2179	3.1813	3.1951	3.2026	3.2222	3.1982	3.2028	2.9725	2.5942	2.5786	2.7271	2.688	2.6826	2.6843	2.6898	2.7076	2.7237	2.7138	2.7254	2.6724	2.7385	2.7224	2.7134	2.7081	2.7037	2.7229	2.7265	2.6962	2.7093	2.7002	2.6954	2.6911	2.7253	2.7435	2.7208	2.7157	2.7223	2.7062	2.7173	2.7321	2.7247	2.7388	2.7075	2.7141	2.7091	2.7678	2.7587	2.7545	2.7359	2.7093	2.7432	2.7473	2.7305	2.7217	2.8569	3.1362	3.1628	3.2216	3.2658	3.2449	3.2222	3.2416	3.2345	3.2282	3.1974	3.1771	3.1832	3.1909	3.1917	3.2459	3.2028	3.2333	3.1964	3.1757	3.1836	3.221	3.1893	3.1883	3.2104	3.211	3.1244	2.6279	2.6208	2.6864	2.6764	2.7148	2.7381	2.6794	2.6793	2.6998	2.7249	2.7392	2.7208	2.7088	2.7191	2.6881	2.7195	2.7011	2.7376	2.6781	2.7324	2.7096	2.7322	2.7108	2.7434	2.7517	2.7343	2.6943	2.711	2.7248	2.7305	2.705	2.7398	2.7523	2.7364	2.7245	2.7306	2.7565	2.747	2.7448	2.7408	2.7181	2.7056	2.7069	2.7041	2.706	2.7432	3.094	3.1421	3.2243	3.2026	3.2611	3.2189	3.2277	3.2195	3.1973	3.2217	3.1867	3.2099	3.2062	3.2043	3.2211	3.1863	3.1536	3.2053	3.212	3.1859	3.175	3.2395	3.1937	3.1981	3.217	3.2126	3.1352	2.7038	2.5187	2.7047	2.688	2.6865	2.7103	2.6944	2.6975	2.7547	2.7297	2.7094
2.6772	2.6718	2.9017	3.0906	3.1562	3.2072	3.2391	3.2335	3.2177	3.1816	3.181	3.1827	3.1856	3.1833	3.1635	3.2031	3.1796	3.2213	3.204	3.1469	3.1133	3.1944	3.2185	3.2299	3.1866	3.1494	2.9443	2.612	2.7011	2.697	2.688	2.6959	2.6658	2.6709	2.6944	2.7023	2.7246	2.7085	2.712	2.7242	2.7644	2.7097	2.7001	2.7122	2.7315	2.7171	2.6856	2.7057	2.7192	2.7324	2.7109	2.6984	2.7511	2.7186	2.7203	2.7221	2.7055	2.7217	2.7038	2.752	2.7426	2.7666	2.7561	2.6846	2.7383	2.7269	2.7304	2.7576	2.7464	2.7035	2.7082	2.7057	2.6811	2.7507	2.9577	3.1008	3.1919	3.2375	3.2029	3.2172	3.2039	3.2433	3.2625	3.1941	3.2229	3.2321	3.1743	3.1971	3.211	3.1762	3.1833	3.1721	3.1674	3.1813	3.1751	3.1442	3.2193	3.2193	2.9972	2.5289	2.7759	2.6806	2.6678	2.6923	2.7097	2.6985	2.6756	2.6686	2.6847	2.7129	2.7051	2.728	2.7046	2.7042	2.7689	2.7374	2.7104	2.7294	2.7102	2.728	2.7074	2.715	2.7048	2.7176	2.7122	2.7306	2.7312	2.6914	2.6839	2.7181	2.7427	2.7591	2.7435	2.7392	2.7433	2.7368	2.7165	2.7397	2.7251	2.7375	2.7556	2.7793	2.7265	2.7248	2.7794	2.7689	3.0997	3.1671	3.2444	3.2118	3.2261	3.2594	3.2445	3.232	3.2226	3.2106	3.2162	3.1742	3.1995	3.1966	3.2111	3.1701	3.2341	3.2006	3.1256	3.1587	3.1846	3.1779	3.187	3.2115	3.1854	2.9876	2.5891	2.6432	2.7331	2.7003	2.7242	2.6848	2.7285	2.6781	2.7201	2.7281	2.7444	2.7327	2.7176	2.7189	2.7188	2.7326	2.7521	2.7453	2.7027	2.7014	2.769	2.7544	2.7396	2.7368	2.6989	2.7231	2.7321	2.6863	2.7044	2.7116	2.7198	2.737	2.7328	2.7236	2.7376	2.7266	2.7754	2.7574	2.7566	2.7605	2.7355	2.7357	2.7141	2.7223	2.7015	2.7299	2.9446	3.2945	3.1916	3.2461	3.2523	3.2269	3.2594	3.2438	3.2081	3.1778	3.2504	3.1958	3.207	3.2228	3.192	3.1982	3.2255	3.1909	3.181	3.1988	3.1811	3.1919	3.2184	3.1866	3.1956	3.1938	3.1183	2.6792	2.6827	2.6955	2.6814	2.705	2.6919	2.6808	2.7232	2.6894	2.7353	2.751
2.6912	2.681	2.7667	3.0428	3.1069	3.1684	3.2033	3.2087	3.2059	3.2193	3.2054	3.1573	3.1766	3.1943	3.2104	3.2015	3.1692	3.1518	3.1727	3.1716	3.1753	3.1876	3.1521	3.1764	3.1983	3.0406	2.3787	2.6741	2.7026	2.6914	2.7125	2.7159	2.6702	2.7112	2.6975	2.6502	2.6859	2.7008	2.7037	2.6711	2.6895	2.7338	2.7472	2.7127	2.7194	2.7206	2.7341	2.7162	2.7494	2.723	2.696	2.7094	2.7355	2.7366	2.7059	2.725	2.7361	2.6924	2.7133	2.7245	2.7371	2.7305	2.7428	2.7303	2.7494	2.7413	2.739	2.7735	2.6981	2.6872	2.7232	2.722	2.6607	2.7108	2.8416	3.346	3.1732	3.2412	3.2273	3.2162	3.199	3.2212	3.1247	3.1202	3.1951	3.213	3.2468	3.2244	3.2026	3.204	3.2397	3.1791	3.2365	3.1734	3.2022	3.1884	3.1513	3.129	2.8325	2.684	2.7022	2.7126	2.6971	2.6729	2.7143	2.6608	2.7073	2.7133	2.7179	2.7311	2.7256	2.6417	2.7033	2.7602	2.7285	2.7519	2.7819	2.7202	2.7428	2.7334	2.7231	2.7232	2.7346	2.7632	2.728	2.7781	2.755	2.7122	2.7286	2.7289	2.685	2.7373	2.7545	2.7411	2.7333	2.7392	2.7167	2.728	2.7572	2.7438	2.7401	2.7479	2.7495	2.7213	2.7202	2.7403	2.9379	3.2923	3.1875	3.234	3.2147	3.2507	3.2478	3.2305	3.2157	3.2047	3.2163	3.254	3.2157	3.2422	3.219	3.1996	3.1172	3.1209	3.1705	3.1757	3.2215	3.2117	3.1629	3.2256	3.2058	2.9151	2.7177	2.6872	2.7124	2.7038	2.7004	2.7086	2.7322	2.7278	2.7045	2.713	2.726	2.7351	2.7103	2.6766	2.6802	2.7165	2.7447	2.7358	2.7366	2.7286	2.707	2.6976	2.7245	2.7304	2.7554	2.7263	2.7157	2.7307	2.7328	2.7033	2.6971	2.7483	2.7492	2.7833	2.7135	2.7186	2.7447	2.7415	2.7492	2.7578	2.7617	2.7787	2.7719	2.7381	2.7629	2.7175	2.8285	3.2316	3.1782	3.2233	3.24	3.2265	3.256	3.2253	3.2249	3.2296	3.2422	3.2185	3.2204	3.2341	3.2138	3.1918	3.1902	3.2114	3.2074	3.2005	3.1692	3.169	3.2104	3.1608	3.1969	3.2563	2.9911	2.3304	2.7342	2.7254	2.6925	2.6626	2.6904	2.7056	2.6804	2.7071	2.7135	2.6943
2.7254	2.7288	2.7037	2.861	3.1347	3.0355	3.2154	3.2152	3.22	3.2564	3.223	3.2243	3.2083	3.2186	3.2193	3.1992	3.2016	3.173	3.1752	3.2114	3.2087	3.1957	3.1956	3.1833	3.1304	2.798	2.1719	2.1702	2.7359	2.729	2.6859	2.6569	2.7051	2.7254	2.7121	2.7415	2.6845	2.7081	2.6984	2.6917	2.6963	2.7151	2.6839	2.7082	2.7011	2.7345	2.7207	2.7179	2.7317	2.7378	2.7104	2.7261	2.7018	2.718	2.7305	2.7376	2.7298	2.7379	2.743	2.7099	2.7119	2.7166	2.743	2.7358	2.7185	2.7286	2.7466	2.7194	2.7221	2.7262	2.7189	2.7159	2.6926	2.7089	2.7627	3.1143	3.105	3.181	3.223	3.2313	3.2327	3.2063	3.2101	3.166	3.1282	2.9651	2.7631	3.2014	3.205	3.2002	3.2329	3.2431	3.202	3.1758	3.1914	3.2044	3.2002	2.8836	2.6251	2.6005	2.6991	2.6978	2.7124	2.7244	2.7264	2.6998	2.7013	2.7005	2.6793	2.6863	2.7152	2.7236	2.7164	2.7139	2.7017	2.7334	2.7199	2.7373	2.6888	2.7296	2.7318	2.7591	2.7565	2.8018	2.8014	2.7609	2.7286	2.7358	2.7146	2.6886	2.7361	2.7526	2.7406	2.7359	2.7263	2.7624	2.7514	2.7415	2.7269	2.7479	2.7158	2.7415	2.7543	2.7349	2.7209	2.7468	2.764	3.1097	2.9964	3.1788	3.2335	3.248	3.2509	3.2139	3.2387	3.2173	3.2312	3.2154	3.2236	3.1835	3.1844	3.2292	3.2216	3.1834	3.1447	3.1582	3.1617	3.2238	3.2007	3.1936	3.1258	2.7031	2.5142	2.7446	2.6708	2.669	2.7034	2.6936	2.6986	2.7356	2.756	2.7619	2.7457	2.7359	2.7192	2.7451	2.7321	2.7375	2.7277	2.7218	2.7374	2.7273	2.7185	2.7262	2.7886	2.7718	2.7593	2.7247	2.7351	2.6886	2.7139	2.6956	2.7106	2.7433	2.73	2.7305	2.7212	2.7223	2.7282	2.7535	2.7293	2.7313	2.7507	2.7419	2.7857	2.7313	2.7195	2.7097	2.7392	2.9736	3.3613	3.2039	3.2487	3.1422	3.1383	3.2186	3.245	3.2354	3.2168	3.2294	3.2302	3.2186	3.2068	3.192	3.1821	3.2064	3.2114	3.1979	3.2208	3.2025	3.2001	3.1955	3.2159	3.1603	2.7519	2.6648	2.7142	2.6813	2.6857	2.6927	2.7033	2.6983	2.7125	2.6998	2.7374	2.7158
2.7029	2.6878	2.6805	2.6813	2.8596	2.8998	2.9784	3.1594	3.2316	3.2379	3.2278	3.1893	3.2226	3.197	3.1712	3.1236	3.1562	3.1644	3.1935	3.1699	3.1697	3.154	3.1477	3.0423	2.8125	2.6353	2.7913	2.7131	2.6523	2.6878	2.7125	2.7144	2.731	2.7054	2.7133	2.7025	2.7212	2.7262	2.7079	2.6992	2.6971	2.7307	2.7151	2.7228	2.7465	2.7242	2.7407	2.7062	2.6108	2.7308	2.7473	2.7438	2.7321	2.7185	2.7079	2.7259	2.7496	2.6748	2.7581	2.7433	2.7	2.7241	2.7407	2.7266	2.7456	2.7862	2.7557	2.755	2.7496	2.7283	2.7421	2.7575	2.7452	2.7282	2.7265	2.804	3.3296	3.029	3.2137	3.2249	3.1985	3.2717	3.2365	3.2273	3.2085	2.9892	2.0381	2.1903	3.0196	3.1896	3.2199	3.1961	3.1959	3.1329	3.2027	3.1947	3.0297	2.5617	2.509	2.7046	2.6922	2.6951	2.6995	2.7177	2.6828	2.6862	2.6733	2.6686	2.716	2.7286	2.7569	2.7354	2.6959	2.7066	2.7133	2.7344	2.7335	2.7529	2.7641	2.7694	2.7502	2.7599	2.8133	2.6933	2.4934	2.6899	2.7312	2.761	2.7408	2.7269	2.7507	2.7501	2.732	2.7385	2.7123	2.7382	2.769	2.7483	2.7301	2.7514	2.7524	2.753	2.7503	2.7232	2.7232	2.7243	2.7432	2.9269	3.3457	3.0537	3.1936	3.2457	3.2299	3.2112	3.2096	3.1986	3.2324	3.227	3.2326	3.2135	3.1841	3.2138	3.1855	3.2089	3.1861	3.1719	3.1671	3.2162	3.2138	3.1354	2.8274	2.7035	2.6963	2.694	2.6978	2.7111	2.7307	2.7192	2.7096	2.7512	2.6656	2.7325	2.6744	2.7476	2.7306	2.6917	2.7094	2.7023	2.7465	2.7138	2.7118	2.7326	2.7386	2.7191	2.7504	2.7217	2.714	2.7548	2.7409	2.7248	2.743	2.7439	2.7314	2.7212	2.6932	2.7047	2.7048	2.7453	2.759	2.7389	2.76	2.7513	2.7498	2.7434	2.7187	2.7353	2.7178	2.7099	2.7161	2.9974	3.0519	3.0608	3.1951	3.2384	3.2597	3.2502	3.2346	3.2328	3.2456	3.2061	3.2055	3.223	3.2178	3.2084	3.2327	3.2106	3.2153	3.2284	3.2062	3.1935	3.2106	3.2166	3.2028	3.0059	2.585	2.6377	2.6309	2.6959	2.7151	2.706	2.6653	2.7218	2.7559	2.6843	2.7201	2.7293
2.7494	2.7182	2.7132	2.7127	2.7229	2.912	3.1622	3.0158	3.166	3.1791	3.2106	3.2148	3.2048	3.1836	3.2279	3.2165	3.2166	3.2259	3.2197	3.2155	3.2019	3.1978	3.0728	2.7002	2.4957	2.7535	2.7297	2.6988	2.7147	2.6824	2.653	2.7201	2.7245	2.7023	2.7303	2.7166	2.728	2.7215	2.7268	2.7226	2.7298	2.7048	2.7317	2.7292	2.724	2.6909	2.7231	2.7193	2.7061	2.7136	2.7171	2.7389	2.744	2.7196	2.7019	2.7328	2.7236	2.7015	2.7236	2.7179	2.7304	2.7041	2.717	2.7273	2.732	2.7379	2.7595	2.752	2.7439	2.7188	2.7471	2.7577	2.7867	2.7207	2.7356	2.7385	3.0092	2.9808	3.0102	3.1984	3.2221	3.2202	3.23	3.2276	3.2144	3.2555	3.071	3.2145	3.1638	3.1806	3.2069	3.205	3.218	3.2134	3.2133	2.9845	2.692	2.749	2.7699	2.6931	2.6932	2.7149	2.7248	2.7088	2.719	2.7261	2.7334	2.7226	2.7442	2.6927	2.7081	2.7313	2.7205	2.7379	2.7481	2.7141	2.7227	2.7298	2.7164	2.7291	2.74	2.7391	2.7474	2.7631	2.6477	2.7218	2.7432	2.7422	2.7574	2.7387	2.7323	2.7358	2.7623	2.7577	2.7465	2.7441	2.755	2.7603	2.7518	2.7581	2.7627	2.7346	2.7197	2.7076	2.7159	2.7048	2.7519	2.7633	2.9874	3.048	3.0186	3.1527	3.205	3.1795	3.24	3.2692	3.1863	3.2194	3.2391	3.237	3.2299	3.1951	3.126	3.1973	3.2077	3.2157	3.1735	3.152	3.1468	2.9972	2.4696	2.7065	2.7689	2.7259	2.7078	2.706	2.7028	2.7087	2.6958	2.7142	2.7201	2.4301	2.5736	2.705	2.7492	2.7027	2.7232	2.7111	2.7311	2.7282	2.7608	2.7832	2.7577	2.7542	2.7449	2.7408	2.7321	2.7395	2.7068	2.7457	2.7534	2.7584	2.7229	2.7539	2.7305	2.7448	2.7344	2.7464	2.7212	2.7503	2.7201	2.7653	2.7468	2.731	2.7686	2.7664	2.7654	2.7423	2.7629	2.7129	2.9427	3.2179	3.1505	3.2082	3.2295	3.2369	3.2391	3.2192	3.2227	3.1922	3.2101	3.1283	3.1922	3.191	3.19	3.2038	3.2056	3.1934	3.1782	3.2082	3.2095	3.2058	3.1338	2.853	2.6865	2.7215	2.7068	2.6869	2.7147	2.7107	2.7147	2.7287	2.6746	2.6917	2.6993	2.7045
2.7291	2.717	2.7173	2.729	2.6949	2.7233	2.841	3.1263	2.7106	2.9558	3.0873	3.1368	3.1752	3.1961	3.2162	3.209	3.1672	3.1704	3.1935	3.1542	3.0364	2.8904	2.6143	2.7326	2.7971	2.7096	2.6941	2.6887	2.666	2.7117	2.7062	2.732	2.7178	2.7308	2.743	2.7163	2.7012	2.7011	2.7408	2.7487	2.7746	2.7583	2.7396	2.7335	2.6886	2.7534	2.7664	2.7118	2.7251	2.7358	2.7339	2.7097	2.7256	2.746	2.745	2.7378	2.7163	2.7406	2.668	2.7582	2.7503	2.7256	2.7356	2.7113	2.712	2.7498	2.7492	2.7681	2.7533	2.7401	2.7102	2.7242	2.7565	2.7417	2.7417	2.7144	2.7614	2.9587	3.2471	2.9883	3.1485	3.1948	3.217	3.1943	3.1966	3.2113	3.2492	3.2357	3.2374	3.2056	3.2327	3.2504	3.2246	3.1656	3.0548	2.6633	2.6333	2.7711	2.7192	2.7516	2.6998	2.7283	2.7226	2.7102	2.7131	2.7077	2.7499	2.748	2.7205	2.7309	2.751	2.7347	2.7353	2.7628	2.7785	2.7823	2.7291	2.7535	2.7194	2.7521	2.7563	2.7034	2.7469	2.775	2.7351	2.7412	2.7608	2.7611	2.752	2.7485	2.7311	2.7055	2.7296	2.753	2.7241	2.7409	2.7555	2.7479	2.7328	2.7498	2.7444	2.7762	2.7503	2.7851	2.764	2.7539	2.7532	2.7473	2.7552	2.8517	3.3479	2.9531	3.2011	3.2133	3.228	3.2203	3.2083	3.2066	3.197	3.2221	3.2221	3.2592	3.2401	3.2156	3.2159	3.2334	3.2332	3.0749	2.7814	2.4701	2.7409	2.7731	2.7379	2.6951	2.7202	2.6945	2.6916	2.7134	2.707	2.7459	2.7395	2.7333	2.751	2.7164	2.7646	2.7515	2.7685	2.742	2.7234	2.7234	2.7555	2.7844	2.7579	2.7498	2.7417	2.7444	2.7647	2.7329	2.741	2.7598	2.7248	2.7068	2.7211	2.7222	2.7058	2.7256	2.7547	2.7432	2.7413	2.7586	2.7274	2.7184	2.7775	2.6986	2.7534	2.7747	2.7209	2.766	2.7586	2.7172	2.7518	3.1162	2.9518	3.1373	3.214	3.2354	3.2245	3.2344	3.2306	3.1922	3.1645	3.1739	3.2128	3.1798	3.2185	3.2086	3.2474	3.1866	3.1888	3.2071	3.2238	3.1748	2.9488	2.6921	2.7313	2.7077	2.6806	2.7004	2.7345	2.6938	2.7054	2.7195	2.7145	2.7131	2.6849	2.7525
2.6872	2.7243	2.7428	2.748	2.7412	2.7384	2.7446	2.7996	3.1899	3.3093	2.947	2.6482	2.9159	2.9716	3.0141	3.0401	2.9878	2.9327	2.8223	2.6891	2.5518	2.7208	3.002	2.8123	2.7278	2.7033	2.6879	2.6693	2.7142	2.6788	2.66	2.7023	2.7211	2.7288	2.7526	2.7259	2.7331	2.7713	2.7453	2.7345	2.7378	2.7175	2.7738	2.9149	2.9932	2.8289	2.7849	2.7547	2.7414	2.7517	2.7406	2.7022	2.7438	2.7292	2.7067	2.7508	2.7527	2.7408	2.7464	2.7691	2.6966	2.7322	2.7181	2.7265	2.7642	2.747	2.7735	2.7441	2.6944	2.7082	2.7256	2.748	2.7382	2.7059	2.7302	2.7394	2.7185	2.7561	2.9392	3.2037	2.6831	2.9277	3.0666	3.13	3.1465	3.2164	3.1991	3.2072	3.2069	3.191	3.2071	3.1096	3.0312	2.8633	2.6838	2.8625	2.7832	2.6996	2.6904	2.7101	2.7357	2.7361	2.6809	2.7205	2.7432	2.7512	2.7045	2.7256	2.7496	2.7621	2.7549	2.7387	2.7463	2.7957	2.7792	2.7828	2.7294	2.7392	2.7624	2.7807	2.7545	2.734	2.7539	2.786	2.7642	2.7405	2.7471	2.8087	2.7821	2.7604	2.7774	2.7702	2.7549	2.7992	2.7223	2.8282	2.777	2.7673	2.8086	2.7699	2.7706	2.7277	2.7722	2.7747	2.7318	2.7334	2.7493	2.7498	2.7353	2.7452	2.8895	3.3174	2.9081	3.112	3.1737	3.2201	3.2444	3.2493	3.2275	3.2068	3.2162	3.2047	3.2065	3.2164	3.2731	3.2122	3.1083	2.9226	2.6769	2.8709	2.7659	2.7446	2.7394	2.7063	2.7087	2.7321	2.7337	2.7117	2.701	2.7367	2.7109	2.7316	2.717	2.7557	2.7347	2.7435	2.7743	2.7741	2.713	2.7193	2.7735	2.7342	2.7415	2.7449	2.7659	2.7395	2.7096	2.7295	2.7502	2.7706	2.7466	2.7555	2.7626	2.7186	2.7665	2.7495	2.7114	2.7249	2.76	2.7618	2.7775	2.77	2.7723	2.7543	2.7765	2.7746	2.7279	2.7568	2.7571	2.7293	2.7353	2.7745	3.2985	3.0067	3.1571	3.197	3.2054	3.2414	3.216	3.2122	3.2066	3.1673	3.2137	3.208	3.2395	3.2327	3.2249	3.1728	3.2181	3.256	3.1258	2.9413	2.6077	2.7772	2.7472	2.7072	2.7073	2.6929	2.6978	2.7173	2.724	2.7277	2.7153	2.7316	2.7322	2.7324
2.7799	2.7486	2.7611	2.7598	2.7402	2.7287	2.7045	2.7203	2.7519	2.7803	2.9237	3.048	3.4015	3.1828	2.8299	2.6626	2.6575	3.0069	3.2793	3.1414	2.9596	2.8384	2.7639	2.7286	2.6894	2.6775	2.6957	2.6997	2.6882	2.7408	2.7111	2.7704	2.7901	2.7547	2.7389	2.734	2.727	2.7235	2.7387	2.7046	2.7489	2.7654	2.8522	2.7033	2.5825	2.6122	2.7623	2.7783	2.7275	2.7244	2.7297	2.761	2.7544	2.7185	2.7512	2.7787	2.7565	2.7807	2.7544	2.7353	2.758	2.7688	2.7896	2.7899	2.7747	2.7377	2.7804	2.7934	2.7913	2.7672	2.7301	2.7183	2.7745	2.7932	2.7809	2.7483	2.7467	2.7382	2.7494	2.8084	3.1272	3.3142	2.8001	2.7087	2.8137	2.8938	2.9264	2.9375	2.9361	2.9126	2.7885	2.6827	2.522	2.9585	2.939	2.7268	2.726	2.6995	2.744	2.7348	2.7056	2.6936	2.6967	2.737	2.7537	2.748	2.7539	2.7735	2.7483	2.7623	2.7739	2.7632	2.7691	2.7704	2.7798	2.7511	2.756	2.7803	2.7473	2.7629	2.7594	2.7742	2.7617	2.7338	2.7538	2.754	2.7661	2.7267	2.7849	2.8119	2.793	2.7612	2.7676	2.7574	2.7628	2.7738	2.742	2.7353	2.7875	2.7962	2.7485	2.7654	2.7651	2.7436	2.7785	2.7664	2.7116	2.7086	2.7239	2.701	2.7366	2.8739	3.2594	2.8833	2.9209	3.0698	3.1582	3.235	3.2246	3.1962	3.2111	3.2039	3.2129	3.2029	3.0491	2.9798	2.7757	2.6267	2.728	2.7296	2.7323	2.7018	2.6952	2.7358	2.7335	2.7274	2.7167	2.7177	2.7134	2.7008	2.715	2.7648	2.7634	2.7239	2.7781	2.7455	2.7258	2.7855	2.7966	2.7887	2.7474	2.7432	2.7793	2.7621	2.709	2.7465	2.7592	2.7715	2.7556	2.7593	2.7715	2.7518	2.7363	2.7787	2.7811	2.7641	2.7643	2.7496	2.7498	2.7529	2.7827	2.7588	2.7204	2.7177	2.7484	2.7633	2.7968	2.7616	2.7482	2.7639	2.7393	2.718	2.7993	3.2075	2.8853	3.0571	3.2089	3.2093	3.2254	3.2371	3.229	3.2235	3.2349	3.2182	3.2064	3.2277	3.2051	3.2259	3.1879	3.0522	2.8015	2.4941	2.8955	2.7258	2.7479	2.7207	2.7279	2.6941	2.6979	2.7152	2.7185	2.7053	2.7208	2.7303	2.7429	2.7259
2.754	2.7768	2.7884	2.7552	2.7404	2.7541	2.7452	2.7276	2.7314	2.716	2.665	2.715	2.7825	2.7843	2.7835	2.7946	2.7918	2.7746	2.768	2.7418	2.7052	2.7141	2.7453	2.7158	2.7113	2.7229	2.7352	2.7185	2.7127	2.7152	2.7236	2.7269	2.7773	2.7663	2.7821	2.7907	2.7723	2.7536	2.7715	2.7532	2.6271	2.8252	2.8744	2.2976	2.0749	1.9635	2.0347	2.4116	2.7827	2.7732	2.7313	2.7687	2.7528	2.7492	2.7503	2.743	2.7599	2.7614	2.7515	2.7283	2.7194	2.753	2.7642	2.7955	2.775	2.7467	2.7264	2.7772	2.7769	2.7805	2.789	2.7478	2.7655	2.7515	2.7558	2.7411	2.7703	2.7413	2.7368	2.7061	2.7382	2.7808	2.8603	3.0685	3.2221	3.3797	3.4048	3.2763	3.2891	3.2277	3.2874	3.0541	2.9212	2.8511	2.7344	2.7018	2.7588	2.7547	2.7242	2.7663	2.7845	2.732	2.7399	2.5122	2.8031	2.7474	2.7376	2.7374	2.7408	2.7425	2.7473	2.7534	2.7631	2.8041	2.7518	2.7384	2.7577	2.7314	2.7627	2.768	2.7459	2.7739	2.7475	2.7384	2.7625	2.7565	2.7808	2.7874	2.7592	2.7492	2.7514	2.7452	2.7689	2.76	2.7443	2.7573	2.7612	2.7734	2.7602	2.7675	2.7639	2.7586	2.7519	2.7454	2.7594	2.7583	2.7351	2.7476	2.8017	2.7816	2.7316	2.7256	2.8057	3.1248	3.4321	2.9281	2.7293	2.8626	3.0311	3.021	3.0192	2.919	2.855	2.7895	2.5415	2.7395	3.0382	2.9699	2.7873	2.7283	2.7009	2.7258	2.7071	2.7338	2.7506	2.7005	2.7141	2.7564	2.7488	2.7391	2.7535	2.7506	2.767	2.7492	2.7605	2.7774	2.811	2.7881	2.7646	2.7857	2.7632	2.7705	2.7857	2.7797	2.7816	2.7781	2.7631	2.7268	2.7332	2.7753	2.8109	2.7337	2.773	2.7916	2.7426	2.758	2.7884	2.7897	2.7811	2.7839	2.7467	2.7733	2.7903	2.77	2.7847	2.7791	2.7842	2.7852	2.7584	2.7419	2.7037	2.7322	2.7281	2.7709	3.0936	3.1635	2.8356	3.0344	3.1384	3.1352	3.2017	3.2601	3.2148	3.1855	3.2023	3.209	3.1411	3.0025	2.8844	2.644	2.5028	2.9499	2.7355	2.7143	2.7466	2.728	2.7223	2.7155	2.7279	2.7209	2.7259	2.7475	2.7818	2.743	2.754	2.7438
2.7459	2.738	2.7475	2.7406	2.7548	2.7634	2.7338	2.7286	2.719	2.7191	2.7192	2.7218	2.7346	2.7181	2.7469	2.7195	2.7191	2.716	2.7002	2.7076	2.7177	2.6935	2.7195	2.7246	2.7108	2.7576	2.7362	2.7154	2.7692	2.7613	2.7544	2.754	2.7325	2.7129	2.7347	2.7094	2.72	2.749	2.7747	2.7629	2.7238	2.8141	3.0388	2.4058	1.8018	1.6731	1.8169	2.4651	2.753	2.7203	2.7189	2.7535	2.7618	2.8028	2.7474	2.7902	2.7428	2.7472	2.773	2.7824	2.7761	2.7657	2.768	2.7544	2.7348	2.7407	2.7459	2.7619	2.7669	2.7678	2.7769	2.7455	2.7391	2.7621	2.7739	2.7577	2.7483	2.7722	2.7482	2.7467	2.7611	2.7416	2.7276	2.7415	2.7707	2.7618	2.7649	2.7803	2.7459	2.7531	2.7321	2.7516	2.7356	2.7321	2.7415	2.7419	2.7427	2.767	2.7405	2.739	2.7558	2.7192	2.7463	2.6989	2.7368	2.743	2.7379	2.7284	2.7619	2.7764	2.7622	2.78	2.7749	2.7476	2.7649	2.7634	2.7278	2.7781	2.7494	2.7366	2.7586	2.7904	2.7891	2.7488	2.7479	2.7823	2.7575	2.7543	2.7658	2.7444	2.7721	2.7679	2.7827	2.7787	2.7785	2.7887	2.7663	2.7706	2.7619	2.7948	2.7784	2.7549	2.7751	2.764	2.8049	2.8003	2.7805	2.7902	2.7583	2.7389	2.7352	2.7437	2.7626	2.7482	2.7612	2.8812	3.0262	3.3322	3.4269	3.1019	2.9611	3.1171	3.2981	3.1458	2.958	2.8424	2.7963	2.7865	2.7109	2.726	2.7259	2.7539	2.7468	2.7039	2.7689	2.7528	2.7766	2.7228	2.7778	2.7766	2.7722	2.7792	2.7574	2.7506	2.7607	2.778	2.7491	2.7317	2.7435	2.7917	2.8035	2.7943	2.7552	2.7707	2.7771	2.7953	2.7551	2.766	2.7789	2.7664	2.7782	2.7919	2.756	2.725	2.7752	2.7682	2.7531	2.7547	2.7717	2.736	2.7639	2.786	2.802	2.8147	2.8158	2.7949	2.7649	2.7408	2.7743	2.7528	2.7724	2.7608	2.7189	2.7258	2.7655	2.9282	3.1816	3.2964	2.7483	2.7599	2.8313	2.8626	2.8577	2.8806	2.8039	2.6864	2.6166	2.5378	2.9371	3.0605	2.8149	2.7619	2.7363	2.726	2.7165	2.6932	2.7214	2.7382	2.7352	2.7162	2.7247	2.7568	2.7543	2.7566	2.7365	2.7607
2.7595	2.7525	2.7623	2.7736	2.763	2.7686	2.727	2.7671	2.7695	2.733	2.724	2.7216	2.7637	2.7143	2.725	2.7351	2.727	2.7313	2.7251	2.6939	2.709	2.7352	2.7338	2.7307	2.74	2.7612	2.7538	2.7581	2.7311	2.7242	2.7576	2.7672	2.7414	2.7299	2.7548	2.7654	2.7445	2.7812	2.7625	2.7464	2.7518	2.77	2.9791	2.8647	2.2107	1.9297	2.3477	2.7129	2.7758	2.7819	2.7646	2.78	2.7386	2.7533	2.784	2.7321	2.7362	2.7449	2.7364	2.7672	2.742	2.7487	2.7425	2.7563	2.7455	2.7466	2.7597	2.7873	2.7783	2.7437	2.7829	2.8218	2.7551	2.7535	2.7462	2.8071	2.7954	2.7519	2.7576	2.7476	2.7408	2.7519	2.7457	2.7179	2.7592	2.6948	2.7085	2.7083	2.7095	2.6931	2.7363	2.7401	2.7233	2.7234	2.763	2.7536	2.7592	2.7691	2.7631	2.7884	2.7397	2.7054	2.7216	2.7588	2.7474	2.738	2.765	2.7521	2.7686	2.7944	2.7832	2.7703	2.7804	2.7419	2.7969	2.7988	2.7983	2.7683	2.7533	2.7591	2.7742	2.7647	2.765	2.7816	2.7633	2.7591	2.7502	2.77	2.769	2.7666	2.7309	2.7389	2.7791	2.7661	2.7439	2.7379	2.744	2.7406	2.7337	2.7767	2.7657	2.7843	2.7892	2.7762	2.7858	2.8044	2.7582	2.7494	2.7368	2.7304	2.7405	2.7364	2.7503	2.7382	2.7283	2.7542	2.7086	2.7424	2.7814	2.818	2.8021	2.7512	2.7928	2.7767	2.7676	2.7318	2.7384	2.7397	2.7343	2.7221	2.7088	2.7541	2.7536	2.736	2.7585	2.7316	2.7478	2.7738	2.741	2.7228	2.7546	2.7677	2.758	2.7559	2.7764	2.7723	2.7545	2.7687	2.7751	2.7569	2.7484	2.7549	2.7479	2.7611	2.7671	2.745	2.7363	2.7506	2.774	2.7578	2.7738	2.7545	2.7414	2.7499	2.7583	2.7665	2.7788	2.7816	2.7706	2.7988	2.7649	2.79	2.7643	2.7499	2.747	2.7776	2.7747	2.786	2.7818	2.7734	2.754	2.7343	2.7396	2.7475	2.7321	2.699	2.7121	2.8257	2.9558	3.1575	3.2388	3.4043	3.3776	3.4095	3.311	3.0965	2.9858	2.8914	2.7515	2.6317	2.7407	2.7204	2.7047	2.7348	2.7611	2.7555	2.7309	2.7153	2.7546	2.7725	2.7557	2.7509	2.7491	2.7525	2.6574	2.7852
2.7882	2.8094	2.7549	2.7395	2.7289	2.7391	2.7577	2.7479	2.7422	2.7128	2.71	2.7188	2.709	2.7409	2.7094	2.7321	2.7433	2.7223	2.7113	2.7364	2.7253	2.7292	2.7032	2.7257	2.7459	2.7514	2.7631	2.748	2.7502	2.7709	2.7741	2.8094	2.7484	2.7561	2.7556	2.766	2.7842	2.7742	2.7627	2.7617	2.7483	2.7256	2.7772	2.9295	2.8788	2.9218	2.8234	2.7966	2.7562	2.7571	2.7403	2.7834	2.7335	2.7772	2.7327	2.743	2.7713	2.7567	2.7602	2.7375	2.748	2.7413	2.7353	2.7911	2.7528	2.7384	2.7263	2.751	2.7882	2.7498	2.7562	2.7641	2.7549	2.7509	2.763	2.7532	2.7637	2.7883	2.7497	2.7297	2.7478	2.757	2.7538	2.7727	2.7566	2.7279	2.7274	2.7193	2.7449	2.7101	2.7229	2.7128	2.7387	2.7412	2.735	2.7338	2.7364	2.763	2.737	2.695	2.6989	2.7515	2.7654	2.7739	2.6788	2.7887	2.7328	2.6974	2.7484	2.7527	2.7422	2.7673	2.7767	2.7658	2.7608	2.777	2.8272	2.8013	2.7617	2.783	2.7739	2.8023	2.7741	2.7814	2.738	2.7729	2.8081	2.7737	2.7865	2.7665	2.7721	2.7777	2.7886	2.7517	2.7225	2.7038	2.7399	2.7885	2.8054	2.8174	2.7652	2.7982	2.7922	2.7921	2.7825	2.7278	2.7404	2.7823	2.7753	2.7364	2.7505	2.7498	2.7345	2.7448	2.7684	2.7403	2.7297	2.6932	2.7341	2.7189	2.702	2.7081	2.7252	2.7304	2.7174	2.7271	2.7528	2.7476	2.7324	2.737	2.7542	2.73	2.7412	2.7053	2.7057	2.7403	2.7625	2.7434	2.769	2.7519	2.7881	2.7973	2.7577	2.7527	2.7897	2.7907	2.7869	2.7759	2.7877	2.8118	2.7654	2.7673	2.7634	2.7658	2.781	2.7426	2.7504	2.7698	2.762	2.7585	2.7291	2.6338	2.7678	2.7694	2.7347	2.7836	2.7699	2.7667	2.7846	2.7882	2.7816	2.7902	2.7756	2.8172	2.7942	2.7865	2.7732	2.7646	2.7687	2.7657	2.7515	2.7385	2.7534	2.759	2.7513	2.7159	2.7354	2.7632	2.7445	2.7248	2.7308	2.7648	2.7412	2.7397	2.7419	2.7389	2.7389	2.753	2.7239	2.7445	2.7211	2.7477	2.7001	2.7278	2.712	2.7279	2.7159	2.7211	2.73	2.7458	2.7568	2.7669	2.7701	2.7429	2.7046	2.7413
2.7405	2.771	2.7385	2.7701	2.7601	2.7333	2.7487	2.7616	2.7239	2.7233	2.7328	2.74	2.7028	2.6931	2.7058	2.7013	2.6865	2.7023	2.721	2.7412	2.7116	2.7156	2.7393	2.7549	2.7675	2.7527	2.7424	2.7803	2.7506	2.7192	2.7266	2.7574	2.7778	2.7587	2.7178	2.7407	2.7685	2.7534	2.746	2.761	2.7618	2.755	2.7337	2.7625	2.7752	2.7941	2.758	2.7688	2.7695	2.7792	2.7731	2.7465	2.7157	2.7277	2.7559	2.7617	2.7565	2.7877	2.7479	2.7406	2.7629	2.7582	2.7676	2.7706	2.7565	2.7607	2.7954	2.7488	2.7812	2.7238	2.7395	2.7285	2.7422	2.7837	2.7972	2.7682	2.7666	2.7773	2.7617	2.7501	2.7449	2.7416	2.7521	2.7814	2.7557	2.7376	2.7397	2.7082	2.694	2.7523	2.7247	2.7166	2.7658	2.7451	2.7201	2.7175	2.7086	2.7059	2.706	2.757	2.7353	2.7174	2.7597	2.767	2.7462	2.7482	2.7405	2.7603	2.754	2.7642	2.716	2.73	2.7823	2.7786	2.7423	2.7399	2.7812	2.7745	2.7662	2.7896	2.7725	2.7704	2.8001	2.7749	2.7813	2.7632	2.7517	2.7534	2.8016	2.7694	2.7877	2.7719	2.7725	2.7827	2.7579	2.7522	2.7557	2.7747	2.764	2.7773	2.7851	2.7872	2.7886	2.7636	2.7436	2.7662	2.7801	2.7063	2.7183	2.7392	2.7556	2.7146	2.7571	2.7632	2.7486	2.7621	2.7483	2.712	2.7123	2.7554	2.7359	2.731	2.7423	2.751	2.7544	2.7528	2.7328	2.7259	2.7066	2.7143	2.7452	2.7302	2.7506	2.7537	2.7603	2.7674	2.7699	2.7571	2.782	2.7774	2.7355	2.757	2.7935	2.7815	2.7699	2.7597	2.7274	2.7926	2.7453	2.7642	2.7943	2.7879	2.7717	2.7706	2.7892	2.7624	2.7527	2.7633	2.728	2.7639	2.763	2.7521	2.7759	2.7428	2.7403	2.7182	2.7789	2.756	2.7492	2.7585	2.793	2.7547	2.7139	2.7708	2.7826	2.7439	2.7637	2.709	2.5817	2.774	2.7648	2.8191	2.7765	2.784	2.7726	2.7475	2.7433	2.7086	2.7128	2.7118	2.7065	2.7005	2.7137	2.7306	2.7094	2.7076	2.7573	2.7117	2.6841	2.7238	2.7292	2.7287	2.736	2.7479	2.7208	2.727	2.7219	2.7464	2.7679	2.715	2.7513	2.7378	2.7785	2.7785	2.7663	2.7565
2.7675	2.7812	2.7387	2.7286	2.744	2.7408	2.7698	2.7582	2.7504	2.7387	2.7102	2.7242	2.7023	2.7061	2.7262	2.7242	2.7115	2.723	2.7302	2.7359	2.7406	2.7456	2.743	2.7217	2.7409	2.7287	2.724	2.7549	2.7603	2.7415	2.7161	2.7243	2.7348	2.7347	2.7322	2.7094	2.7442	2.7622	2.7834	2.768	2.7677	2.7775	2.775	2.7694	2.7668	2.7234	2.7026	2.7268	2.7673	2.7576	2.7424	2.7673	2.7497	2.7452	2.7455	2.7321	2.7558	2.7735	2.7477	2.7245	2.7466	2.7482	2.7331	2.7469	2.7751	2.77	2.7518	2.7365	2.771	2.7477	2.7369	2.7712	2.7065	2.652	2.7799	2.7579	2.7769	2.7748	2.7632	2.7797	2.7352	2.7574	2.7168	2.7327	2.762	2.7362	2.7299	2.732	2.7453	2.7387	2.7376	2.7257	2.7164	2.6973	2.692	2.7119	2.7234	2.7454	2.7163	2.7604	2.7547	2.7726	2.766	2.7489	2.7288	2.6829	2.7051	2.7768	2.792	2.813	2.7755	2.7732	2.787	2.7935	2.7644	2.7471	2.7503	2.7459	2.7929	2.7829	2.7759	2.7697	2.7514	2.6934	2.7561	2.7815	2.7768	2.7522	2.7583	2.7428	2.7444	2.7722	2.7688	2.77	2.7654	2.7945	2.7824	2.7683	2.7857	2.7838	2.7778	2.7606	2.7668	2.778	2.7898	2.7647	2.7579	2.7495	2.7204	2.7306	2.7927	2.7609	2.7625	2.7516	2.7448	2.7771	2.7647	2.7619	2.7486	2.7446	2.6501	2.7457	2.757	2.7506	2.7878	2.759	2.7427	2.7522	2.7462	2.7504	2.7484	2.7449	2.7647	2.7736	2.7327	2.7423	2.7381	2.7351	2.7769	2.76	2.7596	2.7467	2.7608	2.7689	2.7191	2.7271	2.7694	2.744	2.7636	2.757	2.7577	2.7578	2.8071	2.7798	2.7937	2.773	2.725	2.7574	2.7886	2.7416	2.7655	2.774	2.7928	2.7757	2.7117	2.7375	2.7348	2.7475	2.7689	2.7569	2.7549	2.7549	2.7455	2.7652	2.7601	2.7757	2.764	2.7751	2.7729	2.7724	2.7628	2.7728	2.7739	2.7595	2.7609	2.7459	2.7183	2.7466	2.7292	2.7339	2.7357	2.7335	2.7422	2.7211	2.7414	2.7528	2.7422	2.7434	2.7133	2.7555	2.7594	2.7716	2.735	2.766	2.7458	2.7086	2.7237	2.7234	2.7258	2.7528	2.743	2.7606	2.7275	2.7399	2.739	2.746
2.7341	2.7742	2.7736	2.744	2.7454	2.7412	2.7543	2.7395	2.7354	2.755	2.7222	2.7314	2.7343	2.7198	2.7608	2.7139	2.6931	2.7248	2.7243	2.7208	2.7124	2.7129	2.7192	2.7548	2.7639	2.7226	2.7276	2.7482	2.7269	2.7529	2.7446	2.765	2.7592	2.7508	2.7423	2.7339	2.8003	2.7699	2.7545	2.7942	2.7534	2.7544	2.7431	2.7228	2.723	2.7264	2.7198	2.7401	2.7678	2.7483	2.7422	2.7487	2.729	2.7172	2.7414	2.7632	2.7395	2.7417	2.7663	2.7725	2.7522	2.7659	2.7733	2.7572	2.777	2.8012	2.7908	2.7642	2.7748	2.7757	2.793	2.7748	2.7651	2.769	2.7696	2.7492	2.7348	2.7381	2.7834	2.7627	2.7354	2.7677	2.7093	2.7446	2.756	2.739	2.7165	2.7406	2.7427	2.7414	2.7245	2.7253	2.7428	2.7652	2.7518	2.7164	2.744	2.746	2.7451	2.7719	2.7289	2.7507	2.759	2.7594	2.7539	2.7903	2.7943	2.7926	2.7927	2.7635	2.7547	2.7785	2.7751	2.7866	2.7533	2.7202	2.7792	2.7792	2.7644	2.7684	2.7931	2.7636	2.7175	2.7353	2.762	2.724	2.7713	2.7879	2.7584	2.7726	2.7759	2.7697	2.7588	2.7375	2.7611	2.7817	2.7644	2.7385	2.7607	2.776	2.7732	2.7702	2.7654	2.7603	2.7245	2.7728	2.7473	2.7419	2.7586	2.7829	2.7782	2.7112	2.7209	2.7857	2.7428	2.7787	2.7509	2.7054	2.7408	2.7281	2.7286	2.7582	2.7345	2.7114	2.7152	2.742	2.7256	2.7574	2.7667	2.7432	2.7704	2.7583	2.7508	2.7973	2.7569	2.7364	2.7509	2.7244	2.7264	2.7262	2.7228	2.7377	2.7768	2.7729	2.753	2.7922	2.761	2.796	2.772	2.7588	2.7287	2.7858	2.8142	2.7891	2.768	2.7185	2.7466	2.7511	2.7591	2.7726	2.7702	2.7508	2.7949	2.7609	2.7876	2.8022	2.7861	2.7643	2.7735	2.7414	2.7326	2.7575	2.7561	2.7486	2.7418	2.772	2.7644	2.7717	2.7726	2.7557	2.7432	2.7662	2.7632	2.769	2.7147	2.7446	2.7525	2.7639	2.7659	2.764	2.7503	2.7506	2.73	2.7121	2.7257	2.7427	2.7713	2.7182	2.7616	2.7433	2.7367	2.7403	2.6956	2.7104	2.7262	2.7486	2.7408	2.7186	2.7102	2.7689	2.735	2.7501	2.79	2.7831	2.7781	2.7832
2.7446	2.7677	2.7454	2.7537	2.7304	2.7388	2.7594	2.7723	2.68	2.7379	2.7029	2.7362	2.7489	2.7458	2.7364	2.7271	2.7356	2.7197	2.7161	2.721	2.7304	2.7197	2.6934	2.7497	2.7272	2.7152	2.7212	2.751	2.7467	2.742	2.736	2.7346	2.7476	2.7466	2.7431	2.6946	2.7635	2.758	2.7666	2.7816	2.7431	2.7393	2.7485	2.7642	2.7246	2.733	2.736	2.7409	2.7558	2.8115	2.7829	2.7583	2.7677	2.7635	2.7368	2.7563	2.7533	2.7682	2.7417	2.7548	2.7247	2.7618	2.7385	2.7227	2.7566	2.7744	2.7629	2.7839	2.7677	2.7645	2.8017	2.7449	2.7653	2.7766	2.7505	2.7654	2.7541	2.7701	2.7237	2.7837	2.7808	2.7575	2.7379	2.7501	2.7643	2.7771	2.7522	2.7446	2.7338	2.7563	2.7285	2.768	2.7637	2.7627	2.7326	2.7143	2.7638	2.7515	2.7454	2.7302	2.7588	2.7473	2.7417	2.7782	2.7206	2.7009	2.7481	2.7693	2.7572	2.7536	2.7463	2.7369	2.7504	2.7927	2.7691	2.7482	2.7659	2.7459	2.7473	2.7663	2.7593	2.7332	2.7649	2.7746	2.7394	2.8055	2.7582	2.7668	2.7444	2.7595	2.7474	2.7524	2.7549	2.7839	2.7718	2.7538	2.7747	2.7577	2.7699	2.7928	2.8096	2.7582	2.7696	2.7474	2.7422	2.7432	2.7462	2.7691	2.7518	2.7454	2.7705	2.76	2.7286	2.7462	2.7816	2.7457	2.7368	2.7611	2.7597	2.7451	2.7294	2.71	2.7269	2.7584	2.7492	2.7555	2.7519	2.733	2.7452	2.7512	2.7556	2.7389	2.6969	2.7465	2.7502	2.7705	2.776	2.7628	2.7673	2.7672	2.7454	2.7645	2.7464	2.7534	2.7905	2.7788	2.8133	2.7617	2.7655	2.6875	2.7376	2.7639	2.7842	2.7464	2.7536	2.7616	2.7391	2.7668	2.7245	2.751	2.7705	2.7687	2.7697	2.7309	2.7487	2.7662	2.7545	2.7469	2.7389	2.7477	2.7605	2.7719	2.772	2.7836	2.7659	2.7767	2.778	2.7824	2.7901	2.7825	2.7657	2.778	2.7659	2.7647	2.7267	2.7554	2.7534	2.7407	2.7543	2.77	2.7727	2.7597	2.747	2.741	2.7512	2.7511	2.73	2.7454	2.7606	2.7592	2.7134	2.7743	2.744	2.723	2.7123	2.7462	2.7365	2.7382	2.7643	2.7522	2.7351	2.7576	2.779	2.7804	2.7621	2.7839
2.7106	2.7149	2.7123	2.766	2.7662	2.7578	2.7327	2.7216	2.7697	2.7625	2.7001	2.6936	2.7258	2.7066	2.7474	2.7243	2.7314	2.755	2.7515	2.7455	2.7279	2.7531	2.7498	2.7347	2.7586	2.7293	2.7357	2.7115	2.7325	2.7375	2.7328	2.7582	2.7978	2.7807	2.7112	2.7525	2.7516	2.7586	2.727	2.7354	2.7274	2.7387	2.7252	2.7408	2.7668	2.8086	2.9429	3.1554	3.3175	3.395	3.3485	3.2313	3.124	2.9516	2.7929	2.7328	2.7244	2.7476	2.7256	2.7544	2.7565	2.765	2.7268	2.7249	2.7421	2.7399	2.7423	2.7409	2.7457	2.7522	2.7358	2.7403	2.7578	2.7613	2.7797	2.7566	2.7763	2.7796	2.7563	2.8008	2.753	2.7595	2.7421	2.7435	2.7232	2.7273	2.7324	2.768	2.7322	2.7481	2.7391	2.7197	2.7204	2.6679	2.74	2.7327	2.7861	2.7517	2.7318	2.7149	2.7161	2.748	2.7498	2.734	2.7522	2.7424	2.7261	2.7202	2.7565	2.7547	2.7662	2.7437	2.7901	2.8161	2.7275	2.7425	2.7457	2.7578	2.7634	2.7677	2.7911	2.8299	2.7456	2.7748	2.7361	2.7259	2.7542	2.7837	2.7372	2.7251	2.7268	2.7594	2.7554	2.7666	2.7735	2.733	2.7373	2.7652	2.7798	2.766	2.7597	2.7789	2.7857	2.7478	2.7317	2.8051	2.9466	2.8551	2.7714	2.7743	2.776	2.7551	2.7382	2.76	2.7664	2.7597	2.7905	2.7541	2.7695	2.7551	2.7558	2.7203	2.7192	2.7835	2.7472	2.7547	2.6985	2.7398	2.7507	2.755	2.7619	2.7454	2.7637	2.7652	2.7543	2.7756	2.7461	2.8115	2.7845	2.7473	2.7747	2.7786	2.7576	2.7697	2.7413	2.7503	2.7254	2.7339	2.7362	2.7312	2.7357	2.7746	2.7565	2.7341	2.7703	2.7237	2.7725	2.7828	2.7276	2.7532	2.7457	2.74	2.7561	2.7669	2.7944	2.7468	2.7526	2.7555	2.7907	2.8075	2.7655	2.7612	2.7856	2.7869	2.7649	2.7608	2.7654	2.7602	2.7451	2.7349	2.7479	2.7419	2.7599	2.7468	2.7577	2.7131	2.7597	2.7794	2.7839	2.7624	2.756	2.7602	2.7487	2.7441	2.7406	2.7383	2.7613	2.6833	2.7048	2.7448	2.7325	2.7325	2.7638	2.7539	2.7789	2.772	2.7266	2.7222	2.6911	2.7183	2.7068	2.7339	2.7282	2.7466	2.7474	2.7529
2.7497	2.7298	2.7394	2.7437	2.7409	2.7229	2.7445	2.7445	2.752	2.7207	2.7549	2.7335	2.7216	2.7262	2.7275	2.7147	2.7115	2.7247	2.7304	2.7635	2.728	2.7465	2.7408	2.7057	2.7166	2.7115	2.7223	2.7495	2.7309	2.6889	2.7374	2.7636	2.7378	2.7016	2.7553	2.7349	2.7931	2.744	2.7462	2.7673	2.7605	2.7565	2.78	2.9478	3.2544	3.2909	3.4977	3.3679	2.9575	2.9171	2.8699	2.8255	2.792	3.2028	3.4706	3.1857	2.8395	2.7687	2.7369	2.7612	2.7587	2.7188	2.7105	2.7575	2.7667	2.7441	2.7462	2.788	2.74	2.7356	2.7689	2.7601	2.7324	2.7433	2.7518	2.7296	2.7234	2.7446	2.7694	2.7429	2.7398	2.7311	2.7239	2.7257	2.7366	2.7115	2.7553	2.7325	2.7387	2.7465	2.7273	2.7211	2.7431	2.7733	2.7552	2.7371	2.7542	2.7692	2.7382	2.7248	2.7872	2.8005	2.7509	2.7439	2.7443	2.7719	2.7846	2.7601	2.7201	2.747	2.747	2.7476	2.7524	2.707	2.7363	2.7286	2.786	2.8689	3.0376	3.325	3.458	3.4444	3.4512	3.4133	3.2133	2.997	2.8689	2.7995	2.7885	2.7518	2.7656	2.793	2.7827	2.719	2.6988	2.7464	2.7594	2.7646	2.7136	2.7437	2.7536	2.7294	2.7532	2.7546	2.7531	2.7849	2.6759	2.4816	2.6023	2.7428	2.759	2.7888	2.7817	2.7196	2.7625	2.7558	2.6915	2.7745	2.7337	2.7176	2.6766	2.7276	2.7379	2.7279	2.7218	2.7731	2.7569	2.7514	2.7521	2.7304	2.712	2.7217	2.7362	2.741	2.7429	2.7448	2.7523	2.7307	2.7562	2.7438	2.7684	2.7307	2.7587	2.7698	2.7807	2.7783	2.7693	2.7476	2.732	2.7358	2.7692	2.7399	2.7863	2.8096	2.7898	2.8438	2.7516	2.8065	2.7675	2.7529	2.7537	2.7352	2.7527	2.7471	2.7497	2.7487	2.7473	2.7546	2.7583	2.7511	2.7358	2.7224	2.7337	2.7419	2.7471	2.7658	2.7639	2.7766	2.7172	2.7109	2.7118	2.754	2.7426	2.7725	2.7344	2.7463	2.7606	2.7571	2.7568	2.7473	2.7946	2.7589	2.7496	2.737	2.7117	2.7092	2.7211	2.7257	2.7376	2.729	2.7328	2.7399	2.7506	2.7179	2.745	2.7506	2.7542	2.7475	2.7753	2.7625	2.782	2.7835	2.7695	2.7544	2.7443	2.7599
2.7255	2.7185	2.7351	2.7531	2.7462	2.7688	2.7459	2.7346	2.7497	2.7252	2.7124	2.7035	2.6687	2.6982	2.7109	2.6997	2.7164	2.7029	2.7116	2.712	2.7131	2.7413	2.741	2.695	2.7379	2.7192	2.7506	2.6947	2.7187	2.7414	2.7397	2.727	2.7359	2.77	2.7502	2.7042	2.7369	2.7565	2.7704	2.7452	2.7097	2.8049	3.1995	3.4364	3.1629	2.949	3.1146	3.1852	3.1793	3.1755	3.2043	3.1826	3.1541	3.0797	2.9997	2.7704	3.3972	3.0475	2.8246	2.7431	2.742	2.7289	2.7281	2.7333	2.7204	2.7067	2.7474	2.7736	2.775	2.7237	2.7378	2.7718	2.7815	2.7771	2.7294	2.7486	2.7353	2.7497	2.745	2.7272	2.7415	2.7845	2.7773	2.7216	2.7201	2.7115	2.711	2.7303	2.7599	2.7487	2.7154	2.717	2.7296	2.7441	2.7368	2.7287	2.7009	2.6971	2.6967	2.7461	2.7555	2.738	2.7301	2.7513	2.7505	2.7801	2.7982	2.7816	2.7464	2.7052	2.7377	2.7712	2.7364	2.7166	2.8307	3.0464	3.3949	3.2624	3.6195	2.9246	2.9302	2.8893	2.9116	2.9171	2.8278	3.1539	3.4566	3.1943	2.9631	2.7365	2.7544	2.7353	2.7549	2.7585	2.7841	2.7424	2.7058	2.764	2.7588	2.7033	2.7405	2.7443	2.7482	2.7417	2.7164	2.7328	2.8803	2.8546	2.7707	2.7364	2.7301	2.7325	2.7458	2.7363	2.7347	2.7478	2.7528	2.7589	2.7165	2.7897	2.7312	2.7082	2.7143	2.7446	2.7551	2.7467	2.7037	2.723	2.7473	2.7377	2.757	2.7498	2.7441	2.7466	2.7174	2.7491	2.734	2.7504	2.7662	2.7515	2.7479	2.7436	2.7591	2.7772	2.7568	2.7516	2.7664	2.7535	2.7604	2.7963	2.8937	3.2258	3.3872	3.3372	3.2933	3.4188	3.4751	3.3666	3.1001	2.8547	2.7814	2.7964	2.7569	2.759	2.7682	2.7319	2.7135	2.7597	2.7263	2.7232	2.7623	2.7439	2.7658	2.7882	2.7644	2.7642	2.7749	2.7816	2.764	2.7476	2.7816	2.7725	2.7293	2.7742	2.7818	2.7863	2.7562	2.7284	2.7451	2.7193	2.7414	2.7264	2.7363	2.7241	2.7192	2.7558	2.7647	2.7456	2.7368	2.7385	2.7363	2.7433	2.7195	2.7306	2.7729	2.7389	2.7341	2.743	2.7149	2.7416	2.7541	2.7673	2.7432	2.7461	2.7502	2.7619
2.7083	2.7406	2.7296	2.7265	2.7416	2.7163	2.7164	2.7479	2.7222	2.7528	2.7509	2.7258	2.6951	2.7061	2.7076	2.7354	2.7387	2.7261	2.7118	2.7229	2.7367	2.7198	2.7052	2.7147	2.7553	2.7197	2.6919	2.7079	2.7152	2.7291	2.7543	2.7748	2.7806	2.7435	2.7445	2.739	2.6888	2.7233	2.6942	2.7142	2.8458	3.2924	3.4819	3.0011	3.1664	3.2361	3.2431	3.2657	3.2553	3.2359	3.2436	3.2398	3.2305	3.2417	3.2083	3.2093	2.9791	2.8195	3.0447	2.7768	2.741	2.6944	2.7028	2.7242	2.7049	2.695	2.724	2.7578	2.7369	2.7273	2.7125	2.7042	2.7381	2.7231	2.704	2.7228	2.7547	2.7501	2.7864	2.7506	2.7869	2.752	2.7417	2.7061	2.7093	2.7375	2.7846	2.755	2.7442	2.7509	2.7381	2.718	2.6875	2.7158	2.7483	2.7841	2.7059	2.7042	2.7132	2.71	2.7063	2.7139	2.7412	2.7643	2.7117	2.7536	2.7172	2.7008	2.7359	2.766	2.7409	2.7217	2.7652	2.8511	3.2823	3.2988	3.0296	3.0175	3.1597	3.216	3.2372	3.2734	3.2731	3.2041	3.2405	3.1923	3.1068	2.8752	3.0465	3.307	2.9031	2.7258	2.7118	2.7103	2.7306	2.7387	2.7578	2.7599	2.7806	2.7604	2.7669	2.7276	2.7154	2.7509	2.7428	2.7435	2.7673	2.7446	2.7311	2.7306	2.774	2.7562	2.7074	2.6878	2.7596	2.7692	2.7126	2.7041	2.7139	2.7527	2.7531	2.7399	2.7445	2.7482	2.7473	2.7137	2.7066	2.7403	2.7617	2.7276	2.706	2.7354	2.7509	2.7441	2.7317	2.7722	2.7908	2.7798	2.7382	2.743	2.7838	2.7734	2.7661	2.7489	2.7495	2.7539	2.7731	2.7901	3.0382	3.2811	3.2632	3.2089	2.9758	2.9277	3.0247	3.0181	2.926	2.8712	2.8148	3.3194	3.2881	2.9464	2.826	2.765	2.7317	2.6753	2.703	2.7377	2.7342	2.7575	2.7299	2.7171	2.7316	2.7186	2.7133	2.7167	2.7306	2.706	2.7248	2.7564	2.745	2.7485	2.7218	2.7074	2.7501	2.7546	2.74	2.7579	2.7068	2.7494	2.7506	2.7522	2.7511	2.7478	2.7197	2.7022	2.7264	2.7289	2.7047	2.7341	2.7328	2.7284	2.7381	2.74	2.7061	2.7047	2.7408	2.7285	2.7331	2.7324	2.7775	2.7431	2.7244	2.7618	2.7904	2.7627
2.6951	2.7222	2.7115	2.6581	2.688	2.7096	2.7356	2.6678	2.6789	2.6742	2.6775	2.6986	2.7094	2.7247	2.7233	2.7683	2.7533	2.7206	2.6981	2.6748	2.7061	2.7241	2.7239	2.679	2.6745	2.7084	2.7153	2.7031	2.7109	2.7165	2.7591	2.7337	2.7305	2.7605	2.7451	2.702	2.6975	2.7283	2.7359	2.9762	3.2337	3.2216	3.1264	3.245	3.2734	3.26	3.2257	3.2869	3.2154	3.223	3.2562	3.2453	3.2376	3.2334	3.2341	3.2322	3.1958	3.0906	2.6581	2.9229	2.8176	2.7266	2.7206	2.7061	2.6982	2.7288	2.7054	2.7435	2.7506	2.7386	2.7245	2.7506	2.7329	2.6734	2.6613	2.7514	2.7719	2.7575	2.7453	2.7367	2.735	2.7178	2.7191	2.7117	2.6681	2.6882	2.7393	2.7193	2.7221	2.7116	2.6796	2.7339	2.7385	2.7879	2.7828	2.7364	2.7368	2.7397	2.7235	2.7234	2.7396	2.7548	2.7158	2.7424	2.7728	2.7947	2.7152	2.75	2.7507	2.7647	2.7565	2.751	2.9603	3.2509	3.4016	3.2034	3.1746	3.2841	3.2687	3.2641	3.2655	3.2323	3.2277	3.2108	3.1876	3.2086	3.0565	3.071	3.1072	2.8029	2.9161	2.9202	2.7609	2.6897	2.6962	2.7313	2.7335	2.7343	2.755	2.732	2.7328	2.7476	2.7493	2.7468	2.756	2.7216	2.7224	2.7144	2.759	2.7801	2.7991	2.7258	2.7068	2.7513	2.7704	2.7419	2.7238	2.7139	2.7004	2.7617	2.7616	2.7401	2.7114	2.722	2.722	2.7519	2.7404	2.6542	2.715	2.7381	2.7208	2.7246	2.7243	2.7396	2.757	2.7715	2.7532	2.7415	2.7194	2.7266	2.7528	2.7372	2.7833	2.7552	2.7262	2.8319	2.9514	3.3734	3.4288	3.3579	3.065	3.1562	3.2053	3.2383	3.2347	3.2052	3.2646	3.227	3.1663	3.1086	2.8426	2.9092	3.1867	2.8307	2.7407	2.7284	2.7113	2.7334	2.7321	2.7115	2.7259	2.7452	2.7401	2.7369	2.7546	2.7582	2.7208	2.7068	2.691	2.6866	2.7174	2.6959	2.7322	2.7099	2.7158	2.7223	2.7385	2.726	2.7055	2.7117	2.7138	2.7546	2.7369	2.7391	2.7206	2.7314	2.7446	2.7152	2.7205	2.7243	2.7153	2.7105	2.7182	2.7433	2.7448	2.7438	2.7367	2.7236	2.7111	2.7391	2.7528	2.7567	2.7502	2.7402	2.7354	2.7389
2.7176	2.7024	2.7084	2.7306	2.6882	2.6932	2.7272	2.7092	2.6941	2.7275	2.7246	2.7046	2.7564	2.7169	2.6711	2.6918	2.6965	2.701	2.6992	2.7146	2.7269	2.7508	2.7457	2.6932	2.7339	2.748	2.7124	2.7644	2.7392	2.717	2.7536	2.7306	2.7571	2.7107	2.7113	2.7492	2.7299	2.6962	2.7676	3.3236	3.4667	3.1453	3.2123	3.233	3.2587	3.246	3.2556	3.1877	3.2005	3.2237	3.2382	3.2273	3.2381	3.2051	3.2009	3.1883	3.1842	3.2075	3.107	2.6683	2.9133	2.7706	2.7006	2.716	2.7246	2.7165	2.7241	2.7303	2.7242	2.7491	2.7596	2.7414	2.7283	2.7228	2.7064	2.7296	2.6946	2.6937	2.7429	2.7176	2.7327	2.7283	2.771	2.7512	2.7562	2.7493	2.7206	2.6975	2.694	2.687	2.6973	2.7243	2.74	2.7253	2.7368	2.7242	2.6946	2.7031	2.6979	2.7591	2.7381	2.7251	2.7406	2.7549	2.7665	2.7862	2.7695	2.7458	2.6986	2.7019	2.7019	2.8691	3.1419	3.1292	3.1679	3.1838	3.1814	3.2571	3.2505	3.2421	3.2045	3.2253	3.2361	3.2457	3.2415	3.2082	3.2488	3.2657	3.2146	3.205	2.9398	2.6577	2.8995	2.7275	2.7032	2.6692	2.7282	2.7405	2.7368	2.7031	2.7083	2.741	2.7368	2.7346	2.7337	2.7045	2.7402	2.762	2.7792	2.7268	2.7267	2.7265	2.7029	2.7207	2.7308	2.7255	2.7348	2.7202	2.7011	2.6503	2.7162	2.709	2.7326	2.6986	2.7158	2.7241	2.7087	2.7155	2.7512	2.7842	2.7558	2.7311	2.7404	2.736	2.7415	2.7242	2.7681	2.7429	2.7642	2.7893	2.7739	2.7892	2.7392	2.715	2.8088	3.0635	3.2798	3.2284	3.0677	3.1808	3.2228	3.248	3.2286	3.2542	3.2541	3.2318	3.238	3.2577	3.2489	3.2392	3.2053	3.1089	2.7658	3.0422	2.8849	2.7021	2.6667	2.6981	2.7162	2.6927	2.6791	2.6894	2.6862	2.7422	2.7473	2.753	2.7371	2.7135	2.7252	2.7511	2.751	2.7507	2.7378	2.7768	2.7333	2.7188	2.7426	2.7266	2.7063	2.7079	2.7116	2.7403	2.7208	2.7189	2.7252	2.7426	2.7382	2.725	2.7307	2.7325	2.7503	2.7248	2.7205	2.7523	2.7313	2.6777	2.7573	2.7161	2.6839	2.732	2.7439	2.7139	2.7632	2.7384	2.7187	2.7407
2.6931	2.7486	2.7313	2.722	2.7252	2.7084	2.6698	2.6679	2.7606	2.7153	2.7026	2.7167	2.6866	2.7076	2.6948	2.6816	2.7268	2.7248	2.7323	2.7234	2.6853	2.7078	2.7306	2.7125	2.6954	2.7261	2.7046	2.732	2.7238	2.7686	2.7496	2.7418	2.7661	2.7511	2.7466	2.7313	2.6903	2.7126	3.1833	3.3168	3.2299	3.2179	3.2055	3.2593	3.2431	3.2284	3.2242	3.2838	3.2524	3.2614	3.2322	3.2203	3.2268	3.2332	3.2407	3.2686	3.2185	3.2091	3.2246	3.1531	2.6018	2.7078	2.7497	2.7256	2.7588	2.6822	2.7154	2.7117	2.6906	2.7539	2.7535	2.7578	2.7349	2.7355	2.7228	2.729	2.7386	2.7297	2.7026	2.7194	2.7257	2.7065	2.711	2.6938	2.7163	2.7579	2.7049	2.7232	2.755	2.7258	2.7047	2.7351	2.7375	2.7337	2.7447	2.7763	2.7276	2.7533	2.7349	2.7086	2.7278	2.7215	2.7088	2.7214	2.7285	2.7641	2.7458	2.741	2.7736	2.7708	2.8207	3.2685	3.4364	3.1953	3.2591	3.2306	3.2108	3.2388	3.2391	3.2386	3.2249	3.2495	3.2363	3.2155	3.2313	3.2163	3.2242	3.2528	3.2334	3.2076	3.179	3.0291	2.5901	2.9514	2.7784	2.7541	2.7325	2.7416	2.736	2.7223	2.6774	2.7529	2.7363	2.7164	2.6985	2.711	2.7076	2.7227	2.7342	2.7387	2.7473	2.7211	2.7025	2.7012	2.6886	2.7279	2.7283	2.7268	2.7458	2.7579	2.7299	2.7689	2.744	2.7217	2.7153	2.7023	2.7053	2.7219	2.7282	2.7533	2.7126	2.7505	2.7303	2.7078	2.7196	2.7202	2.7306	2.744	2.7651	2.7208	2.7323	2.7606	2.7272	2.8217	3.0628	3.3619	3.1432	3.1454	3.2028	3.2602	3.2561	3.2046	3.2377	3.2213	3.2106	3.2663	3.2821	3.249	3.2055	3.1671	3.2354	3.2401	3.1628	2.7744	2.8375	2.8361	2.7538	2.7725	2.7393	2.7211	2.7292	2.7538	2.6719	2.6868	2.7444	2.7387	2.735	2.6829	2.6868	2.7074	2.7381	2.7559	2.7012	2.7049	2.7284	2.7383	2.7304	2.7187	2.7351	2.7521	2.7516	2.7518	2.7498	2.7448	2.7031	2.7304	2.7348	2.7053	2.7069	2.7262	2.7554	2.7796	2.7631	2.7245	2.7296	2.7439	2.707	2.7139	2.7814	2.7678	2.7433	2.7469	2.7431	2.7547	2.7109	2.7252
2.6975	2.7106	2.7288	2.7291	2.7136	2.7082	2.7623	2.7513	2.6692	2.6932	2.686	2.7481	2.6946	2.7075	2.7178	2.6927	2.6984	2.7032	2.7219	2.7392	2.7317	2.742	2.7368	2.7518	2.7313	2.7477	2.7278	2.7553	2.7572	2.7425	2.7193	2.7474	2.7375	2.7492	2.7363	2.7106	2.7039	2.8682	3.3876	3.3749	3.1816	3.1961	3.2618	3.2454	3.2065	3.2251	3.1403	3.1873	3.22	3.1724	3.2105	3.2145	3.2193	3.2208	3.2098	3.2055	3.232	3.2088	3.1773	3.2406	3.1042	2.6712	2.7524	2.7557	2.6882	2.6869	2.7416	2.7145	2.72	2.7201	2.7192	2.7194	2.7344	2.7395	2.7328	2.7085	2.6837	2.695	2.7251	2.6903	2.6797	2.682	2.7111	2.7594	2.6961	2.7291	2.7346	2.7136	2.7246	2.7371	2.7334	2.7272	2.7331	2.7302	2.7069	2.7433	2.7379	2.7265	2.7152	2.7604	2.7498	2.7506	2.7439	2.7244	2.7693	2.7629	2.7728	2.7518	2.7444	2.7432	3.2072	3.3455	3.2579	3.2529	3.2657	3.2815	3.2347	3.237	3.2183	3.2417	3.2583	3.2444	3.2243	3.2077	3.2369	3.2486	3.2137	3.2212	3.2039	3.2157	3.2104	3.1826	3.0305	2.6333	2.8892	2.7304	2.7205	2.7275	2.7251	2.6765	2.6274	2.7415	2.7226	2.7281	2.7445	2.7339	2.7056	2.7229	2.7658	2.7505	2.7244	2.7217	2.7203	2.7018	2.6969	2.7195	2.7157	2.7248	2.7415	2.7539	2.7321	2.6978	2.7343	2.7531	2.7163	2.728	2.739	2.7321	2.7617	2.7282	2.7336	2.7641	2.7283	2.7466	2.7175	2.7417	2.7522	2.7596	2.75	2.7275	2.727	2.7396	2.7356	2.9387	3.3669	3.1402	3.1752	3.2688	3.242	3.1991	3.2279	3.1889	3.2394	3.2388	3.2205	3.2257	3.2582	3.2592	3.2615	3.2544	3.2241	3.2328	3.2463	3.2087	2.7001	2.8671	2.7981	2.7504	2.7394	2.7219	2.7463	2.7027	2.7117	2.7202	2.7122	2.7203	2.7352	2.7369	2.755	2.7614	2.7461	2.7389	2.6989	2.7084	2.7765	2.683	2.7257	2.7234	2.7541	2.7296	2.771	2.7728	2.7444	2.7355	2.7613	2.7197	2.7078	2.7176	2.7249	2.7694	2.7509	2.7064	2.704	2.749	2.7276	2.7399	2.7556	2.759	2.7554	2.7424	2.7379	2.7408	2.7173	2.711	2.7262	2.7712
2.7466	2.7204	2.7213	2.7371	2.7424	2.7142	2.7027	2.71	2.7231	2.715	2.7108	2.7244	2.6918	2.6982	2.7755	2.7319	2.6753	2.6755	2.7415	2.7086	2.6632	2.7026	2.7242	2.7317	2.7372	2.7285	2.7152	2.7256	2.7263	2.7737	2.7627	2.7564	2.7449	2.7571	2.728	2.6948	2.7577	3.1648	3.2499	3.1621	3.2319	3.2618	3.2708	3.2369	3.1816	3.2144	3.2323	3.1996	3.2067	3.1996	3.1946	3.2048	3.2193	3.2088	3.1877	3.198	3.2063	3.229	3.221	3.2375	3.2051	2.9754	2.7526	2.7765	2.7199	2.742	2.7099	2.7078	2.6937	2.7382	2.7668	2.698	2.6997	2.7172	2.7325	2.7537	2.725	2.7112	2.719	2.7502	2.7329	2.7462	2.7552	2.7434	2.7308	2.7317	2.7336	2.7063	2.7196	2.7267	2.757	2.7464	2.7219	2.737	2.7244	2.729	2.7456	2.7333	2.7248	2.7446	2.7536	2.7394	2.7323	2.7682	2.7505	2.7671	2.7633	2.7167	2.7393	2.7512	3.2179	3.2932	3.269	3.2207	3.2159	3.2471	3.241	3.2504	3.2711	3.2712	3.2947	3.2127	3.2138	3.2084	3.2142	3.1851	3.1945	3.2008	3.2057	3.2001	3.2085	3.1793	3.1832	2.9471	2.8376	2.7635	2.7121	2.7321	2.7406	2.7217	2.7453	2.7173	2.7143	2.7071	2.7333	2.7255	2.7359	2.7387	2.6988	2.7386	2.741	2.7368	2.7539	2.7428	2.7069	2.7218	2.7306	2.7209	2.7125	2.7446	2.7525	2.7446	2.7376	2.7114	2.6985	2.7225	2.7664	2.7343	2.748	2.7406	2.7563	2.7724	2.7605	2.7504	2.7818	2.7645	2.7435	2.7192	2.7107	2.7159	2.7474	2.708	2.8851	3.2445	3.1558	3.2143	3.2592	3.2386	3.2187	3.2233	3.216	3.2318	3.244	3.2285	3.2731	3.2171	3.2313	3.2198	3.2269	3.2488	3.229	3.1651	3.2061	3.2386	3.1808	2.8867	2.7278	2.8223	2.7038	2.7265	2.7384	2.7563	2.7344	2.7064	2.7131	2.7057	2.743	2.7522	2.7559	2.7477	2.733	2.7382	2.6956	2.7273	2.7238	2.7056	2.6769	2.7353	2.7003	2.7079	2.7227	2.7378	2.7284	2.7199	2.7129	2.7338	2.7546	2.7523	2.7556	2.7461	2.7891	2.7372	2.7711	2.7408	2.7354	2.7343	2.7277	2.7297	2.7097	2.7454	2.7919	2.7662	2.714	2.7349	2.7162	2.7529
2.71	2.6999	2.7065	2.7118	2.7262	2.7158	2.7278	2.709	2.745	2.7389	2.718	2.7596	2.6965	2.7351	2.7278	2.7289	2.7533	2.7612	2.7248	2.7441	2.7345	2.719	2.7103	2.7526	2.7627	2.7425	2.7441	2.7193	2.697	2.7285	2.7112	2.7448	2.7154	2.7534	2.7907	2.7212	2.8909	3.1973	3.2788	3.2629	3.2489	3.2417	3.244	3.2358	3.2576	3.2021	3.2297	3.2322	3.266	3.2592	3.2518	3.2498	3.2089	3.207	3.1962	3.2421	3.2091	3.218	3.206	3.1821	3.1927	3.1218	2.7836	2.6748	2.7415	2.7175	2.759	2.7223	2.71	2.7143	2.7052	2.7047	2.7386	2.7136	2.68	2.6625	2.7182	2.7277	2.7093	2.696	2.7076	2.7331	2.7219	2.7077	2.7238	2.7056	2.7194	2.7246	2.7044	2.7313	2.722	2.7361	2.7165	2.7177	2.7117	2.7355	2.751	2.7597	2.7749	2.763	2.7496	2.7229	2.7495	2.7614	2.7804	2.7666	2.7304	2.7547	2.7624	2.9177	3.1767	3.1927	3.2351	3.2605	3.2163	3.19	3.2609	3.2583	3.2219	3.2052	3.1994	3.2257	3.2133	3.2547	3.2394	3.2271	3.2106	3.226	3.2434	3.1656	3.2625	3.2482	3.2472	3.1678	2.7373	2.747	2.7209	2.7147	2.7401	2.7427	2.7611	2.7626	2.749	2.7489	2.7397	2.7345	2.7441	2.7502	2.6925	2.7167	2.7423	2.7272	2.7398	2.7269	2.7179	2.7094	2.7019	2.7085	2.6981	2.7254	2.7127	2.7283	2.7572	2.7276	2.7272	2.7182	2.7629	2.7402	2.7388	2.7373	2.7537	2.7408	2.7494	2.748	2.7455	2.7647	2.7737	2.7153	2.732	2.739	2.7269	2.7654	3.0628	3.2786	3.1528	3.2383	3.2645	3.2411	3.2236	3.2558	3.2573	3.218	3.2403	3.2375	3.2451	3.2301	3.168	3.2039	3.2285	3.2154	3.1887	3.1716	3.1875	3.2241	3.2398	3.1622	2.7362	2.9114	2.7319	2.7244	2.698	2.7093	2.7438	2.7354	2.7261	2.7521	2.7441	2.7247	2.7248	2.7275	2.7331	2.7287	2.7501	2.7246	2.7288	2.7639	2.7481	2.7405	2.7243	2.7044	2.7067	2.7163	2.715	2.7298	2.753	2.7453	2.7075	2.7273	2.7436	2.7351	2.7186	2.7156	2.7295	2.7356	2.7657	2.7506	2.7165	2.7266	2.7076	2.7615	2.7884	2.7403	2.7345	2.745	2.7441	2.9822
2.7298	2.6963	2.682	2.7	2.7212	2.6665	2.7174	2.6765	2.7073	2.7294	2.7224	2.7202	2.6878	2.7053	2.6981	2.6933	2.6941	2.68	2.7068	2.7324	2.7239	2.6696	2.7457	2.7066	2.6977	2.7304	2.7343	2.7302	2.7194	2.7464	2.7495	2.7293	2.7344	2.7647	2.7337	2.7086	2.8501	3.2089	3.1418	3.2667	3.2326	3.1977	3.2315	3.26	3.2253	3.1905	3.2598	3.2234	3.1662	3.1501	3.2063	3.1938	3.1822	3.2172	3.2349	3.1688	3.199	3.2101	3.2181	3.2154	3.2415	3.2151	2.7192	2.7319	2.7654	2.709	2.7128	2.7446	2.7235	2.7355	2.7342	2.7339	2.7288	2.7464	2.7484	2.7497	2.7293	2.7133	2.7306	2.7533	2.7237	2.7461	2.7242	2.7506	2.7549	2.7377	2.7162	2.7223	2.7409	2.7368	2.7368	2.7484	2.7427	2.7414	2.7358	2.7044	2.7306	2.7621	2.7191	2.7566	2.7464	2.7697	2.7314	2.7473	2.7712	2.7616	2.7624	2.7434	2.7812	3.2584	3.2619	3.2305	3.2178	3.2345	3.2055	3.2421	3.2406	3.2297	3.2523	3.2194	3.2342	3.223	3.2272	3.2234	3.2162	3.2247	3.195	3.2329	3.1779	3.2205	3.2515	3.2254	3.2473	3.2014	2.9606	2.5716	2.6802	2.7021	2.7348	2.7373	2.7524	2.7488	2.7598	2.7326	2.7235	2.7438	2.712	2.7341	2.7003	2.7428	2.7481	2.7425	2.7421	2.7532	2.801	2.7444	2.7641	2.7626	2.754	2.7515	2.7372	2.6923	2.7203	2.7567	2.7268	2.6987	2.7721	2.7564	2.7354	2.7266	2.7394	2.7158	2.7195	2.7116	2.7517	2.7291	2.757	2.7674	2.773	2.7481	2.7492	2.8599	3.1942	3.3405	3.2264	3.2597	3.2769	3.2557	3.2586	3.2793	3.1744	3.1901	3.2597	3.236	3.1756	3.22	3.2592	3.23	3.2273	3.2107	3.2128	3.2083	3.2162	3.1918	3.2485	3.2066	2.9618	2.4798	2.757	2.7335	2.7296	2.7228	2.7089	2.7034	2.7247	2.7169	2.7176	2.7337	2.7791	2.7413	2.7036	2.7368	2.7488	2.725	2.7488	2.7299	2.7518	2.7081	2.7421	2.7512	2.7455	2.7223	2.726	2.7446	2.7297	2.7324	2.726	2.7098	2.7234	2.7338	2.7157	2.7376	2.7369	2.7321	2.742	2.7326	2.7262	2.7408	2.7626	2.7362	2.7272	2.7326	2.694	2.6846	2.746	3.2331
2.6962	2.6976	2.6976	2.6911	2.6975	2.6783	2.6736	2.721	2.7312	2.6687	2.7006	2.7247	2.7276	2.7081	2.7144	2.7272	2.7297	2.7387	2.7063	2.7484	2.7173	2.7402	2.7522	2.7572	2.7266	2.7352	2.776	2.7412	2.7247	2.7377	2.7421	2.7284	2.7279	2.7317	2.7204	2.747	3.0248	3.184	3.2464	3.2487	3.2036	3.2513	3.2335	3.2436	3.2378	3.1983	3.1907	3.1909	3.165	3.2262	3.2314	3.1784	3.1635	3.1917	3.2018	3.2233	3.2016	3.2221	3.1984	3.2227	3.2482	3.2031	2.9442	2.6548	2.7622	2.7165	2.7102	2.7016	2.7372	2.7491	2.7409	2.7639	2.7383	2.7197	2.7264	2.7405	2.7302	2.7422	2.7378	2.7294	2.716	2.7493	2.7355	2.7309	2.7734	2.6946	2.7508	2.744	2.7287	2.7374	2.7466	2.7203	2.7375	2.7092	2.7503	2.7235	2.7194	2.7489	2.7153	2.7477	2.7428	2.7431	2.7627	2.7628	2.7437	2.7638	2.7235	2.7336	2.851	3.1977	3.248	3.2361	3.2528	3.2631	3.2332	3.2211	3.2273	3.2262	3.2447	3.2538	3.2231	3.2101	3.1916	3.1834	3.1967	3.2217	3.2021	3.2056	3.2343	3.2316	3.174	3.27	3.2562	3.2501	3.2159	2.4383	2.8054	2.7569	2.7354	2.7171	2.7365	2.7116	2.685	2.6945	2.7057	2.7091	2.6967	2.7092	2.713	2.733	2.7553	2.7245	2.6998	2.7242	2.7082	2.717	2.7311	2.7179	2.7125	2.7169	2.7444	2.7404	2.7417	2.7491	2.7233	2.7128	2.7005	2.7318	2.7518	2.7063	2.6908	2.7242	2.7295	2.7468	2.7387	2.7631	2.774	2.7494	2.7133	2.7246	2.7183	2.9409	3.1963	3.1953	3.2651	3.2773	3.2505	3.2475	3.2581	3.2436	3.2433	3.245	3.2336	3.1857	3.2268	3.1613	3.1925	3.191	3.2275	3.2005	3.1886	3.2296	3.2475	3.2309	3.2312	3.2637	3.2159	2.8291	2.7361	2.7345	2.7467	2.7126	2.712	2.7107	2.7574	2.6885	2.6862	2.7598	2.7362	2.7539	2.7248	2.7269	2.7267	2.726	2.7263	2.7621	2.7207	2.7429	2.7581	2.7449	2.746	2.7603	2.7517	2.7301	2.7276	2.735	2.7597	2.7316	2.6963	2.7421	2.7396	2.7313	2.7361	2.7549	2.7291	2.6996	2.7538	2.7568	2.7697	2.7602	2.7447	2.7173	2.7195	2.7086	2.8073	3.1991
2.6808	2.7099	2.6961	2.6964	2.7098	2.6797	2.7227	2.7029	2.7087	2.7204	2.7549	2.7126	2.6826	2.7127	2.7014	2.6855	2.717	2.7777	2.7111	2.7226	2.6997	2.7292	2.775	2.7724	2.7393	2.7216	2.7311	2.7562	2.762	2.7699	2.7579	2.7143	2.6981	2.6657	2.7419	2.7645	3.0244	3.2817	3.2226	3.2361	3.2436	3.2495	3.2504	3.2392	3.2374	3.2209	3.2209	3.264	3.229	3.2211	3.2098	3.2635	3.2373	3.2272	3.1998	3.195	3.2013	3.2208	3.2098	3.1724	3.2129	3.2447	3.2121	2.5757	2.7469	2.7026	2.7081	2.7302	2.7175	2.7412	2.7479	2.7117	2.6933	2.7082	2.7338	2.7141	2.7054	2.7436	2.7389	2.742	2.7392	2.7226	2.7321	2.7259	2.7434	2.7111	2.7119	2.7398	2.7014	2.6951	2.7167	2.707	2.7428	2.7502	2.7437	2.7384	2.7501	2.7422	2.7363	2.7186	2.7628	2.7747	2.7729	2.7554	2.7272	2.7331	2.7285	2.7581	2.8677	3.2155	3.2102	3.1955	3.2028	3.1946	3.2169	3.2355	3.2593	3.2387	3.207	3.222	3.2242	3.2309	3.2513	3.2687	3.2131	3.1926	3.1795	3.1688	3.1979	3.1971	3.1952	3.2123	3.2152	3.2228	3.1537	2.8296	2.6959	2.714	2.7236	2.7486	2.746	2.748	2.7243	2.6846	2.7409	2.7481	2.7692	2.7452	2.7292	2.7169	2.725	2.7389	2.7213	2.7038	2.731	2.7145	2.7084	2.6741	2.7141	2.7686	2.7082	2.7498	2.755	2.7194	2.7289	2.7339	2.7234	2.7412	2.7367	2.7716	2.7762	2.7511	2.7331	2.7892	2.7469	2.7457	2.7609	2.7507	2.7628	2.7404	2.738	3.0878	3.3139	3.1954	3.2291	3.2342	3.24	3.2564	3.2626	3.2377	3.2341	3.2624	3.2373	3.2089	3.2491	3.2107	3.2424	3.2079	3.2232	3.2095	3.1686	3.1455	3.1804	3.2221	3.2182	3.2394	3.2153	3.0028	2.4957	2.7528	2.7032	2.727	2.7172	2.7307	2.69	2.7347	2.7419	2.7378	2.7277	2.6767	2.7498	2.7267	2.723	2.7652	2.7559	2.745	2.7131	2.6968	2.757	2.722	2.7481	2.7229	2.7452	2.6991	2.7316	2.7155	2.7696	2.7946	2.7186	2.7085	2.7417	2.7437	2.7525	2.7259	2.726	2.7323	2.7729	2.7339	2.7572	2.7112	2.7392	2.7216	2.7197	2.7205	2.9677	3.1744
2.682	2.6845	2.6956	2.7129	2.6978	2.6842	2.689	2.6947	2.6724	2.7017	2.7511	2.7032	2.7036	2.7062	2.6971	2.7076	2.6747	2.6899	2.7115	2.7339	2.7066	2.7327	2.7094	2.7653	2.7203	2.7559	2.7527	2.7675	2.7505	2.7415	2.716	2.7318	2.7474	2.7421	2.7118	2.8669	3.1184	3.3335	3.2308	3.2495	3.2301	3.2073	3.2176	3.2216	3.1983	3.2128	3.1974	3.2041	3.1986	3.2473	3.1558	3.1544	3.2158	3.2232	3.2214	3.1891	3.1747	3.1869	3.2087	3.1514	3.1777	3.1783	3.1413	2.6984	2.7805	2.7314	2.696	2.7386	2.7123	2.687	2.7044	2.7055	2.7223	2.7312	2.7495	2.7085	2.6961	2.7122	2.7551	2.7492	2.7472	2.6902	2.6818	2.7316	2.7513	2.7229	2.7154	2.7604	2.7472	2.6996	2.7027	2.7319	2.6749	2.7069	2.7006	2.7451	2.7462	2.7272	2.7191	2.7266	2.7458	2.7469	2.7275	2.7493	2.7497	2.7372	2.7168	2.7345	3.0227	3.2812	3.2417	3.2282	3.2311	3.236	3.2661	3.2531	3.2368	3.1873	3.2248	3.2263	3.2	3.199	3.1746	3.1872	3.1883	3.1871	3.236	3.2232	3.1833	3.1965	3.2069	3.1896	3.2284	3.2153	3.2122	2.8069	2.4818	2.7521	2.7317	2.7092	2.6934	2.6953	2.7495	2.729	2.7339	2.7137	2.7263	2.7503	2.7564	2.7447	2.7459	2.7634	2.7541	2.7398	2.752	2.7662	2.7518	2.7536	2.7372	2.7155	2.7529	2.7362	2.7391	2.7231	2.7289	2.7715	2.7717	2.7465	2.7674	2.7428	2.7504	2.7553	2.7649	2.7398	2.7446	2.7202	2.7157	2.7379	2.7494	2.7406	2.7616	3.1478	3.307	3.238	3.3066	3.1915	3.2142	3.2262	3.2375	3.2389	3.2495	3.114	3.2365	3.1885	3.1936	3.1882	3.1967	3.1675	3.1752	3.2132	3.228	3.2087	3.2267	3.2359	3.2416	3.192	3.1927	3.0376	2.352	2.7328	2.7391	2.7019	2.7342	2.7199	2.74	2.6943	2.7088	2.714	2.7379	2.737	2.7259	2.738	2.7357	2.7373	2.7617	2.7623	2.7202	2.7324	2.729	2.7179	2.7823	2.7417	2.7361	2.7623	2.7411	2.7504	2.7447	2.7271	2.7407	2.7585	2.7493	2.7776	2.7642	2.7394	2.7303	2.732	2.7132	2.7574	2.7822	2.7676	2.7519	2.755	2.7091	2.8699	3.1671	3.363
2.7079	2.7185	2.7001	2.6876	2.678	2.6897	2.7319	2.7209	2.7571	2.7133	2.7215	2.699	2.7204	2.7139	2.7102	2.7336	2.7273	2.7306	2.7528	2.7535	2.7312	2.6748	2.7058	2.715	2.7264	2.725	2.7676	2.7981	2.761	2.7138	2.7593	2.7239	2.768	2.7812	2.7154	2.7439	3.0718	3.1366	3.2737	3.2608	3.26	3.1827	3.2493	3.2048	3.1601	3.2857	3.244	3.2128	3.2284	3.2342	3.2074	3.1892	3.2078	3.1961	3.2035	3.1889	3.1941	3.1484	3.1383	3.2195	3.2391	3.2238	3.0632	2.7076	2.4764	2.7178	2.7161	2.7159	2.7283	2.7366	2.7384	2.7425	2.6912	2.6727	2.7111	2.7128	2.7234	2.7535	2.733	2.7313	2.7072	2.7384	2.7378	2.7173	2.6845	2.7022	2.7069	2.7279	2.7619	2.7222	2.7296	2.7438	2.7597	2.7461	2.7264	2.7357	2.7624	2.6301	2.7393	2.7568	2.7794	2.7648	2.7643	2.7519	2.727	2.678	2.7531	2.7144	2.9525	3.3401	3.219	3.264	3.2471	3.2433	3.2486	3.2508	3.1872	3.2383	3.2323	3.2237	3.2174	3.2	3.1735	3.203	3.1918	3.2079	3.2058	3.2426	3.2084	3.1661	3.1914	3.1441	3.2075	3.2306	3.2179	2.9844	2.5846	2.6579	2.7237	2.7301	2.7267	2.6781	2.7327	2.7541	2.7494	2.7164	2.7597	2.7673	2.6898	2.6991	2.6964	2.7598	2.7652	2.7339	2.7522	2.7171	2.7278	2.7207	2.7456	2.7211	2.7306	2.7144	2.7541	2.7556	2.7729	2.7562	2.7604	2.7253	2.7402	2.7425	2.7091	2.7267	2.7585	2.7051	2.7515	2.7617	2.7371	2.7063	2.7456	2.7265	2.8398	3.0397	3.2281	3.2294	3.2133	3.272	3.2473	3.2298	3.2446	3.2609	3.2241	3.2142	3.2394	3.2399	3.1489	3.1631	3.1776	3.1705	3.2244	3.2177	3.1792	3.1602	3.1332	3.182	3.2298	3.2436	3.2452	3.098	2.5562	2.6871	2.7273	2.7331	2.7043	2.7285	2.7346	2.7424	2.7386	2.7352	2.7322	2.6878	2.7213	2.6731	2.7142	2.7455	2.7387	2.719	2.6912	2.716	2.7445	2.7287	2.7503	2.7142	2.7002	2.7177	2.6924	2.7153	2.7159	2.7258	2.7409	2.7402	2.739	2.7426	2.731	2.7344	2.7306	2.702	2.7296	2.7474	2.7819	2.7545	2.7154	2.7068	2.7192	2.7588	3.2302	3.2849
2.7105	2.7135	2.6642	2.685	2.7064	2.7113	2.7252	2.7315	2.7372	2.7095	2.7339	2.6848	2.7189	2.7164	2.6744	2.7059	2.7141	2.7003	2.6892	2.707	2.757	2.7384	2.7613	2.743	2.6928	2.6703	2.7304	2.7749	2.7618	2.7238	2.7331	2.7471	2.7289	2.725	2.7131	2.7839	3.0229	3.2443	3.2262	3.246	3.243	3.2041	3.2486	3.2398	3.162	3.2312	3.2362	3.1947	3.1609	3.1747	3.1682	3.1909	3.2163	3.2268	3.1911	3.1542	3.1861	3.1786	3.2384	3.2413	3.2243	3.2506	3.1611	2.9216	2.4586	2.7005	2.7387	2.7203	2.6888	2.6981	2.7583	2.7712	2.7118	2.7243	2.7128	2.7305	2.7326	2.733	2.7255	2.7362	2.7031	2.7069	2.7203	2.7376	2.7269	2.7306	2.8099	2.8232	2.7552	2.7335	2.7558	2.7379	2.7144	2.7272	2.7179	2.7758	2.7572	2.7674	2.7405	2.759	2.7661	2.7565	2.7628	2.7699	2.7568	2.745	2.7489	2.7178	2.911	3.2276	3.2503	3.2727	3.2443	3.2411	3.2319	3.2057	3.2366	3.2241	3.1954	3.2204	3.1839	3.1992	3.1918	3.2246	3.2339	3.1891	3.1627	3.183	3.1966	3.2104	3.1945	3.2011	3.2192	3.2477	3.2174	3.0604	2.5575	2.5968	2.6997	2.7176	2.6919	2.7522	2.7248	2.7095	2.7118	2.7587	2.7291	2.7657	2.7587	2.7349	2.7258	2.7081	2.6951	2.7169	2.7488	2.7774	2.7357	2.7397	2.7215	2.6949	2.7356	2.7191	2.7338	2.748	2.7477	2.7429	2.7371	2.7378	2.7422	2.7253	2.7296	2.7492	2.7655	2.7571	2.7398	2.766	2.747	2.7373	2.7702	2.6984	2.7972	3.1323	3.2369	3.2283	3.2547	3.2761	3.2475	3.2264	3.2466	3.2338	3.233	3.268	3.1466	3.1362	3.1592	3.1897	3.2236	3.1746	3.2118	3.2165	3.1702	3.1941	3.1792	3.2002	3.2243	3.211	3.1988	3.198	2.7015	2.4326	2.7501	2.761	2.7348	2.7179	2.711	2.7124	2.737	2.7122	2.7415	2.7377	2.7359	2.7474	2.7232	2.7164	2.7253	2.7484	2.7604	2.7514	2.7391	2.7053	2.7098	2.7678	2.7695	2.7726	2.7346	2.7472	2.6975	2.7414	2.7632	2.7404	2.7294	2.7341	2.7512	2.7397	2.7341	2.7455	2.7563	2.7885	2.7641	2.7236	2.7511	2.7271	2.677	2.93	3.1311	3.2066
2.6474	2.6697	2.7087	2.7385	2.7392	2.7368	2.7112	2.705	2.6593	2.6517	2.7209	2.718	2.7365	2.726	2.6872	2.7036	2.7403	2.7327	2.7152	2.7328	2.7232	2.7252	2.7475	2.7136	2.7179	2.7237	2.7312	2.7325	2.7433	2.7206	2.729	2.7372	2.7735	2.7796	2.7173	2.6814	3.0024	3.1919	3.2301	3.238	3.2098	3.2346	3.257	3.2543	3.1946	3.2324	3.2312	3.2329	3.1849	3.1806	3.2099	3.2139	3.1979	3.2368	3.0661	3.1888	3.2264	3.2238	3.1927	3.2299	3.1973	3.204	3.162	2.6709	2.4591	2.74	2.7571	2.7434	2.7263	2.7064	2.7099	2.7383	2.7252	2.7314	2.7483	2.7626	2.7701	2.7108	2.713	2.7073	2.7205	2.7201	2.7042	2.7169	2.7078	2.72	2.8174	2.3	2.6033	2.7402	2.7279	2.7525	2.711	2.7402	2.7489	2.7469	2.7327	2.7523	2.7385	2.7297	2.7425	2.7244	2.7092	2.7265	2.7436	2.7384	2.7554	2.7166	3.032	3.2946	3.16	3.2446	3.2361	3.2612	3.2536	3.2008	3.2002	3.2503	3.2038	3.2458	3.1905	3.219	3.2291	3.1765	3.2277	3.2184	3.1905	3.1832	3.1811	3.1659	3.1988	3.2289	3.2448	3.2106	3.1813	2.9099	2.3923	2.7699	2.7575	2.7329	2.7333	2.7315	2.7104	2.7243	2.7173	2.7132	2.7359	2.7264	2.725	2.7467	2.761	2.7544	2.7366	2.7392	2.753	2.7423	2.7415	2.7062	2.6965	2.7143	2.7145	2.716	2.7378	2.7708	2.7443	2.7322	2.7241	2.7237	2.7412	2.7459	2.7295	2.7313	2.7676	2.804	2.7507	2.7894	2.7527	2.7165	2.77	2.7337	2.8766	3.169	3.3007	3.2709	3.2535	3.267	3.283	3.2803	3.2418	3.2151	3.232	3.2625	3.1914	3.2117	3.1794	3.2268	3.2096	3.1695	3.2132	3.2187	3.1961	3.2071	3.215	3.1878	3.1781	3.1845	3.2086	3.1723	2.8655	2.7159	2.7532	2.7049	2.7077	2.7004	2.7515	2.7107	2.7018	2.6921	2.7338	2.7549	2.7225	2.6908	2.6931	2.7511	2.7304	2.7348	2.7468	2.7719	2.7157	2.718	2.7141	2.7105	2.7396	2.7088	2.7252	2.7455	2.72	2.7297	2.736	2.7026	2.7107	2.7424	2.742	2.7212	2.7337	2.7712	2.7511	2.7623	2.744	2.7655	2.748	2.763	2.7772	3.0359	3.2622	3.251
2.7166	2.7006	2.6785	2.7096	2.6811	2.6897	2.7256	2.711	2.6803	2.7086	2.7048	2.7009	2.713	2.7431	2.7329	2.7102	2.7225	2.716	2.7053	2.7338	2.7407	2.7315	2.7246	2.7097	2.7123	2.7264	2.7554	2.7421	2.765	2.6978	2.7287	2.7762	2.7564	2.7467	2.7274	2.7378	2.8754	3.2	3.1893	3.2305	3.2244	3.2508	3.2283	3.2137	3.2135	3.169	3.2143	3.2182	3.2129	3.2138	3.1926	3.1666	3.198	3.2113	3.1755	3.1806	3.1887	3.2299	3.178	3.1927	3.1883	3.1792	3.0531	2.7379	2.5879	2.7056	2.7383	2.6962	2.7299	2.7252	2.6709	2.6937	2.7049	2.7032	2.7226	2.6721	2.7135	2.7107	2.7094	2.7337	2.7519	2.7414	2.7107	2.7529	2.7275	2.7482	2.7531	2.7524	2.7149	2.7057	2.7397	2.7262	2.7402	2.7487	2.7365	2.7262	2.7452	2.7608	2.7394	2.7403	2.7589	2.7352	2.7657	2.7668	2.7406	2.7199	2.7215	2.7424	2.8699	3.3465	3.2094	3.2464	3.248	3.2675	3.2572	3.2278	3.2312	3.2152	3.2068	3.2172	3.1983	3.1952	3.2244	3.2065	3.2193	3.209	3.1798	3.1868	3.1947	3.2002	3.1629	3.183	3.2004	3.1965	3.1505	2.9878	2.5682	2.7137	2.6923	2.7085	2.6882	2.6444	2.7136	2.7157	2.7392	2.6982	2.6962	2.7053	2.7154	2.7312	2.7174	2.7208	2.7647	2.7348	2.7084	2.6742	2.7309	2.7438	2.7149	2.7152	2.7242	2.7412	2.7307	2.7481	2.7721	2.781	2.7456	2.7623	2.7623	2.7695	2.7574	2.7704	2.7711	2.7187	2.7555	2.763	2.7278	2.7319	2.7242	2.7409	2.8179	3.1085	3.2422	3.2508	3.2566	3.2508	3.2394	3.1975	3.1994	3.241	3.2485	3.2187	3.2007	3.2349	3.2322	3.2024	3.2182	3.1358	3.1904	3.1952	3.2161	3.2042	3.2058	3.208	3.1961	3.2019	3.1885	3.1733	2.8079	2.4887	2.6811	2.7485	2.7257	2.7123	2.7032	2.7166	2.7092	2.7204	2.7394	2.7377	2.7394	2.7422	2.7111	2.7657	2.7398	2.6919	2.7215	2.7113	2.7313	2.7443	2.7324	2.726	2.7347	2.7428	2.7445	2.754	2.7237	2.7238	2.7239	2.7374	2.7231	2.7298	2.768	2.7803	2.7331	2.7666	2.7621	2.7373	2.7341	2.7388	2.7677	2.7628	2.7068	2.7901	3.2793	3.1878
2.7013	2.6669	2.7038	2.712	2.6955	2.7219	2.7065	2.6788	2.6886	2.7331	2.7212	2.7067	2.703	2.7123	2.7186	2.7461	2.7519	2.703	2.7728	2.7345	2.7466	2.7536	2.7322	2.7081	2.7135	2.7345	2.7724	2.7604	2.7379	2.7472	2.7626	2.73	2.7381	2.7556	2.777	2.7567	2.8463	3.113	3.1891	3.2192	3.241	3.2627	3.2022	3.257	3.2179	3.2408	3.2085	3.1859	3.2068	3.1972	3.1974	3.1766	3.1748	3.2078	3.2395	3.1954	3.2199	3.2223	3.085	3.2397	3.2199	3.1873	3.0501	2.506	2.4964	2.7001	2.6937	2.6646	2.7021	2.7026	2.711	2.7408	2.7015	2.7092	2.7129	2.7445	2.7602	2.7295	2.704	2.7398	2.735	2.7234	2.7234	2.7452	2.7624	2.7521	2.708	2.7236	2.6847	2.719	2.7062	2.7111	2.709	2.7337	2.7032	2.7245	2.7446	2.7172	2.7126	2.7381	2.7314	2.728	2.7583	2.7663	2.7211	2.7279	2.7273	2.7374	2.7388	3.3573	3.2201	3.3112	3.2966	3.2714	3.2536	3.2477	3.2795	3.2531	3.2555	3.243	3.1948	3.2596	3.2138	3.2421	3.213	3.1898	3.2327	3.2177	3.2148	3.2124	3.1995	3.1959	3.2184	3.2115	3.2393	2.9356	2.301	2.7476	2.7186	2.7082	2.7371	2.7305	2.7118	2.7278	2.7274	2.7308	2.73	2.7154	2.7317	2.7316	2.7591	2.7375	2.7302	2.7244	2.7401	2.7373	2.6955	2.7614	2.7632	2.7455	2.7303	2.7448	2.7545	2.7624	2.7406	2.7384	2.7202	2.7514	2.7429	2.7302	2.7469	2.7557	2.7549	2.7379	2.7649	2.7673	2.7474	2.7753	2.7527	2.736	2.7598	3.087	3.288	3.2309	3.2369	3.2594	3.2247	3.1824	3.254	3.2588	3.2423	3.1947	3.2503	3.2236	3.2097	3.2126	3.2264	3.2057	3.1767	3.1944	3.2185	3.2016	3.1948	3.2121	3.2243	3.1919	3.2194	3.1609	2.5631	2.6796	2.7201	2.7219	2.7195	2.7229	2.7075	2.6785	2.6898	2.6703	2.7214	2.7079	2.7086	2.7106	2.7094	2.7538	2.7362	2.7453	2.7043	2.6908	2.7089	2.7267	2.7189	2.7135	2.7448	2.7315	2.7246	2.7286	2.7239	2.7166	2.7695	2.7636	2.7679	2.7579	2.7409	2.7633	2.7446	2.744	2.7684	2.7174	2.7674	2.7554	2.7209	2.7419	2.7112	2.8041	3.147	3.2091
2.7046	2.7325	2.7338	2.7057	2.7172	2.7618	2.7433	2.7392	2.7507	2.7193	2.7159	2.7262	2.7217	2.7414	2.7461	2.7276	2.7102	2.7008	2.7156	2.7423	2.7617	2.7727	2.7538	2.7644	2.6637	2.7122	2.7395	2.7607	2.7368	2.7511	2.7332	2.7288	2.7545	2.7589	2.7399	2.7254	2.7593	3.22	3.3159	3.2052	3.1796	3.2228	3.2733	3.2495	3.1934	3.2231	3.1949	3.1792	3.2014	3.1897	3.1402	3.1839	3.1594	3.1765	3.1831	3.1832	3.1715	3.2039	3.2117	3.2136	3.2323	3.1952	2.9281	2.6191	2.7395	2.7423	2.6957	2.6823	2.732	2.7146	2.7126	2.7431	2.6977	2.7044	2.6922	2.6998	2.7226	2.7162	2.714	2.7123	2.7333	2.7342	2.7361	2.7223	2.7354	2.7278	2.7171	2.7272	2.7461	2.7639	2.7607	2.7243	2.7317	2.7455	2.7469	2.7395	2.7737	2.756	2.7211	2.7699	2.7563	2.7386	2.7425	2.7658	2.7555	2.7602	2.7533	2.7396	2.7677	3.1933	3.2584	3.2258	3.2026	3.2359	3.2651	3.2137	3.2255	3.2912	3.2762	3.2268	3.1915	3.1878	3.1859	3.1309	3.1603	3.2253	3.2004	3.18	3.1923	3.2249	3.1944	3.2104	3.2203	3.2554	3.2106	2.669	2.444	2.7462	2.7361	2.7113	2.7152	2.7289	2.7249	2.7114	2.6995	2.707	2.7103	2.7429	2.7607	2.7639	2.7525	2.7478	2.7083	2.7398	2.7359	2.7409	2.7401	2.7039	2.727	2.7406	2.7373	2.7066	2.7392	2.7425	2.7679	2.7562	2.7537	2.7516	2.7304	2.6985	2.7013	2.7667	2.7817	2.7556	2.7394	2.7534	2.747	2.7133	2.7386	2.7369	2.7407	2.9711	3.2854	3.2179	3.2474	3.2381	3.2233	3.2474	3.2609	3.2484	3.2455	3.2624	3.2553	3.2217	3.2059	3.1968	3.2186	3.2341	3.197	3.1757	3.2026	3.2413	3.2313	3.2114	3.1801	3.2235	3.2228	3.1303	2.6481	2.629	2.6793	2.6875	2.6895	2.7066	2.704	2.7004	2.7115	2.7659	2.7598	2.7323	2.7247	2.7104	2.7184	2.7346	2.7255	2.7423	2.7594	2.7574	2.7525	2.7101	2.6925	2.7115	2.7303	2.7582	2.752	2.7338	2.7413	2.7221	2.7378	2.7152	2.7632	2.7704	2.7629	2.7266	2.7589	2.7315	2.738	2.7727	2.7502	2.7718	2.7662	2.7626	2.7234	2.7641	3.197	3.3017
2.7546	2.7296	2.7323	2.7297	2.728	2.7223	2.6723	2.7171	2.711	2.687	2.6905	2.6949	2.7565	2.7123	2.6894	2.682	2.7058	2.6969	2.7094	2.7145	2.7377	2.736	2.726	2.7311	2.7389	2.738	2.735	2.7428	2.748	2.7704	2.7835	2.7749	2.7641	2.7563	2.7757	2.7356	2.7023	3.0096	3.1876	3.1514	3.2261	3.2247	3.2279	3.2257	3.2279	3.2218	3.2284	3.2484	3.2405	3.2186	3.1808	3.1751	3.2164	3.2135	3.2366	3.2326	3.1932	3.1731	3.1563	3.2111	3.2184	3.1395	2.7224	2.5045	2.702	2.6984	2.7059	2.72	2.7044	2.6609	2.6848	2.7031	2.6617	2.6385	2.733	2.7268	2.7469	2.7361	2.7019	2.705	2.7413	2.7259	2.7315	2.7553	2.7239	2.7155	2.7308	2.7274	2.7278	2.7123	2.7302	2.7494	2.7718	2.7551	2.6657	2.7627	2.7468	2.7821	2.7827	2.7487	2.7401	2.7394	2.7555	2.7687	2.7681	2.7792	2.7841	2.7457	2.6421	2.8833	3.1317	3.1875	3.2333	3.2853	3.2829	3.2016	3.2274	3.2142	3.2253	3.2453	3.2317	3.1697	3.2203	3.2212	3.2159	3.2195	3.1785	3.1762	2.8263	3.1919	3.215	3.2274	3.1912	3.2013	3.1296	2.7132	2.744	2.7342	2.7369	2.7277	2.7107	2.7134	2.7297	2.739	2.7083	2.7208	2.7371	2.7641	2.7027	2.7335	2.7075	2.7209	2.7315	2.7358	2.7516	2.7481	2.7585	2.7521	2.7229	2.7577	2.744	2.7313	2.7113	2.6947	2.6949	2.7265	2.7543	2.7726	2.77	2.7561	2.7334	2.7693	2.74	2.7351	2.7872	2.7329	2.7506	2.742	2.7467	2.7341	2.7125	2.9127	3.0906	3.2079	3.2912	3.2689	3.2621	3.2632	3.2523	3.1981	3.2678	3.2497	3.2545	3.2442	3.2399	3.2197	3.205	3.194	3.2263	3.2054	3.2212	3.2344	3.1865	3.2171	3.2422	3.2589	3.2542	3.1146	2.3576	2.6038	2.7174	2.7154	2.699	2.6855	2.7064	2.7022	2.7031	2.6993	2.6896	2.7229	2.7533	2.7177	2.6745	2.73	2.7266	2.7272	2.739	2.7404	2.7366	2.7499	2.7135	2.7471	2.7448	2.7292	2.7288	2.7596	2.7483	2.7421	2.7637	2.7855	2.7848	2.7505	2.7609	2.7583	2.7681	2.7794	2.7665	2.7577	2.7426	2.7783	2.7439	2.7222	2.7148	2.7735	3.3369	3.2229
2.6854	2.6809	2.7304	2.6887	2.6909	2.6907	2.7507	2.7457	2.7259	2.6871	2.7148	2.7512	2.7616	2.698	2.7207	2.7241	2.7363	2.7265	2.7441	2.7567	2.7265	2.7086	2.7153	2.7048	2.763	2.7637	2.7463	2.7669	2.7738	2.7742	2.7703	2.7544	2.7437	2.7438	2.7336	2.7097	2.7358	2.749	2.9869	3.0563	3.1694	3.2397	3.2221	3.2071	3.23	3.2357	3.2267	3.1812	3.1835	3.1721	3.2205	3.2245	3.1939	3.1943	3.2315	3.158	3.1973	3.2213	3.2469	3.2298	3.201	3.1022	2.4791	2.7654	2.7318	2.7116	2.7247	2.6779	2.7322	2.7165	2.6862	2.6902	2.6898	2.7156	2.7282	2.7305	2.7085	2.6956	2.7207	2.7311	2.7242	2.7657	2.774	2.7559	2.7348	2.7368	2.7136	2.7422	2.745	2.7125	2.711	2.75	2.7503	2.7551	2.7366	2.7297	2.7327	2.7777	2.7547	2.7455	2.7139	2.7413	2.756	2.761	2.739	2.7147	2.7347	2.7182	2.7072	2.7879	3.2069	3.1157	3.2406	3.2583	3.2623	3.2306	3.2583	3.2127	3.2052	3.1944	3.2221	3.2452	3.2028	3.1519	3.1887	3.174	3.2287	3.187	3.1933	3.1321	3.2247	3.2371	3.2475	3.2456	2.9387	2.664	2.6841	2.7052	2.7037	2.6962	2.7082	2.7048	2.6549	2.6604	2.7297	2.7205	2.6883	2.7533	2.7534	2.7284	2.7445	2.7427	2.7196	2.7393	2.7963	2.76	2.76	2.749	2.7454	2.7035	2.7293	2.7373	2.7158	2.7181	2.7253	2.7366	2.7615	2.7933	2.8014	2.7477	2.7564	2.7684	2.7466	2.7543	2.7701	2.7546	2.7667	2.7616	2.7471	2.7566	2.7496	2.7517	3.1877	3.2328	3.2137	3.2434	3.2317	3.2655	3.2622	3.2419	3.1942	3.2336	3.2137	3.2365	3.1973	3.1134	3.2314	3.2309	3.1837	3.219	3.2185	3.2163	3.237	3.2433	3.2297	3.2483	3.227	2.9489	2.2519	2.6962	2.7319	2.701	2.7241	2.7398	2.713	2.7107	2.7423	2.7334	2.7481	2.74	2.7362	2.7353	2.7521	2.7544	2.7571	2.7152	2.6932	2.7408	2.7434	2.7493	2.726	2.7366	2.7602	2.7223	2.7394	2.75	2.757	2.7139	2.731	2.7833	2.783	2.7636	2.7558	2.7447	2.7655	2.7486	2.7414	2.7473	2.7799	2.7912	2.7941	2.7657	2.7567	2.7518	2.9865	3.2423
2.717	2.6873	2.7019	2.7364	2.6932	2.726	2.7345	2.7236	2.7099	2.7072	2.7239	2.7381	2.7438	2.7199	2.7265	2.7348	2.7376	2.7086	2.7252	2.7192	2.7739	2.7526	2.7153	2.7513	2.7463	2.7464	2.7442	2.7236	2.7065	2.755	2.7596	2.7179	2.7419	2.7428	2.7619	2.7469	2.6868	2.6905	2.7712	3.2247	3.0617	3.1586	3.2539	3.2393	3.2185	3.2448	3.2422	3.2366	3.1836	3.2091	3.2297	3.2151	3.1813	3.2028	3.2108	3.2527	3.194	3.2264	3.2466	3.2227	3.0256	2.7536	2.4431	2.719	2.6436	2.6887	2.7039	2.7077	2.7112	2.6842	2.7264	2.7059	2.7165	2.7323	2.7279	2.7168	2.7451	2.7083	2.7153	2.7267	2.736	2.7067	2.7059	2.709	2.7153	2.7339	2.7605	2.7567	2.7589	2.7795	2.7664	2.7347	2.7263	2.7022	2.753	2.7706	2.7634	2.7308	2.7066	2.7468	2.7536	2.7711	2.7623	2.7556	2.77	2.7626	2.7611	2.7254	2.7291	2.7236	2.8971	3.1696	3.1535	3.2263	3.2391	3.2488	3.2124	3.2215	3.2194	3.2007	3.2138	3.2318	3.1967	3.2127	3.2476	3.2226	3.1162	3.2078	3.1109	3.1736	3.2116	3.2612	3.2145	3.0872	2.7215	2.6018	2.7601	2.7573	2.6863	2.7035	2.7389	2.7201	2.7187	2.7162	2.7214	2.7503	2.7542	2.7229	2.7322	2.7377	2.7346	2.7461	2.7573	2.7395	2.7099	2.732	2.7574	2.7323	2.7534	2.7346	2.7303	2.7601	2.7747	2.7471	2.7555	2.7476	2.7549	2.7664	2.7719	2.7428	2.7403	2.7517	2.7237	2.7512	2.7774	2.7541	2.7836	2.744	2.7681	2.738	2.7231	2.7686	2.9668	3.2118	3.1489	3.27	3.2634	3.2582	3.2408	3.2126	3.2224	3.2485	3.2393	3.2512	3.2714	3.2256	3.1872	3.1947	3.1901	3.1773	3.1759	3.2141	3.2324	3.2241	3.2225	3.2003	3.1098	2.765	2.5165	2.6873	2.7378	2.7348	2.7248	2.7175	2.7267	2.74	2.736	2.7073	2.7247	2.7497	2.7681	2.7756	2.7774	2.6895	2.7151	2.7355	2.7419	2.7516	2.7117	2.7392	2.7292	2.7678	2.765	2.7484	2.7775	2.7528	2.7353	2.7305	2.752	2.7567	2.7689	2.8115	2.7942	2.7675	2.7465	2.7582	2.7463	2.7867	2.8062	2.802	2.7738	2.7967	2.7611	2.7514	2.7877	3.2031
2.7045	2.7255	2.6851	2.7063	2.7002	2.693	2.7126	2.697	2.7362	2.7268	2.7659	2.72	2.7123	2.722	2.7013	2.7181	2.6956	2.7546	2.7567	2.7407	2.7327	2.7285	2.6986	2.7403	2.7591	2.7334	2.7365	2.7584	2.7166	2.7055	2.7298	2.7329	2.7713	2.7529	2.7247	2.7447	2.6947	2.6939	2.7595	2.9324	3.1499	3.0272	3.1812	3.2231	3.2604	3.2524	3.2657	3.2227	3.1776	3.222	3.228	3.1831	3.1871	3.1732	3.1438	3.1458	3.2288	3.2781	3.2538	3.1327	2.866	2.7134	2.8178	2.6932	2.6644	2.6724	2.6956	2.6951	2.7152	2.7264	2.7207	2.7262	2.7239	2.7015	2.7327	2.7767	2.7286	2.7311	2.7586	2.7678	2.6956	2.6746	2.7345	2.7449	2.7473	2.7444	2.7002	2.7054	2.7682	2.7689	2.7416	2.7735	2.7661	2.8083	2.7706	2.76	2.759	2.7821	2.7636	2.7613	2.7542	2.7713	2.7793	2.759	2.7433	2.7713	2.7617	2.7393	2.7152	2.7102	2.7406	2.9903	3.0008	3.1952	3.2446	3.2799	3.2823	3.2672	3.2781	3.2347	3.2223	3.2432	3.2346	3.2422	3.2116	3.2032	3.2077	3.1985	3.1809	3.1714	3.2437	3.2278	3.1422	2.7269	2.5911	2.7845	2.7279	2.6992	2.7179	2.724	2.7171	2.7294	2.7427	2.7583	2.7306	2.7357	2.7239	2.7344	2.7574	2.7621	2.7699	2.75	2.7544	2.7505	2.7536	2.7585	2.7568	2.7336	2.7504	2.7321	2.7577	2.7341	2.7411	2.7545	2.7593	2.7824	2.7948	2.7656	2.7387	2.5474	2.7217	2.77	2.7652	2.7607	2.7431	2.7712	2.7329	2.7525	2.7849	2.7592	2.769	2.7664	2.8227	3.1984	3.2073	3.2555	3.2247	3.247	3.2315	3.2301	3.2663	3.2154	3.263	3.2379	3.2467	3.2064	3.1902	3.2173	3.2483	3.2433	3.1986	3.1735	3.2292	3.2789	3.1678	3.2132	3.126	2.5848	2.7071	2.7072	2.7092	2.6854	2.6797	2.6937	2.7186	2.7164	2.7526	2.7513	2.7362	2.7214	2.7565	2.7548	2.7328	2.7289	2.7428	2.7552	2.7431	2.7845	2.7523	2.7657	2.7573	2.7493	2.7502	2.7439	2.7577	2.757	2.7579	2.7617	2.7574	2.739	2.7376	2.7363	2.7563	2.76	2.77	2.7554	2.7144	2.7368	2.7821	2.7477	2.7471	2.7328	2.6808	2.7153	2.7319	3.0336
2.6869	2.7161	2.7147	2.6786	2.7071	2.7045	2.7193	2.6975	2.7182	2.7182	2.7148	2.7338	2.7192	2.7528	2.7196	2.7057	2.7157	2.7448	2.7238	2.7327	2.7363	2.7174	2.7141	2.7107	2.7446	2.7266	2.7229	2.7568	2.7368	2.6984	2.7087	2.6834	2.7286	2.7479	2.7005	2.7247	2.7462	2.7396	2.7056	2.7299	2.9476	2.847	2.9911	3.1717	3.19	3.1885	3.2313	3.2306	3.2212	3.2183	3.2402	3.2051	3.2119	3.2204	3.1921	3.1765	3.2702	3.0791	2.8292	2.7414	2.7517	2.7835	2.7501	2.6762	2.6773	2.7077	2.6822	2.7128	2.73	2.7271	2.7065	2.7142	2.728	2.7389	2.7429	2.7309	2.7639	2.7305	2.7109	2.7551	2.7635	2.7495	2.7304	2.723	2.7609	2.7167	2.7223	2.7285	2.7499	2.7697	2.7508	2.7505	2.7591	2.7534	2.7419	2.7426	2.7592	2.7475	2.7652	2.7561	2.7525	2.771	2.7949	2.7444	2.7607	2.7689	2.7189	2.7511	2.7353	2.7334	2.7428	2.8159	3.2124	3.0765	3.1691	3.2362	3.2493	3.2213	3.2092	3.2537	3.2065	3.2044	3.2379	3.2127	3.261	3.2465	3.2414	3.2028	3.1976	3.2339	3.22	3.1771	2.874	2.6426	2.7169	2.7227	2.7073	2.7288	2.7243	2.7379	2.7287	2.7349	2.7245	2.7615	2.7812	2.7018	2.7629	2.6903	2.7462	2.7416	2.7459	2.7377	2.7862	2.7578	2.7426	2.758	2.7564	2.7587	2.7511	2.7446	2.7895	2.7991	2.7364	2.7531	2.7233	2.7368	2.7553	2.7427	2.743	2.7878	2.7434	2.7706	2.8369	2.8311	2.7737	2.7629	2.7631	2.7997	2.7735	2.7673	2.7506	2.7958	2.7597	2.7876	3.2688	3.0793	3.2264	3.2761	3.2764	3.2715	3.2173	3.2375	3.2346	3.2277	3.1959	3.2136	3.2559	3.2343	3.2451	3.2764	3.1874	3.2128	3.2317	3.2078	3.2248	3.1322	2.8005	2.4918	2.7502	2.7274	2.7275	2.7259	2.7013	2.7292	2.7232	2.7321	2.7447	2.7137	2.7623	2.7522	2.7737	2.7427	2.7457	2.7596	2.7176	2.7467	2.7373	2.7417	2.7468	2.7492	2.7457	2.7574	2.7527	2.7928	2.7762	2.7838	2.7798	2.7661	2.7228	2.816	2.779	2.7224	2.7318	2.7643	2.7258	2.7416	2.7557	2.7451	2.7362	2.7613	2.7632	2.7442	2.7363	2.764	2.7122	2.8376
2.7145	2.7527	2.7176	2.6915	2.7135	2.7222	2.7571	2.722	2.7696	2.7663	2.7568	2.7568	2.7391	2.7256	2.7385	2.7547	2.7454	2.7558	2.7734	2.7587	2.7191	2.7059	2.7554	2.7369	2.7174	2.7393	2.7553	2.7576	2.7494	2.7731	2.7651	2.7581	2.7441	2.7727	2.738	2.6938	2.775	2.7414	2.702	2.7203	2.7292	3.0979	3.1217	2.9457	3.1305	3.2013	3.2146	3.2145	3.2627	3.2569	3.2219	3.1514	3.1991	3.2199	3.241	3.2085	3.1824	3.1485	2.6948	2.5055	2.8441	2.7221	2.694	2.712	2.6942	2.7004	2.7045	2.6939	2.6817	2.72	2.7466	2.6904	2.7166	2.7257	2.7293	2.7104	2.7256	2.7079	2.7222	2.7516	2.7326	2.7414	2.7269	2.7542	2.722	2.7453	2.7376	2.7542	2.7565	2.7625	2.7608	2.7507	2.772	2.7548	2.7509	2.7248	2.725	2.7526	2.7373	2.7491	2.7788	2.7353	2.757	2.7903	2.7589	2.7389	2.7412	2.7473	2.7446	2.7441	2.7453	2.7264	2.8956	3.1535	3.1664	3.1415	3.2373	3.2287	3.2321	3.2433	3.2296	3.2301	3.273	3.2565	3.2229	3.2474	3.242	3.2037	3.2001	3.196	3.2055	2.9116	2.5772	2.6337	2.7495	2.7202	2.7339	2.7241	2.7339	2.7379	2.7615	2.7541	2.7423	2.7302	2.7373	2.7807	2.7667	2.7697	2.7552	2.7163	2.7482	2.7715	2.7883	2.7884	2.7446	2.7406	2.7636	2.7798	2.7443	2.7329	2.7404	2.7482	2.7333	2.733	2.7233	2.7341	2.7107	2.7328	2.7465	2.74	2.7203	2.7208	2.7347	2.7495	2.7576	2.7648	2.7726	2.7658	2.7702	2.7459	2.7686	2.7398	2.7403	2.7416	3.0927	3.2513	3.0612	3.2114	3.2232	3.2339	3.2579	3.2383	3.2273	3.2338	3.1851	3.1981	3.2241	3.2369	3.2399	3.2403	3.1836	3.2243	3.2209	3.2184	3.0831	2.7781	2.5165	2.8296	2.7658	2.7399	2.7203	2.6987	2.7111	2.7209	2.7151	2.7331	2.6985	2.7282	2.7338	2.7316	2.7228	2.7303	2.7662	2.7461	2.723	2.7237	2.7466	2.7278	2.717	2.7228	2.7498	2.7412	2.7244	2.7341	2.7428	2.7555	2.7611	2.7256	2.7956	2.7627	2.7585	2.7989	2.7628	2.7987	2.7995	2.7693	2.7666	2.7847	2.7871	2.7751	2.7663	2.7498	2.7802	2.7667	2.745	2.7716
2.7181	2.7309	2.699	2.7039	2.7043	2.7322	2.7035	2.6465	2.7006	2.7504	2.7564	2.7319	2.7031	2.7368	2.7137	2.7161	2.7163	2.7328	2.7654	2.7353	2.7249	2.7152	2.7239	2.7595	2.7653	2.7249	2.7412	2.7602	2.7726	2.7571	2.7433	2.7526	2.7579	2.7706	2.7566	2.7827	2.7427	2.7365	2.7122	2.7233	2.7455	2.7588	2.9428	3.384	2.6476	2.8291	2.9963	3.1429	3.1751	3.149	3.2056	3.16	3.1859	3.184	3.0806	3.0081	2.8333	2.5605	2.6826	2.8097	2.7298	2.6974	2.6808	2.6486	2.6569	2.7005	2.7236	2.7495	2.7	2.6958	2.7636	2.7424	2.7464	2.7634	2.786	2.7663	2.7069	2.772	2.7466	2.7407	2.7573	2.7546	2.7247	2.7218	2.7321	2.7495	2.7568	2.7651	2.7563	2.7863	2.767	2.7422	2.7639	2.7758	2.7313	2.7327	2.7417	2.7598	2.7588	2.7765	2.758	2.6964	2.7169	2.7611	2.7643	2.7707	2.7654	2.7371	2.7472	2.7487	2.724	2.733	2.7308	2.8818	3.1734	2.9947	2.9788	3.1561	3.185	3.2027	3.2254	3.2287	3.2333	3.236	3.227	3.2191	3.1859	3.222	3.1698	3.0978	2.8252	2.572	2.7426	2.7597	2.7182	2.6987	2.6967	2.7338	2.7314	2.738	2.7381	2.7401	2.7268	2.7355	2.7421	2.7281	2.7562	2.7669	2.798	2.7844	2.7646	2.7364	2.7526	2.7322	2.7608	2.7633	2.7607	2.7835	2.7637	2.7615	2.7576	2.7522	2.7408	2.7438	2.7617	2.7119	2.7431	2.7431	2.7585	2.7387	2.7498	2.7368	2.7402	2.744	2.7556	2.7537	2.7637	2.7658	2.7753	2.6288	2.6803	2.765	2.7358	2.7233	2.7575	3.0825	2.9244	3.0487	3.1969	3.2519	3.2623	3.27	3.1601	3.2475	3.2649	3.253	3.1956	3.2387	3.2541	3.26	3.253	3.2569	3.1787	3.045	2.73	2.6071	2.7584	2.707	2.7275	2.7471	2.7308	2.695	2.7251	2.7322	2.7328	2.7434	2.7264	2.7452	2.7597	2.7642	2.7648	2.7622	2.79	2.7325	2.7728	2.7544	2.7959	2.7573	2.7488	2.7389	2.7369	2.7534	2.7609	2.7442	2.7538	2.757	2.7613	2.755	2.7599	2.794	2.7615	2.7648	2.7868	2.7921	2.798	2.766	2.7794	2.7888	2.8105	2.8122	2.7781	2.7618	2.7532	2.7531	2.7524	2.7152
2.7522	2.7338	2.7117	2.7447	2.7536	2.7385	2.741	2.7261	2.747	2.7372	2.7492	2.7483	2.7146	2.7478	2.6964	2.7367	2.7307	2.7681	2.7656	2.7457	2.7257	2.7205	2.7334	2.7269	2.7376	2.7604	2.761	2.7395	2.7564	2.7602	2.7715	2.7499	2.7403	2.7701	2.7572	2.7409	2.7525	2.7547	2.7302	2.7252	2.7134	2.7129	2.7399	2.7828	2.9332	3.2604	3.0742	2.6427	2.6766	2.766	2.8194	2.8095	2.7702	2.733	2.5816	2.5491	2.8691	2.9821	2.7678	2.7133	2.6832	2.7013	2.6809	2.6699	2.7098	2.7436	2.7183	2.7173	2.7525	2.765	2.731	2.7354	2.7283	2.7553	2.7209	2.7097	2.685	2.7459	2.7266	2.7366	2.7324	2.7454	2.759	2.7648	2.7612	2.7844	2.7597	2.76	2.7122	2.7221	2.7509	2.7638	2.7601	2.7586	2.7351	2.7416	2.7429	2.7418	2.7737	2.7704	2.7881	2.7422	2.7581	2.7582	2.7952	2.7355	2.7589	2.7607	2.7506	2.7499	2.7626	2.7675	2.7705	2.7389	2.7646	3.162	3.0688	2.764	2.9215	3.0526	3.1106	3.1738	3.1656	3.1603	3.1657	3.1334	3.0557	2.9785	2.8705	2.5762	2.5423	2.8209	2.7965	2.7459	2.7475	2.6624	2.7241	2.7432	2.7495	2.7541	2.7363	2.7393	2.7354	2.7107	2.7099	2.73	2.7325	2.7292	2.7487	2.7287	2.777	2.733	2.7733	2.7229	2.7895	2.7948	2.7599	2.7541	2.7587	2.7736	2.7493	2.7302	2.7819	2.7669	2.783	2.7676	2.7852	2.7784	2.7662	2.786	2.7662	2.7501	2.7741	2.79	2.7689	2.7805	2.7844	2.7962	2.7945	2.8023	2.7763	2.7673	2.7766	2.7354	2.7224	2.7836	3.2172	3.3594	2.9303	3.1048	3.2408	3.2431	3.2415	3.2329	3.2222	3.2059	3.2606	3.2291	3.1913	3.2362	3.1844	3.1767	2.9932	2.6337	2.5709	2.8617	2.7417	2.7495	2.7542	2.7646	2.7512	2.7464	2.731	2.7049	2.7261	2.7324	2.7923	2.7521	2.7476	2.7592	2.7356	2.7619	2.7467	2.7498	2.75	2.7431	2.7577	2.7585	2.7403	2.7804	2.8003	2.7781	2.7633	2.7663	2.7581	2.7508	2.7852	2.7699	2.7407	2.7558	2.8092	2.7704	2.7782	2.7638	2.7666	2.7935	2.796	2.7757	2.7788	2.7668	2.7297	2.7599	2.771	2.7493	2.7421	2.7935
2.7114	2.6908	2.736	2.7537	2.7579	2.7458	2.7325	2.7469	2.7276	2.7052	2.7294	2.7509	2.7422	2.7387	2.7555	2.7348	2.7115	2.7849	2.7345	2.7363	2.766	2.7777	2.7541	2.7429	2.7536	2.7422	2.7329	2.7234	2.7518	2.7788	2.7143	2.7217	2.7594	2.7577	2.7423	2.729	2.7144	2.7529	2.7746	2.7707	2.7506	2.7316	2.7158	2.7281	2.725	2.7613	2.8062	2.9932	3.1476	3.286	3.3805	3.3507	3.2371	3.1479	2.9639	2.8465	2.8029	2.7449	2.6756	2.676	2.6938	2.7188	2.6734	2.6834	2.7226	2.7213	2.714	2.747	2.7678	2.7129	2.7242	2.7271	2.737	2.7485	2.7598	2.7589	2.7388	2.7602	2.7577	2.7588	2.7627	2.7836	2.7665	2.7265	2.7703	2.7729	2.7693	2.7541	2.7331	2.7435	2.6905	2.7443	2.757	2.7413	2.7535	2.7142	2.7464	2.7705	2.7413	2.7731	2.7659	2.7802	2.7759	2.7672	2.7595	2.7557	2.7726	2.8114	2.8106	2.7673	2.7623	2.7266	2.7965	2.7592	2.7882	2.7902	2.847	3.1481	3.3832	3.0528	2.608	2.6458	2.7575	2.7105	2.6752	2.6732	2.5145	2.557	3.076	3.1058	2.859	2.7564	2.7055	2.7009	2.7012	2.6883	2.7168	2.7097	2.7358	2.7796	2.7477	2.7529	2.7326	2.7308	2.7683	2.7665	2.764	2.7613	2.7328	2.7622	2.785	2.7643	2.7912	2.7921	2.7506	2.7661	2.7577	2.7584	2.7603	2.7797	2.782	2.7777	2.7326	2.7499	2.7526	2.7554	2.7794	2.7687	2.7429	2.7465	2.7846	2.8009	2.7735	2.7626	2.7574	2.7739	2.7737	2.7866	2.7861	2.746	2.7937	2.7732	2.7903	2.7699	2.7691	2.7385	2.7448	2.8743	3.3396	2.9816	2.85	2.9704	3.0901	3.1656	3.2011	3.1937	3.2121	3.1623	3.1365	3.0512	2.9053	2.665	2.5209	2.8744	2.8511	2.7694	2.7213	2.745	2.7085	2.7454	2.7732	2.7611	2.7371	2.76	2.7504	2.7459	2.7367	2.7548	2.7694	2.745	2.7442	2.7646	2.7863	2.7984	2.7685	2.7587	2.7743	2.7497	2.7721	2.7932	2.7682	2.7698	2.7891	2.7536	2.7649	2.7835	2.7616	2.7777	2.7966	2.7709	2.7845	2.7635	2.7609	2.7581	2.7544	2.7618	2.769	2.7779	2.7727	2.7284	2.742	2.7862	2.8119	2.7539	2.7447	2.791
2.726	2.6991	2.6863	2.7401	2.7581	2.7396	2.7555	2.7316	2.7338	2.7142	2.7125	2.7335	2.7255	2.7076	2.7314	2.7409	2.7478	2.7543	2.7946	2.7554	2.7477	2.7397	2.7173	2.7187	2.7412	2.7323	2.7626	2.7645	2.7271	2.7551	2.7358	2.7011	2.724	2.7518	2.7095	2.7725	2.7495	2.7163	2.7665	2.7601	2.7326	2.7324	2.7388	2.7218	2.7389	2.7429	2.7376	2.7161	2.7187	2.744	2.7423	2.7649	2.7691	2.7098	2.7177	2.7168	2.7204	2.7529	2.7641	2.7211	2.7134	2.7067	2.7103	2.7378	2.7276	2.7257	2.7378	2.7781	2.737	2.7521	2.7378	2.7324	2.7407	2.7327	2.7581	2.759	2.7375	2.7454	2.7617	2.7404	2.7552	2.7471	2.7209	2.6963	2.7601	2.7485	2.7447	2.7278	2.8101	2.7917	2.7421	2.7429	2.7115	2.7288	2.7649	2.7555	2.7756	2.7873	2.7887	2.7802	2.7907	2.7639	2.7618	2.8197	2.7779	2.7749	2.7805	2.7524	2.7305	2.7452	2.7759	2.7446	2.7267	2.7818	2.7463	2.7304	2.7353	2.7401	2.7623	2.8152	3.026	3.079	3.0967	3.0801	3.0812	3.0369	2.9266	2.8437	2.8071	2.7749	2.7632	2.7227	2.6982	2.7297	2.7368	2.7204	2.7635	2.7564	2.7405	2.7452	2.7629	2.7507	2.7644	2.7724	2.754	2.7651	2.7402	2.7378	2.7571	2.7634	2.774	2.7828	2.7985	2.7826	2.7889	2.7593	2.7527	2.7442	2.7858	2.8049	2.8873	2.8914	2.8002	2.7547	2.768	2.7871	2.7971	2.7711	2.6963	2.7409	2.7834	2.8088	2.7437	2.7812	2.7641	2.775	2.7814	2.7645	2.7011	2.7609	2.7655	2.7406	2.7369	2.743	2.7454	2.7543	2.7483	2.7643	2.7963	3.0124	3.2247	3.2288	2.718	2.7015	2.7638	2.779	2.7679	2.7114	2.6297	2.5335	2.8779	3.1273	2.8816	2.7282	2.7358	2.7063	2.7414	2.7361	2.7363	2.7071	2.7371	2.7419	2.7699	2.7768	2.7517	2.7554	2.7446	2.7779	2.768	2.7969	2.7309	2.7471	2.7732	2.7796	2.7707	2.781	2.7493	2.7431	2.7804	2.7831	2.7845	2.7715	2.7747	2.781	2.7852	2.7869	2.7996	2.7593	2.7806	2.774	2.7818	2.7896	2.7926	2.8053	2.783	2.7828	2.818	2.811	2.8101	2.7961	2.7722	2.8098	2.8018	2.7949	2.7813	2.7682
2.8087	2.7725	2.6979	2.7696	2.7692	2.743	2.7724	2.7556	2.7654	2.7877	2.7525	2.7678	2.793	2.7512	2.741	2.7783	2.7653	2.7596	2.7656	2.7487	2.7597	2.7651	2.7881	2.7527	2.7534	2.7593	2.7414	2.7248	2.7374	2.7418	2.7739	2.7704	2.7588	2.7644	2.6514	2.7342	2.7651	2.7505	2.7744	2.757	2.7926	2.7235	2.7421	2.8047	2.7724	2.7276	2.7509	2.7599	2.7524	2.7261	2.7196	2.7188	2.7125	2.6814	2.7152	2.7482	2.7072	2.7431	2.7318	2.7394	2.7475	2.7314	2.7427	2.7723	2.7658	2.7715	2.7714	2.7389	2.7521	2.7405	2.7916	2.7724	2.736	2.7968	2.753	2.7505	2.8102	2.7855	2.7784	2.7734	2.7927	2.7802	2.7551	2.71	2.7298	2.7391	2.8031	2.7908	2.7495	2.7453	2.8074	2.768	2.7673	2.7857	2.8074	2.8015	2.7985	2.7709	2.729	2.7815	2.7475	2.7313	2.7362	2.7852	2.7623	2.7608	2.7255	2.7512	2.7469	2.7235	2.7631	2.7374	2.6644	2.5074	2.4938	2.7624	2.7712	2.7199	2.7684	2.764	2.7206	2.7513	2.753	2.7341	2.7589	2.7432	2.7303	2.7401	2.7203	2.7107	2.744	2.7164	2.722	2.7543	2.7574	2.7564	2.7559	2.749	2.7471	2.7628	2.7267	2.7396	2.7491	2.7606	2.7953	2.8023	2.8083	2.7863	2.77	2.757	2.7939	2.834	2.7871	2.7701	2.8067	2.7646	2.7617	2.7694	2.8016	2.7658	2.4307	2.179	2.6177	2.7558	2.766	2.7646	2.7403	2.7606	2.7629	2.7606	2.7611	2.7595	2.766	2.7681	2.7915	2.7658	2.7733	2.7941	2.8078	2.7524	2.7553	2.7549	2.7229	2.752	2.777	2.7583	2.7292	2.7453	2.7408	2.7439	2.7823	2.7888	2.8601	2.9709	3.0426	3.1398	3.158	3.0727	2.9938	2.8936	2.7697	2.762	2.7298	2.6747	2.7128	2.7182	2.7355	2.7369	2.7258	2.7298	2.7639	2.7536	2.7701	2.7631	2.7379	2.7392	2.7713	2.7621	2.7425	2.7708	2.7714	2.7575	2.7396	2.7358	2.7605	2.7536	2.7406	2.7577	2.7497	2.7834	2.7773	2.7589	2.7601	2.7796	2.7836	2.7851	2.7711	2.8062	2.7829	2.7923	2.7813	2.7685	2.7607	2.7589	2.7978	2.7591	2.782	2.784	2.7704	2.8119	2.7614	2.758	2.7676	2.7572	2.7875	2.7609
2.763	2.7395	2.7155	2.7392	2.737	2.7303	2.73	2.7687	2.7682	2.7378	2.7209	2.6935	2.7164	2.8011	2.7726	2.7661	2.7832	2.7886	2.7245	2.7659	2.7318	2.7645	2.7617	2.733	2.7335	2.7819	2.782	2.7381	2.7472	2.7797	2.7536	2.7251	2.7666	2.7838	2.7417	2.7966	2.7649	2.7584	2.7503	2.7374	2.7564	2.7606	2.7637	2.7484	2.7386	2.75	2.7483	2.7462	2.7043	2.7087	2.7122	2.7118	2.7013	2.6816	2.7066	2.6999	2.6938	2.6571	2.6155	2.7295	2.723	2.7256	2.7445	2.7643	2.741	2.7397	2.7598	2.7979	2.7363	2.7277	2.7521	2.7622	2.7589	2.712	2.7234	2.7739	2.784	2.768	2.7919	2.7602	2.766	2.757	2.7494	2.7652	2.7806	2.8145	2.8215	2.7352	2.7595	2.7577	2.7767	2.7615	2.7893	2.7794	2.7745	2.7657	2.7569	2.779	2.7563	2.7413	2.7536	2.7243	2.7799	2.7791	2.7442	2.7467	2.7962	2.8064	2.7951	2.7878	2.7972	2.7974	2.7591	2.7904	2.7621	2.7423	2.7337	2.7299	2.7307	2.7599	2.792	2.766	2.7573	2.7585	2.7496	2.7026	2.69	2.7418	2.767	2.7197	2.7511	2.7609	2.7401	2.738	2.749	2.7697	2.7629	2.7323	2.7222	2.745	2.7444	2.7602	2.7623	2.7647	2.7454	2.722	2.7606	2.754	2.7895	2.788	2.8049	2.7821	2.7923	2.7948	2.7891	2.7753	2.7882	2.7893	2.7978	2.8471	2.551	1.9835	2.1735	2.6947	2.7859	2.7998	2.7614	2.7597	2.7985	2.7466	2.7801	2.8021	2.791	2.7574	2.6984	2.7643	2.8035	2.7918	2.7891	2.7913	2.8134	2.7967	2.8316	2.7815	2.7722	2.7866	2.7482	2.7316	2.7235	2.7257	2.7515	2.6747	2.6919	2.7457	2.7534	2.7343	2.7693	2.7822	2.7731	2.7654	2.7577	2.7835	2.757	2.78	2.7149	2.7248	2.7435	2.7554	2.7921	2.7562	2.7575	2.724	2.7733	2.7668	2.748	2.7568	2.7702	2.5047	2.6681	2.7726	2.8031	2.7479	2.7795	2.7981	2.7647	2.7775	2.7951	2.8004	2.7862	2.7786	2.7663	2.8028	2.776	2.7902	2.7816	2.7739	2.8058	2.7986	2.8184	2.7831	2.7943	2.7861	2.8154	2.823	2.7936	2.7617	2.7689	2.7804	2.7769	2.7791	2.7816	2.7647	2.7837	2.8527	2.862	2.8006
2.7173	2.7486	2.7261	2.7141	2.7254	2.7598	2.7824	2.7802	2.7578	2.7361	2.7558	2.7641	2.7645	2.7399	2.7352	2.7491	2.7278	2.7457	2.7327	2.723	2.7409	2.7511	2.7717	2.7786	2.7364	2.7636	2.777	2.7581	2.7545	2.7504	2.7562	2.7945	2.775	2.748	2.7843	2.7919	2.7451	2.7623	2.7688	2.7516	2.7592	2.7592	2.7805	2.7661	2.7534	2.7424	2.7648	2.7787	2.7683	2.7128	2.7082	2.7433	2.7391	2.7649	2.7035	2.7033	2.7503	2.7429	2.7137	2.7229	2.7273	2.732	2.7552	2.7648	2.7467	2.7738	2.7384	2.7333	2.7519	2.729	2.781	2.7455	2.7514	2.7315	2.7267	2.7558	2.77	2.7595	2.7363	2.7521	2.764	2.7106	2.7833	2.7372	2.7401	2.7607	2.7521	2.7679	2.7736	2.799	2.768	2.7394	2.749	2.7975	2.7649	2.7522	2.7729	2.7663	2.7841	2.7707	2.8071	2.7716	2.7631	2.7577	2.7927	2.7839	2.7745	2.8061	2.7786	2.7689	2.8108	2.7564	2.7976	2.7915	2.7419	2.7365	2.7852	2.7699	2.7668	2.7647	2.7692	2.7638	2.7744	2.7519	2.768	2.7814	2.7405	2.7693	2.7138	2.7505	2.7724	2.7759	2.7052	2.7444	2.6936	2.6892	2.7374	2.7351	2.7256	2.7639	2.7654	2.7696	2.7679	2.7539	2.754	2.779	2.7689	2.7633	2.7443	2.7121	2.7279	2.7698	2.7533	2.7292	2.7616	2.8155	2.8008	2.7833	2.7625	2.7728	2.8014	2.5776	2.6101	2.7676	2.7635	2.7737	2.7534	2.7893	2.7573	2.797	2.7689	2.7687	2.7526	2.7654	2.784	2.8109	2.7711	2.7723	2.8215	2.8227	2.7834	2.7913	2.7916	2.7752	2.7723	2.8034	2.7826	2.7544	2.6627	2.7421	2.7585	2.7402	2.7076	2.7501	2.7571	2.6955	2.6956	2.6982	2.687	2.6864	2.7464	2.7302	2.7343	2.7689	2.7605	2.7285	2.7458	2.7434	2.7145	2.7257	2.7779	2.8025	2.7115	2.7207	2.7394	2.7348	2.7438	2.7454	2.7636	2.7729	2.7552	2.7697	2.7728	2.7506	2.7679	2.7748	2.7784	2.7705	2.7815	2.7444	2.7857	2.7872	2.7519	2.7618	2.8022	2.7806	2.7473	2.7414	2.7479	2.7634	2.768	2.8017	2.7991	2.7825	2.7886	2.7792	2.7822	2.7897	2.7755	2.7703	2.7731	2.7682	2.7934	2.7478	2.5286	2.5931
2.7291	2.7299	2.7394	2.7519	2.7625	2.7506	2.7639	2.7768	2.7639	2.7422	2.7441	2.7287	2.735	2.7635	2.75	2.7249	2.7083	2.7536	2.7513	2.742	2.7546	2.7485	2.7502	2.7604	2.7418	2.7521	2.7516	2.7461	2.7487	2.7212	2.7435	2.7881	2.7553	2.7534	2.7172	2.7435	2.773	2.7583	2.6944	2.7501	2.7483	2.7243	2.7266	2.7305	2.7687	2.7722	2.7281	2.7395	2.7303	2.738	2.7697	2.7669	2.6913	2.7145	2.7211	2.7464	2.7447	2.735	2.7252	2.7432	2.7272	2.7286	2.7225	2.6753	2.7285	2.7428	2.7687	2.7648	2.746	2.728	2.7467	2.7665	2.7587	2.7568	2.761	2.784	2.7744	2.7605	2.7903	2.7984	2.7922	2.7799	2.758	2.7067	2.7552	2.7506	2.725	2.7761	2.7815	2.7536	2.7614	2.7684	2.7713	2.7839	2.7669	2.7911	2.8032	2.7783	2.7508	2.7765	2.7994	2.7801	2.7672	2.7423	2.7635	2.7566	2.746	2.7539	2.7582	2.7731	2.7768	2.7516	2.7482	2.7582	2.7687	2.7882	2.7637	2.7733	2.7625	2.7162	2.7569	2.7784	2.7423	2.7333	2.7391	2.7402	2.7266	2.7179	2.7309	2.744	2.741	2.7581	2.72	2.747	2.7434	2.7685	2.7677	2.76	2.7429	2.7306	2.73	2.7514	2.782	2.7352	2.7356	2.7471	2.7637	2.7635	2.7954	2.7652	2.7769	2.7698	2.769	2.7551	2.7075	2.7914	2.7906	2.7775	2.7609	2.8076	2.7541	2.7644	2.7849	2.7987	2.788	2.792	2.7798	2.7783	2.7426	2.8034	2.8373	2.809	2.7874	2.7904	2.795	2.7851	2.7834	2.8209	2.8203	2.8208	2.7514	2.7678	2.7559	2.7841	2.7843	2.7764	2.7621	2.7602	2.7453	2.7423	2.7496	2.7493	2.7453	2.7243	2.7437	2.7562	2.7501	2.7186	2.7004	2.7418	2.7568	2.7839	2.7408	2.7586	2.7709	2.7432	2.7697	2.758	2.7423	2.7519	2.7405	2.7716	2.7844	2.7503	2.7735	2.7965	2.7942	2.7598	2.7254	2.7472	2.766	2.762	2.775	2.7464	2.8005	2.7964	2.7605	2.7888	2.7577	2.7521	2.7588	2.7771	2.8027	2.7587	2.7647	2.7705	2.7781	2.7846	2.7727	2.7519	2.7727	2.7683	2.755	2.7794	2.7602	2.7691	2.7517	2.7543	2.7519	2.7277	2.7949	2.7842	2.8106	2.8225	2.7423	2.745
2.7349	2.7166	2.759	2.7372	2.7268	2.7277	2.7291	2.74	2.7419	2.7361	2.7372	2.7208	2.7403	2.7627	2.7349	2.7142	2.7873	2.732	2.7321	2.7494	2.7929	2.7761	2.7727	2.7632	2.7269	2.7145	2.7395	2.7309	2.7415	2.7279	2.7649	2.7576	2.8057	2.7859	2.7358	2.7289	2.7683	2.7663	2.7535	2.7384	2.7371	2.754	2.7609	2.7421	2.7561	2.7531	2.6961	2.711	2.7304	2.7391	2.7349	2.7671	2.7404	2.7308	2.7371	2.7236	2.7117	2.7507	2.7733	2.7569	2.7539	2.764	2.7517	2.7466	2.7481	2.757	2.78	2.8026	2.7551	2.7923	2.7491	2.7774	2.7456	2.752	2.774	2.7718	2.7717	2.7527	2.7482	2.7646	2.7659	2.7403	2.7493	2.7735	2.7703	2.7583	2.766	2.7322	2.7374	2.7718	2.7829	2.7911	2.7694	2.771	2.7798	2.769	2.7768	2.7944	2.7165	2.7557	2.763	2.8046	2.7677	2.7801	2.7718	2.7705	2.7836	2.7757	2.7992	2.7592	2.7233	2.7454	2.7567	2.7767	2.7527	2.8177	2.8079	2.7869	2.7657	2.7482	2.7702	2.7681	2.7792	2.7569	2.7559	2.4528	2.6727	2.7533	2.7739	2.7645	2.7279	2.7681	2.7752	2.7357	2.7552	2.7517	2.7451	2.7396	2.7201	2.6814	2.7541	2.768	2.7845	2.7725	2.7599	2.7621	2.7574	2.7629	2.7647	2.7826	2.7463	2.747	2.7672	2.7829	2.8029	2.7916	2.7343	2.7851	2.7594	2.7357	2.7324	2.7602	2.801	2.7765	2.759	2.751	2.778	2.7933	2.7682	2.7904	2.7588	2.7989	2.7837	2.7635	2.7618	2.7555	2.7738	2.7596	2.764	2.8007	2.8063	2.7772	2.786	2.7868	2.769	2.7657	2.7832	2.777	2.7748	2.7704	2.7228	2.7245	2.7441	2.7743	2.7725	2.7728	2.7433	2.7655	2.7661	2.7658	2.7532	2.7249	2.7187	2.7441	2.7451	2.7331	2.7469	2.756	2.7565	2.7461	2.7531	2.7497	2.7755	2.7733	2.7833	2.7641	2.7725	2.7588	2.7752	2.7405	2.7925	2.7655	2.784	2.7728	2.7646	2.7601	2.7749	2.802	2.7695	2.7406	2.7212	2.7551	2.7591	2.7608	2.7576	2.7967	2.7512	2.7467	2.7787	2.7674	2.7534	2.775	2.7695	2.7709	2.776	2.7687	2.7536	2.7811	2.7652	2.7629	2.7667	2.7988	2.7733	2.7828	2.8305	2.7489
2.757	2.7243	2.7521	2.7201	2.7241	2.7238	2.7409	2.7262	2.7572	2.7169	2.774	2.8403	2.8378	2.8021	2.8113	2.7894	2.7997	2.754	2.7559	2.7632	2.766	2.7713	2.7481	2.7657	2.7595	2.7573	2.7543	2.7642	2.7447	2.7344	2.7479	2.7487	2.7478	2.7387	2.7434	2.7136	2.7576	2.7395	2.7478	2.722	2.7422	2.7399	2.7299	2.7332	2.7398	2.732	2.7356	2.7842	2.7387	2.7337	2.7651	2.749	2.7397	2.7208	2.7167	2.7326	2.7663	2.7294	2.7159	2.74	2.7408	2.7483	2.742	2.7382	2.7272	2.7611	2.782	2.7814	2.7666	2.7623	2.7815	2.7719	2.7721	2.7856	2.79	2.7867	2.7714	2.7571	2.7519	2.7443	2.7248	2.7502	2.7657	2.7732	2.7812	2.7509	2.7295	2.7589	2.7693	2.7711	2.7504	2.7674	2.7793	2.7618	2.7665	2.7669	2.7639	2.7573	2.7548	2.7891	2.7842	2.7467	2.7357	2.7319	2.7549	2.7348	2.7688	2.7686	2.7453	2.7823	2.7789	2.7716	2.7742	2.7372	2.7709	2.8005	2.7129	2.4815	2.6982	2.7601	2.7524	2.8015	2.7699	2.7414	2.7784	2.6951	2.6877	2.725	2.7376	2.7501	2.7753	2.8069	2.7493	2.7415	2.717	2.7035	2.7153	2.7686	2.782	2.7621	2.7582	2.7701	2.7826	2.7652	2.7803	2.7575	2.7507	2.8239	2.8178	2.7892	2.7836	2.7723	2.795	2.7615	2.7631	2.7503	2.7611	2.7816	2.7885	2.7359	2.7652	2.7945	2.749	2.7684	2.7713	2.762	2.7346	2.7468	2.7678	2.8005	2.8132	2.7784	2.7538	2.7474	2.745	2.8247	2.763	2.7675	2.7641	2.7863	2.7959	2.8041	2.8055	2.8116	2.7878	2.7285	2.7815	2.7996	2.793	2.7712	2.7724	2.7655	2.7667	2.7716	2.772	2.753	2.7333	2.7403	2.7381	2.7422	2.7419	2.7319	2.7087	2.7788	2.7353	2.7662	2.7527	2.7293	2.7443	2.7482	2.7775	2.7695	2.7648	2.7223	2.7006	2.7623	2.7436	2.7624	2.7586	2.7343	2.7422	2.7564	2.7809	2.7763	2.7983	2.7488	2.7951	2.7845	2.8096	2.7707	2.7647	2.7638	2.7633	2.7608	2.7906	2.7777	2.7538	2.7474	2.776	2.7831	2.7634	2.7897	2.7716	2.8038	2.8087	2.8048	2.7919	2.788	2.7869	2.7796	2.7927	2.8074	2.7917	2.7789	2.7779	2.8009
2.7273	2.7227	2.7314	2.7532	2.7686	2.7547	2.744	2.748	2.8724	3.0883	3.2641	3.324	3.2454	3.1959	3.3594	3.4917	3.3711	3.0402	2.8746	2.7839	2.752	2.7479	2.7484	2.7736	2.7383	2.7509	2.7906	2.7499	2.7354	2.7638	2.7666	2.7703	2.7732	2.7647	2.7449	2.7473	2.7395	2.782	2.7753	2.7648	2.7311	2.7502	2.7115	2.7167	2.7322	2.7511	2.7414	2.7355	2.7416	2.7481	2.7339	2.7203	2.7448	2.7338	2.7239	2.7801	2.6981	2.7267	2.727	2.6903	2.7142	2.7424	2.7333	2.7588	2.7425	2.7417	2.7528	2.7349	2.7829	2.7734	2.7548	2.7003	2.7349	2.7747	2.7472	2.785	2.7872	2.7397	2.735	2.7386	2.7522	2.7698	2.8226	2.8104	2.8503	2.9088	2.8738	2.8254	2.8056	2.7937	2.7885	2.7984	2.7782	2.783	2.754	2.7419	2.7564	2.7519	2.7758	2.7564	2.7399	2.7541	2.7508	2.7748	2.7312	2.7582	2.7411	2.7553	2.7911	2.7485	2.7168	2.7707	2.7656	2.7451	2.756	2.7658	2.572	2.6864	2.7847	2.7725	2.7621	2.7447	2.7537	2.7497	2.7831	2.757	2.7453	2.7292	2.7269	2.7593	2.7541	2.7402	2.742	2.7545	2.6737	2.7737	2.7811	2.7899	2.7822	2.7673	2.7662	2.7466	2.7521	2.7549	2.7644	2.7649	2.7668	2.8017	2.7682	2.7899	2.7702	2.7702	2.7321	2.7308	2.785	2.7488	2.7391	2.7155	2.7814	2.7882	2.7765	2.7692	2.7565	2.7313	2.7652	2.7657	2.7641	2.7228	2.7516	2.7651	2.7729	2.7764	2.7831	2.7624	2.7763	2.7961	2.7782	2.7778	2.7777	2.7495	2.7832	2.7777	2.7645	2.7735	2.7848	2.739	2.784	2.7867	2.7281	2.7524	2.7631	2.7606	2.7598	2.7691	2.7544	2.7458	2.7791	2.7594	2.7222	2.6336	2.7333	2.7512	2.7748	2.7628	2.7373	2.7506	2.7505	2.7713	2.7946	2.7737	2.7899	2.8061	2.7846	2.7345	2.7573	2.7669	2.8076	2.775	2.801	2.741	2.7751	2.7955	2.7844	2.7886	2.7827	2.7679	2.7627	2.752	2.7581	2.7767	2.7379	2.7598	2.7635	2.7297	2.7772	2.7992	2.7726	2.7865	2.7927	2.7775	2.731	2.7614	2.7684	2.7651	2.7852	2.773	2.763	2.782	2.7634	2.7679	2.7601	2.7555	2.7537	2.7525	2.7591	2.7604
2.7232	2.771	2.7545	2.7553	2.7188	2.791	2.8512	3.268	3.4494	3.5593	3.2771	2.9586	3.0431	3.0547	3.0135	2.9665	2.8954	2.8017	3.3371	3.1306	2.826	2.7671	2.6925	2.7428	2.7381	2.7425	2.7447	2.7554	2.7501	2.7723	2.7252	2.7295	2.7323	2.7234	2.7468	2.7736	2.7743	2.7356	2.7259	2.7446	2.7292	2.7408	2.7659	2.7534	2.7174	2.7432	2.7579	2.7457	2.7364	2.7396	2.7502	2.7325	2.7429	2.734	2.707	2.7067	2.7314	2.7572	2.7709	2.7359	2.7103	2.6914	2.7201	2.6983	2.7018	2.7257	2.7683	2.7469	2.7201	2.7593	2.752	2.7593	2.7651	2.7588	2.7401	2.7767	2.7665	2.7663	2.7654	2.827	2.9563	3.2061	3.2532	3.1692	3.1879	3.2433	3.1801	3.2514	3.4426	3.0991	2.9345	2.768	2.7348	2.7174	2.7367	2.7851	2.7742	2.7736	2.7948	2.7384	2.7498	2.7404	2.7292	2.7643	2.7476	2.742	2.7443	2.7445	2.7853	2.7498	2.7601	2.7557	2.7545	2.7749	2.7831	2.7619	2.7567	2.7761	2.7823	2.7959	2.7159	2.747	2.7797	2.7739	2.7843	2.7595	2.7379	2.7333	2.7648	2.7701	2.7598	2.767	2.7433	2.7483	2.751	2.7212	2.7598	2.7278	2.7642	2.7686	2.7368	2.767	2.7775	2.7915	2.7932	2.7977	2.792	2.7828	2.7765	2.7656	2.7313	2.76	2.8013	2.7844	2.8142	2.8484	2.912	3.0019	3.0268	2.9552	2.8322	2.8062	2.7993	2.7369	2.7641	2.7696	2.7908	2.781	2.7475	2.759	2.7611	2.7442	2.7395	2.7339	2.7755	2.7743	2.739	2.7616	2.7582	2.7605	2.7637	2.7958	2.7967	2.7889	2.7814	2.7378	2.7433	2.7387	2.7399	2.7469	2.7393	2.733	2.7462	2.7512	2.7538	2.7823	2.7603	2.783	2.7449	2.7443	2.7762	2.7094	2.7322	2.7258	2.7541	2.7719	2.7387	2.7566	2.754	2.7587	2.76	2.758	2.7802	2.7835	2.7574	2.7721	2.7847	2.763	2.768	2.7645	2.784	2.7228	2.7489	2.7626	2.7756	2.7626	2.7787	2.777	2.7336	2.7672	2.7813	2.7949	2.7925	2.763	2.7542	2.7794	2.7908	2.765	2.7464	2.7811	2.7567	2.7584	2.7735	2.7804	2.7702	2.7533	2.7867	2.7617	2.7259	2.739	2.7608	2.7629	2.7467	2.7093	2.7306	2.7656
2.7523	2.7227	2.7195	2.7385	2.8189	3.135	3.2937	3.114	2.9974	3.105	3.2055	3.2441	3.262	3.2228	3.23	3.2186	3.2452	3.1906	3.0063	2.8106	3.1212	3.0347	2.7937	2.7291	2.7258	2.7316	2.7449	2.6868	2.7494	2.7151	2.74	2.7265	2.7135	2.7588	2.7868	2.7569	2.7476	2.7581	2.7575	2.7257	2.7418	2.7503	2.7857	2.737	2.7637	2.7024	2.7267	2.7317	2.7226	2.7567	2.7495	2.7674	2.7487	2.7381	2.7226	2.7492	2.7593	2.7538	2.756	2.7199	2.7332	2.8023	2.7674	2.7514	2.7395	2.7522	2.7898	2.7408	2.7277	2.7717	2.7621	2.7377	2.7396	2.7348	2.7139	2.7443	2.7212	2.7583	3.0588	3.2707	3.1569	3.5206	2.9874	3.0197	3.0993	3.1387	3.1124	3.045	2.9416	2.7683	3.0587	3.1868	2.8703	2.8208	2.7838	2.7589	2.747	2.7554	2.7356	2.7248	2.774	2.775	2.7506	2.7658	2.7493	2.7384	2.7375	2.7422	2.7192	2.7498	2.784	2.7755	2.7661	2.7645	2.7708	2.7523	2.74	2.7528	2.7348	2.7345	2.7029	2.6745	2.7193	2.7865	2.7106	2.7494	2.7416	2.7384	2.7293	2.7445	2.7557	2.7329	2.7548	2.7502	2.7364	2.737	2.8088	2.7815	2.6858	2.7365	2.7505	2.763	2.7549	2.8025	2.8204	2.7788	2.7369	2.7216	2.7337	2.7297	2.7672	2.7842	2.8751	3.2303	3.3985	3.2983	3.4514	3.7001	3.4652	3.1179	3.3473	3.3321	3.086	2.897	2.7924	2.745	2.7063	2.7567	2.7641	2.765	2.7577	2.7484	2.7568	2.7851	2.7598	2.7585	2.7471	2.7382	2.761	2.7473	2.7558	2.7506	2.7684	2.7772	2.7516	2.731	2.7561	2.7768	2.7668	2.7339	2.7415	2.7646	2.7564	2.7711	2.7656	2.7774	2.783	2.7657	2.7306	2.7218	2.7201	2.7358	2.742	2.7507	2.7586	2.7574	2.732	2.7455	2.761	2.758	2.7255	2.7607	2.753	2.7536	2.7539	2.7905	2.774	2.7376	2.7671	2.7596	2.7773	2.7857	2.7928	2.7486	2.7472	2.7459	2.8142	2.7842	2.8622	3.0291	3.0693	3.1301	3.1251	2.9483	2.8457	2.7715	2.7815	2.7474	2.7503	2.7788	2.7657	2.737	2.7974	2.7814	2.7584	2.7729	2.7694	2.756	2.7659	2.768	2.7567	2.627	2.6843	2.765	2.7448	2.7723
2.7101	2.6748	2.7418	2.8177	3.1016	3.5314	3.1914	3.1361	3.1758	3.2673	3.2187	3.2526	3.2033	3.2278	3.1997	3.2201	3.1858	3.2324	3.2237	3.1678	3.0157	2.8949	2.8644	2.7916	2.734	2.7241	2.7087	2.7172	2.7219	2.7506	2.7256	2.7613	2.7244	2.7207	2.7216	2.702	2.7101	2.7029	2.7376	2.7477	2.7242	2.7172	2.7106	2.724	2.7454	2.7469	2.7315	2.7187	2.7727	2.7468	2.7219	2.6921	2.7408	2.7471	2.7466	2.7071	2.7557	2.7362	2.7223	2.711	2.7335	2.7178	2.7364	2.7296	2.7174	2.716	2.7385	2.7625	2.7688	2.7135	2.749	2.7347	2.7777	2.7664	2.747	2.7413	2.8288	3.1329	3.3309	3.1438	3.0212	3.0839	3.1803	3.1979	3.2404	3.2622	3.2417	3.2093	3.2022	3.1435	3.0425	2.8263	3.1133	3.0676	2.8479	2.7225	2.7086	2.7478	2.7384	2.7484	2.7424	2.7095	2.6963	2.755	2.7886	2.773	2.72	2.7474	2.753	2.7443	2.7321	2.7523	2.747	2.7162	2.7041	2.7455	2.7626	2.7913	2.7636	2.736	2.7601	2.7611	2.7196	2.7239	2.7453	2.7412	2.7593	2.7385	2.7422	2.7345	2.7758	2.724	2.7744	2.757	2.7845	2.763	2.7697	2.766	2.7521	2.7581	2.7765	2.7509	2.723	2.7174	2.7517	2.8017	2.7552	2.7319	2.798	2.7971	2.9979	3.4215	3.3784	3.6628	2.9475	3.0689	3.1057	3.1823	3.1753	3.1123	3.0637	2.8916	3.0535	3.3903	3.2665	2.9501	2.8038	2.7753	2.7873	2.6975	2.708	2.7857	2.7192	2.7328	2.7421	2.7735	2.7362	2.7555	2.7768	2.7749	2.7842	2.7743	2.7658	2.7552	2.7495	2.7328	2.7312	2.7449	2.729	2.7683	2.7628	2.743	2.7405	2.7484	2.7371	2.7305	2.7385	2.719	2.73	2.7541	2.7423	2.7408	2.7296	2.7592	2.7257	2.7124	2.7435	2.7714	2.8039	2.7767	2.7623	2.7966	2.8025	2.7647	2.7383	2.7352	2.7641	2.7408	2.7559	2.7574	2.6892	2.71	2.7243	2.755	2.8448	3.0052	3.2459	3.2717	3.4073	3.2575	3.0034	2.8701	2.6724	2.8216	2.8697	3.1253	2.9458	2.8164	2.7669	2.7521	2.7541	2.7713	2.7739	2.7719	2.7514	2.73	2.7641	2.7686	2.7425	2.7312	2.7452	2.7775	2.745	2.7754	2.7755	2.753
2.7067	2.693	2.8659	3.0269	3.2276	3.1854	3.1718	3.2165	3.2108	3.2422	3.2189	3.1993	3.2574	3.1858	3.2065	3.206	3.2025	3.22	3.2375	3.2081	3.1919	3.1014	2.8785	2.9843	2.8142	2.7246	2.7118	2.7169	2.7423	2.7251	2.6969	2.7072	2.7011	2.7054	2.7039	2.7414	2.7248	2.7319	2.7358	2.7197	2.7359	2.719	2.7105	2.7021	2.7382	2.7136	2.6981	2.7438	2.7495	2.7275	2.7102	2.7117	2.7229	2.7137	2.7025	2.6946	2.7333	2.7444	2.7657	2.7424	2.7169	2.7434	2.7529	2.7103	2.7274	2.7405	2.7408	2.734	2.7646	2.7577	2.7268	2.7299	2.7076	2.7076	2.7492	2.8699	3.339	3.5363	3.1891	3.1949	3.2198	3.244	3.1992	3.2416	3.2505	3.2329	3.2316	3.2907	3.2415	3.2475	3.282	3.2172	2.997	2.8849	2.9661	2.8466	2.7517	2.7312	2.6978	2.6828	2.7172	2.6763	2.7405	2.7282	2.7287	2.721	2.6782	2.7508	2.7445	2.7388	2.7341	2.7423	2.7264	2.7353	2.7447	2.7607	2.7515	2.7133	2.7251	2.7494	2.7376	2.7084	2.7419	2.7304	2.7339	2.7437	2.7473	2.7275	2.7208	2.7237	2.7322	2.7082	2.731	2.7453	2.7614	2.768	2.741	2.7609	2.775	2.7644	2.7631	2.7845	2.7894	2.7673	2.7805	2.691	2.7312	2.7494	2.7852	3.1197	3.4716	3.3534	3.0685	3.1536	3.2188	3.2504	3.2662	3.2077	3.2217	3.2532	3.2378	3.2198	3.1351	3.0649	2.8863	2.8185	3.1309	2.8136	2.7452	2.7279	2.7477	2.7381	2.7249	2.7152	2.7223	2.7292	2.7266	2.7492	2.757	2.7747	2.7561	2.7179	2.746	2.744	2.7534	2.7497	2.7856	2.7413	2.7323	2.7413	2.7442	2.7534	2.7487	2.7129	2.7433	2.7628	2.7221	2.7199	2.7446	2.7349	2.7222	2.7391	2.7292	2.7409	2.7399	2.7318	2.7765	2.7637	2.7473	2.7595	2.7766	2.7594	2.7582	2.7337	2.7572	2.76	2.7437	2.7539	2.7321	2.7508	2.7749	2.7582	2.8213	3.0226	3.3371	3.5095	3.366	2.9756	3.1225	3.1324	3.1754	3.1526	3.0965	3.0652	2.9514	2.8015	2.6451	2.9166	3.0115	2.8012	2.7747	2.7449	2.7384	2.7157	2.7625	2.7431	2.7834	2.7486	2.7414	2.7724	2.7679	2.7884	2.7776	2.7166	2.7318	2.7374
2.7356	2.8258	3.0439	3.2483	3.2072	3.2338	3.2156	3.2174	3.2534	3.235	3.2337	3.2235	3.2185	3.1842	3.1954	3.1833	3.1935	3.202	3.2026	3.2386	3.2525	3.2335	3.0988	2.6383	2.9237	2.7842	2.7124	2.7268	2.7328	2.726	2.7126	2.7322	2.7454	2.7051	2.7248	2.7689	2.7278	2.7359	2.7246	2.7015	2.7078	2.7244	2.6824	2.7045	2.724	2.7327	2.7424	2.7323	2.7079	2.7256	2.7428	2.7117	2.6814	2.7524	2.7291	2.7317	2.7334	2.7101	2.7246	2.7416	2.7347	2.7344	2.7387	2.7238	2.6923	2.7116	2.736	2.7324	2.7489	2.7283	2.7528	2.7277	2.749	2.7521	2.8698	3.0729	3.208	3.234	3.245	3.2372	3.2639	3.2386	3.2724	3.1914	3.2076	3.1983	3.2418	3.2139	3.1205	3.0975	3.2421	3.2157	3.2065	3.1357	2.8808	2.9952	2.9139	2.756	2.7311	2.7281	2.6981	2.7268	2.7404	2.7385	2.7886	2.7514	2.7559	2.7303	2.7358	2.7293	2.7234	2.7431	2.7107	2.7096	2.7531	2.7447	2.7426	2.7515	2.7473	2.7575	2.7489	2.7443	2.7379	2.7378	2.6842	2.7267	2.731	2.7078	2.7339	2.7153	2.7294	2.7239	2.7331	2.715	2.7178	2.7448	2.7364	2.7378	2.7276	2.7558	2.8077	2.7302	2.7342	2.76	2.7619	2.7827	2.7596	2.8075	2.9634	3.3074	3.3007	3.1902	3.2627	3.2344	3.2399	3.2449	3.1375	3.2552	3.256	3.2449	3.2832	3.2808	3.2686	3.231	3.1925	3.0186	2.7763	2.8723	2.8458	2.7833	2.7504	2.7267	2.7213	2.7168	2.7601	2.7763	2.7056	2.7443	2.727	2.7559	2.758	2.7125	2.756	2.755	2.7113	2.7006	2.7465	2.7367	2.7443	2.7522	2.7455	2.6655	2.681	2.6957	2.7149	2.7142	2.7098	2.725	2.7278	2.7177	2.7826	2.7303	2.681	2.686	2.7403	2.7545	2.7354	2.7264	2.7398	2.7328	2.7206	2.7181	2.7546	2.7097	2.7452	2.733	2.7528	2.7491	2.7759	2.7775	2.7258	3.0284	3.1972	3.2377	3.1411	3.1364	3.2181	3.2216	3.2288	3.2301	3.2167	3.2615	3.2594	3.2481	3.2619	3.2303	3.1455	2.8276	2.7689	2.8117	2.7979	2.7692	2.7366	2.7538	2.7603	2.761	2.7565	2.738	2.7256	2.6872	2.773	2.7569	2.7317	2.7352	2.7478	2.7317
2.6532	2.931	3.1273	3.0809	3.1856	3.1627	3.21	3.1912	3.1692	3.1887	3.2149	3.1813	3.2262	3.2295	3.2261	3.2146	3.1886	3.1204	3.137	3.1392	3.2063	3.2617	3.2146	3.0879	2.556	2.8569	2.759	2.7302	2.6624	2.654	2.6805	2.7033	2.7138	2.7077	2.7057	2.7036	2.7314	2.7051	2.6873	2.7119	2.7084	2.7026	2.7033	2.7284	2.7575	2.7305	2.6907	2.723	2.7198	2.7307	2.7233	2.7331	2.714	2.7317	2.7297	2.6897	2.7029	2.725	2.7006	2.7065	2.731	2.7436	2.7467	2.7144	2.6933	2.7296	2.7362	2.714	2.7649	2.739	2.7217	2.7312	2.7047	2.7465	3.0652	3.1742	3.1062	3.1934	3.2153	3.2248	3.209	3.2189	3.2306	3.2587	3.2125	3.216	3.2123	3.1808	3.2701	3.2288	3.2175	3.2156	3.2113	3.2001	3.1203	2.8156	2.9769	2.8354	2.7319	2.719	2.6982	2.7259	2.7625	2.7401	2.6326	2.4894	2.682	2.7299	2.7187	2.7307	2.7356	2.7342	2.7331	2.7552	2.7223	2.7189	2.716	2.696	2.7192	2.7249	2.7226	2.7417	2.7462	2.7557	2.7359	2.7025	2.7257	2.7135	2.714	2.7309	2.741	2.7183	2.7115	2.7357	2.7453	2.7117	2.7737	2.739	2.7379	2.7582	2.7772	2.7743	2.7579	2.9022	2.8908	2.7373	2.7382	3.2157	3.2884	3.1345	3.1732	3.2741	3.2588	3.2197	3.2067	3.2204	3.2435	3.2409	3.2533	3.2528	3.2496	3.2497	3.2354	3.1977	3.2435	3.2265	3.1413	2.7922	3.1285	2.8161	2.7245	2.7234	2.6868	2.7166	2.7258	2.7363	2.7535	2.7392	2.7258	2.7043	2.7123	2.7274	2.7917	2.7132	2.7023	2.7486	2.7175	2.7073	2.7252	2.725	2.7092	2.7246	2.7608	2.7391	2.727	2.7238	2.7517	2.7496	2.7515	2.7439	2.7595	2.7531	2.7382	2.736	2.749	2.7274	2.7197	2.7416	2.7479	2.75	2.7232	2.7688	2.7365	2.7422	2.7525	2.7505	2.742	2.7576	2.7352	2.7243	2.8346	3.1711	3.186	3.1752	3.225	3.1968	3.222	3.2823	3.258	3.2412	3.2182	3.2268	3.2608	3.28	3.2687	3.2261	3.2196	3.2177	3.055	2.7058	2.8048	2.7844	2.7278	2.7609	2.7266	2.7242	2.7196	2.7272	2.7328	2.7462	2.7384	2.7477	2.7444	2.7469	2.7391	2.775
2.7679	3.089	3.167	3.1428	3.2026	3.2217	3.1946	3.2369	3.1723	3.169	3.1881	3.1793	3.1998	3.2028	3.2032	3.1887	3.1574	3.1682	3.1947	3.1884	3.179	3.1981	3.2038	3.1969	2.9177	2.5228	2.7795	2.6945	2.6918	2.6567	2.7027	2.7083	2.7005	2.7139	2.708	2.6818	2.7072	2.7021	2.7127	2.7325	2.6931	2.6781	2.6934	2.6574	2.6842	2.7095	2.6914	2.6747	2.663	2.6683	2.6974	2.727	2.7149	2.7011	2.7044	2.735	2.7396	2.7258	2.7386	2.745	2.6739	2.7487	2.7832	2.7549	2.7146	2.7478	2.7391	2.7231	2.7534	2.7851	2.7479	2.7113	2.7327	2.8807	3.0155	3.0937	3.2217	3.2131	3.2065	3.2289	3.2551	3.2574	3.2172	3.222	3.211	3.2113	3.1817	3.2287	3.2038	3.2079	3.214	3.2386	3.1948	3.2107	3.1888	3.09	2.8343	2.6726	2.7826	2.6816	2.7103	2.7062	2.6553	2.7386	2.7242	2.7064	2.7103	2.7276	2.6665	2.7291	2.7173	2.7115	2.7069	2.7507	2.7472	2.7293	2.7359	2.7347	2.7218	2.7105	2.7155	2.7023	2.7338	2.705	2.7288	2.7042	2.6998	2.7191	2.7134	2.7072	2.6813	2.6607	2.7057	2.683	2.7584	2.7363	2.7388	2.756	2.7481	2.7591	2.7828	2.7904	2.7537	2.7017	2.3029	2.3549	3.0275	3.3048	3.3791	3.2101	3.2158	3.222	3.2281	3.2301	3.2139	3.2272	3.2279	3.2186	3.1998	3.2129	3.2546	3.2716	3.2551	3.1905	3.235	3.2267	3.202	3.1172	2.8231	3.0178	2.7693	2.7436	2.7185	2.7393	2.7236	2.7017	2.7404	2.7759	2.7351	2.7569	2.7209	2.6861	2.7183	2.7283	2.7571	2.7187	2.7454	2.759	2.7414	2.7448	2.7141	2.7056	2.7392	2.7524	2.7273	2.7468	2.7279	2.7266	2.7149	2.742	2.7134	2.7485	2.7317	2.7204	2.7491	2.7478	2.7189	2.7248	2.7531	2.7229	2.7441	2.7484	2.7312	2.6715	2.7607	2.7378	2.7632	2.7203	2.7366	2.8351	3.2298	3.3865	3.0805	3.2074	3.2068	3.2409	3.284	3.2722	3.2399	3.2318	3.204	3.2196	3.2322	3.1986	3.2529	3.2612	3.2488	3.258	3.2316	3.0606	2.77	2.6994	2.737	2.7312	2.7109	2.7252	2.7396	2.7497	2.7437	2.7431	2.7776	2.7624	2.7485	2.746	2.7412	2.7299
2.855	3.1529	3.0883	3.2178	3.2381	3.2212	3.1947	3.2212	3.2335	3.2106	3.2184	3.2144	3.1939	3.1858	3.2005	3.1777	3.1557	3.1696	3.2135	3.1905	3.1968	3.177	3.1563	3.1824	3.2105	2.8226	2.5563	2.6773	2.7264	2.711	2.6857	2.6927	2.6965	2.679	2.7051	2.6915	2.7296	2.7095	2.7063	2.6851	2.6931	2.7111	2.7314	2.7301	2.7168	2.6997	2.7108	2.686	2.7373	2.7295	2.7195	2.7374	2.7561	2.7439	2.661	2.5267	2.7186	2.7282	2.7195	2.7205	2.6848	2.7018	2.7423	2.7255	2.7185	2.7527	2.7595	2.7137	2.7294	2.7442	2.7525	2.7282	2.7763	3.1239	3.3988	3.1395	3.1824	3.2432	3.2366	3.1901	3.1976	3.1932	3.1899	3.1478	3.1523	3.1985	3.2193	3.1957	3.2005	3.1724	3.1765	3.1683	3.2145	3.2214	3.1774	3.1712	3.1062	2.6288	2.8849	2.7292	2.7219	2.6997	2.6982	2.7044	2.7251	2.7611	2.7404	2.7317	2.7329	2.7127	2.7063	2.6981	2.7469	2.7344	2.6641	2.6862	2.7332	2.7366	2.733	2.7399	2.7165	2.6952	2.7404	2.724	2.7242	2.7518	2.707	2.699	2.7273	2.7362	2.7487	2.7309	2.7212	2.7377	2.7257	2.7225	2.7485	2.7687	2.7529	2.7188	2.7079	2.7454	2.7457	2.7492	2.8908	2.8882	3.1822	3.3134	3.1789	3.246	3.264	3.2285	3.2332	3.2318	3.1974	3.1959	3.1912	3.1849	3.2107	3.171	3.1614	3.1889	3.2657	3.2348	3.231	3.2465	3.2066	3.2209	3.1593	2.6723	2.8536	2.7182	2.7155	2.6799	2.718	2.7034	2.682	2.7291	2.7125	2.7007	2.7133	2.689	2.6905	2.7078	2.6973	2.7202	2.7446	2.7377	2.7044	2.6927	2.7221	2.7461	2.7239	2.7216	2.7255	2.7465	2.7277	2.6965	2.715	2.7385	2.7378	2.7424	2.7135	2.6816	2.7022	2.7155	2.7213	2.7409	2.7471	2.7355	2.7556	2.7544	2.7355	2.744	2.7794	2.7358	2.752	2.7422	2.7558	3.1709	3.5065	3.1527	3.2593	3.2722	3.2451	3.2512	3.26	3.2103	3.225	3.2236	3.2092	3.2325	3.2419	3.2404	3.2269	3.2211	3.2228	3.2429	3.2306	3.2096	3.0908	2.5303	2.7357	2.7599	2.7186	2.7265	2.7323	2.7242	2.7517	2.7375	2.7054	2.7381	2.7101	2.7111	2.7159	2.735
3.0879	3.3744	3.1884	3.1879	3.1971	3.2171	3.1925	3.1268	3.1949	3.1724	3.1787	3.1713	3.2027	3.1938	3.1786	3.2056	3.1842	3.1945	3.2086	3.1609	3.1512	3.1776	3.159	3.2141	3.1663	2.9232	2.7374	2.7377	2.7299	2.724	2.6543	2.7123	2.6732	2.6858	2.7146	2.6956	2.7243	2.7066	2.7245	2.733	2.7108	2.6752	2.6909	2.7291	2.719	2.687	2.6893	2.7077	2.7101	2.7018	2.7313	2.7101	2.7252	2.7413	2.7499	2.716	2.7199	2.7372	2.7127	2.7182	2.7471	2.7346	2.724	2.7308	2.7238	2.7565	2.7262	2.7164	2.7325	2.7433	2.7512	2.7406	3.0005	3.3593	3.1551	3.2218	3.225	3.2074	3.2186	3.2231	3.22	3.2174	3.2128	3.2013	3.2057	3.2465	3.2193	3.2096	3.1851	3.1712	3.1862	3.1737	3.1834	3.2011	3.1935	3.1862	3.1544	2.8976	2.7142	2.7273	2.7279	2.6835	2.7013	2.7184	2.7395	2.7031	2.6966	2.7337	2.7058	2.7377	2.7102	2.6952	2.7216	2.7326	2.7064	2.7183	2.6963	2.7001	2.6939	2.7244	2.7183	2.6934	2.7013	2.711	2.7052	2.7198	2.7324	2.7378	2.7124	2.7014	2.7014	2.717	2.7134	2.7112	2.7393	2.7293	2.7446	2.7378	2.7297	2.7451	2.7376	2.7555	2.7308	2.7145	2.7226	2.9238	3.236	3.2134	3.2022	3.2222	3.2227	3.2441	3.2081	3.204	3.2129	3.2127	3.2224	3.2139	3.191	3.1892	3.2301	3.2348	3.2157	3.1948	3.153	3.174	3.2127	3.1986	3.2198	2.8565	2.3866	2.7931	2.6756	2.675	2.7155	2.6981	2.6897	2.7232	2.7258	2.6997	2.7091	2.7371	2.7122	2.7409	2.7102	2.7476	2.7455	2.7365	2.7496	2.7107	2.6993	2.6733	2.7302	2.7103	2.7257	2.685	2.6927	2.733	2.7211	2.7123	2.7153	2.7292	2.7269	2.7056	2.7331	2.7296	2.7267	2.7416	2.7566	2.7463	2.7477	2.7392	2.6982	2.7382	2.7636	2.732	2.7358	2.6883	2.933	3.2237	3.1252	3.2124	3.244	3.2401	3.2729	3.2101	3.216	3.2176	3.1838	3.1764	3.2134	3.2296	3.2447	3.2028	3.197	3.2063	3.2347	3.2283	3.2221	3.2314	3.1745	2.9198	2.643	2.7495	2.7643	2.712	2.7125	2.7379	2.7295	2.7437	2.7117	2.7102	2.7217	2.712	2.7242	2.7349
3.0698	3.3039	3.1842	3.183	3.2168	3.2383	3.2429	3.2196	3.2306	3.2225	3.1571	3.1871	3.2017	3.2009	3.175	3.2009	3.2184	3.2142	3.1907	3.132	3.1635	3.1739	3.1859	3.2185	3.1662	3.1	2.6774	2.658	2.693	2.6618	2.7105	2.7205	2.6987	2.6592	2.6622	2.6615	2.7134	2.7295	2.7387	2.72	2.692	2.6891	2.7074	2.7033	2.7031	2.6827	2.6842	2.6949	2.7255	2.7189	2.713	2.7248	2.7508	2.7083	2.7013	2.7171	2.7054	2.6914	2.7128	2.7135	2.7396	2.7363	2.7089	2.7202	2.7397	2.7415	2.7409	2.7029	2.72	2.712	2.7155	2.7283	2.9374	3.2444	3.1922	3.2038	3.2422	3.231	3.2029	3.178	3.1928	3.2245	3.2427	3.2472	3.1672	3.1123	3.1825	3.1708	3.1581	3.1571	3.1616	3.1742	3.1739	3.1619	3.2194	3.2041	3.214	2.9715	2.6761	2.6241	2.7167	2.688	2.7303	2.6006	2.7132	2.6983	2.7351	2.7151	2.7184	2.7315	2.7269	2.6863	2.7091	2.7363	2.7342	2.696	2.7309	2.7164	2.6882	2.7137	2.7407	2.7143	2.7167	2.7234	2.7318	2.7167	2.7341	2.7326	2.7382	2.7435	2.7375	2.7062	2.7079	2.762	2.7137	2.7237	2.726	2.7396	2.7787	2.753	2.7757	2.7399	2.7337	2.7139	2.7339	2.9823	3.2066	3.1863	3.2145	3.2264	3.2376	3.2079	3.2415	3.2605	3.2295	3.2527	3.1936	3.1878	3.1819	3.1799	3.2676	3.186	3.1855	3.1967	3.2139	3.2571	3.2399	3.2424	3.2042	3.1482	2.7452	2.6179	2.7251	2.6897	2.7043	2.7179	2.7207	2.7243	2.6972	2.7216	2.7679	2.7204	2.723	2.7188	2.7192	2.7214	2.7113	2.7196	2.7224	2.7542	2.7368	2.7482	2.7138	2.7075	2.7469	2.7072	2.6787	2.6969	2.7073	2.7246	2.751	2.7566	2.7161	2.7529	2.7498	2.7316	2.6985	2.736	2.7935	2.7967	2.7457	2.7273	2.7466	2.712	2.7285	2.7141	2.6979	2.7794	3.1639	3.1488	3.2392	3.2436	3.241	3.2612	3.2495	3.2131	3.2539	3.2538	3.2083	3.2365	3.2073	3.2025	3.2058	3.2211	3.2257	3.2061	3.2208	3.2196	3.2004	3.2712	3.2519	3.1831	2.7617	2.3837	2.7479	2.7188	2.7345	2.7019	2.7276	2.7163	2.712	2.7451	2.7133	2.7232	2.7479	2.737
3.2137	3.2131	3.183	3.1943	3.2295	3.1877	3.1628	3.1724	3.1947	3.1448	3.1554	3.1906	3.1846	3.1793	3.191	3.2035	3.192	3.1781	3.1638	3.1783	3.1971	3.2062	3.1994	3.1829	3.1319	3.1693	2.891	2.5803	2.7007	2.6852	2.6835	2.6806	2.7003	2.7378	2.7169	2.685	2.7007	2.7058	2.7205	2.6927	2.6775	2.6926	2.7308	2.676	2.7137	2.7189	2.6885	2.6857	2.6929	2.6883	2.6862	2.6948	2.7041	2.7539	2.7296	2.7246	2.7303	2.7494	2.7032	2.6906	2.7419	2.7064	2.7465	2.7682	2.727	2.7258	2.7338	2.7191	2.7381	2.7569	2.7158	2.7406	3.0886	3.2062	3.2133	3.267	3.2333	3.2039	3.2275	3.2401	3.2062	3.2113	3.1553	3.159	3.196	3.1814	3.1927	3.2068	3.2023	3.1962	3.2179	3.1798	3.1553	3.1744	3.155	3.181	3.1625	3.1873	2.9181	2.6081	2.7336	2.7278	2.7201	2.7129	2.6999	2.6985	2.7174	2.705	2.6854	2.7228	2.715	2.7229	2.7268	2.7214	2.7458	2.7047	2.7188	2.7356	2.7114	2.7098	2.7342	2.7278	2.7049	2.7048	2.7407	2.7491	2.7685	2.7801	2.7217	2.7303	2.7069	2.7292	2.7053	2.7334	2.7349	2.7271	2.7275	2.759	2.7218	2.7277	2.7479	2.7342	2.7324	2.7398	2.9146	3.2312	3.235	3.1677	3.1783	3.1878	3.216	3.1982	3.2236	3.2181	3.2277	3.2376	3.2148	3.1562	3.208	3.2007	3.21	3.1846	3.2365	3.2112	3.2369	3.221	3.1968	3.184	3.1802	3.1786	2.9342	2.7319	2.7269	2.7069	2.7031	2.7272	2.6971	2.7068	2.7021	2.7504	2.7123	2.7155	2.7214	2.756	2.7515	2.7346	2.6706	2.7394	2.7396	2.7378	2.7087	2.7239	2.7236	2.7366	2.7531	2.7358	2.7476	2.7596	2.6908	2.7066	2.7423	2.7562	2.7422	2.7411	2.7251	2.758	2.7682	2.7438	2.7363	2.7445	2.7397	2.7412	2.7442	2.7294	2.738	2.721	2.7105	2.8461	3.2969	3.2119	3.2192	3.1837	3.2022	3.217	3.251	3.2177	3.21	3.2391	3.246	3.2286	3.2203	3.2063	3.2061	3.2125	3.2083	3.1748	3.1895	3.1985	3.1991	3.2053	3.1912	3.1915	3.0825	2.5679	2.7492	2.7438	2.7227	2.7139	2.7178	2.7013	2.69	2.7279	2.7518	2.7206	2.7282	2.7616
3.3784	3.1571	3.2265	3.2229	3.2391	3.1983	3.1792	3.2002	3.1793	3.1231	3.1857	3.1865	3.1689	3.1882	3.1492	3.1877	3.155	3.1742	3.1803	3.1766	3.174	3.1873	3.1546	3.1513	3.2033	3.1806	2.8961	2.3889	2.6669	2.7098	2.6735	2.6815	2.6916	2.6878	2.6812	2.7007	2.6845	2.6983	2.7265	2.7118	2.738	2.6953	2.7303	2.7048	2.6887	2.6805	2.6877	2.7197	2.6884	2.6916	2.7049	2.7046	2.7309	2.7152	2.6905	2.7278	2.7103	2.7207	2.7087	2.6786	2.6836	2.6903	2.6626	2.7577	2.7345	2.6972	2.7434	2.7181	2.7108	2.7191	2.7177	2.8466	3.2008	3.1954	3.2369	3.2006	3.2027	3.2485	3.2424	3.211	3.2002	3.2166	3.1855	3.0938	3.2093	3.1917	3.165	3.1962	3.1481	3.1896	3.1929	3.1986	3.1935	3.1738	3.1896	3.2286	3.2047	3.1858	2.9052	2.4134	2.7375	2.7051	2.6987	2.7196	2.6995	2.724	2.7254	2.7095	2.7067	2.7173	2.6835	2.7075	2.6836	2.7385	2.7287	2.7307	2.7126	2.7291	2.7389	2.7311	2.7362	2.7252	2.7183	2.7165	2.7144	2.6935	2.6957	2.7445	2.7063	2.7455	2.7299	2.7198	2.6873	2.731	2.714	2.7431	2.742	2.7445	2.7465	2.7573	2.7455	2.687	2.7644	2.7312	2.8062	3.2695	3.2011	3.2621	3.1974	3.2243	3.2139	3.226	3.2127	3.2151	3.2018	3.1826	3.2103	3.1652	3.2082	3.2136	3.2205	3.2084	3.2062	3.1938	3.1941	3.2049	3.2352	3.2017	3.2044	3.209	3.0956	2.7882	2.6425	2.7265	2.7323	2.7193	2.7075	2.722	2.7439	2.7018	2.7221	2.7052	2.7019	2.7517	2.7388	2.718	2.75	2.7441	2.7345	2.7259	2.7515	2.7312	2.7228	2.7893	2.7585	2.7148	2.705	2.7278	2.7428	2.7595	2.7531	2.7132	2.7481	2.7621	2.7379	2.7436	2.7543	2.7472	2.7488	2.7646	2.7633	2.7559	2.7715	2.7747	2.7389	2.7271	2.7333	3.0242	3.1856	3.1738	3.2344	3.2414	3.2353	3.2302	3.2189	3.2128	3.1962	3.1816	3.2009	3.2065	3.2138	3.2112	3.1937	3.1936	3.2069	3.2222	3.1668	3.2029	3.2165	3.1909	3.2198	3.2062	3.1572	2.7241	2.5982	2.711	2.7016	2.7237	2.7244	2.7016	2.7069	2.7371	2.7199	2.7339	2.6843	2.6892
3.256	3.1979	3.2233	3.2142	3.1732	3.1933	3.2025	3.2188	3.2241	3.2255	3.2271	3.1813	3.1764	3.1628	3.1733	3.1353	3.1237	3.1622	3.149	3.1614	3.1593	3.1381	3.1239	3.1258	3.174	3.1911	2.8265	2.632	2.6745	2.7014	2.6932	2.6876	2.6793	2.6993	2.6718	2.6854	2.7114	2.693	2.698	2.708	2.7248	2.6876	2.7329	2.6958	2.6997	2.7038	2.7167	2.6511	2.7416	2.7326	2.7018	2.6702	2.607	2.7488	2.7288	2.7339	2.7342	2.7241	2.702	2.6892	2.7067	2.7307	2.6891	2.7545	2.7465	2.6974	2.7604	2.7482	2.7338	2.7296	2.702	2.774	3.1697	3.1374	3.2386	3.2312	3.2526	3.251	3.2573	3.2548	3.2061	3.1828	3.211	3.2151	3.2049	3.1998	3.1742	3.1532	3.1835	3.1846	3.2115	3.1887	3.1907	3.1685	3.1372	3.1982	3.1995	3.2035	3.0667	2.7404	2.7333	2.7064	2.7222	2.7289	2.6878	2.6846	2.7237	2.7425	2.7036	2.7324	2.7247	2.7059	2.6871	2.721	2.736	2.7296	2.7462	2.7612	2.7391	2.726	2.7527	2.7308	2.7366	2.7508	2.7351	2.7278	2.7267	2.7189	2.7319	2.7067	2.6762	2.7228	2.716	2.7237	2.7423	2.7696	2.7388	2.7351	2.5893	2.6722	2.7001	2.7143	2.7217	2.7364	3.079	3.3469	3.2191	3.2302	3.2354	3.2067	3.2392	3.2467	3.2099	3.2436	3.2215	3.2185	3.1711	3.1891	3.1872	3.1787	3.199	3.1026	3.1689	3.1726	3.1709	3.0677	3.2161	3.1803	3.1662	3.1843	3.046	2.8372	2.6124	2.7179	2.7329	2.6644	2.7002	2.7086	2.7359	2.7361	2.7167	2.6864	2.6798	2.7188	2.7225	2.7198	2.6945	2.7529	2.7628	2.7493	2.7261	2.7008	2.7277	2.5457	2.3287	2.6133	2.7605	2.7064	2.7184	2.7583	2.713	2.7387	2.7491	2.7415	2.7522	2.7194	2.7232	2.7572	2.7361	2.7548	2.7522	2.7539	2.7383	2.7549	2.7409	2.7037	2.7213	3.1714	3.2233	3.2229	3.2374	3.2838	3.219	3.2892	3.2308	3.2392	3.2291	3.2174	3.2383	3.2457	3.206	3.1997	3.2033	3.229	3.2089	3.1934	3.1993	3.2181	3.191	3.2087	3.2349	3.2007	3.2031	3.0302	2.5267	2.7629	2.7369	2.7035	2.6903	2.7404	2.7125	2.6997	2.719	2.7351	2.7284	2.7102
3.2817	3.2655	3.2337	3.1977	3.1921	3.2303	3.2354	3.2192	3.2205	3.2329	3.2287	3.2124	3.1933	3.1932	3.1649	3.1847	3.2147	3.2264	3.1645	3.2283	3.1946	3.1625	3.2414	3.1954	3.2175	3.2078	2.992	2.6921	2.6388	2.6934	2.69	2.6977	2.6865	2.6866	2.7056	2.6947	2.6993	2.645	2.6834	2.6851	2.6632	2.6832	2.7005	2.7042	2.6671	2.678	2.7235	2.7148	2.7024	2.7098	2.7403	2.7379	2.7052	2.6899	2.6929	2.682	2.6926	2.7122	2.7159	2.7198	2.7241	2.7137	2.7033	2.6956	2.6918	2.7297	2.7486	2.7298	2.7173	2.7261	2.6846	2.9449	3.3178	3.1863	3.2482	3.2288	3.1926	3.2272	3.2483	3.2089	3.1491	3.2018	3.1971	3.1913	3.2318	3.2047	3.2163	3.2294	3.1812	3.1619	3.1623	3.1734	3.1616	3.1477	3.1714	3.1933	3.1665	3.1811	3.1401	2.5612	2.6939	2.6728	2.6963	2.7126	2.7082	2.7232	2.7424	2.7653	2.7296	2.6993	2.7021	2.7063	2.6947	2.6865	2.7345	2.7277	2.7283	2.7247	2.7064	2.6873	2.7217	2.7268	2.7228	2.6971	2.7134	2.7188	2.7141	2.7249	2.7394	2.7235	2.7024	2.7214	2.7388	2.7289	2.7425	2.7627	2.756	2.7323	2.6953	2.7238	2.7233	2.7464	2.7374	2.7544	3.0027	3.3025	3.2272	3.2306	3.2134	3.208	3.2161	3.2242	3.2221	3.1997	3.2159	3.1838	3.1442	3.1746	3.1712	3.2343	3.1999	3.1967	3.2015	3.1894	3.1952	3.22	3.2204	3.1983	3.2269	3.2092	3.1762	2.8451	2.4979	2.691	2.7107	2.7187	2.7069	2.712	2.7232	2.7342	2.7431	2.7193	2.7022	2.7382	2.7479	2.7486	2.7308	2.7547	2.7349	2.7416	2.7186	2.7003	2.6985	2.7527	2.7802	2.7269	2.7475	2.7566	2.7167	2.7143	2.7125	2.7247	2.7335	2.7417	2.7127	2.7543	2.742	2.7257	2.7477	2.7473	2.7653	2.7503	2.7159	2.7401	2.76	2.7235	2.8054	3.1492	3.1958	3.2466	3.2144	3.2208	3.1921	3.2219	3.1795	3.2375	3.2339	3.2032	3.2009	3.1945	3.1986	3.2279	3.2195	3.2137	3.1748	3.1943	3.2006	3.2172	3.1964	3.1851	3.223	3.265	3.237	3.1502	2.735	2.6961	2.7378	2.7003	2.7047	2.6939	2.6797	2.711	2.7302	2.727	2.7581	2.7539
3.1313	3.1754	3.2115	3.2386	3.1906	3.1923	3.2242	3.2421	3.2375	3.1859	3.1866	3.1876	3.14	3.1345	3.0936	3.1627	3.1674	3.168	3.0914	3.1481	3.2007	3.1318	3.193	3.1729	3.1962	3.201	3.0652	2.6584	2.5983	2.682	2.6959	2.6778	2.6967	2.6811	2.6831	2.7089	2.7081	2.6771	2.6935	2.7058	2.7124	2.6949	2.6846	2.6498	2.6982	2.725	2.6448	2.6974	2.684	2.6774	2.7187	2.6772	2.7369	2.7339	2.7181	2.7011	2.6961	2.7124	2.7367	2.7247	2.7404	2.7323	2.7157	2.7382	2.7621	2.7459	2.746	2.7252	2.7088	2.7549	2.7256	2.7661	3.245	3.1792	3.2203	3.2193	3.2321	3.2118	3.2265	3.2411	3.2258	3.2055	3.2222	3.1953	3.1286	3.2113	3.2137	3.1892	3.1806	3.2191	3.1974	3.1972	3.2149	3.1938	3.2134	3.2102	3.2304	3.2322	3.0384	2.4976	2.519	2.6999	2.6811	2.7328	2.7201	2.7296	2.6766	2.7269	2.694	2.6985	2.7021	2.7203	2.6825	2.6942	2.7025	2.7477	2.7028	2.6586	2.6976	2.7194	2.737	2.7348	2.7155	2.7444	2.7334	2.6997	2.7414	2.7132	2.7086	2.7412	2.7255	2.7583	2.7559	2.7262	2.7066	2.7201	2.7298	2.7488	2.736	2.7142	2.7286	2.7313	2.702	2.7235	3.2924	3.2547	3.2396	3.2417	3.2184	3.1883	3.2167	3.2424	3.2015	3.1896	3.2423	3.2221	3.2182	3.2024	3.2521	3.2651	3.235	3.2161	3.2125	3.1692	3.1875	3.1586	3.2383	3.2224	3.2155	3.2288	3.219	2.9696	2.6987	2.7674	2.698	2.6906	2.69	2.7232	2.7088	2.713	2.7176	2.7433	2.7085	2.7266	2.712	2.7419	2.7293	2.7024	2.7451	2.713	2.6958	2.732	2.7254	2.7604	2.7481	2.7475	2.734	2.7226	2.7324	2.7443	2.7062	2.7087	2.7236	2.7186	2.74	2.8009	2.757	2.7347	2.7399	2.7669	2.7356	2.7513	2.7575	2.7437	2.7479	2.7228	2.8425	3.1741	3.2663	3.2661	3.2768	3.2607	3.1901	3.1825	3.242	3.2568	3.19	3.1978	3.2329	3.2405	3.2199	3.2089	3.1952	3.1777	3.1878	3.2339	3.2114	3.1847	3.2177	3.2125	3.1438	3.187	3.2231	3.1584	2.6808	2.6848	2.7007	2.701	2.7231	2.6542	2.6879	2.6719	2.6618	2.6954	2.715	2.7278
3.2144	3.1536	3.1839	3.2219	3.2399	3.256	3.258	3.2271	3.2277	3.2348	3.191	3.1957	3.1915	3.1956	3.2421	3.213	3.232	3.1984	3.2088	3.2028	3.2215	3.2023	3.1507	3.1241	3.1563	3.165	2.9072	2.5776	2.6134	2.6901	2.6643	2.674	2.6904	2.6941	2.7047	2.699	2.7206	2.726	2.7123	2.7031	2.6894	2.6823	2.7208	2.73	2.6924	2.6905	2.6973	2.7613	2.7276	2.7137	2.7021	2.6814	2.7237	2.7216	2.7154	2.7114	2.7194	2.721	2.7335	2.6675	2.7346	2.7351	2.7506	2.7247	2.724	2.7383	2.731	2.6863	2.6941	2.7086	2.7238	2.8787	3.1694	3.2482	3.2441	3.2462	3.2422	3.2538	3.2437	3.2412	3.2251	3.2542	3.2658	3.2567	3.1919	3.1967	3.1963	3.2144	3.1885	3.2129	3.1686	3.1448	3.1918	3.1966	3.2028	3.1594	3.1863	3.2363	3.0136	2.736	2.6209	2.6864	2.6843	2.6935	2.6967	2.6974	2.7065	2.6772	2.693	2.7091	2.7377	2.7046	2.7149	2.7007	2.6869	2.7071	2.7427	2.7385	2.7155	2.69	2.6942	2.7286	2.733	2.7221	2.7222	2.7285	2.691	2.754	2.7564	2.7431	2.7097	2.7087	2.7186	2.7287	2.7153	2.7058	2.7376	2.7653	2.7549	2.756	2.7532	2.7309	2.7173	2.784	3.144	3.1878	3.2081	3.2508	3.2111	3.2496	3.2611	3.2129	3.2476	3.2126	3.2112	3.2453	3.2169	3.2323	3.2248	3.2061	3.1797	3.2326	3.203	3.1937	3.2499	3.2354	3.2068	3.1884	3.2469	3.2208	3.1868	2.8392	2.653	2.6616	2.7037	2.7132	2.7429	2.701	2.7005	2.6735	2.7147	2.7232	2.693	2.6941	2.6974	2.712	2.7115	2.7122	2.7524	2.7088	2.7243	2.7136	2.7044	2.7194	2.6685	2.6953	2.7248	2.7054	2.7162	2.731	2.7526	2.763	2.7147	2.7494	2.7261	2.7266	2.7578	2.7545	2.7395	2.7265	2.7332	2.7736	2.7489	2.7198	2.7414	2.6833	2.7549	3.2355	3.179	3.3003	3.2788	3.2497	3.206	3.2443	3.1918	3.1792	3.2308	3.2351	3.2297	3.2146	3.1898	3.2277	3.226	3.213	3.212	3.1862	3.1632	3.2084	3.2218	3.2241	3.2181	3.2433	3.2181	3.2447	2.8785	2.5623	2.7065	2.7014	2.6994	2.7223	2.7036	2.6876	2.7624	2.7324	2.7555	2.7574
3.0565	3.1038	3.2078	3.2657	3.2158	3.2112	3.2339	3.1944	3.2213	3.2089	3.2073	3.2097	3.2083	3.2114	3.2219	3.2063	3.1909	3.17	3.2129	3.2152	3.1557	3.1862	3.185	3.205	3.2012	3.1883	2.9506	2.6606	2.6759	2.6614	2.6691	2.6675	2.6688	2.647	2.694	2.7052	2.6901	2.7017	2.7069	2.7073	2.7279	2.7	2.7028	2.6798	2.7105	2.7068	2.706	2.7042	2.7007	2.7128	2.7218	2.71	2.7231	2.7201	2.7157	2.6776	2.6998	2.7096	2.7157	2.7292	2.7169	2.7203	2.6928	2.6954	2.7302	2.7193	2.7311	2.7194	2.6724	2.7003	2.7043	2.7194	3.1847	3.1544	3.2208	3.2458	3.2445	3.2326	3.2434	3.2196	3.2183	3.2102	3.2166	3.2024	3.1994	3.1936	3.2268	3.199	3.1913	3.187	3.1775	3.2125	3.1872	3.2063	3.1941	3.1818	3.1747	3.1862	3.074	2.4873	2.6453	2.7138	2.6792	2.7318	2.687	2.7188	2.721	2.7227	2.7225	2.699	2.6991	2.6944	2.7	2.7496	2.709	2.6829	2.7298	2.6816	2.7175	2.7302	2.6781	2.7505	2.7665	2.7508	2.7405	2.7226	2.7123	2.7139	2.7499	2.7187	2.7085	2.7442	2.7623	2.7313	2.7226	2.7527	2.8013	2.7379	2.7406	2.7493	2.7663	2.7231	2.6972	2.7148	3.0933	3.2866	3.2442	3.2406	3.2505	3.3002	3.2694	3.2026	3.2398	3.22	3.2388	3.2584	3.2607	3.2458	3.1813	3.2267	3.2393	3.197	3.2491	3.2264	3.2069	3.2341	3.2374	3.2271	3.2305	3.1836	3.2022	3.029	2.3745	2.7364	2.7205	2.7253	2.7259	2.7006	2.6971	2.7261	2.741	2.7386	2.7276	2.6881	2.7356	2.7208	2.7051	2.6977	2.6804	2.7115	2.7259	2.7292	2.7305	2.7033	2.6947	2.714	2.7078	2.7363	2.7439	2.6908	2.7314	2.7753	2.7672	2.7168	2.7246	2.7237	2.7232	2.7195	2.7106	2.727	2.7572	2.7394	2.7377	2.7679	2.746	2.6999	2.7615	3.2772	3.2596	3.3039	3.2908	3.2563	3.2242	3.2258	3.2628	3.2234	3.2161	3.237	3.2393	3.218	3.2208	3.2261	3.1865	3.2062	3.2184	3.2353	3.2065	3.2086	3.2225	3.233	3.2108	3.2435	3.2205	3.1717	2.8321	2.5281	2.7395	2.7123	2.6912	2.6878	2.7208	2.7461	2.7307	2.7282	2.6907	2.7019
2.8987	3.1183	3.197	3.2496	3.193	3.2625	3.2277	3.2416	3.2047	3.2318	3.2133	3.2133	3.2113	3.217	3.1694	3.173	3.165	3.1382	3.1717	3.1975	3.176	3.2176	3.2094	3.169	3.2522	3.2083	2.826	2.4918	2.6996	2.6893	2.6957	2.6964	2.6524	2.6647	2.7074	2.6916	2.6905	2.6747	2.6985	2.6972	2.7174	2.707	2.7089	2.7081	2.7152	2.7157	2.6995	2.6874	2.6872	2.7046	2.728	2.7083	2.7106	2.7219	2.6945	2.7196	2.7369	2.6923	2.7363	2.7631	2.7604	2.7191	2.7272	2.7341	2.7335	2.7195	2.742	2.751	2.7157	2.7435	2.7215	2.7451	3.0216	3.2082	3.1744	3.2413	3.2562	3.2223	3.2234	3.2352	3.2444	3.2093	3.1939	3.2437	3.2566	3.239	3.1637	3.1722	3.1551	3.1898	3.1784	3.1569	3.1863	3.2255	3.218	3.1602	3.2564	3.2071	3.0588	2.5082	2.7129	2.6846	2.7206	2.7035	2.7022	2.7167	2.7123	2.7227	2.7187	2.686	2.665	2.7113	2.7213	2.711	2.7268	2.7187	2.6923	2.7247	2.7513	2.7354	2.7491	2.7308	2.7138	2.6965	2.7122	2.7144	2.7277	2.7527	2.7416	2.7251	2.7508	2.7475	2.7213	2.7536	2.737	2.7275	2.7497	2.7423	2.7225	2.7339	2.7646	2.7624	2.7463	2.7583	2.9259	3.2428	3.2149	3.2638	3.2747	3.3083	3.2478	3.2534	3.2455	3.2231	3.1989	3.2262	3.2263	3.2303	3.1977	3.1506	3.1837	3.165	3.2088	3.1795	3.1838	3.1722	3.1793	3.215	3.2021	3.2252	3.2021	2.8487	2.3445	2.743	2.7141	2.7174	2.6791	2.7161	2.7226	2.698	2.6927	2.6984	2.7203	2.7184	2.7216	2.6925	2.7019	2.7182	2.7451	2.7202	2.7215	2.7327	2.6939	2.6886	2.7085	2.7371	2.77	2.7526	2.7703	2.7494	2.702	2.7108	2.6675	2.7394	2.7323	2.7268	2.7393	2.7294	2.7445	2.7593	2.7636	2.7249	2.7295	2.7343	2.7351	2.7396	2.7444	3.1624	3.1505	3.2141	3.2754	3.2518	3.2537	3.2421	3.2656	3.245	3.22	3.2374	3.2645	3.2535	3.2051	3.1981	3.2056	3.228	3.1951	3.2352	3.253	3.2303	3.2122	3.1982	3.1851	3.2131	3.226	3.2127	2.8229	2.756	2.6959	2.6892	2.7121	2.6916	2.6984	2.7117	2.6833	2.6984	2.7266	2.7032
2.7482	3.292	3.2017	3.2388	3.2679	3.257	3.2317	3.1653	3.172	3.2046	3.1957	3.1639	3.1672	3.1962	3.1952	3.1631	3.1809	3.1592	3.1735	3.221	3.2086	3.1864	3.1812	3.1748	3.1456	3.0064	2.3939	2.6064	2.7213	2.7011	2.6643	2.6522	2.6896	2.678	2.6924	2.7015	2.6583	2.6995	2.7134	2.7075	2.7062	2.7262	2.7309	2.7281	2.6881	2.6992	2.6997	2.7038	2.7382	2.7314	2.6978	2.6671	2.6942	2.7204	2.7039	2.7287	2.7252	2.7176	2.7094	2.7169	2.7074	2.7261	2.7143	2.7162	2.7109	2.7462	2.703	2.7192	2.7301	2.7303	2.6942	2.7175	2.8903	3.2819	3.1797	3.2667	3.2166	3.232	3.1681	3.2093	3.2083	3.2398	3.2154	3.2211	3.1985	3.1552	3.1981	3.1549	3.1539	3.1566	3.1966	3.2167	3.2071	3.1991	3.204	3.1986	3.2136	3.1864	2.9076	2.7054	2.6867	2.6657	2.6949	2.7142	2.6999	2.7014	2.7026	2.6859	2.6913	2.7301	2.7186	2.7289	2.7199	2.7253	2.7432	2.7268	2.6957	2.6981	2.7541	2.7162	2.6743	2.7008	2.7223	2.7448	2.7129	2.7479	2.7584	2.7077	2.7128	2.7416	2.723	2.706	2.7238	2.737	2.7369	2.7469	2.7499	2.7363	2.7426	2.742	2.7538	2.7544	2.7284	2.7031	2.8288	3.4018	3.2401	3.2213	3.3238	2.967	3.0017	3.2285	3.2468	3.2095	3.2183	3.2411	3.202	3.1962	3.195	3.2329	3.2202	3.2012	3.2288	3.2041	3.2256	3.1733	3.1934	3.2016	3.2112	3.244	3.2074	2.7701	2.7126	2.7218	2.7175	2.7006	2.6909	2.7255	2.7264	2.7263	2.7193	2.7015	2.7397	2.707	2.7206	2.7217	2.7074	2.7424	2.7171	2.74	2.7446	2.7384	2.7471	2.7409	2.7296	2.7453	2.7421	2.7305	2.7231	2.6806	2.7431	2.7412	2.7323	2.7255	2.7221	2.7113	2.7518	2.7256	2.7302	2.7515	2.7227	2.7654	2.7469	2.7356	2.7434	2.725	2.7175	3.0736	3.1874	3.188	3.2215	3.2764	3.2589	3.2717	3.2506	3.2468	3.2693	3.2206	3.2158	3.2263	3.2091	3.1979	3.2335	3.2499	3.2477	3.2055	3.217	3.2393	3.222	3.2258	3.2037	3.1829	3.2474	3.1323	2.7637	2.58	2.7228	2.6946	2.6842	2.7115	2.7012	2.6906	2.6814	2.7112	2.7172	2.697
2.6952	2.9254	3.182	3.1552	3.2214	3.2611	3.2715	3.2665	3.2696	3.1817	3.1762	3.2116	3.1783	3.1546	3.1796	3.2275	3.2257	3.2173	3.1506	3.209	3.181	3.1829	3.1864	3.1682	3.1809	2.8811	2.6432	2.7062	2.7037	2.6861	2.7045	2.7196	2.6882	2.7047	2.6812	2.6806	2.6851	2.6815	2.7004	2.6969	2.7051	2.7037	2.6943	2.6561	2.7026	2.7423	2.7472	2.6576	2.7158	2.718	2.7086	2.7022	2.7372	2.7538	2.7251	2.71	2.6798	2.7073	2.7322	2.7387	2.7247	2.7568	2.7481	2.7381	2.7588	2.7255	2.7223	2.6908	2.7214	2.718	2.5869	2.6636	2.7492	3.2628	3.1637	3.1481	3.2428	3.2666	3.2752	3.2345	3.2087	3.2154	3.212	3.2181	3.2229	3.2008	3.1575	3.2124	3.2004	3.2263	3.1925	3.1657	3.1664	3.2033	3.1746	3.1671	3.2061	3.1902	2.6021	2.422	2.7207	2.6979	2.692	2.7075	2.6932	2.7117	2.697	2.6899	2.7297	2.7233	2.7112	2.6961	2.7161	2.6738	2.7273	2.7185	2.7023	2.7331	2.7382	2.707	2.694	2.6721	2.7603	2.7499	2.7397	2.7365	2.7451	2.7596	2.753	2.7671	2.7396	2.6997	2.6974	2.732	2.7626	2.7622	2.7491	2.73	2.7403	2.7213	2.7379	2.7612	2.7549	2.7139	2.7584	3.0708	3.3437	3.2702	3.2892	3.3207	3.2813	3.255	3.2901	3.282	3.2672	3.2413	3.2463	3.1654	3.2408	3.2389	3.2131	3.238	3.2476	3.2382	3.2416	3.2408	3.2442	3.2644	3.254	3.2238	3.0871	2.6997	2.5461	2.6865	2.689	2.7126	2.6847	2.7106	2.7313	2.7229	2.6933	2.7141	2.734	2.7055	2.7194	2.7157	2.7326	2.7335	2.7295	2.7677	2.7689	2.7234	2.688	2.6847	2.7274	2.7007	2.7163	2.6982	2.705	2.7437	2.7256	2.7476	2.7604	2.7438	2.7312	2.7211	2.7161	2.735	2.749	2.7525	2.7412	2.7395	2.7156	2.7388	2.757	2.7327	2.7175	2.8198	3.2707	3.2527	3.2878	3.2835	3.2536	3.2753	3.2342	3.2579	3.1969	3.1794	3.2318	3.2575	3.2117	3.2121	3.245	3.221	3.214	3.2379	3.2274	3.2211	3.2063	3.2307	3.2081	3.1894	3.2268	2.9864	2.6004	2.6715	2.7141	2.7268	2.704	2.7054	2.6994	2.7037	2.6987	2.7086	2.7313	2.7465
2.6781	2.808	3.0894	3.1762	3.2036	3.2169	3.1834	3.2146	3.2254	3.2069	3.2218	3.2178	3.2189	3.2081	3.1817	3.2156	3.2284	3.2354	3.2131	3.1791	3.2131	3.2149	3.2044	3.134	3.1174	2.6995	2.465	2.7348	2.6999	2.6876	2.6845	2.6862	2.6905	2.7109	2.7062	2.6798	2.7281	2.6968	2.7065	2.7541	2.7274	2.727	2.7062	2.7064	2.7477	2.7657	2.7393	2.7236	2.724	2.7314	2.6885	2.6945	2.6811	2.7145	2.7382	2.7224	2.7002	2.6933	2.7247	2.7185	2.732	2.7276	2.6907	2.7836	2.7387	2.7325	2.7451	2.7184	2.722	2.7239	2.7207	2.7142	2.7063	3.0271	3.1663	3.1194	3.265	3.2432	3.2286	3.2313	3.2429	3.2375	3.2198	3.2482	3.2196	3.1896	3.2412	3.2563	3.2416	3.2215	3.1931	3.1927	3.2043	3.148	3.2017	3.2181	3.2064	3.0356	2.4715	2.7171	2.644	2.6204	2.6987	2.7155	2.6689	2.6737	2.7283	2.7536	2.7205	2.6984	2.7296	2.751	2.7169	2.7044	2.7152	2.7038	2.7354	2.7203	2.7228	2.7312	2.6995	2.6772	2.7108	2.7475	2.7834	2.7589	2.7197	2.7541	2.74	2.7396	2.7426	2.7572	2.7366	2.7284	2.7182	2.7293	2.7493	2.7155	2.7407	2.7711	2.7815	2.7894	2.7797	2.7151	2.6665	2.8885	3.1415	3.2235	3.1651	3.1568	3.2617	3.2517	3.235	3.2338	3.2164	3.2	3.228	3.207	3.2148	3.153	3.1762	3.1642	3.2065	3.1623	3.1957	3.1847	3.2092	3.2467	3.2358	3.2051	2.8997	2.5258	2.6438	2.7116	2.6948	2.7282	2.7246	2.6946	2.7196	2.7397	2.7376	2.7081	2.7231	2.7129	2.7361	2.7049	2.6976	2.7063	2.6982	2.7218	2.7199	2.7386	2.7311	2.6976	2.7271	2.7673	2.7189	2.7601	2.7335	2.7411	2.7413	2.7373	2.743	2.7409	2.7549	2.7484	2.7255	2.7632	2.7473	2.7528	2.7554	2.7361	2.7712	2.7394	2.7359	2.7179	2.7115	2.7942	3.1422	3.2153	3.2827	3.3057	3.2895	3.2887	3.2303	3.1972	3.2192	3.2363	3.268	3.2112	3.2074	3.2275	3.1941	3.2403	3.2231	3.2336	3.2401	3.2073	3.2246	3.2169	3.1981	3.2325	3.2024	3.0868	2.5999	2.756	2.6935	2.7047	2.7181	2.7308	2.6649	2.7127	2.7176	2.7164	2.6401	2.736
2.677	2.7084	2.8972	3.0935	3.133	3.2214	3.1717	3.2259	3.2549	3.2092	3.2187	3.1904	3.185	3.1553	3.2541	3.2238	3.2024	3.1718	3.162	3.1923	3.2306	3.1813	3.23	3.1714	2.8352	2.4105	2.6801	2.7086	2.7083	2.687	2.6727	2.6722	2.6809	2.7032	2.7118	2.7251	2.7007	2.6748	2.6784	2.7145	2.7157	2.7078	2.708	2.7191	2.7333	2.7655	2.7836	2.7226	2.7295	2.7243	2.7187	2.692	2.7349	2.6951	2.6665	2.7573	2.7522	2.748	2.7211	2.7462	2.7581	2.7513	2.7714	2.7405	2.7707	2.7248	2.7409	2.7753	2.7877	2.7827	2.7517	2.7235	2.7354	2.7852	3.3878	3.0834	3.2456	3.2345	3.1987	3.1865	3.237	3.2182	3.2344	3.2538	3.2637	3.235	3.2067	3.2339	3.2646	3.2519	3.2163	3.2211	3.1906	3.2004	3.2211	3.2139	3.1252	2.8749	2.6514	2.7467	2.6994	2.6747	2.691	2.7067	2.713	2.686	2.7096	2.712	2.7141	2.72	2.7188	2.7611	2.7472	2.7396	2.7281	2.7367	2.7382	2.7275	2.7111	2.7243	2.7089	2.7152	2.7285	2.7273	2.7253	2.7019	2.7212	2.7143	2.7474	2.7483	2.7306	2.7316	2.7537	2.7244	2.7441	2.7386	2.7448	2.7376	2.7612	2.7581	2.7496	2.7209	2.7336	2.7793	2.7156	2.8798	3.0629	3.1924	3.2303	3.2511	3.195	3.2252	3.2179	3.2282	3.2304	3.1704	3.2088	3.2085	3.2394	3.2362	3.2413	3.2239	3.2322	3.2313	3.217	3.1897	3.2245	3.2229	3.2551	3.083	2.7462	2.5199	2.7219	2.7141	2.6661	2.6972	2.7284	2.7263	2.7232	2.6993	2.7201	2.741	2.6762	2.7052	2.7522	2.7452	2.7019	2.7116	2.738	2.699	2.6907	2.7382	2.7579	2.7391	2.7565	2.7675	2.7253	2.7325	2.748	2.7563	2.7632	2.7449	2.7515	2.7702	2.7947	2.7988	2.7479	2.7059	2.7759	2.7407	2.6952	2.7466	2.7454	2.7384	2.7189	2.719	2.7327	2.7367	3.0855	3.1722	3.2085	3.2476	3.2413	3.246	3.2615	3.2643	3.2328	3.2261	3.2604	3.2298	3.227	3.2257	3.2385	3.2036	3.2025	3.2116	3.2101	3.2628	3.192	3.2547	3.2238	3.2266	3.1796	2.8851	2.7119	2.6851	2.6833	2.6972	2.703	2.6971	2.6991	2.7208	2.6966	2.7076	2.7734	2.7248
2.7154	2.6705	2.6962	2.9319	3.0488	3.0459	3.2116	3.2524	3.2293	3.2475	3.1948	3.2258	3.2081	3.2115	3.2201	3.2076	3.2022	3.1763	3.1877	3.2087	3.2246	3.2024	3.1684	2.8657	2.5224	2.6657	2.6853	2.6787	2.7056	2.7027	2.6793	2.6887	2.6935	2.7286	2.7366	2.7257	2.7098	2.7385	2.6925	2.697	2.7139	2.7084	2.7147	2.7291	2.7292	2.7427	2.7403	2.6923	2.7115	2.7158	2.7252	2.7271	2.7136	2.7297	2.749	2.7286	2.7171	2.7425	2.7194	2.7659	2.7439	2.7707	2.7256	2.7503	2.7212	2.7516	2.7542	2.7409	2.7528	2.747	2.7385	2.745	2.7107	2.7095	2.9223	3.1481	3.1155	3.2378	3.2555	3.2511	3.2759	3.2927	3.2337	3.2033	3.2148	3.2421	3.2557	3.2257	3.2025	3.217	3.2361	3.2267	3.2164	3.2385	3.2122	3.263	3.0777	2.5087	2.7659	2.7375	2.6847	2.6776	2.7017	2.7084	2.7363	2.7015	2.7233	2.7307	2.6982	2.7512	2.7601	2.7362	2.7234	2.7121	2.7327	2.7562	2.7507	2.7232	2.7276	2.736	2.7352	2.7545	2.6401	2.7528	2.7251	2.7259	2.7423	2.7622	2.7412	2.723	2.7048	2.7279	2.7796	2.7596	2.7232	2.7507	2.774	2.7093	2.7439	2.7408	2.7331	2.734	2.7402	2.7323	2.717	2.7201	2.9936	3.0843	3.1527	3.2578	3.23	3.2393	3.2242	3.2548	3.1925	3.2453	3.2338	3.2291	3.2165	3.2127	3.2191	3.2114	3.1976	3.1965	3.237	3.2235	3.2032	3.2298	3.1955	2.9007	2.5478	2.587	2.7072	2.6882	2.7008	2.697	2.717	2.6765	2.7224	2.7286	2.7178	2.7022	2.6978	2.7072	2.7357	2.7225	2.7021	2.7124	2.7442	2.7423	2.738	2.7651	2.7347	2.7593	2.735	2.7713	2.7159	2.7519	2.7436	2.7518	2.7575	2.7705	2.752	2.7421	2.7664	2.7468	2.7285	2.7389	2.7687	2.6463	2.704	2.7475	2.7728	2.7749	2.7716	2.7414	2.7013	2.6856	2.8329	3.1172	3.1863	3.2446	3.2812	3.2728	3.1999	3.2198	3.2019	3.2697	3.2292	3.2388	3.2501	3.2327	3.2353	3.2276	3.237	3.2499	3.2008	3.1979	3.2477	3.2277	3.2283	3.229	3.1307	2.659	2.6964	2.6931	2.7333	2.717	2.6847	2.6501	2.6874	2.7206	2.7094	2.6928	2.7245	2.7545
2.6894	2.742	2.7261	2.7128	2.9496	3.1621	2.9072	3.1586	3.1804	3.178	3.2342	3.2319	3.2121	3.168	3.1616	3.2046	3.233	3.2181	3.2164	3.184	3.2115	3.1468	2.8463	2.4527	2.8042	2.709	2.6657	2.7092	2.6998	2.6981	2.6881	2.7013	2.7193	2.7158	2.6833	2.6945	2.716	2.747	2.7296	2.7043	2.7299	2.7519	2.7584	2.7362	2.7154	2.7047	2.7366	2.7221	2.7168	2.7091	2.7245	2.7275	2.7496	2.7351	2.7074	2.7215	2.7744	2.7564	2.7468	2.7439	2.719	2.7373	2.7388	2.7228	2.7418	2.7606	2.751	2.7467	2.7783	2.7413	2.7331	2.7371	2.7263	2.6863	2.7127	3.0593	2.9565	3.0232	3.2597	3.2364	3.2308	3.2158	3.1835	3.2196	3.2223	3.1916	3.2199	3.1798	3.1694	3.204	3.1918	3.2007	3.2198	3.2524	3.2534	3.0861	2.6433	2.6845	2.7173	2.6408	2.6657	2.6884	2.6929	2.678	2.7155	2.7091	2.6915	2.7144	2.7227	2.6978	2.6645	2.6934	2.7536	2.7115	2.7363	2.7751	2.6838	2.7408	2.7263	2.7396	2.7318	2.7378	2.7444	2.7381	2.7326	2.7173	2.7266	2.7362	2.735	2.7301	2.7056	2.7388	2.7145	2.7509	2.7773	2.7868	2.774	2.7549	2.7053	2.7023	2.7638	2.7532	2.7295	2.7654	2.7487	2.7323	2.7467	3.036	2.8804	3.0595	3.2338	3.2707	3.2475	3.2479	3.1637	3.2941	3.3046	3.263	3.2069	3.2047	3.2222	3.248	3.2315	3.2472	3.2083	3.2206	3.2248	3.1833	2.9275	2.6285	2.6591	2.6948	2.6739	2.6922	2.7058	2.7133	2.7155	2.7085	2.7692	2.7314	2.7765	2.7552	2.7237	2.7457	2.7319	2.7259	2.7348	2.7333	2.7418	2.7573	2.7524	2.7322	2.7066	2.7315	2.7204	2.7543	2.754	2.7672	2.7399	2.703	2.7204	2.7451	2.7791	2.7628	2.6767	2.7036	2.735	2.718	2.7299	2.7649	2.7305	2.7581	2.7717	2.7314	2.7219	2.7515	2.7479	2.7174	2.7243	3.0823	3.1702	3.1595	3.2781	3.2475	3.2796	3.2755	3.2732	3.2715	3.3167	3.2727	3.2203	3.249	3.2728	3.2453	3.248	3.2519	3.257	3.2606	3.2177	3.2471	3.2623	3.2088	2.8931	2.3933	2.7647	2.7236	2.7318	2.7172	2.7013	2.6937	2.7029	2.7298	2.7499	2.7348	2.7159	2.6987
2.7045	2.5983	2.6826	2.655	2.7378	2.9167	3.1081	2.8589	3.0121	3.1401	3.2048	3.1725	3.1732	3.236	3.2292	3.1987	3.2044	3.2116	3.1836	3.0872	2.9317	2.7177	2.4806	2.7403	2.6986	2.6819	2.6723	2.6668	2.6775	2.672	2.6902	2.7098	2.6874	2.7284	2.7228	2.682	2.7184	2.739	2.7045	2.6989	2.7291	2.7062	2.7454	2.7308	2.7166	2.7196	2.7282	2.733	2.7513	2.7439	2.7341	2.7001	2.7271	2.7104	2.7273	2.7485	2.755	2.758	2.7474	2.7132	2.7526	2.7346	2.7289	2.6453	2.5959	2.7359	2.7697	2.752	2.7085	2.7619	2.7279	2.7457	2.7381	2.7604	2.7349	2.7154	2.9547	3.1729	2.958	3.1754	3.1972	3.2081	3.2202	3.2207	3.2379	3.2062	3.2172	3.2324	3.221	3.1711	3.2282	3.2181	3.1914	3.1173	2.937	2.6443	2.7765	2.7968	2.6869	2.6998	2.696	2.6924	2.697	2.742	2.7334	2.7309	2.7049	2.6862	2.7226	2.7638	2.7457	2.7245	2.7152	2.7039	2.7149	2.7364	2.7235	2.745	2.7627	2.7417	2.7388	2.7563	2.747	2.744	2.7425	2.7234	2.729	2.7241	2.7245	2.7276	2.7639	2.8069	2.7276	2.7481	2.7408	2.7412	2.7613	2.7536	2.7628	2.7553	2.7697	2.7707	2.7628	2.7555	2.7352	2.7305	2.6931	2.763	3.2947	3.2161	3.1295	3.2333	3.2208	3.238	3.2353	3.2475	3.2537	3.2469	3.2603	3.2146	3.1903	3.2275	3.2319	3.1972	3.2085	3.2412	3.2333	3.078	2.671	2.7111	2.7256	2.7116	2.7312	2.6952	2.7268	2.7019	2.7553	2.752	2.7385	2.7246	2.7237	2.7384	2.7263	2.7289	2.7128	2.7236	2.7317	2.7432	2.7436	2.7552	2.7426	2.7467	2.7633	2.7688	2.7433	2.7235	2.7136	2.7499	2.7567	2.7688	2.7442	2.7694	2.7221	2.7594	2.7418	2.7528	2.7515	2.7798	2.7688	2.7429	2.7416	2.7685	2.7767	2.7514	2.7277	2.7615	2.771	2.762	2.7584	2.7449	3.1898	2.9867	3.2108	3.2118	3.2403	3.2891	3.2812	3.2456	3.233	3.2368	3.2509	3.2586	3.2341	3.2114	3.2316	3.2329	3.2149	3.2408	3.2844	3.2735	3.1459	2.8101	2.5668	2.7809	2.7423	2.7105	2.7039	2.7408	2.7443	2.7344	2.7328	2.7335	2.7342	2.742	2.7455	2.7375
2.6878	2.7238	2.715	2.707	2.6473	2.694	2.8203	3.1533	2.94	2.7689	2.9249	3.0231	3.1441	3.1879	3.1882	3.1348	3.0923	2.9315	2.7994	2.6697	2.425	2.9122	2.8781	2.7283	2.7	2.7115	2.6168	2.6846	2.68	2.7074	2.7257	2.6946	2.6945	2.72	2.6868	2.7108	2.7249	2.7471	2.729	2.7471	2.73	2.7125	2.6956	2.7034	2.7226	2.754	2.7424	2.7196	2.7308	2.7486	2.7491	2.7471	2.7197	2.7175	2.7301	2.7222	2.7178	2.7313	2.7589	2.7471	2.7033	2.7455	2.6997	2.7135	2.7389	2.7453	2.7225	2.7326	2.7512	2.7321	2.7746	2.7519	2.7477	2.7551	2.735	2.7248	2.7113	3.0848	3.1242	2.879	2.9996	3.1612	3.2332	3.2267	3.2228	3.1993	3.2555	3.2465	3.2508	3.2441	3.2202	3.1873	3.064	2.8141	2.5388	2.7446	2.7734	2.7076	2.662	2.6633	2.7013	2.7244	2.7317	2.7436	2.6766	2.7368	2.7412	2.7309	2.702	2.7576	2.7541	2.7432	2.7332	2.7154	2.7168	2.7479	2.7497	2.7462	2.7681	2.7607	2.7524	2.7591	2.7004	2.7536	2.7857	2.7785	2.7353	2.7484	2.7636	2.7547	2.7803	2.7697	2.7443	2.7533	2.7569	2.7552	2.7645	2.7598	2.7612	2.7986	2.7622	2.7467	2.7168	2.7475	2.7299	2.7225	2.7595	2.7587	2.8227	3.0377	3.1514	3.0348	3.2156	3.2576	3.2596	3.2763	3.232	3.2374	3.2863	3.2543	3.2404	3.2063	3.2054	3.1947	3.1857	3.1262	2.944	2.5141	2.6088	2.776	2.7065	2.7097	2.7025	2.7123	2.7264	2.7355	2.7352	2.7182	2.7413	2.7017	2.7304	2.7219	2.7211	2.7412	2.7302	2.7528	2.7557	2.7585	2.7625	2.7412	2.6839	2.7505	2.7934	2.7552	2.7394	2.7363	2.7367	2.7459	2.7419	2.7406	2.7125	2.7211	2.764	2.7448	2.7363	2.7595	2.739	2.7449	2.7833	2.7557	2.7462	2.7266	2.7215	2.7203	2.7689	2.7713	2.7394	2.7327	2.7156	2.716	2.8657	3.2768	3.1394	3.2402	3.2674	3.2794	3.3111	3.2701	3.2483	3.2255	3.241	3.2431	3.2431	3.2689	3.2467	3.2686	3.2247	3.2526	3.1986	3.1544	2.8358	2.4929	2.8207	2.7308	2.6834	2.6897	2.7262	2.735	2.7136	2.7014	2.7112	2.7463	2.5857	2.6715	2.7711	2.73
2.7159	2.736	2.715	2.7374	2.7556	2.6943	2.7244	2.7671	2.8236	3.1	3.4478	2.7397	2.5601	2.6337	2.6982	2.6259	2.5301	2.5459	3.2792	3.0445	2.9081	2.7535	2.7242	2.7191	2.7011	2.7055	2.6996	2.7135	2.6911	2.6877	2.7046	2.7381	2.7349	2.7154	2.7498	2.7339	2.7461	2.7672	2.7188	2.7587	2.7428	2.7709	2.7387	2.7303	2.7557	2.7431	2.7177	2.7328	2.7726	2.7286	2.7172	2.7451	2.7565	2.7474	2.7462	2.7303	2.7832	2.7836	2.757	2.7477	2.7747	2.7621	2.7429	2.7626	2.7881	2.7691	2.8065	2.7782	2.7513	2.7892	2.7862	2.7916	2.8016	2.792	2.7431	2.743	2.7447	2.7627	2.8787	3.2819	3.0097	2.7167	2.7986	2.9207	3.0246	3.1182	3.1289	3.0503	3.0228	2.977	2.8618	2.7739	2.5685	2.8227	2.9982	2.7699	2.6368	2.6771	2.7217	2.7126	2.7376	2.7256	2.7071	2.7356	2.7368	2.7409	2.7252	2.7108	2.7269	2.7318	2.7423	2.7621	2.7425	2.7233	2.6895	2.6917	2.747	2.7584	2.7319	2.7548	2.7563	2.7045	2.6926	2.7242	2.733	2.7224	2.7261	2.6987	2.746	2.7215	2.7371	2.7714	2.7838	2.7186	2.7463	2.6917	2.7377	2.755	2.7674	2.7675	2.7462	2.7634	2.7506	2.7183	2.7204	2.7528	2.7668	2.7222	2.7132	2.8196	3.0361	3.1564	2.808	3.0822	3.1436	3.204	3.2428	3.2224	3.2228	3.2331	3.2452	3.204	3.1517	3.1579	2.9989	2.8267	2.5987	2.9232	2.7682	2.7239	2.7055	2.6825	2.7095	2.7049	2.7088	2.7386	2.716	2.7222	2.721	2.7234	2.7265	2.7675	2.7793	2.7444	2.7079	2.733	2.7251	2.734	2.752	2.7337	2.7086	2.7394	2.7532	2.7529	2.7304	2.7554	2.7248	2.7292	2.7769	2.7451	2.7698	2.7781	2.7389	2.7399	2.7982	2.7962	2.7851	2.7631	2.7457	2.7694	2.7471	2.7998	2.7664	2.7569	2.7862	2.7488	2.7344	2.7428	2.7224	2.707	2.7351	2.8758	3.3951	2.9461	3.2134	3.2577	3.2721	3.2506	3.2894	3.2818	3.2596	3.2958	3.2857	3.2782	3.282	3.2688	3.2453	3.2211	3.1037	2.7807	2.6056	2.7608	2.7625	2.7392	2.7224	2.7298	2.768	2.7657	2.7943	2.7063	2.7722	2.7049	2.711	2.6986	2.7549	2.7449
2.725	2.6922	2.6923	2.6924	2.7043	2.7366	2.7236	2.7253	2.6857	2.7308	2.7492	2.8234	2.9311	3.0067	3.0527	2.989	2.9174	2.8181	2.7363	2.6899	2.6747	2.7049	2.6716	2.6812	2.6846	2.7407	2.7033	2.7152	2.7301	2.6921	2.6984	2.7312	2.7326	2.7294	2.7128	2.6949	2.741	2.7337	2.7259	2.7099	2.7166	2.764	2.7461	2.7697	2.7091	2.7014	2.7289	2.76	2.7378	2.7409	2.7545	2.7713	2.752	2.738	2.7171	2.7096	2.7278	2.719	2.7435	2.7326	2.7534	2.7332	2.7337	2.7343	2.7542	2.7692	2.7344	2.751	2.754	2.7447	2.731	2.742	2.7267	2.7052	2.7232	2.7509	2.7456	2.735	2.7194	2.7261	2.7937	3.0558	3.268	3.4693	3.002	2.51	2.4765	2.4735	2.4631	2.686	3.3697	3.2036	2.9973	2.7948	2.7071	2.7491	2.7366	2.729	2.7167	2.7251	2.7216	2.7151	2.7335	2.76	2.7442	2.7339	2.7379	2.7223	2.7417	2.6989	2.7244	2.7743	2.774	2.7196	2.714	2.7173	2.7454	2.7402	2.7555	2.7747	2.7607	2.7539	2.7627	2.7527	2.7497	2.7459	2.7508	2.7669	2.7559	2.7812	2.7926	2.7797	2.7533	2.7587	2.7606	2.7582	2.778	2.796	2.7916	2.7759	2.7843	2.7628	2.773	2.8121	2.7171	2.7721	2.7276	2.7071	2.7251	2.7537	2.732	2.8481	3.3709	3.0664	2.7604	2.9134	2.9846	3.0868	3.1054	3.08	3.0678	3.0042	2.8122	2.6838	2.5706	2.9445	3.0241	2.7898	2.7348	2.7236	2.7242	2.7389	2.7385	2.7608	2.7607	2.7549	2.7484	2.751	2.7838	2.7799	2.749	2.759	2.7636	2.7591	2.7531	2.749	2.7558	2.7667	2.6971	2.7639	2.7528	2.779	2.8106	2.7681	2.7581	2.7606	2.7608	2.7714	2.7808	2.766	2.7876	2.7532	2.7727	2.7859	2.7399	2.7253	2.747	2.7671	2.7636	2.7527	2.7679	2.7683	2.788	2.797	2.8063	2.78	2.7701	2.7737	2.7698	2.75	2.764	2.7324	2.8089	3.3261	2.8465	2.9174	3.1006	3.197	3.2289	3.2259	3.2173	3.2793	3.2906	3.2803	3.2212	3.2198	3.1212	2.8994	2.6585	2.8079	2.8884	2.7525	2.741	2.7126	2.7112	2.7445	2.7366	2.7342	2.7533	2.7431	2.7574	2.7554	2.7615	2.7643	2.8195	2.7448
